fecha,region_id,vendedor,producto_id,cantidad,nombre_producto,categoria,precio_unitario,total
2023-01-01,1,Vendedor_4,7,9,Producto 7,Electrónica,1932.73,17394.57
2023-01-01,3,Vendedor_10,5,5,Producto 5,Ropa,1240.04,6200.2
2023-01-01,5,Vendedor_6,1,1,Producto 1,Electrónica,1264.57,1264.57
2023-01-01,4,Vendedor_9,14,3,Producto 14,Deportes,2949.45,8848.35
2023-01-01,2,Vendedor_6,17,4,Producto 17,Ropa,1593.14,6372.56
2023-01-02,2,Vendedor_8,13,9,Producto 13,Deportes,2630.12,23671.08
2023-01-02,3,Vendedor_13,14,10,Producto 14,Deportes,2418.82,24188.2
2023-01-02,2,Vendedor_4,17,11,Producto 17,Ropa,1305.0,14355.0
2023-01-02,1,Vendedor_5,18,1,Producto 18,Electrónica,204.11,204.11
2023-01-03,1,Vendedor_13,16,10,Producto 16,Deportes,614.37,6143.7
2023-01-03,2,Vendedor_4,18,9,Producto 18,Electrónica,189.74,1707.66
2023-01-03,4,Vendedor_15,6,1,Producto 6,Alimentos,668.72,668.72
2023-01-03,3,Vendedor_4,6,2,Producto 6,Alimentos,823.05,1646.1
2023-01-04,4,Vendedor_5,2,10,Producto 2,Deportes,2933.67,29336.7
2023-01-04,2,Vendedor_3,9,3,Producto 9,Hogar,2816.64,8449.92
2023-01-04,1,Vendedor_15,2,10,Producto 2,Deportes,3008.78,30087.8
2023-01-04,2,Vendedor_10,9,8,Producto 9,Hogar,2470.31,19762.48
2023-01-04,3,Vendedor_1,19,3,Producto 19,Alimentos,560.04,1680.12
2023-01-05,4,Vendedor_13,18,9,Producto 18,Electrónica,179.49,1615.41
2023-01-05,5,Vendedor_4,3,9,Producto 3,Deportes,1817.44,16356.96
2023-01-05,1,Vendedor_7,14,4,Producto 14,Deportes,2528.46,10113.84
2023-01-05,2,Vendedor_12,7,7,Producto 7,Electrónica,1850.46,12953.22
2023-01-05,1,Vendedor_15,16,5,Producto 16,Deportes,694.21,3471.05
2023-01-05,1,Vendedor_5,7,1,Producto 7,Electrónica,1855.3,1855.3
2023-01-06,2,Vendedor_9,11,1,Producto 11,Ropa,2175.29,2175.29
2023-01-06,5,Vendedor_10,20,9,Producto 20,Ropa,2253.21,20278.89
2023-01-06,5,Vendedor_7,7,4,Producto 7,Electrónica,1860.51,7442.04
2023-01-06,3,Vendedor_14,12,3,Producto 12,Alimentos,1073.27,3219.81
2023-01-06,4,Vendedor_6,16,11,Producto 16,Deportes,613.24,6745.64
2023-01-06,2,Vendedor_1,15,2,Producto 15,Deportes,2510.92,5021.84
2023-01-06,4,Vendedor_6,5,9,Producto 5,Ropa,1427.65,12848.85
2023-01-06,1,Vendedor_14,14,2,Producto 14,Deportes,3004.9,6009.8
2023-01-06,3,Vendedor_1,20,6,Producto 20,Ropa,1959.26,11755.56
2023-01-06,4,Vendedor_5,15,6,Producto 15,Deportes,2329.0,13974.0
2023-01-07,3,Vendedor_14,20,11,Producto 20,Ropa,1918.34,21101.74
2023-01-07,4,Vendedor_6,17,10,Producto 17,Ropa,1631.58,16315.8
2023-01-08,4,Vendedor_5,3,9,Producto 3,Deportes,1933.47,17401.23
2023-01-08,4,Vendedor_7,6,8,Producto 6,Alimentos,728.23,5825.84
2023-01-08,1,Vendedor_1,12,2,Producto 12,Alimentos,1052.86,2105.72
2023-01-08,5,Vendedor_8,11,11,Producto 11,Ropa,2321.28,25534.08
2023-01-08,5,Vendedor_5,16,8,Producto 16,Deportes,717.38,5739.04
2023-01-09,5,Vendedor_4,3,2,Producto 3,Deportes,2124.54,4249.08
2023-01-09,4,Vendedor_6,4,7,Producto 4,Ropa,2577.68,18043.76
2023-01-09,3,Vendedor_13,4,1,Producto 4,Ropa,2758.45,2758.45
2023-01-09,1,Vendedor_7,4,10,Producto 4,Ropa,2421.3,24213.0
2023-01-09,1,Vendedor_12,14,9,Producto 14,Deportes,2495.64,22460.76
2023-01-09,5,Vendedor_9,6,5,Producto 6,Alimentos,827.64,4138.2
2023-01-10,5,Vendedor_15,20,8,Producto 20,Ropa,2003.34,16026.72
2023-01-10,2,Vendedor_6,2,4,Producto 2,Deportes,2923.11,11692.44
2023-01-10,2,Vendedor_11,17,2,Producto 17,Ropa,1340.3,2680.6
2023-01-10,1,Vendedor_5,11,2,Producto 11,Ropa,2482.12,4964.24
2023-01-11,4,Vendedor_15,18,1,Producto 18,Electrónica,197.11,197.11
2023-01-11,1,Vendedor_5,4,8,Producto 4,Ropa,2654.35,21234.8
2023-01-12,4,Vendedor_13,19,6,Producto 19,Alimentos,527.82,3166.92
2023-01-12,1,Vendedor_8,9,8,Producto 9,Hogar,2670.64,21365.12
2023-01-12,2,Vendedor_15,2,11,Producto 2,Deportes,2744.99,30194.89
2023-01-12,3,Vendedor_11,9,10,Producto 9,Hogar,2518.7,25187.0
2023-01-13,5,Vendedor_15,15,3,Producto 15,Deportes,2590.99,7772.97
2023-01-13,1,Vendedor_10,3,4,Producto 3,Deportes,2054.85,8219.4
2023-01-13,1,Vendedor_9,20,6,Producto 20,Ropa,2275.64,13653.84
2023-01-13,1,Vendedor_15,15,8,Producto 15,Deportes,2276.74,18213.92
2023-01-14,2,Vendedor_2,16,11,Producto 16,Deportes,623.56,6859.16
2023-01-14,2,Vendedor_3,9,8,Producto 9,Hogar,2513.5,20108.0
2023-01-14,1,Vendedor_8,12,1,Producto 12,Alimentos,1221.21,1221.21
2023-01-14,4,Vendedor_10,19,9,Producto 19,Alimentos,544.3,4898.7
2023-01-14,2,Vendedor_12,10,8,Producto 10,Electrónica,2002.67,16021.36
2023-01-14,4,Vendedor_11,2,6,Producto 2,Deportes,2602.07,15612.42
2023-01-14,2,Vendedor_13,11,3,Producto 11,Ropa,2276.26,6828.78
2023-01-15,4,Vendedor_15,7,9,Producto 7,Electrónica,1734.42,15609.78
2023-01-15,2,Vendedor_10,5,1,Producto 5,Ropa,1372.59,1372.59
2023-01-16,5,Vendedor_7,8,7,Producto 8,Deportes,224.21,1569.47
2023-01-16,5,Vendedor_15,20,8,Producto 20,Ropa,1870.47,14963.76
2023-01-16,1,Vendedor_2,14,5,Producto 14,Deportes,2554.58,12772.9
2023-01-16,5,Vendedor_12,18,7,Producto 18,Electrónica,167.09,1169.63
2023-01-16,3,Vendedor_9,4,4,Producto 4,Ropa,2678.25,10713.0
2023-01-16,1,Vendedor_11,14,6,Producto 14,Deportes,2871.74,17230.44
2023-01-16,3,Vendedor_4,8,7,Producto 8,Deportes,230.3,1612.1
2023-01-17,2,Vendedor_9,1,11,Producto 1,Electrónica,1107.48,12182.28
2023-01-17,5,Vendedor_3,6,3,Producto 6,Alimentos,715.81,2147.43
2023-01-17,1,Vendedor_7,16,8,Producto 16,Deportes,613.77,4910.16
2023-01-17,1,Vendedor_4,17,3,Producto 17,Ropa,1461.15,4383.45
2023-01-18,4,Vendedor_10,9,7,Producto 9,Hogar,2485.07,17395.49
2023-01-18,5,Vendedor_4,15,1,Producto 15,Deportes,2306.76,2306.76
2023-01-18,2,Vendedor_2,5,1,Producto 5,Ropa,1240.58,1240.58
2023-01-18,1,Vendedor_10,17,2,Producto 17,Ropa,1329.38,2658.76
2023-01-18,3,Vendedor_12,8,10,Producto 8,Deportes,260.47,2604.7
2023-01-18,4,Vendedor_11,16,9,Producto 16,Deportes,639.03,5751.27
2023-01-18,1,Vendedor_10,17,11,Producto 17,Ropa,1358.57,14944.27
2023-01-18,3,Vendedor_1,19,8,Producto 19,Alimentos,540.2,4321.6
2023-01-19,5,Vendedor_10,12,11,Producto 12,Alimentos,1155.44,12709.84
2023-01-19,3,Vendedor_5,11,5,Producto 11,Ropa,2404.33,12021.65
2023-01-19,2,Vendedor_14,15,4,Producto 15,Deportes,2533.18,10132.72
2023-01-19,2,Vendedor_13,7,11,Producto 7,Electrónica,1526.32,16789.52
2023-01-19,1,Vendedor_13,6,11,Producto 6,Alimentos,747.63,8223.93
2023-01-19,1,Vendedor_3,20,7,Producto 20,Ropa,2316.54,16215.78
2023-01-20,4,Vendedor_5,10,11,Producto 10,Electrónica,1888.65,20775.15
2023-01-21,5,Vendedor_7,2,8,Producto 2,Deportes,2992.3,23938.4
2023-01-21,4,Vendedor_1,18,8,Producto 18,Electrónica,191.01,1528.08
2023-01-21,5,Vendedor_14,14,3,Producto 14,Deportes,2544.57,7633.71
2023-01-22,4,Vendedor_14,4,7,Producto 4,Ropa,2561.94,17933.58
2023-01-22,4,Vendedor_3,14,8,Producto 14,Deportes,2874.1,22992.8
2023-01-23,2,Vendedor_1,6,3,Producto 6,Alimentos,775.67,2327.01
2023-01-23,1,Vendedor_1,14,10,Producto 14,Deportes,2504.18,25041.8
2023-01-23,4,Vendedor_4,19,8,Producto 19,Alimentos,483.82,3870.56
2023-01-23,3,Vendedor_4,12,5,Producto 12,Alimentos,1111.47,5557.35
2023-01-23,5,Vendedor_4,13,9,Producto 13,Deportes,3144.11,28296.99
2023-01-23,2,Vendedor_3,7,6,Producto 7,Electrónica,1712.21,10273.26
2023-01-23,3,Vendedor_9,16,4,Producto 16,Deportes,699.35,2797.4
2023-01-24,2,Vendedor_3,10,6,Producto 10,Electrónica,2037.47,12224.82
2023-01-24,1,Vendedor_3,15,7,Producto 15,Deportes,2523.54,17664.78
2023-01-24,1,Vendedor_9,8,5,Producto 8,Deportes,251.33,1256.65
2023-01-24,5,Vendedor_15,11,9,Producto 11,Ropa,2623.47,23611.23
2023-01-24,2,Vendedor_10,7,8,Producto 7,Electrónica,1651.67,13213.36
2023-01-24,3,Vendedor_6,12,4,Producto 12,Alimentos,1005.71,4022.84
2023-01-25,2,Vendedor_14,2,8,Producto 2,Deportes,2934.95,23479.6
2023-01-25,1,Vendedor_8,10,4,Producto 10,Electrónica,2011.32,8045.28
2023-01-25,5,Vendedor_12,14,7,Producto 14,Deportes,2584.58,18092.06
2023-01-26,4,Vendedor_1,10,11,Producto 10,Electrónica,1733.12,19064.32
2023-01-26,4,Vendedor_8,13,9,Producto 13,Deportes,3047.64,27428.76
2023-01-26,5,Vendedor_14,1,11,Producto 1,Electrónica,1118.84,12307.24
2023-01-26,2,Vendedor_11,16,2,Producto 16,Deportes,563.44,1126.88
2023-01-26,4,Vendedor_11,20,3,Producto 20,Ropa,2317.73,6953.19
2023-01-26,2,Vendedor_4,3,3,Producto 3,Deportes,1993.09,5979.27
2023-01-27,4,Vendedor_6,14,7,Producto 14,Deportes,2758.25,19307.75
2023-01-27,3,Vendedor_3,4,6,Producto 4,Ropa,2705.39,16232.34
2023-01-27,2,Vendedor_1,20,10,Producto 20,Ropa,2200.11,22001.1
2023-01-27,2,Vendedor_1,20,7,Producto 20,Ropa,1914.06,13398.42
2023-01-28,2,Vendedor_11,5,1,Producto 5,Ropa,1297.07,1297.07
2023-01-28,5,Vendedor_3,1,1,Producto 1,Electrónica,1152.57,1152.57
2023-01-28,5,Vendedor_14,17,10,Producto 17,Ropa,1413.16,14131.6
2023-01-28,4,Vendedor_3,16,7,Producto 16,Deportes,650.18,4551.26
2023-01-28,5,Vendedor_7,16,4,Producto 16,Deportes,676.49,2705.96
2023-01-28,1,Vendedor_5,17,7,Producto 17,Ropa,1328.43,9299.01
2023-01-28,5,Vendedor_8,16,6,Producto 16,Deportes,650.79,3904.74
2023-01-29,4,Vendedor_8,4,6,Producto 4,Ropa,2698.67,16192.02
2023-01-29,2,Vendedor_8,5,2,Producto 5,Ropa,1340.46,2680.92
2023-01-29,4,Vendedor_9,10,9,Producto 10,Electrónica,1742.91,15686.19
2023-01-29,4,Vendedor_4,12,4,Producto 12,Alimentos,1254.15,5016.6
2023-01-29,3,Vendedor_6,14,1,Producto 14,Deportes,2576.78,2576.78
2023-01-30,4,Vendedor_15,11,4,Producto 11,Ropa,2488.63,9954.52
2023-01-30,4,Vendedor_13,1,7,Producto 1,Electrónica,1117.91,7825.37
2023-01-30,2,Vendedor_2,4,8,Producto 4,Ropa,2761.64,22093.12
2023-01-30,1,Vendedor_5,3,4,Producto 3,Deportes,2170.21,8680.84
2023-01-30,5,Vendedor_13,4,8,Producto 4,Ropa,2387.68,19101.44
2023-01-30,5,Vendedor_14,18,9,Producto 18,Electrónica,183.37,1650.33
2023-01-30,5,Vendedor_2,3,11,Producto 3,Deportes,2169.49,23864.39
2023-01-31,2,Vendedor_13,10,6,Producto 10,Electrónica,2083.87,12503.22
2023-01-31,5,Vendedor_8,18,10,Producto 18,Electrónica,178.41,1784.1
2023-02-01,5,Vendedor_10,17,8,Producto 17,Ropa,1494.77,11958.16
2023-02-01,1,Vendedor_4,2,7,Producto 2,Deportes,2713.66,18995.62
2023-02-01,4,Vendedor_3,1,8,Producto 1,Electrónica,1286.4,10291.2
2023-02-01,3,Vendedor_15,10,2,Producto 10,Electrónica,2159.58,4319.16
2023-02-02,3,Vendedor_7,9,3,Producto 9,Hogar,2720.23,8160.69
2023-02-02,5,Vendedor_15,13,3,Producto 13,Deportes,2729.16,8187.48
2023-02-02,4,Vendedor_4,12,10,Producto 12,Alimentos,1134.44,11344.4
2023-02-02,2,Vendedor_9,5,8,Producto 5,Ropa,1427.51,11420.08
2023-02-02,1,Vendedor_13,7,11,Producto 7,Electrónica,1563.23,17195.53
2023-02-02,4,Vendedor_6,15,2,Producto 15,Deportes,2494.8,4989.6
2023-02-03,5,Vendedor_12,7,7,Producto 7,Electrónica,1526.88,10688.16
2023-02-03,4,Vendedor_10,16,1,Producto 16,Deportes,690.73,690.73
2023-02-03,4,Vendedor_10,6,6,Producto 6,Alimentos,768.37,4610.22
2023-02-03,2,Vendedor_9,8,11,Producto 8,Deportes,239.54,2634.94
2023-02-03,1,Vendedor_14,12,4,Producto 12,Alimentos,1179.23,4716.92
2023-02-03,5,Vendedor_3,11,5,Producto 11,Ropa,2061.67,10308.35
2023-02-04,2,Vendedor_1,20,2,Producto 20,Ropa,2271.92,4543.84
2023-02-04,3,Vendedor_8,17,4,Producto 17,Ropa,1590.79,6363.16
2023-02-04,1,Vendedor_7,13,7,Producto 13,Deportes,2663.11,18641.77
2023-02-04,1,Vendedor_7,18,4,Producto 18,Electrónica,191.31,765.24
2023-02-04,4,Vendedor_15,16,7,Producto 16,Deportes,573.08,4011.56
2023-02-04,3,Vendedor_10,4,10,Producto 4,Ropa,2752.9,27529.0
2023-02-05,5,Vendedor_14,16,2,Producto 16,Deportes,608.69,1217.38
2023-02-05,4,Vendedor_15,13,7,Producto 13,Deportes,2736.73,19157.11
2023-02-05,1,Vendedor_1,8,7,Producto 8,Deportes,232.92,1630.44
2023-02-05,1,Vendedor_12,2,6,Producto 2,Deportes,2652.97,15917.82
2023-02-05,3,Vendedor_11,9,4,Producto 9,Hogar,2639.87,10559.48
2023-02-05,5,Vendedor_6,11,10,Producto 11,Ropa,2256.58,22565.8
2023-02-05,2,Vendedor_12,12,10,Producto 12,Alimentos,1070.07,10700.7
2023-02-05,2,Vendedor_9,12,4,Producto 12,Alimentos,1192.36,4769.44
2023-02-06,3,Vendedor_13,2,10,Producto 2,Deportes,3188.93,31889.3
2023-02-06,4,Vendedor_5,4,3,Producto 4,Ropa,2407.55,7222.65
2023-02-06,5,Vendedor_9,16,10,Producto 16,Deportes,622.8,6228.0
2023-02-06,4,Vendedor_12,18,2,Producto 18,Electrónica,206.1,412.2
2023-02-06,2,Vendedor_2,11,6,Producto 11,Ropa,2276.27,13657.62
2023-02-06,2,Vendedor_2,3,8,Producto 3,Deportes,2202.13,17617.04
2023-02-06,2,Vendedor_15,20,2,Producto 20,Ropa,2130.49,4260.98
2023-02-07,4,Vendedor_7,14,9,Producto 14,Deportes,2753.7,24783.3
2023-02-07,5,Vendedor_14,20,9,Producto 20,Ropa,1985.79,17872.11
2023-02-07,1,Vendedor_1,11,2,Producto 11,Ropa,2374.67,4749.34
2023-02-07,4,Vendedor_12,12,9,Producto 12,Alimentos,1104.22,9937.98
2023-02-07,2,Vendedor_7,3,2,Producto 3,Deportes,2187.97,4375.94
2023-02-07,1,Vendedor_8,3,5,Producto 3,Deportes,2202.15,11010.75
2023-02-08,4,Vendedor_7,1,2,Producto 1,Electrónica,1188.92,2377.84
2023-02-08,2,Vendedor_11,15,2,Producto 15,Deportes,2287.89,4575.78
2023-02-08,3,Vendedor_1,2,11,Producto 2,Deportes,3011.45,33125.95
2023-02-08,1,Vendedor_9,10,2,Producto 10,Electrónica,1865.8,3731.6
2023-02-08,5,Vendedor_11,6,4,Producto 6,Alimentos,795.52,3182.08
2023-02-08,3,Vendedor_1,12,11,Producto 12,Alimentos,1019.46,11214.06
2023-02-09,2,Vendedor_6,13,5,Producto 13,Deportes,3142.29,15711.45
2023-02-09,4,Vendedor_6,8,8,Producto 8,Deportes,262.51,2100.08
2023-02-09,1,Vendedor_2,4,1,Producto 4,Ropa,2647.19,2647.19
2023-02-09,1,Vendedor_10,5,4,Producto 5,Ropa,1397.75,5591.0
2023-02-09,4,Vendedor_14,11,1,Producto 11,Ropa,2441.0,2441.0
2023-02-09,4,Vendedor_13,17,6,Producto 17,Ropa,1377.75,8266.5
2023-02-09,4,Vendedor_4,15,11,Producto 15,Deportes,2535.95,27895.45
2023-02-10,5,Vendedor_2,10,1,Producto 10,Electrónica,1743.76,1743.76
2023-02-10,1,Vendedor_6,15,3,Producto 15,Deportes,2498.43,7495.29
2023-02-10,2,Vendedor_1,13,9,Producto 13,Deportes,2973.17,26758.53
2023-02-10,5,Vendedor_13,2,2,Producto 2,Deportes,2832.4,5664.8
2023-02-10,3,Vendedor_9,6,4,Producto 6,Alimentos,683.19,2732.76
2023-02-10,5,Vendedor_6,11,3,Producto 11,Ropa,2186.2,6558.6
2023-02-10,1,Vendedor_4,9,4,Producto 9,Hogar,2268.78,9075.12
2023-02-10,4,Vendedor_12,4,4,Producto 4,Ropa,2398.29,9593.16
2023-02-11,3,Vendedor_1,16,11,Producto 16,Deportes,652.3,7175.3
2023-02-11,2,Vendedor_15,3,11,Producto 3,Deportes,1933.48,21268.28
2023-02-11,3,Vendedor_15,3,6,Producto 3,Deportes,2192.96,13157.76
2023-02-12,4,Vendedor_6,10,10,Producto 10,Electrónica,2198.55,21985.5
2023-02-12,3,Vendedor_7,7,1,Producto 7,Electrónica,1642.85,1642.85
2023-02-12,3,Vendedor_5,19,2,Producto 19,Alimentos,528.51,1057.02
2023-02-12,1,Vendedor_5,15,2,Producto 15,Deportes,2535.42,5070.84
2023-02-12,4,Vendedor_2,2,9,Producto 2,Deportes,2666.36,23997.24
2023-02-12,1,Vendedor_15,14,9,Producto 14,Deportes,3069.41,27624.69
2023-02-12,3,Vendedor_13,16,8,Producto 16,Deportes,674.2,5393.6
2023-02-12,1,Vendedor_15,14,5,Producto 14,Deportes,2565.15,12825.75
2023-02-13,3,Vendedor_7,18,10,Producto 18,Electrónica,204.65,2046.5
2023-02-13,4,Vendedor_6,8,1,Producto 8,Deportes,266.86,266.86
2023-02-13,1,Vendedor_2,19,5,Producto 19,Alimentos,517.35,2586.75
2023-02-13,5,Vendedor_13,17,7,Producto 17,Ropa,1506.43,10545.01
2023-02-13,4,Vendedor_8,6,10,Producto 6,Alimentos,705.46,7054.6
2023-02-13,4,Vendedor_15,20,1,Producto 20,Ropa,1881.83,1881.83
2023-02-13,5,Vendedor_13,14,11,Producto 14,Deportes,2586.17,28447.87
2023-02-14,3,Vendedor_6,2,2,Producto 2,Deportes,2933.82,5867.64
2023-02-14,5,Vendedor_15,7,10,Producto 7,Electrónica,1598.32,15983.2
2023-02-14,5,Vendedor_12,7,5,Producto 7,Electrónica,1682.69,8413.45
2023-02-14,5,Vendedor_11,9,8,Producto 9,Hogar,2493.83,19950.64
2023-02-14,5,Vendedor_5,18,10,Producto 18,Electrónica,185.12,1851.2
2023-02-14,3,Vendedor_9,17,6,Producto 17,Ropa,1542.38,9254.28
2023-02-15,1,Vendedor_7,10,7,Producto 10,Electrónica,2022.63,14158.41
2023-02-15,2,Vendedor_5,13,1,Producto 13,Deportes,3102.36,3102.36
2023-02-15,4,Vendedor_14,10,8,Producto 10,Electrónica,2108.41,16867.28
2023-02-16,2,Vendedor_6,6,11,Producto 6,Alimentos,716.53,7881.83
2023-02-16,2,Vendedor_8,11,7,Producto 11,Ropa,2449.26,17144.82
2023-02-16,5,Vendedor_4,17,4,Producto 17,Ropa,1503.73,6014.92
2023-02-16,1,Vendedor_10,19,10,Producto 19,Alimentos,473.1,4731.0
2023-02-17,2,Vendedor_7,16,2,Producto 16,Deportes,635.21,1270.42
2023-02-17,2,Vendedor_5,18,5,Producto 18,Electrónica,181.86,909.3
2023-02-17,2,Vendedor_9,17,6,Producto 17,Ropa,1525.94,9155.64
2023-02-17,4,Vendedor_3,6,3,Producto 6,Alimentos,738.04,2214.12
2023-02-18,5,Vendedor_14,17,4,Producto 17,Ropa,1298.39,5193.56
2023-02-18,5,Vendedor_8,13,8,Producto 13,Deportes,3279.19,26233.52
2023-02-19,1,Vendedor_9,15,5,Producto 15,Deportes,2520.97,12604.85
2023-02-19,3,Vendedor_13,20,11,Producto 20,Ropa,1994.74,21942.14
2023-02-19,2,Vendedor_13,8,3,Producto 8,Deportes,223.71,671.13
2023-02-19,2,Vendedor_4,20,11,Producto 20,Ropa,1875.57,20631.27
2023-02-19,5,Vendedor_10,18,10,Producto 18,Electrónica,202.4,2024.0
2023-02-19,3,Vendedor_4,4,11,Producto 4,Ropa,2448.78,26936.58
2023-02-20,1,Vendedor_10,17,2,Producto 17,Ropa,1445.53,2891.06
2023-02-20,4,Vendedor_1,18,5,Producto 18,Electrónica,173.57,867.85
2023-02-20,3,Vendedor_12,6,1,Producto 6,Alimentos,788.58,788.58
2023-02-20,2,Vendedor_3,4,6,Producto 4,Ropa,2428.81,14572.86
2023-02-20,4,Vendedor_6,7,2,Producto 7,Electrónica,1678.63,3357.26
2023-02-20,3,Vendedor_10,12,7,Producto 12,Alimentos,1082.12,7574.84
2023-02-20,5,Vendedor_10,10,3,Producto 10,Electrónica,1898.15,5694.45
2023-02-20,1,Vendedor_11,1,1,Producto 1,Electrónica,1244.28,1244.28
2023-02-21,1,Vendedor_13,16,8,Producto 16,Deportes,568.61,4548.88
2023-02-21,1,Vendedor_7,16,1,Producto 16,Deportes,600.92,600.92
2023-02-21,4,Vendedor_8,10,2,Producto 10,Electrónica,1916.27,3832.54
2023-02-21,1,Vendedor_7,8,8,Producto 8,Deportes,251.18,2009.44
2023-02-21,2,Vendedor_15,12,10,Producto 12,Alimentos,1058.63,10586.3
2023-02-21,2,Vendedor_3,7,1,Producto 7,Electrónica,1689.95,1689.95
2023-02-22,4,Vendedor_14,12,10,Producto 12,Alimentos,1140.11,11401.1
2023-02-22,2,Vendedor_9,8,11,Producto 8,Deportes,232.1,2553.1
2023-02-23,2,Vendedor_13,8,2,Producto 8,Deportes,225.6,451.2
2023-02-23,2,Vendedor_9,4,11,Producto 4,Ropa,2767.73,30445.03
2023-02-23,5,Vendedor_7,16,8,Producto 16,Deportes,684.58,5476.64
2023-02-23,3,Vendedor_12,13,4,Producto 13,Deportes,3018.72,12074.88
2023-02-24,1,Vendedor_13,8,1,Producto 8,Deportes,244.97,244.97
2023-02-24,5,Vendedor_3,18,6,Producto 18,Electrónica,166.14,996.84
2023-02-24,5,Vendedor_3,10,2,Producto 10,Electrónica,1909.19,3818.38
2023-02-24,5,Vendedor_8,3,10,Producto 3,Deportes,1913.86,19138.6
2023-02-24,1,Vendedor_4,5,8,Producto 5,Ropa,1504.09,12032.72
2023-02-24,1,Vendedor_12,15,3,Producto 15,Deportes,2697.29,8091.87
2023-02-25,1,Vendedor_5,15,6,Producto 15,Deportes,2421.32,14527.92
2023-02-25,2,Vendedor_7,1,10,Producto 1,Electrónica,1251.39,12513.9
2023-02-25,2,Vendedor_12,13,10,Producto 13,Deportes,3116.33,31163.3
2023-02-25,1,Vendedor_4,1,9,Producto 1,Electrónica,1292.93,11636.37
2023-02-25,2,Vendedor_3,2,9,Producto 2,Deportes,3046.79,27421.11
2023-02-25,5,Vendedor_10,4,7,Producto 4,Ropa,2708.22,18957.54
2023-02-25,5,Vendedor_7,1,5,Producto 1,Electrónica,1115.13,5575.65
2023-02-26,4,Vendedor_13,14,3,Producto 14,Deportes,3035.85,9107.55
2023-02-26,3,Vendedor_5,12,1,Producto 12,Alimentos,1006.31,1006.31
2023-02-26,2,Vendedor_14,8,9,Producto 8,Deportes,231.09,2079.81
2023-02-26,4,Vendedor_13,9,10,Producto 9,Hogar,2683.8,26838.0
2023-02-26,1,Vendedor_14,10,2,Producto 10,Electrónica,1913.75,3827.5
2023-02-26,1,Vendedor_14,2,2,Producto 2,Deportes,3068.18,6136.36
2023-02-27,5,Vendedor_2,15,2,Producto 15,Deportes,2398.78,4797.56
2023-02-27,3,Vendedor_14,14,9,Producto 14,Deportes,3069.74,27627.66
2023-02-27,3,Vendedor_6,6,3,Producto 6,Alimentos,690.5,2071.5
2023-02-28,3,Vendedor_7,12,9,Producto 12,Alimentos,1104.71,9942.39
2023-02-28,1,Vendedor_2,9,1,Producto 9,Hogar,2845.59,2845.59
2023-02-28,2,Vendedor_5,7,8,Producto 7,Electrónica,1627.83,13022.64
2023-03-01,1,Vendedor_15,16,2,Producto 16,Deportes,591.89,1183.78
2023-03-01,4,Vendedor_10,16,5,Producto 16,Deportes,602.95,3014.75
2023-03-01,3,Vendedor_3,18,6,Producto 18,Electrónica,200.49,1202.94
2023-03-01,5,Vendedor_15,19,9,Producto 19,Alimentos,501.87,4516.83
2023-03-02,2,Vendedor_9,19,6,Producto 19,Alimentos,464.38,2786.28
2023-03-02,4,Vendedor_5,3,7,Producto 3,Deportes,2030.13,14210.91
2023-03-02,3,Vendedor_13,7,2,Producto 7,Electrónica,1919.04,3838.08
2023-03-02,4,Vendedor_2,14,9,Producto 14,Deportes,2889.37,26004.33
2023-03-02,2,Vendedor_6,20,11,Producto 20,Ropa,1895.03,20845.33
2023-03-02,5,Vendedor_11,14,6,Producto 14,Deportes,2609.99,15659.94
2023-03-03,5,Vendedor_14,2,1,Producto 2,Deportes,2849.53,2849.53
2023-03-03,5,Vendedor_4,18,8,Producto 18,Electrónica,188.25,1506.0
2023-03-03,5,Vendedor_2,19,5,Producto 19,Alimentos,568.44,2842.2
2023-03-03,2,Vendedor_2,15,7,Producto 15,Deportes,2206.3,15444.1
2023-03-04,5,Vendedor_8,13,4,Producto 13,Deportes,3138.42,12553.68
2023-03-04,3,Vendedor_6,5,9,Producto 5,Ropa,1462.82,13165.38
2023-03-04,1,Vendedor_10,16,3,Producto 16,Deportes,710.43,2131.29
2023-03-04,3,Vendedor_1,18,9,Producto 18,Electrónica,188.33,1694.97
2023-03-04,5,Vendedor_12,3,9,Producto 3,Deportes,1768.08,15912.72
2023-03-04,4,Vendedor_4,13,3,Producto 13,Deportes,3073.21,9219.63
2023-03-04,1,Vendedor_2,15,4,Producto 15,Deportes,2565.29,10261.16
2023-03-05,2,Vendedor_3,10,11,Producto 10,Electrónica,2090.39,22994.29
2023-03-05,5,Vendedor_14,17,6,Producto 17,Ropa,1414.3,8485.8
2023-03-05,3,Vendedor_14,17,8,Producto 17,Ropa,1488.61,11908.88
2023-03-05,4,Vendedor_13,17,2,Producto 17,Ropa,1425.2,2850.4
2023-03-05,1,Vendedor_12,13,11,Producto 13,Deportes,3249.71,35746.81
2023-03-05,2,Vendedor_2,9,8,Producto 9,Hogar,2714.6,21716.8
2023-03-06,2,Vendedor_1,19,4,Producto 19,Alimentos,541.87,2167.48
2023-03-06,2,Vendedor_7,10,5,Producto 10,Electrónica,1780.77,8903.85
2023-03-06,2,Vendedor_2,15,5,Producto 15,Deportes,2148.16,10740.8
2023-03-06,5,Vendedor_1,5,5,Producto 5,Ropa,1534.43,7672.15
2023-03-06,1,Vendedor_3,13,11,Producto 13,Deportes,2768.5,30453.5
2023-03-06,3,Vendedor_5,10,9,Producto 10,Electrónica,1750.43,15753.87
2023-03-06,3,Vendedor_12,10,5,Producto 10,Electrónica,2100.92,10504.6
2023-03-06,4,Vendedor_14,12,10,Producto 12,Alimentos,1040.01,10400.1
2023-03-07,3,Vendedor_7,4,2,Producto 4,Ropa,2749.04,5498.08
2023-03-07,1,Vendedor_12,9,11,Producto 9,Hogar,2737.11,30108.21
2023-03-07,3,Vendedor_4,8,7,Producto 8,Deportes,237.0,1659.0
2023-03-07,5,Vendedor_15,20,2,Producto 20,Ropa,1950.96,3901.92
2023-03-07,1,Vendedor_4,4,2,Producto 4,Ropa,2408.12,4816.24
2023-03-07,4,Vendedor_12,12,2,Producto 12,Alimentos,1129.14,2258.28
2023-03-08,2,Vendedor_3,4,9,Producto 4,Ropa,2810.76,25296.84
2023-03-08,3,Vendedor_5,8,7,Producto 8,Deportes,246.27,1723.89
2023-03-08,3,Vendedor_15,6,3,Producto 6,Alimentos,827.03,2481.09
2023-03-08,4,Vendedor_7,19,8,Producto 19,Alimentos,494.82,3958.56
2023-03-08,1,Vendedor_5,3,10,Producto 3,Deportes,2219.69,22196.9
2023-03-08,4,Vendedor_5,8,11,Producto 8,Deportes,216.21,2378.31
2023-03-08,2,Vendedor_15,2,1,Producto 2,Deportes,2864.35,2864.35
2023-03-09,4,Vendedor_2,15,4,Producto 15,Deportes,2350.7,9402.8
2023-03-09,1,Vendedor_1,6,11,Producto 6,Alimentos,825.04,9075.44
2023-03-09,2,Vendedor_1,14,11,Producto 14,Deportes,2838.23,31220.53
2023-03-09,3,Vendedor_9,14,5,Producto 14,Deportes,2668.58,13342.9
2023-03-09,5,Vendedor_7,1,10,Producto 1,Electrónica,1206.83,12068.3
2023-03-09,4,Vendedor_13,7,5,Producto 7,Electrónica,1839.56,9197.8
2023-03-09,1,Vendedor_9,10,11,Producto 10,Electrónica,2124.29,23367.19
2023-03-09,1,Vendedor_4,18,4,Producto 18,Electrónica,173.13,692.52
2023-03-09,3,Vendedor_13,12,1,Producto 12,Alimentos,1013.89,1013.89
2023-03-09,3,Vendedor_9,17,7,Producto 17,Ropa,1332.14,9324.98
2023-03-10,2,Vendedor_7,7,10,Producto 7,Electrónica,1648.09,16480.9
2023-03-10,3,Vendedor_14,3,10,Producto 3,Deportes,1959.95,19599.5
2023-03-10,5,Vendedor_3,9,7,Producto 9,Hogar,2493.55,17454.85
2023-03-11,5,Vendedor_3,13,10,Producto 13,Deportes,2871.13,28711.3
2023-03-11,2,Vendedor_3,18,6,Producto 18,Electrónica,176.9,1061.4
2023-03-11,4,Vendedor_11,4,5,Producto 4,Ropa,2393.77,11968.85
2023-03-11,4,Vendedor_4,4,6,Producto 4,Ropa,2424.84,14549.04
2023-03-11,1,Vendedor_10,4,11,Producto 4,Ropa,2534.32,27877.52
2023-03-12,4,Vendedor_7,12,2,Producto 12,Alimentos,1181.39,2362.78
2023-03-12,2,Vendedor_7,18,9,Producto 18,Electrónica,192.69,1734.21
2023-03-12,5,Vendedor_4,10,6,Producto 10,Electrónica,1815.13,10890.78
2023-03-12,3,Vendedor_15,8,6,Producto 8,Deportes,255.14,1530.84
2023-03-12,3,Vendedor_14,13,6,Producto 13,Deportes,2836.68,17020.08
2023-03-12,2,Vendedor_9,11,5,Producto 11,Ropa,2313.89,11569.45
2023-03-13,3,Vendedor_2,15,8,Producto 15,Deportes,2320.21,18561.68
2023-03-13,5,Vendedor_15,1,5,Producto 1,Electrónica,1230.92,6154.6
2023-03-14,2,Vendedor_11,17,10,Producto 17,Ropa,1339.21,13392.1
2023-03-14,5,Vendedor_6,10,9,Producto 10,Electrónica,1863.67,16773.03
2023-03-14,1,Vendedor_8,11,5,Producto 11,Ropa,2074.19,10370.95
2023-03-14,5,Vendedor_13,15,6,Producto 15,Deportes,2283.24,13699.44
2023-03-14,2,Vendedor_14,11,2,Producto 11,Ropa,2582.11,5164.22
2023-03-14,3,Vendedor_3,20,11,Producto 20,Ropa,1869.71,20566.81
2023-03-14,4,Vendedor_9,4,10,Producto 4,Ropa,2572.01,25720.1
2023-03-15,4,Vendedor_12,15,11,Producto 15,Deportes,2525.06,27775.66
2023-03-15,4,Vendedor_9,7,8,Producto 7,Electrónica,1630.51,13044.08
2023-03-15,2,Vendedor_4,16,10,Producto 16,Deportes,584.15,5841.5
2023-03-15,5,Vendedor_5,12,4,Producto 12,Alimentos,1207.29,4829.16
2023-03-15,1,Vendedor_3,15,4,Producto 15,Deportes,2466.44,9865.76
2023-03-15,4,Vendedor_7,17,1,Producto 17,Ropa,1292.71,1292.71
2023-03-15,4,Vendedor_5,15,5,Producto 15,Deportes,2636.29,13181.45
2023-03-15,3,Vendedor_1,14,5,Producto 14,Deportes,2941.49,14707.45
2023-03-15,4,Vendedor_14,2,2,Producto 2,Deportes,3163.37,6326.74
2023-03-15,1,Vendedor_7,4,4,Producto 4,Ropa,2455.1,9820.4
2023-03-15,1,Vendedor_6,17,5,Producto 17,Ropa,1393.16,6965.8
2023-03-16,3,Vendedor_10,1,3,Producto 1,Electrónica,1185.82,3557.46
2023-03-16,3,Vendedor_2,17,3,Producto 17,Ropa,1539.66,4618.98
2023-03-16,2,Vendedor_10,9,10,Producto 9,Hogar,2647.34,26473.4
2023-03-16,5,Vendedor_7,8,1,Producto 8,Deportes,220.88,220.88
2023-03-17,5,Vendedor_10,8,1,Producto 8,Deportes,273.17,273.17
2023-03-17,1,Vendedor_10,14,4,Producto 14,Deportes,2611.45,10445.8
2023-03-17,5,Vendedor_12,17,2,Producto 17,Ropa,1373.22,2746.44
2023-03-17,1,Vendedor_9,4,4,Producto 4,Ropa,2629.45,10517.8
2023-03-17,3,Vendedor_11,11,11,Producto 11,Ropa,2212.09,24332.99
2023-03-17,3,Vendedor_10,9,6,Producto 9,Hogar,2666.87,16001.22
2023-03-17,4,Vendedor_9,6,9,Producto 6,Alimentos,761.16,6850.44
2023-03-17,4,Vendedor_11,19,5,Producto 19,Alimentos,544.27,2721.35
2023-03-17,2,Vendedor_12,5,5,Producto 5,Ropa,1349.39,6746.95
2023-03-18,3,Vendedor_7,17,4,Producto 17,Ropa,1529.62,6118.48
2023-03-18,2,Vendedor_15,5,3,Producto 5,Ropa,1410.65,4231.95
2023-03-18,3,Vendedor_6,4,7,Producto 4,Ropa,2542.26,17795.82
2023-03-18,1,Vendedor_4,2,11,Producto 2,Deportes,2979.92,32779.12
2023-03-18,5,Vendedor_3,14,1,Producto 14,Deportes,2516.82,2516.82
2023-03-18,1,Vendedor_2,2,7,Producto 2,Deportes,2913.05,20391.35
2023-03-18,5,Vendedor_11,18,10,Producto 18,Electrónica,186.24,1862.4
2023-03-18,3,Vendedor_10,10,7,Producto 10,Electrónica,2000.2,14001.4
2023-03-19,2,Vendedor_14,3,7,Producto 3,Deportes,1971.75,13802.25
2023-03-19,3,Vendedor_1,2,3,Producto 2,Deportes,2677.64,8032.92
2023-03-19,5,Vendedor_12,1,1,Producto 1,Electrónica,1195.87,1195.87
2023-03-19,4,Vendedor_5,10,5,Producto 10,Electrónica,1777.9,8889.5
2023-03-19,5,Vendedor_6,5,3,Producto 5,Ropa,1268.87,3806.61
2023-03-19,5,Vendedor_12,9,10,Producto 9,Hogar,2507.47,25074.7
2023-03-19,1,Vendedor_15,15,3,Producto 15,Deportes,2189.66,6568.98
2023-03-19,3,Vendedor_10,9,11,Producto 9,Hogar,2610.4,28714.4
2023-03-19,2,Vendedor_15,7,7,Producto 7,Electrónica,1799.7,12597.9
2023-03-20,4,Vendedor_10,8,4,Producto 8,Deportes,265.84,1063.36
2023-03-20,5,Vendedor_12,1,1,Producto 1,Electrónica,1247.94,1247.94
2023-03-20,2,Vendedor_13,4,4,Producto 4,Ropa,2727.93,10911.72
2023-03-20,4,Vendedor_15,14,2,Producto 14,Deportes,3048.02,6096.04
2023-03-20,1,Vendedor_9,17,4,Producto 17,Ropa,1466.37,5865.48
2023-03-20,3,Vendedor_4,13,8,Producto 13,Deportes,3062.5,24500.0
2023-03-20,4,Vendedor_1,12,5,Producto 12,Alimentos,1246.12,6230.6
2023-03-20,1,Vendedor_11,10,6,Producto 10,Electrónica,1969.67,11818.02
2023-03-20,2,Vendedor_1,6,7,Producto 6,Alimentos,728.32,5098.24
2023-03-20,5,Vendedor_9,6,1,Producto 6,Alimentos,660.43,660.43
2023-03-20,1,Vendedor_13,1,5,Producto 1,Electrónica,1206.03,6030.15
2023-03-21,3,Vendedor_6,19,3,Producto 19,Alimentos,535.48,1606.44
2023-03-21,5,Vendedor_8,18,6,Producto 18,Electrónica,192.29,1153.74
2023-03-21,2,Vendedor_13,20,6,Producto 20,Ropa,1901.83,11410.98
2023-03-22,1,Vendedor_3,18,8,Producto 18,Electrónica,185.06,1480.48
2023-03-22,4,Vendedor_14,14,5,Producto 14,Deportes,2571.33,12856.65
2023-03-22,2,Vendedor_1,15,6,Producto 15,Deportes,2267.35,13604.1
2023-03-22,1,Vendedor_12,3,2,Producto 3,Deportes,1830.9,3661.8
2023-03-22,5,Vendedor_2,10,6,Producto 10,Electrónica,1733.98,10403.88
2023-03-22,5,Vendedor_11,15,1,Producto 15,Deportes,2156.12,2156.12
2023-03-22,5,Vendedor_8,19,10,Producto 19,Alimentos,463.0,4630.0
2023-03-23,3,Vendedor_12,6,1,Producto 6,Alimentos,806.82,806.82
2023-03-23,3,Vendedor_6,9,5,Producto 9,Hogar,2815.88,14079.4
2023-03-23,4,Vendedor_9,5,10,Producto 5,Ropa,1335.96,13359.6
2023-03-24,3,Vendedor_11,17,7,Producto 17,Ropa,1415.51,9908.57
2023-03-24,1,Vendedor_3,12,10,Producto 12,Alimentos,1233.07,12330.7
2023-03-24,1,Vendedor_13,3,11,Producto 3,Deportes,1936.1,21297.1
2023-03-24,4,Vendedor_13,13,9,Producto 13,Deportes,2911.16,26200.44
2023-03-24,4,Vendedor_12,5,11,Producto 5,Ropa,1391.93,15311.23
2023-03-25,3,Vendedor_10,1,6,Producto 1,Electrónica,1209.7,7258.2
2023-03-25,2,Vendedor_3,6,2,Producto 6,Alimentos,696.49,1392.98
2023-03-25,1,Vendedor_1,18,9,Producto 18,Electrónica,195.41,1758.69
2023-03-25,1,Vendedor_9,18,1,Producto 18,Electrónica,203.15,203.15
2023-03-25,3,Vendedor_12,15,3,Producto 15,Deportes,2502.34,7507.02
2023-03-26,1,Vendedor_9,10,2,Producto 10,Electrónica,1747.11,3494.22
2023-03-26,2,Vendedor_9,7,6,Producto 7,Electrónica,1539.31,9235.86
2023-03-26,2,Vendedor_11,10,7,Producto 10,Electrónica,1791.03,12537.21
2023-03-26,2,Vendedor_3,11,3,Producto 11,Ropa,2086.69,6260.07
2023-03-26,1,Vendedor_3,16,6,Producto 16,Deportes,612.58,3675.48
2023-03-27,3,Vendedor_10,1,11,Producto 1,Electrónica,1149.53,12644.83
2023-03-27,3,Vendedor_15,5,6,Producto 5,Ropa,1405.12,8430.72
2023-03-27,4,Vendedor_4,4,7,Producto 4,Ropa,2295.58,16069.06
2023-03-27,2,Vendedor_4,12,5,Producto 12,Alimentos,990.08,4950.4
2023-03-27,2,Vendedor_6,5,4,Producto 5,Ropa,1277.05,5108.2
2023-03-28,5,Vendedor_15,9,4,Producto 9,Hogar,2698.85,10795.4
2023-03-28,3,Vendedor_7,8,8,Producto 8,Deportes,236.58,1892.64
2023-03-28,5,Vendedor_7,13,9,Producto 13,Deportes,2631.75,23685.75
2023-03-28,2,Vendedor_5,12,2,Producto 12,Alimentos,1020.18,2040.36
2023-03-28,1,Vendedor_6,13,10,Producto 13,Deportes,2758.01,27580.1
2023-03-28,3,Vendedor_12,16,4,Producto 16,Deportes,563.84,2255.36
2023-03-29,3,Vendedor_1,4,4,Producto 4,Ropa,2409.83,9639.32
2023-03-29,1,Vendedor_15,18,4,Producto 18,Electrónica,186.69,746.76
2023-03-29,4,Vendedor_11,16,5,Producto 16,Deportes,602.7,3013.5
2023-03-30,5,Vendedor_8,3,1,Producto 3,Deportes,1786.78,1786.78
2023-03-30,5,Vendedor_15,17,1,Producto 17,Ropa,1590.06,1590.06
2023-03-30,1,Vendedor_10,5,4,Producto 5,Ropa,1269.35,5077.4
2023-03-30,3,Vendedor_3,15,11,Producto 15,Deportes,2515.49,27670.39
2023-03-30,3,Vendedor_15,6,4,Producto 6,Alimentos,821.27,3285.08
2023-03-30,4,Vendedor_13,12,10,Producto 12,Alimentos,1154.41,11544.1
2023-03-30,1,Vendedor_3,16,10,Producto 16,Deportes,597.51,5975.1
2023-03-30,4,Vendedor_1,4,5,Producto 4,Ropa,2828.35,14141.75
2023-03-30,4,Vendedor_15,8,6,Producto 8,Deportes,264.26,1585.56
2023-03-30,5,Vendedor_6,8,2,Producto 8,Deportes,219.38,438.76
2023-03-30,5,Vendedor_5,5,11,Producto 5,Ropa,1224.19,13466.09
2023-03-31,1,Vendedor_8,12,11,Producto 12,Alimentos,1184.85,13033.35
2023-03-31,1,Vendedor_6,20,8,Producto 20,Ropa,1866.12,14928.96
2023-04-01,3,Vendedor_1,7,7,Producto 7,Electrónica,1786.21,12503.47
2023-04-01,5,Vendedor_1,18,9,Producto 18,Electrónica,184.25,1658.25
2023-04-01,3,Vendedor_8,14,3,Producto 14,Deportes,2444.07,7332.21
2023-04-01,2,Vendedor_13,10,7,Producto 10,Electrónica,2103.98,14727.86
2023-04-01,5,Vendedor_11,15,1,Producto 15,Deportes,2574.72,2574.72
2023-04-02,4,Vendedor_4,11,6,Producto 11,Ropa,2626.96,15761.76
2023-04-02,5,Vendedor_2,19,6,Producto 19,Alimentos,525.2,3151.2
2023-04-02,5,Vendedor_1,3,11,Producto 3,Deportes,2122.09,23342.99
2023-04-02,1,Vendedor_7,8,8,Producto 8,Deportes,218.38,1747.04
2023-04-03,1,Vendedor_1,4,6,Producto 4,Ropa,2312.86,13877.16
2023-04-04,1,Vendedor_15,19,1,Producto 19,Alimentos,527.43,527.43
2023-04-04,2,Vendedor_12,13,11,Producto 13,Deportes,3270.15,35971.65
2023-04-04,2,Vendedor_3,3,1,Producto 3,Deportes,2064.22,2064.22
2023-04-04,2,Vendedor_4,9,10,Producto 9,Hogar,2600.83,26008.3
2023-04-04,2,Vendedor_15,1,4,Producto 1,Electrónica,1231.11,4924.44
2023-04-04,3,Vendedor_12,10,6,Producto 10,Electrónica,2078.25,12469.5
2023-04-04,2,Vendedor_7,15,3,Producto 15,Deportes,2638.05,7914.15
2023-04-05,5,Vendedor_5,5,9,Producto 5,Ropa,1527.3,13745.7
2023-04-05,4,Vendedor_5,18,6,Producto 18,Electrónica,203.36,1220.16
2023-04-05,1,Vendedor_3,14,10,Producto 14,Deportes,2965.31,29653.1
2023-04-05,4,Vendedor_9,9,6,Producto 9,Hogar,2777.36,16664.16
2023-04-05,3,Vendedor_10,2,5,Producto 2,Deportes,2601.12,13005.6
2023-04-05,2,Vendedor_1,20,1,Producto 20,Ropa,1970.24,1970.24
2023-04-05,5,Vendedor_12,17,8,Producto 17,Ropa,1589.42,12715.36
2023-04-06,5,Vendedor_5,5,1,Producto 5,Ropa,1244.02,1244.02
2023-04-06,5,Vendedor_12,4,9,Producto 4,Ropa,2279.46,20515.14
2023-04-06,3,Vendedor_1,19,11,Producto 19,Alimentos,500.0,5500.0
2023-04-06,3,Vendedor_2,15,1,Producto 15,Deportes,2316.63,2316.63
2023-04-06,5,Vendedor_12,13,10,Producto 13,Deportes,3281.47,32814.7
2023-04-06,5,Vendedor_10,8,6,Producto 8,Deportes,232.87,1397.22
2023-04-06,5,Vendedor_15,17,2,Producto 17,Ropa,1500.97,3001.94
2023-04-07,4,Vendedor_2,4,10,Producto 4,Ropa,2495.98,24959.8
2023-04-07,2,Vendedor_10,10,4,Producto 10,Electrónica,2084.47,8337.88
2023-04-07,1,Vendedor_9,13,8,Producto 13,Deportes,3074.09,24592.72
2023-04-07,1,Vendedor_2,11,2,Producto 11,Ropa,2098.87,4197.74
2023-04-07,5,Vendedor_6,16,6,Producto 16,Deportes,669.17,4015.02
2023-04-07,3,Vendedor_1,2,4,Producto 2,Deportes,2822.97,11291.88
2023-04-07,1,Vendedor_4,8,8,Producto 8,Deportes,259.4,2075.2
2023-04-07,5,Vendedor_12,9,5,Producto 9,Hogar,2474.14,12370.7
2023-04-08,5,Vendedor_3,12,11,Producto 12,Alimentos,1212.99,13342.89
2023-04-08,5,Vendedor_14,1,11,Producto 1,Electrónica,1096.47,12061.17
2023-04-08,5,Vendedor_10,8,3,Producto 8,Deportes,244.95,734.85
2023-04-08,4,Vendedor_1,9,11,Producto 9,Hogar,2738.71,30125.81
2023-04-09,5,Vendedor_10,2,10,Producto 2,Deportes,2716.95,27169.5
2023-04-09,2,Vendedor_7,19,9,Producto 19,Alimentos,524.29,4718.61
2023-04-09,1,Vendedor_15,3,11,Producto 3,Deportes,2162.21,23784.31
2023-04-09,1,Vendedor_13,17,1,Producto 17,Ropa,1626.75,1626.75
2023-04-09,3,Vendedor_5,17,4,Producto 17,Ropa,1623.74,6494.96
2023-04-10,3,Vendedor_1,15,9,Producto 15,Deportes,2153.26,19379.34
2023-04-10,2,Vendedor_9,16,7,Producto 16,Deportes,607.51,4252.57
2023-04-10,3,Vendedor_10,3,3,Producto 3,Deportes,1950.66,5851.98
2023-04-10,1,Vendedor_12,6,5,Producto 6,Alimentos,713.38,3566.9
2023-04-10,1,Vendedor_10,14,8,Producto 14,Deportes,2921.26,23370.08
2023-04-10,4,Vendedor_4,11,4,Producto 11,Ropa,2144.17,8576.68
2023-04-11,5,Vendedor_6,19,10,Producto 19,Alimentos,510.09,5100.9
2023-04-11,3,Vendedor_4,13,3,Producto 13,Deportes,3301.13,9903.39
2023-04-11,5,Vendedor_14,14,9,Producto 14,Deportes,2941.77,26475.93
2023-04-12,2,Vendedor_13,6,6,Producto 6,Alimentos,675.17,4051.02
2023-04-12,5,Vendedor_12,19,5,Producto 19,Alimentos,508.96,2544.8
2023-04-12,5,Vendedor_15,6,1,Producto 6,Alimentos,700.58,700.58
2023-04-12,1,Vendedor_9,20,8,Producto 20,Ropa,2235.77,17886.16
2023-04-12,4,Vendedor_15,17,10,Producto 17,Ropa,1508.5,15085.0
2023-04-13,3,Vendedor_8,15,7,Producto 15,Deportes,2135.89,14951.23
2023-04-13,2,Vendedor_1,19,7,Producto 19,Alimentos,501.43,3510.01
2023-04-13,2,Vendedor_2,14,9,Producto 14,Deportes,3011.76,27105.84
2023-04-13,1,Vendedor_3,6,2,Producto 6,Alimentos,729.42,1458.84
2023-04-13,2,Vendedor_15,17,9,Producto 17,Ropa,1335.35,12018.15
2023-04-13,4,Vendedor_1,12,7,Producto 12,Alimentos,1115.78,7810.46
2023-04-13,1,Vendedor_12,4,7,Producto 4,Ropa,2530.05,17710.35
2023-04-13,2,Vendedor_11,7,2,Producto 7,Electrónica,1916.77,3833.54
2023-04-13,1,Vendedor_3,20,1,Producto 20,Ropa,1918.9,1918.9
2023-04-14,3,Vendedor_14,2,9,Producto 2,Deportes,3053.23,27479.07
2023-04-14,2,Vendedor_9,14,7,Producto 14,Deportes,2469.39,17285.73
2023-04-14,5,Vendedor_4,3,5,Producto 3,Deportes,2128.87,10644.35
2023-04-14,3,Vendedor_11,15,5,Producto 15,Deportes,2518.56,12592.8
2023-04-14,2,Vendedor_1,10,4,Producto 10,Electrónica,2164.7,8658.8
2023-04-14,1,Vendedor_4,6,2,Producto 6,Alimentos,671.22,1342.44
2023-04-14,1,Vendedor_3,6,9,Producto 6,Alimentos,767.0,6903.0
2023-04-15,4,Vendedor_5,18,11,Producto 18,Electrónica,181.37,1995.07
2023-04-15,5,Vendedor_12,3,9,Producto 3,Deportes,2136.91,19232.19
2023-04-15,1,Vendedor_5,15,3,Producto 15,Deportes,2440.39,7321.17
2023-04-15,3,Vendedor_10,9,2,Producto 9,Hogar,2717.36,5434.72
2023-04-15,5,Vendedor_6,2,9,Producto 2,Deportes,2553.74,22983.66
2023-04-15,1,Vendedor_7,13,5,Producto 13,Deportes,2770.13,13850.65
2023-04-16,1,Vendedor_3,1,2,Producto 1,Electrónica,1183.9,2367.8
2023-04-16,2,Vendedor_5,12,5,Producto 12,Alimentos,1167.36,5836.8
2023-04-16,4,Vendedor_10,10,3,Producto 10,Electrónica,1818.83,5456.49
2023-04-17,5,Vendedor_15,1,9,Producto 1,Electrónica,1143.52,10291.68
2023-04-17,2,Vendedor_11,6,7,Producto 6,Alimentos,750.37,5252.59
2023-04-17,1,Vendedor_15,3,11,Producto 3,Deportes,1857.32,20430.52
2023-04-17,2,Vendedor_8,5,2,Producto 5,Ropa,1442.85,2885.7
2023-04-17,1,Vendedor_6,10,6,Producto 10,Electrónica,1950.28,11701.68
2023-04-17,3,Vendedor_7,10,2,Producto 10,Electrónica,1728.96,3457.92
2023-04-17,2,Vendedor_1,6,10,Producto 6,Alimentos,793.73,7937.3
2023-04-17,2,Vendedor_15,3,7,Producto 3,Deportes,2177.72,15244.04
2023-04-17,3,Vendedor_9,3,10,Producto 3,Deportes,1872.39,18723.9
2023-04-17,2,Vendedor_5,5,1,Producto 5,Ropa,1353.42,1353.42
2023-04-18,5,Vendedor_2,10,9,Producto 10,Electrónica,1815.38,16338.42
2023-04-18,5,Vendedor_10,13,10,Producto 13,Deportes,2858.68,28586.8
2023-04-18,1,Vendedor_14,17,9,Producto 17,Ropa,1504.17,13537.53
2023-04-18,4,Vendedor_7,7,9,Producto 7,Electrónica,1565.45,14089.05
2023-04-18,2,Vendedor_14,19,9,Producto 19,Alimentos,525.39,4728.51
2023-04-18,2,Vendedor_6,19,4,Producto 19,Alimentos,505.38,2021.52
2023-04-18,5,Vendedor_1,19,9,Producto 19,Alimentos,491.48,4423.32
2023-04-18,4,Vendedor_7,3,5,Producto 3,Deportes,2050.71,10253.55
2023-04-19,5,Vendedor_13,16,10,Producto 16,Deportes,711.02,7110.2
2023-04-19,4,Vendedor_6,15,6,Producto 15,Deportes,2306.64,13839.84
2023-04-19,2,Vendedor_2,4,1,Producto 4,Ropa,2611.7,2611.7
2023-04-19,3,Vendedor_4,14,4,Producto 14,Deportes,2844.08,11376.32
2023-04-19,1,Vendedor_4,20,5,Producto 20,Ropa,1930.48,9652.4
2023-04-20,4,Vendedor_1,18,7,Producto 18,Electrónica,182.98,1280.86
2023-04-20,2,Vendedor_9,16,9,Producto 16,Deportes,651.57,5864.13
2023-04-20,2,Vendedor_14,2,6,Producto 2,Deportes,2909.76,17458.56
2023-04-20,1,Vendedor_7,15,2,Producto 15,Deportes,2509.9,5019.8
2023-04-20,5,Vendedor_10,10,11,Producto 10,Electrónica,2019.31,22212.41
2023-04-20,5,Vendedor_8,7,7,Producto 7,Electrónica,1844.49,12911.43
2023-04-21,3,Vendedor_11,8,3,Producto 8,Deportes,264.17,792.51
2023-04-21,4,Vendedor_5,2,7,Producto 2,Deportes,2857.12,19999.84
2023-04-21,1,Vendedor_12,19,2,Producto 19,Alimentos,517.95,1035.9
2023-04-21,1,Vendedor_9,16,2,Producto 16,Deportes,562.41,1124.82
2023-04-21,1,Vendedor_9,18,10,Producto 18,Electrónica,201.42,2014.2
2023-04-21,1,Vendedor_12,18,4,Producto 18,Electrónica,184.61,738.44
2023-04-21,2,Vendedor_10,12,2,Producto 12,Alimentos,1209.39,2418.78
2023-04-21,3,Vendedor_11,16,1,Producto 16,Deportes,655.59,655.59
2023-04-21,1,Vendedor_2,1,4,Producto 1,Electrónica,1141.58,4566.32
2023-04-21,4,Vendedor_14,2,3,Producto 2,Deportes,3160.24,9480.72
2023-04-22,3,Vendedor_10,16,9,Producto 16,Deportes,716.69,6450.21
2023-04-22,5,Vendedor_8,3,5,Producto 3,Deportes,2092.2,10461.0
2023-04-22,4,Vendedor_6,11,1,Producto 11,Ropa,2253.74,2253.74
2023-04-22,2,Vendedor_5,15,4,Producto 15,Deportes,2239.52,8958.08
2023-04-22,4,Vendedor_9,15,8,Producto 15,Deportes,2294.05,18352.4
2023-04-23,3,Vendedor_1,12,4,Producto 12,Alimentos,1258.92,5035.68
2023-04-23,2,Vendedor_1,16,9,Producto 16,Deportes,564.92,5084.28
2023-04-23,4,Vendedor_13,9,4,Producto 9,Hogar,2341.32,9365.28
2023-04-23,1,Vendedor_5,3,5,Producto 3,Deportes,1953.87,9769.35
2023-04-23,5,Vendedor_3,5,10,Producto 5,Ropa,1413.8,14138.0
2023-04-23,5,Vendedor_6,8,6,Producto 8,Deportes,232.3,1393.8
2023-04-23,4,Vendedor_12,8,7,Producto 8,Deportes,224.85,1573.95
2023-04-24,5,Vendedor_3,11,7,Producto 11,Ropa,2211.34,15479.38
2023-04-24,3,Vendedor_6,5,5,Producto 5,Ropa,1499.58,7497.9
2023-04-24,3,Vendedor_4,18,2,Producto 18,Electrónica,169.67,339.34
2023-04-24,5,Vendedor_10,10,11,Producto 10,Electrónica,1723.53,18958.83
2023-04-24,5,Vendedor_9,9,6,Producto 9,Hogar,2480.63,14883.78
2023-04-25,1,Vendedor_10,16,8,Producto 16,Deportes,642.93,5143.44
2023-04-25,1,Vendedor_13,9,10,Producto 9,Hogar,2841.06,28410.6
2023-04-25,4,Vendedor_9,17,2,Producto 17,Ropa,1481.11,2962.22
2023-04-25,5,Vendedor_7,1,7,Producto 1,Electrónica,1089.0,7623.0
2023-04-25,2,Vendedor_9,4,7,Producto 4,Ropa,2625.05,18375.35
2023-04-25,5,Vendedor_5,8,11,Producto 8,Deportes,255.57,2811.27
2023-04-25,3,Vendedor_9,2,10,Producto 2,Deportes,2689.52,26895.2
2023-04-25,3,Vendedor_5,13,3,Producto 13,Deportes,3256.8,9770.4
2023-04-25,1,Vendedor_15,3,3,Producto 3,Deportes,2142.89,6428.67
2023-04-26,2,Vendedor_13,3,10,Producto 3,Deportes,2158.48,21584.8
2023-04-26,1,Vendedor_7,11,4,Producto 11,Ropa,2257.31,9029.24
2023-04-26,1,Vendedor_14,14,11,Producto 14,Deportes,2977.16,32748.76
2023-04-26,4,Vendedor_7,16,1,Producto 16,Deportes,634.13,634.13
2023-04-27,2,Vendedor_9,10,10,Producto 10,Electrónica,1798.95,17989.5
2023-04-27,4,Vendedor_12,7,8,Producto 7,Electrónica,1870.9,14967.2
2023-04-27,2,Vendedor_7,20,4,Producto 20,Ropa,2014.5,8058.0
2023-04-27,5,Vendedor_8,6,8,Producto 6,Alimentos,655.45,5243.6
2023-04-27,1,Vendedor_9,3,4,Producto 3,Deportes,1812.94,7251.76
2023-04-27,1,Vendedor_5,3,8,Producto 3,Deportes,2164.45,17315.6
2023-04-28,2,Vendedor_11,14,6,Producto 14,Deportes,2594.85,15569.1
2023-04-28,4,Vendedor_6,16,1,Producto 16,Deportes,666.92,666.92
2023-04-28,5,Vendedor_13,7,10,Producto 7,Electrónica,1821.12,18211.2
2023-04-28,3,Vendedor_13,15,7,Producto 15,Deportes,2458.18,17207.26
2023-04-28,1,Vendedor_8,20,1,Producto 20,Ropa,2084.27,2084.27
2023-04-28,5,Vendedor_1,16,1,Producto 16,Deportes,596.68,596.68
2023-04-29,1,Vendedor_6,9,8,Producto 9,Hogar,2757.38,22059.04
2023-04-29,2,Vendedor_11,20,3,Producto 20,Ropa,2056.97,6170.91
2023-04-29,2,Vendedor_11,20,9,Producto 20,Ropa,2024.64,18221.76
2023-04-29,5,Vendedor_12,16,10,Producto 16,Deportes,601.61,6016.1
2023-04-29,2,Vendedor_4,20,8,Producto 20,Ropa,2235.83,17886.64
2023-04-30,4,Vendedor_2,2,3,Producto 2,Deportes,2593.19,7779.57
2023-04-30,2,Vendedor_4,9,1,Producto 9,Hogar,2859.29,2859.29
2023-04-30,5,Vendedor_4,19,3,Producto 19,Alimentos,528.58,1585.74
2023-04-30,5,Vendedor_1,17,6,Producto 17,Ropa,1354.76,8128.56
2023-04-30,2,Vendedor_8,15,5,Producto 15,Deportes,2663.51,13317.55
2023-04-30,5,Vendedor_14,7,10,Producto 7,Electrónica,1732.97,17329.7
2023-04-30,1,Vendedor_4,7,4,Producto 7,Electrónica,1712.36,6849.44
2023-05-01,1,Vendedor_1,19,5,Producto 19,Alimentos,484.57,2422.85
2023-05-01,3,Vendedor_7,3,3,Producto 3,Deportes,2020.14,6060.42
2023-05-01,1,Vendedor_13,8,3,Producto 8,Deportes,252.07,756.21
2023-05-02,3,Vendedor_14,2,4,Producto 2,Deportes,2541.59,10166.36
2023-05-02,5,Vendedor_9,19,11,Producto 19,Alimentos,537.92,5917.12
2023-05-02,3,Vendedor_12,5,4,Producto 5,Ropa,1557.64,6230.56
2023-05-03,3,Vendedor_10,1,2,Producto 1,Electrónica,1164.6,2329.2
2023-05-03,2,Vendedor_12,16,4,Producto 16,Deportes,613.45,2453.8
2023-05-03,3,Vendedor_12,19,10,Producto 19,Alimentos,500.12,5001.2
2023-05-03,3,Vendedor_5,5,3,Producto 5,Ropa,1415.83,4247.49
2023-05-03,2,Vendedor_1,17,8,Producto 17,Ropa,1446.2,11569.6
2023-05-03,2,Vendedor_5,12,9,Producto 12,Alimentos,1228.63,11057.67
2023-05-03,2,Vendedor_3,8,7,Producto 8,Deportes,258.01,1806.07
2023-05-03,2,Vendedor_9,2,10,Producto 2,Deportes,2981.8,29818.0
2023-05-03,3,Vendedor_6,10,5,Producto 10,Electrónica,1783.85,8919.25
2023-05-04,5,Vendedor_10,10,4,Producto 10,Electrónica,1786.69,7146.76
2023-05-04,4,Vendedor_7,16,4,Producto 16,Deportes,580.27,2321.08
2023-05-05,4,Vendedor_11,11,10,Producto 11,Ropa,2400.7,24007.0
2023-05-05,5,Vendedor_11,2,4,Producto 2,Deportes,2953.11,11812.44
2023-05-05,1,Vendedor_6,18,7,Producto 18,Electrónica,181.79,1272.53
2023-05-05,3,Vendedor_14,12,5,Producto 12,Alimentos,1162.63,5813.15
2023-05-05,2,Vendedor_9,7,11,Producto 7,Electrónica,1536.27,16898.97
2023-05-05,4,Vendedor_9,8,1,Producto 8,Deportes,251.67,251.67
2023-05-05,2,Vendedor_13,18,10,Producto 18,Electrónica,164.9,1649.0
2023-05-06,5,Vendedor_15,20,3,Producto 20,Ropa,1924.9,5774.7
2023-05-06,3,Vendedor_11,10,1,Producto 10,Electrónica,1822.91,1822.91
2023-05-06,1,Vendedor_3,9,7,Producto 9,Hogar,2858.27,20007.89
2023-05-06,1,Vendedor_6,18,10,Producto 18,Electrónica,193.74,1937.4
2023-05-06,4,Vendedor_8,2,9,Producto 2,Deportes,2637.41,23736.69
2023-05-07,1,Vendedor_13,19,5,Producto 19,Alimentos,538.71,2693.55
2023-05-07,4,Vendedor_15,3,8,Producto 3,Deportes,1986.68,15893.44
2023-05-07,4,Vendedor_11,9,1,Producto 9,Hogar,2857.25,2857.25
2023-05-08,1,Vendedor_7,10,3,Producto 10,Electrónica,1789.77,5369.31
2023-05-08,5,Vendedor_8,11,7,Producto 11,Ropa,2424.09,16968.63
2023-05-08,5,Vendedor_12,8,4,Producto 8,Deportes,226.07,904.28
2023-05-08,1,Vendedor_12,15,1,Producto 15,Deportes,2556.65,2556.65
2023-05-09,5,Vendedor_9,1,7,Producto 1,Electrónica,1190.72,8335.04
2023-05-09,1,Vendedor_2,18,7,Producto 18,Electrónica,163.5,1144.5
2023-05-09,5,Vendedor_2,9,10,Producto 9,Hogar,2753.47,27534.7
2023-05-09,3,Vendedor_4,12,9,Producto 12,Alimentos,1118.28,10064.52
2023-05-10,3,Vendedor_7,5,1,Producto 5,Ropa,1450.67,1450.67
2023-05-10,4,Vendedor_12,8,7,Producto 8,Deportes,218.91,1532.37
2023-05-10,5,Vendedor_1,14,4,Producto 14,Deportes,2763.48,11053.92
2023-05-10,5,Vendedor_2,17,8,Producto 17,Ropa,1290.35,10322.8
2023-05-10,4,Vendedor_3,5,2,Producto 5,Ropa,1375.15,2750.3
2023-05-10,1,Vendedor_1,11,5,Producto 11,Ropa,2435.29,12176.45
2023-05-10,5,Vendedor_12,17,6,Producto 17,Ropa,1408.75,8452.5
2023-05-11,2,Vendedor_1,15,6,Producto 15,Deportes,2221.43,13328.58
2023-05-11,3,Vendedor_12,14,7,Producto 14,Deportes,2784.13,19488.91
2023-05-11,2,Vendedor_9,8,4,Producto 8,Deportes,243.39,973.56
2023-05-11,3,Vendedor_15,18,4,Producto 18,Electrónica,179.0,716.0
2023-05-11,3,Vendedor_8,12,8,Producto 12,Alimentos,1148.51,9188.08
2023-05-11,1,Vendedor_4,6,9,Producto 6,Alimentos,759.52,6835.68
2023-05-12,3,Vendedor_10,13,8,Producto 13,Deportes,2711.98,21695.84
2023-05-12,1,Vendedor_14,1,10,Producto 1,Electrónica,1297.9,12979.0
2023-05-12,2,Vendedor_4,16,8,Producto 16,Deportes,688.59,5508.72
2023-05-12,2,Vendedor_10,4,9,Producto 4,Ropa,2651.13,23860.17
2023-05-13,5,Vendedor_2,20,1,Producto 20,Ropa,2092.58,2092.58
2023-05-13,4,Vendedor_15,9,3,Producto 9,Hogar,2803.06,8409.18
2023-05-14,1,Vendedor_6,9,4,Producto 9,Hogar,2815.77,11263.08
2023-05-14,1,Vendedor_4,11,3,Producto 11,Ropa,2494.28,7482.84
2023-05-14,3,Vendedor_6,8,11,Producto 8,Deportes,248.8,2736.8
2023-05-14,5,Vendedor_9,14,8,Producto 14,Deportes,2934.0,23472.0
2023-05-14,3,Vendedor_1,8,10,Producto 8,Deportes,271.9,2719.0
2023-05-15,5,Vendedor_9,16,9,Producto 16,Deportes,698.6,6287.4
2023-05-15,5,Vendedor_10,14,2,Producto 14,Deportes,2420.38,4840.76
2023-05-15,5,Vendedor_9,8,8,Producto 8,Deportes,246.48,1971.84
2023-05-15,2,Vendedor_1,10,4,Producto 10,Electrónica,1757.16,7028.64
2023-05-16,2,Vendedor_8,12,2,Producto 12,Alimentos,993.73,1987.46
2023-05-16,5,Vendedor_7,4,11,Producto 4,Ropa,2415.43,26569.73
2023-05-16,2,Vendedor_15,11,3,Producto 11,Ropa,2518.15,7554.45
2023-05-16,4,Vendedor_15,3,3,Producto 3,Deportes,2069.78,6209.34
2023-05-16,1,Vendedor_15,1,3,Producto 1,Electrónica,1092.2,3276.6
2023-05-16,2,Vendedor_5,15,11,Producto 15,Deportes,2412.84,26541.24
2023-05-16,4,Vendedor_3,15,2,Producto 15,Deportes,2400.27,4800.54
2023-05-17,4,Vendedor_13,7,6,Producto 7,Electrónica,1763.51,10581.06
2023-05-17,2,Vendedor_2,11,7,Producto 11,Ropa,2477.42,17341.94
2023-05-17,3,Vendedor_5,1,1,Producto 1,Electrónica,1051.21,1051.21
2023-05-17,2,Vendedor_3,10,3,Producto 10,Electrónica,1926.53,5779.59
2023-05-17,1,Vendedor_7,14,11,Producto 14,Deportes,2852.55,31378.05
2023-05-17,1,Vendedor_1,1,5,Producto 1,Electrónica,1297.52,6487.6
2023-05-17,4,Vendedor_3,10,10,Producto 10,Electrónica,1996.23,19962.3
2023-05-18,5,Vendedor_1,13,1,Producto 13,Deportes,2712.22,2712.22
2023-05-18,1,Vendedor_15,8,3,Producto 8,Deportes,253.43,760.29
2023-05-19,1,Vendedor_15,3,7,Producto 3,Deportes,2202.94,15420.58
2023-05-19,4,Vendedor_15,6,5,Producto 6,Alimentos,809.94,4049.7
2023-05-20,1,Vendedor_1,1,6,Producto 1,Electrónica,1301.32,7807.92
2023-05-20,2,Vendedor_12,3,4,Producto 3,Deportes,1924.95,7699.8
2023-05-20,4,Vendedor_5,16,4,Producto 16,Deportes,637.09,2548.36
2023-05-20,2,Vendedor_10,7,3,Producto 7,Electrónica,1617.41,4852.23
2023-05-20,1,Vendedor_5,11,11,Producto 11,Ropa,2184.06,24024.66
2023-05-20,3,Vendedor_10,19,9,Producto 19,Alimentos,478.52,4306.68
2023-05-20,2,Vendedor_2,2,1,Producto 2,Deportes,2869.4,2869.4
2023-05-20,4,Vendedor_8,10,5,Producto 10,Electrónica,1996.92,9984.6
2023-05-21,2,Vendedor_7,16,3,Producto 16,Deportes,603.68,1811.04
2023-05-21,4,Vendedor_9,14,3,Producto 14,Deportes,2848.55,8545.65
2023-05-21,5,Vendedor_9,9,11,Producto 9,Hogar,2604.76,28652.36
2023-05-21,3,Vendedor_15,14,11,Producto 14,Deportes,3086.0,33946.0
2023-05-21,4,Vendedor_6,16,4,Producto 16,Deportes,675.59,2702.36
2023-05-21,2,Vendedor_11,4,7,Producto 4,Ropa,2409.2,16864.4
2023-05-21,3,Vendedor_2,9,11,Producto 9,Hogar,2324.84,25573.24
2023-05-21,3,Vendedor_13,19,5,Producto 19,Alimentos,557.36,2786.8
2023-05-21,1,Vendedor_12,1,10,Producto 1,Electrónica,1081.06,10810.6
2023-05-21,3,Vendedor_9,12,10,Producto 12,Alimentos,1233.83,12338.3
2023-05-22,1,Vendedor_10,14,3,Producto 14,Deportes,2615.19,7845.57
2023-05-22,4,Vendedor_7,20,11,Producto 20,Ropa,2013.43,22147.73
2023-05-22,4,Vendedor_9,5,8,Producto 5,Ropa,1557.51,12460.08
2023-05-22,2,Vendedor_15,3,9,Producto 3,Deportes,1928.94,17360.46
2023-05-22,5,Vendedor_2,13,4,Producto 13,Deportes,2895.86,11583.44
2023-05-22,2,Vendedor_1,1,10,Producto 1,Electrónica,1231.26,12312.6
2023-05-22,3,Vendedor_5,7,11,Producto 7,Electrónica,1598.08,17578.88
2023-05-22,1,Vendedor_2,8,7,Producto 8,Deportes,232.04,1624.28
2023-05-22,2,Vendedor_2,17,2,Producto 17,Ropa,1447.81,2895.62
2023-05-23,1,Vendedor_3,19,3,Producto 19,Alimentos,474.48,1423.44
2023-05-23,1,Vendedor_8,16,4,Producto 16,Deportes,637.07,2548.28
2023-05-23,1,Vendedor_7,13,7,Producto 13,Deportes,3083.82,21586.74
2023-05-24,3,Vendedor_10,11,5,Producto 11,Ropa,2113.59,10567.95
2023-05-24,3,Vendedor_10,12,5,Producto 12,Alimentos,1221.31,6106.55
2023-05-24,4,Vendedor_5,8,2,Producto 8,Deportes,214.89,429.78
2023-05-24,2,Vendedor_3,2,3,Producto 2,Deportes,2723.65,8170.95
2023-05-24,4,Vendedor_11,19,2,Producto 19,Alimentos,536.4,1072.8
2023-05-24,1,Vendedor_14,19,2,Producto 19,Alimentos,511.05,1022.1
2023-05-25,1,Vendedor_15,6,6,Producto 6,Alimentos,803.96,4823.76
2023-05-25,3,Vendedor_5,6,7,Producto 6,Alimentos,768.43,5379.01
2023-05-25,5,Vendedor_12,13,3,Producto 13,Deportes,2970.24,8910.72
2023-05-25,3,Vendedor_6,14,6,Producto 14,Deportes,2826.52,16959.12
2023-05-25,3,Vendedor_8,10,2,Producto 10,Electrónica,2093.68,4187.36
2023-05-26,5,Vendedor_5,19,11,Producto 19,Alimentos,493.56,5429.16
2023-05-26,4,Vendedor_10,9,9,Producto 9,Hogar,2334.51,21010.59
2023-05-26,1,Vendedor_5,19,11,Producto 19,Alimentos,457.73,5035.03
2023-05-26,5,Vendedor_11,19,5,Producto 19,Alimentos,517.88,2589.4
2023-05-26,2,Vendedor_5,13,2,Producto 13,Deportes,2941.52,5883.04
2023-05-26,2,Vendedor_15,17,4,Producto 17,Ropa,1532.55,6130.2
2023-05-26,2,Vendedor_3,14,6,Producto 14,Deportes,2753.58,16521.48
2023-05-26,5,Vendedor_4,8,2,Producto 8,Deportes,230.11,460.22
2023-05-27,4,Vendedor_11,16,1,Producto 16,Deportes,657.46,657.46
2023-05-27,5,Vendedor_9,10,2,Producto 10,Electrónica,1883.96,3767.92
2023-05-27,2,Vendedor_6,2,9,Producto 2,Deportes,2712.73,24414.57
2023-05-27,2,Vendedor_7,12,10,Producto 12,Alimentos,1220.37,12203.7
2023-05-27,4,Vendedor_6,16,8,Producto 16,Deportes,713.15,5705.2
2023-05-27,1,Vendedor_4,7,5,Producto 7,Electrónica,1584.12,7920.6
2023-05-28,5,Vendedor_8,16,3,Producto 16,Deportes,655.53,1966.59
2023-05-28,4,Vendedor_6,1,6,Producto 1,Electrónica,1107.47,6644.82
2023-05-29,3,Vendedor_12,11,4,Producto 11,Ropa,2184.49,8737.96
2023-05-29,1,Vendedor_1,3,5,Producto 3,Deportes,2167.34,10836.7
2023-05-29,1,Vendedor_6,12,2,Producto 12,Alimentos,987.86,1975.72
2023-05-29,1,Vendedor_10,1,1,Producto 1,Electrónica,1058.69,1058.69
2023-05-29,5,Vendedor_5,11,5,Producto 11,Ropa,2624.05,13120.25
2023-05-29,5,Vendedor_15,10,5,Producto 10,Electrónica,1960.85,9804.25
2023-05-29,1,Vendedor_10,3,3,Producto 3,Deportes,2072.72,6218.16
2023-05-29,1,Vendedor_4,19,1,Producto 19,Alimentos,557.71,557.71
2023-05-30,1,Vendedor_14,9,11,Producto 9,Hogar,2306.13,25367.43
2023-05-30,2,Vendedor_2,3,2,Producto 3,Deportes,2223.03,4446.06
2023-05-30,2,Vendedor_6,14,2,Producto 14,Deportes,2940.13,5880.26
2023-05-30,5,Vendedor_6,16,5,Producto 16,Deportes,563.7,2818.5
2023-05-31,3,Vendedor_5,9,1,Producto 9,Hogar,2349.43,2349.43
2023-05-31,4,Vendedor_1,7,10,Producto 7,Electrónica,1596.65,15966.5
2023-05-31,3,Vendedor_3,16,8,Producto 16,Deportes,650.28,5202.24
2023-05-31,2,Vendedor_6,14,7,Producto 14,Deportes,2760.65,19324.55
2023-06-01,1,Vendedor_9,9,1,Producto 9,Hogar,2651.53,2651.53
2023-06-01,4,Vendedor_1,12,11,Producto 12,Alimentos,1244.07,13684.77
2023-06-01,1,Vendedor_10,8,6,Producto 8,Deportes,223.58,1341.48
2023-06-01,1,Vendedor_13,13,2,Producto 13,Deportes,2991.35,5982.7
2023-06-02,1,Vendedor_13,10,10,Producto 10,Electrónica,1980.24,19802.4
2023-06-02,2,Vendedor_8,5,8,Producto 5,Ropa,1278.48,10227.84
2023-06-02,4,Vendedor_11,8,3,Producto 8,Deportes,264.82,794.46
2023-06-02,1,Vendedor_6,1,2,Producto 1,Electrónica,1273.75,2547.5
2023-06-02,3,Vendedor_1,2,6,Producto 2,Deportes,2816.82,16900.92
2023-06-02,2,Vendedor_12,2,5,Producto 2,Deportes,2999.57,14997.85
2023-06-03,3,Vendedor_15,20,11,Producto 20,Ropa,1921.31,21134.41
2023-06-03,2,Vendedor_11,14,9,Producto 14,Deportes,2755.26,24797.34
2023-06-03,5,Vendedor_8,9,1,Producto 9,Hogar,2653.45,2653.45
2023-06-03,3,Vendedor_13,11,4,Producto 11,Ropa,2122.29,8489.16
2023-06-03,1,Vendedor_14,3,2,Producto 3,Deportes,1767.76,3535.52
2023-06-03,4,Vendedor_13,11,6,Producto 11,Ropa,2310.28,13861.68
2023-06-03,1,Vendedor_10,15,7,Producto 15,Deportes,2297.25,16080.75
2023-06-03,5,Vendedor_15,16,1,Producto 16,Deportes,585.83,585.83
2023-06-03,3,Vendedor_12,9,4,Producto 9,Hogar,2423.75,9695.0
2023-06-03,5,Vendedor_6,12,7,Producto 12,Alimentos,1028.22,7197.54
2023-06-03,3,Vendedor_10,19,11,Producto 19,Alimentos,575.16,6326.76
2023-06-04,3,Vendedor_2,17,11,Producto 17,Ropa,1585.99,17445.89
2023-06-04,5,Vendedor_8,13,8,Producto 13,Deportes,2739.34,21914.72
2023-06-04,1,Vendedor_9,13,4,Producto 13,Deportes,2772.57,11090.28
2023-06-05,4,Vendedor_13,13,11,Producto 13,Deportes,3162.6,34788.6
2023-06-05,1,Vendedor_7,9,8,Producto 9,Hogar,2259.39,18075.12
2023-06-05,5,Vendedor_10,20,8,Producto 20,Ropa,2343.3,18746.4
2023-06-05,4,Vendedor_1,18,4,Producto 18,Electrónica,204.99,819.96
2023-06-05,2,Vendedor_5,16,4,Producto 16,Deportes,607.4,2429.6
2023-06-06,2,Vendedor_7,3,6,Producto 3,Deportes,2179.39,13076.34
2023-06-06,1,Vendedor_5,4,7,Producto 4,Ropa,2302.63,16118.41
2023-06-06,2,Vendedor_15,11,2,Producto 11,Ropa,2231.17,4462.34
2023-06-06,4,Vendedor_9,15,4,Producto 15,Deportes,2301.83,9207.32
2023-06-06,2,Vendedor_11,4,9,Producto 4,Ropa,2503.55,22531.95
2023-06-06,2,Vendedor_12,4,5,Producto 4,Ropa,2747.52,13737.6
2023-06-06,5,Vendedor_6,16,8,Producto 16,Deportes,678.55,5428.4
2023-06-06,1,Vendedor_11,1,6,Producto 1,Electrónica,1209.57,7257.42
2023-06-06,5,Vendedor_8,13,3,Producto 13,Deportes,3251.15,9753.45
2023-06-07,3,Vendedor_1,4,8,Producto 4,Ropa,2722.65,21781.2
2023-06-07,4,Vendedor_8,11,11,Producto 11,Ropa,2376.77,26144.47
2023-06-07,4,Vendedor_12,3,3,Producto 3,Deportes,2160.18,6480.54
2023-06-07,2,Vendedor_4,8,7,Producto 8,Deportes,232.79,1629.53
2023-06-07,3,Vendedor_8,8,7,Producto 8,Deportes,271.53,1900.71
2023-06-07,3,Vendedor_7,3,10,Producto 3,Deportes,1962.77,19627.7
2023-06-07,2,Vendedor_4,5,2,Producto 5,Ropa,1518.75,3037.5
2023-06-07,4,Vendedor_7,2,4,Producto 2,Deportes,2835.99,11343.96
2023-06-08,1,Vendedor_4,5,2,Producto 5,Ropa,1296.37,2592.74
2023-06-08,4,Vendedor_6,3,8,Producto 3,Deportes,2202.06,17616.48
2023-06-08,2,Vendedor_2,8,8,Producto 8,Deportes,262.02,2096.16
2023-06-08,1,Vendedor_1,5,2,Producto 5,Ropa,1415.37,2830.74
2023-06-09,1,Vendedor_14,20,7,Producto 20,Ropa,2368.67,16580.69
2023-06-09,1,Vendedor_9,16,8,Producto 16,Deportes,574.73,4597.84
2023-06-10,1,Vendedor_9,8,5,Producto 8,Deportes,269.73,1348.65
2023-06-10,2,Vendedor_1,10,4,Producto 10,Electrónica,1763.88,7055.52
2023-06-10,1,Vendedor_12,10,11,Producto 10,Electrónica,1937.41,21311.51
2023-06-10,5,Vendedor_12,10,11,Producto 10,Electrónica,2002.17,22023.87
2023-06-10,5,Vendedor_7,1,1,Producto 1,Electrónica,1249.18,1249.18
2023-06-11,1,Vendedor_14,7,7,Producto 7,Electrónica,1699.96,11899.72
2023-06-11,5,Vendedor_1,12,10,Producto 12,Alimentos,1066.55,10665.5
2023-06-11,2,Vendedor_6,3,7,Producto 3,Deportes,2025.09,14175.63
2023-06-12,1,Vendedor_6,17,11,Producto 17,Ropa,1439.88,15838.68
2023-06-12,4,Vendedor_1,18,4,Producto 18,Electrónica,169.31,677.24
2023-06-12,3,Vendedor_11,19,2,Producto 19,Alimentos,535.14,1070.28
2023-06-12,2,Vendedor_13,14,6,Producto 14,Deportes,2830.86,16985.16
2023-06-12,5,Vendedor_12,14,3,Producto 14,Deportes,2672.1,8016.3
2023-06-12,1,Vendedor_8,19,5,Producto 19,Alimentos,520.94,2604.7
2023-06-12,1,Vendedor_1,17,11,Producto 17,Ropa,1605.74,17663.14
2023-06-12,3,Vendedor_5,2,6,Producto 2,Deportes,3117.47,18704.82
2023-06-13,5,Vendedor_13,4,2,Producto 4,Ropa,2512.41,5024.82
2023-06-13,1,Vendedor_12,10,1,Producto 10,Electrónica,2082.59,2082.59
2023-06-13,1,Vendedor_8,18,5,Producto 18,Electrónica,173.64,868.2
2023-06-13,3,Vendedor_4,5,2,Producto 5,Ropa,1407.29,2814.58
2023-06-14,2,Vendedor_14,19,11,Producto 19,Alimentos,530.14,5831.54
2023-06-14,5,Vendedor_3,3,6,Producto 3,Deportes,2049.9,12299.4
2023-06-14,4,Vendedor_9,2,5,Producto 2,Deportes,2888.4,14442.0
2023-06-14,4,Vendedor_2,2,10,Producto 2,Deportes,3184.36,31843.6
2023-06-14,5,Vendedor_5,7,10,Producto 7,Electrónica,1885.88,18858.8
2023-06-15,5,Vendedor_13,16,7,Producto 16,Deportes,709.02,4963.14
2023-06-15,4,Vendedor_2,10,8,Producto 10,Electrónica,1952.19,15617.52
2023-06-15,5,Vendedor_8,9,3,Producto 9,Hogar,2482.14,7446.42
2023-06-15,1,Vendedor_13,18,3,Producto 18,Electrónica,198.85,596.55
2023-06-15,1,Vendedor_1,4,11,Producto 4,Ropa,2726.26,29988.86
2023-06-15,3,Vendedor_3,3,1,Producto 3,Deportes,1967.57,1967.57
2023-06-15,4,Vendedor_3,2,2,Producto 2,Deportes,2915.32,5830.64
2023-06-15,5,Vendedor_2,11,6,Producto 11,Ropa,2350.3,14101.8
2023-06-15,2,Vendedor_8,5,2,Producto 5,Ropa,1343.26,2686.52
2023-06-15,4,Vendedor_11,4,7,Producto 4,Ropa,2501.38,17509.66
2023-06-16,3,Vendedor_15,19,10,Producto 19,Alimentos,560.62,5606.2
2023-06-16,1,Vendedor_9,20,7,Producto 20,Ropa,2089.27,14624.89
2023-06-17,1,Vendedor_11,5,10,Producto 5,Ropa,1254.8,12548.0
2023-06-17,3,Vendedor_2,17,2,Producto 17,Ropa,1357.93,2715.86
2023-06-17,1,Vendedor_11,16,2,Producto 16,Deportes,583.96,1167.92
2023-06-17,3,Vendedor_12,4,4,Producto 4,Ropa,2629.13,10516.52
2023-06-17,5,Vendedor_5,4,9,Producto 4,Ropa,2383.55,21451.95
2023-06-17,1,Vendedor_4,5,10,Producto 5,Ropa,1374.24,13742.4
2023-06-17,1,Vendedor_15,9,3,Producto 9,Hogar,2767.64,8302.92
2023-06-17,4,Vendedor_13,7,11,Producto 7,Electrónica,1613.11,17744.21
2023-06-17,5,Vendedor_3,17,11,Producto 17,Ropa,1558.7,17145.7
2023-06-18,1,Vendedor_10,5,6,Producto 5,Ropa,1358.35,8150.1
2023-06-18,3,Vendedor_1,1,3,Producto 1,Electrónica,1113.49,3340.47
2023-06-18,2,Vendedor_5,18,9,Producto 18,Electrónica,175.24,1577.16
2023-06-18,2,Vendedor_11,14,6,Producto 14,Deportes,3029.04,18174.24
2023-06-18,1,Vendedor_2,1,9,Producto 1,Electrónica,1254.79,11293.11
2023-06-18,1,Vendedor_12,18,11,Producto 18,Electrónica,191.11,2102.21
2023-06-18,5,Vendedor_8,18,1,Producto 18,Electrónica,177.37,177.37
2023-06-18,5,Vendedor_11,20,5,Producto 20,Ropa,2359.35,11796.75
2023-06-18,3,Vendedor_4,5,1,Producto 5,Ropa,1350.15,1350.15
2023-06-19,4,Vendedor_6,12,5,Producto 12,Alimentos,1122.23,5611.15
2023-06-19,2,Vendedor_2,5,8,Producto 5,Ropa,1336.31,10690.48
2023-06-19,3,Vendedor_11,18,7,Producto 18,Electrónica,171.78,1202.46
2023-06-19,3,Vendedor_5,11,2,Producto 11,Ropa,2549.28,5098.56
2023-06-19,1,Vendedor_10,2,3,Producto 2,Deportes,2582.83,7748.49
2023-06-19,3,Vendedor_4,17,3,Producto 17,Ropa,1561.36,4684.08
2023-06-20,5,Vendedor_11,5,11,Producto 5,Ropa,1521.79,16739.69
2023-06-20,1,Vendedor_10,17,8,Producto 17,Ropa,1528.55,12228.4
2023-06-20,2,Vendedor_2,19,1,Producto 19,Alimentos,486.82,486.82
2023-06-20,4,Vendedor_12,5,11,Producto 5,Ropa,1281.45,14095.95
2023-06-20,3,Vendedor_14,9,11,Producto 9,Hogar,2339.39,25733.29
2023-06-20,5,Vendedor_10,10,6,Producto 10,Electrónica,1779.67,10678.02
2023-06-20,2,Vendedor_10,5,1,Producto 5,Ropa,1314.87,1314.87
2023-06-21,5,Vendedor_1,16,3,Producto 16,Deportes,713.1,2139.3
2023-06-21,2,Vendedor_14,5,9,Producto 5,Ropa,1321.37,11892.33
2023-06-21,2,Vendedor_3,14,10,Producto 14,Deportes,2708.3,27083.0
2023-06-21,1,Vendedor_10,17,1,Producto 17,Ropa,1516.42,1516.42
2023-06-21,1,Vendedor_11,15,2,Producto 15,Deportes,2522.27,5044.54
2023-06-22,2,Vendedor_3,10,8,Producto 10,Electrónica,1892.57,15140.56
2023-06-22,3,Vendedor_11,16,2,Producto 16,Deportes,563.26,1126.52
2023-06-22,4,Vendedor_14,5,9,Producto 5,Ropa,1377.9,12401.1
2023-06-22,3,Vendedor_6,7,10,Producto 7,Electrónica,1829.28,18292.8
2023-06-22,5,Vendedor_13,3,7,Producto 3,Deportes,1805.12,12635.84
2023-06-23,3,Vendedor_7,4,3,Producto 4,Ropa,2396.99,7190.97
2023-06-23,3,Vendedor_13,12,2,Producto 12,Alimentos,1180.94,2361.88
2023-06-23,1,Vendedor_10,5,3,Producto 5,Ropa,1524.77,4574.31
2023-06-23,2,Vendedor_5,10,1,Producto 10,Electrónica,2008.93,2008.93
2023-06-23,3,Vendedor_7,13,3,Producto 13,Deportes,2655.63,7966.89
2023-06-23,1,Vendedor_4,17,2,Producto 17,Ropa,1410.82,2821.64
2023-06-24,2,Vendedor_2,15,8,Producto 15,Deportes,2124.6,16996.8
2023-06-24,2,Vendedor_3,8,1,Producto 8,Deportes,224.71,224.71
2023-06-24,2,Vendedor_11,18,8,Producto 18,Electrónica,172.75,1382.0
2023-06-24,4,Vendedor_1,4,10,Producto 4,Ropa,2765.96,27659.6
2023-06-25,5,Vendedor_1,19,6,Producto 19,Alimentos,507.93,3047.58
2023-06-25,5,Vendedor_5,6,8,Producto 6,Alimentos,753.93,6031.44
2023-06-25,5,Vendedor_3,13,4,Producto 13,Deportes,3244.85,12979.4
2023-06-25,5,Vendedor_2,10,3,Producto 10,Electrónica,2075.78,6227.34
2023-06-25,4,Vendedor_11,18,4,Producto 18,Electrónica,199.03,796.12
2023-06-25,3,Vendedor_2,10,9,Producto 10,Electrónica,1888.93,17000.37
2023-06-26,2,Vendedor_9,11,2,Producto 11,Ropa,2447.06,4894.12
2023-06-26,5,Vendedor_7,18,6,Producto 18,Electrónica,189.41,1136.46
2023-06-26,4,Vendedor_1,15,5,Producto 15,Deportes,2182.97,10914.85
2023-06-26,1,Vendedor_7,9,11,Producto 9,Hogar,2760.13,30361.43
2023-06-26,3,Vendedor_1,14,10,Producto 14,Deportes,2657.73,26577.3
2023-06-26,1,Vendedor_11,5,3,Producto 5,Ropa,1484.19,4452.57
2023-06-27,4,Vendedor_7,3,7,Producto 3,Deportes,2237.63,15663.41
2023-06-27,5,Vendedor_2,8,4,Producto 8,Deportes,219.02,876.08
2023-06-27,3,Vendedor_11,2,10,Producto 2,Deportes,2525.86,25258.6
2023-06-27,1,Vendedor_10,8,4,Producto 8,Deportes,247.31,989.24
2023-06-27,2,Vendedor_2,20,7,Producto 20,Ropa,1874.92,13124.44
2023-06-27,2,Vendedor_13,12,7,Producto 12,Alimentos,992.7,6948.9
2023-06-27,1,Vendedor_3,16,6,Producto 16,Deportes,641.86,3851.16
2023-06-27,2,Vendedor_11,12,1,Producto 12,Alimentos,1070.57,1070.57
2023-06-28,3,Vendedor_10,9,4,Producto 9,Hogar,2699.97,10799.88
2023-06-28,5,Vendedor_10,8,8,Producto 8,Deportes,219.77,1758.16
2023-06-28,4,Vendedor_15,1,4,Producto 1,Electrónica,1274.62,5098.48
2023-06-29,4,Vendedor_10,15,2,Producto 15,Deportes,2387.64,4775.28
2023-06-29,2,Vendedor_6,15,10,Producto 15,Deportes,2580.8,25808.0
2023-06-29,3,Vendedor_3,9,1,Producto 9,Hogar,2392.63,2392.63
2023-06-29,1,Vendedor_1,2,7,Producto 2,Deportes,2830.77,19815.39
2023-06-30,4,Vendedor_15,6,6,Producto 6,Alimentos,703.45,4220.7
2023-06-30,1,Vendedor_8,10,11,Producto 10,Electrónica,2036.13,22397.43
2023-06-30,5,Vendedor_3,8,9,Producto 8,Deportes,240.61,2165.49
2023-06-30,2,Vendedor_4,9,3,Producto 9,Hogar,2535.4,7606.2
2023-06-30,2,Vendedor_2,19,1,Producto 19,Alimentos,513.25,513.25
2023-06-30,2,Vendedor_6,9,3,Producto 9,Hogar,2549.97,7649.91
2023-06-30,5,Vendedor_11,9,6,Producto 9,Hogar,2669.97,16019.82
2023-07-01,3,Vendedor_5,9,8,Producto 9,Hogar,2852.55,22820.4
2023-07-01,2,Vendedor_7,12,11,Producto 12,Alimentos,1181.65,12998.15
2023-07-01,2,Vendedor_12,14,5,Producto 14,Deportes,2995.87,14979.35
2023-07-01,5,Vendedor_1,17,1,Producto 17,Ropa,1486.06,1486.06
2023-07-01,2,Vendedor_7,5,4,Producto 5,Ropa,1269.31,5077.24
2023-07-01,2,Vendedor_8,17,8,Producto 17,Ropa,1293.69,10349.52
2023-07-01,2,Vendedor_4,5,9,Producto 5,Ropa,1381.48,12433.32
2023-07-01,4,Vendedor_14,17,1,Producto 17,Ropa,1596.32,1596.32
2023-07-02,3,Vendedor_2,9,3,Producto 9,Hogar,2724.37,8173.11
2023-07-02,2,Vendedor_6,13,9,Producto 13,Deportes,3149.28,28343.52
2023-07-03,2,Vendedor_2,5,9,Producto 5,Ropa,1289.36,11604.24
2023-07-03,4,Vendedor_6,19,10,Producto 19,Alimentos,525.85,5258.5
2023-07-03,1,Vendedor_2,16,10,Producto 16,Deportes,693.95,6939.5
2023-07-03,4,Vendedor_8,5,4,Producto 5,Ropa,1329.44,5317.76
2023-07-04,3,Vendedor_14,3,5,Producto 3,Deportes,1901.32,9506.6
2023-07-04,5,Vendedor_8,1,2,Producto 1,Electrónica,1075.22,2150.44
2023-07-04,5,Vendedor_12,5,2,Producto 5,Ropa,1471.45,2942.9
2023-07-05,3,Vendedor_5,14,9,Producto 14,Deportes,2679.63,24116.67
2023-07-05,2,Vendedor_9,6,3,Producto 6,Alimentos,811.17,2433.51
2023-07-05,3,Vendedor_15,14,6,Producto 14,Deportes,2484.25,14905.5
2023-07-05,3,Vendedor_5,7,11,Producto 7,Electrónica,1694.77,18642.47
2023-07-05,3,Vendedor_10,20,1,Producto 20,Ropa,2335.99,2335.99
2023-07-05,1,Vendedor_1,16,2,Producto 16,Deportes,572.71,1145.42
2023-07-06,3,Vendedor_5,10,7,Producto 10,Electrónica,1921.63,13451.41
2023-07-06,5,Vendedor_7,12,6,Producto 12,Alimentos,1219.02,7314.12
2023-07-06,2,Vendedor_12,10,5,Producto 10,Electrónica,1800.32,9001.6
2023-07-06,5,Vendedor_14,8,2,Producto 8,Deportes,240.07,480.14
2023-07-06,1,Vendedor_1,10,6,Producto 10,Electrónica,2024.2,12145.2
2023-07-06,1,Vendedor_15,13,3,Producto 13,Deportes,3238.02,9714.06
2023-07-06,2,Vendedor_1,9,11,Producto 9,Hogar,2578.99,28368.89
2023-07-06,1,Vendedor_5,3,1,Producto 3,Deportes,2071.78,2071.78
2023-07-06,2,Vendedor_3,13,7,Producto 13,Deportes,2839.23,19874.61
2023-07-07,5,Vendedor_3,7,2,Producto 7,Electrónica,1692.39,3384.78
2023-07-07,5,Vendedor_1,7,5,Producto 7,Electrónica,1835.91,9179.55
2023-07-08,4,Vendedor_6,7,7,Producto 7,Electrónica,1875.17,13126.19
2023-07-08,5,Vendedor_8,13,5,Producto 13,Deportes,2846.63,14233.15
2023-07-08,5,Vendedor_15,13,4,Producto 13,Deportes,2636.79,10547.16
2023-07-08,4,Vendedor_4,5,2,Producto 5,Ropa,1422.03,2844.06
2023-07-08,3,Vendedor_3,13,2,Producto 13,Deportes,2909.1,5818.2
2023-07-09,1,Vendedor_15,13,11,Producto 13,Deportes,2997.5,32972.5
2023-07-09,4,Vendedor_9,7,1,Producto 7,Electrónica,1683.2,1683.2
2023-07-09,3,Vendedor_15,7,2,Producto 7,Electrónica,1887.44,3774.88
2023-07-09,3,Vendedor_10,16,5,Producto 16,Deportes,706.98,3534.9
2023-07-09,4,Vendedor_14,19,1,Producto 19,Alimentos,540.02,540.02
2023-07-10,5,Vendedor_6,11,3,Producto 11,Ropa,2102.06,6306.18
2023-07-10,5,Vendedor_12,7,9,Producto 7,Electrónica,1567.7,14109.3
2023-07-10,3,Vendedor_12,10,3,Producto 10,Electrónica,1810.77,5432.31
2023-07-10,2,Vendedor_12,12,1,Producto 12,Alimentos,1064.52,1064.52
2023-07-10,3,Vendedor_7,2,8,Producto 2,Deportes,3152.08,25216.64
2023-07-10,4,Vendedor_15,13,7,Producto 13,Deportes,2892.42,20246.94
2023-07-11,3,Vendedor_13,5,4,Producto 5,Ropa,1309.37,5237.48
2023-07-11,1,Vendedor_14,7,7,Producto 7,Electrónica,1756.53,12295.71
2023-07-11,4,Vendedor_3,20,9,Producto 20,Ropa,1896.21,17065.89
2023-07-11,1,Vendedor_5,4,2,Producto 4,Ropa,2234.08,4468.16
2023-07-11,4,Vendedor_10,1,3,Producto 1,Electrónica,1167.51,3502.53
2023-07-11,3,Vendedor_9,11,9,Producto 11,Ropa,2341.64,21074.76
2023-07-11,3,Vendedor_4,9,2,Producto 9,Hogar,2614.11,5228.22
2023-07-11,3,Vendedor_12,13,2,Producto 13,Deportes,2827.73,5655.46
2023-07-11,3,Vendedor_13,11,4,Producto 11,Ropa,2212.66,8850.64
2023-07-11,3,Vendedor_2,19,3,Producto 19,Alimentos,506.29,1518.87
2023-07-11,5,Vendedor_12,14,4,Producto 14,Deportes,2437.14,9748.56
2023-07-11,1,Vendedor_13,14,10,Producto 14,Deportes,2596.16,25961.6
2023-07-12,5,Vendedor_8,9,5,Producto 9,Hogar,2451.47,12257.35
2023-07-12,1,Vendedor_11,10,10,Producto 10,Electrónica,1750.48,17504.8
2023-07-13,3,Vendedor_10,20,9,Producto 20,Ropa,2336.5,21028.5
2023-07-13,2,Vendedor_2,11,10,Producto 11,Ropa,2338.07,23380.7
2023-07-13,1,Vendedor_11,20,9,Producto 20,Ropa,2303.39,20730.51
2023-07-13,2,Vendedor_2,6,1,Producto 6,Alimentos,676.16,676.16
2023-07-13,5,Vendedor_8,10,3,Producto 10,Electrónica,2007.63,6022.89
2023-07-13,3,Vendedor_15,16,3,Producto 16,Deportes,703.26,2109.78
2023-07-13,3,Vendedor_11,2,7,Producto 2,Deportes,2768.08,19376.56
2023-07-14,4,Vendedor_3,7,9,Producto 7,Electrónica,1576.05,14184.45
2023-07-14,2,Vendedor_5,11,3,Producto 11,Ropa,2354.59,7063.77
2023-07-14,4,Vendedor_15,3,6,Producto 3,Deportes,1865.77,11194.62
2023-07-14,1,Vendedor_10,15,8,Producto 15,Deportes,2193.64,17549.12
2023-07-15,2,Vendedor_11,3,11,Producto 3,Deportes,2042.72,22469.92
2023-07-15,3,Vendedor_2,4,11,Producto 4,Ropa,2236.23,24598.53
2023-07-15,1,Vendedor_6,13,9,Producto 13,Deportes,3093.43,27840.87
2023-07-15,3,Vendedor_3,12,1,Producto 12,Alimentos,1132.72,1132.72
2023-07-15,1,Vendedor_3,7,9,Producto 7,Electrónica,1771.7,15945.3
2023-07-15,2,Vendedor_8,17,4,Producto 17,Ropa,1514.44,6057.76
2023-07-15,5,Vendedor_7,5,3,Producto 5,Ropa,1363.16,4089.48
2023-07-16,3,Vendedor_11,2,11,Producto 2,Deportes,2561.89,28180.79
2023-07-16,4,Vendedor_11,7,4,Producto 7,Electrónica,1880.91,7523.64
2023-07-16,3,Vendedor_5,4,8,Producto 4,Ropa,2772.02,22176.16
2023-07-16,1,Vendedor_9,11,4,Producto 11,Ropa,2523.81,10095.24
2023-07-17,1,Vendedor_3,4,3,Producto 4,Ropa,2629.79,7889.37
2023-07-17,2,Vendedor_10,1,8,Producto 1,Electrónica,1133.14,9065.12
2023-07-17,4,Vendedor_5,7,5,Producto 7,Electrónica,1617.85,8089.25
2023-07-17,5,Vendedor_2,8,4,Producto 8,Deportes,251.08,1004.32
2023-07-17,4,Vendedor_8,11,5,Producto 11,Ropa,2376.54,11882.7
2023-07-18,4,Vendedor_9,17,9,Producto 17,Ropa,1566.24,14096.16
2023-07-18,1,Vendedor_9,15,5,Producto 15,Deportes,2524.42,12622.1
2023-07-18,4,Vendedor_5,4,6,Producto 4,Ropa,2697.67,16186.02
2023-07-18,4,Vendedor_2,13,1,Producto 13,Deportes,3035.09,3035.09
2023-07-18,2,Vendedor_1,3,1,Producto 3,Deportes,2126.86,2126.86
2023-07-18,4,Vendedor_11,14,10,Producto 14,Deportes,3000.15,30001.5
2023-07-18,2,Vendedor_10,6,4,Producto 6,Alimentos,694.6,2778.4
2023-07-19,2,Vendedor_4,14,1,Producto 14,Deportes,2702.42,2702.42
2023-07-19,2,Vendedor_9,20,9,Producto 20,Ropa,2226.57,20039.13
2023-07-19,2,Vendedor_13,12,3,Producto 12,Alimentos,988.88,2966.64
2023-07-19,4,Vendedor_4,19,2,Producto 19,Alimentos,533.21,1066.42
2023-07-20,2,Vendedor_1,1,7,Producto 1,Electrónica,1158.21,8107.47
2023-07-20,4,Vendedor_9,7,11,Producto 7,Electrónica,1738.22,19120.42
2023-07-20,1,Vendedor_13,4,2,Producto 4,Ropa,2838.71,5677.42
2023-07-21,1,Vendedor_9,12,6,Producto 12,Alimentos,1102.85,6617.1
2023-07-21,1,Vendedor_14,4,7,Producto 4,Ropa,2350.02,16450.14
2023-07-21,4,Vendedor_8,10,1,Producto 10,Electrónica,1864.97,1864.97
2023-07-21,3,Vendedor_11,11,3,Producto 11,Ropa,2282.57,6847.71
2023-07-21,3,Vendedor_3,12,11,Producto 12,Alimentos,1097.64,12074.04
2023-07-21,3,Vendedor_9,13,7,Producto 13,Deportes,2748.8,19241.6
2023-07-21,4,Vendedor_2,11,11,Producto 11,Ropa,2610.11,28711.21
2023-07-22,2,Vendedor_3,3,2,Producto 3,Deportes,1865.64,3731.28
2023-07-22,3,Vendedor_2,15,6,Producto 15,Deportes,2472.78,14836.68
2023-07-22,2,Vendedor_7,17,8,Producto 17,Ropa,1435.61,11484.88
2023-07-22,2,Vendedor_6,15,5,Producto 15,Deportes,2174.48,10872.4
2023-07-22,2,Vendedor_10,17,4,Producto 17,Ropa,1429.68,5718.72
2023-07-22,5,Vendedor_10,19,11,Producto 19,Alimentos,567.17,6238.87
2023-07-23,4,Vendedor_9,15,4,Producto 15,Deportes,2532.45,10129.8
2023-07-23,3,Vendedor_4,9,8,Producto 9,Hogar,2349.92,18799.36
2023-07-23,1,Vendedor_8,13,8,Producto 13,Deportes,2951.75,23614.0
2023-07-23,1,Vendedor_9,4,8,Producto 4,Ropa,2826.66,22613.28
2023-07-23,3,Vendedor_9,4,9,Producto 4,Ropa,2285.29,20567.61
2023-07-23,2,Vendedor_11,13,3,Producto 13,Deportes,2718.53,8155.59
2023-07-24,2,Vendedor_13,7,6,Producto 7,Electrónica,1569.75,9418.5
2023-07-24,1,Vendedor_4,11,4,Producto 11,Ropa,2319.71,9278.84
2023-07-24,5,Vendedor_13,4,6,Producto 4,Ropa,2312.85,13877.1
2023-07-24,3,Vendedor_8,15,7,Producto 15,Deportes,2362.4,16536.8
2023-07-24,4,Vendedor_10,16,1,Producto 16,Deportes,707.73,707.73
2023-07-25,3,Vendedor_8,7,2,Producto 7,Electrónica,1799.04,3598.08
2023-07-25,5,Vendedor_3,6,11,Producto 6,Alimentos,824.39,9068.29
2023-07-25,2,Vendedor_13,12,9,Producto 12,Alimentos,1051.81,9466.29
2023-07-25,1,Vendedor_10,13,2,Producto 13,Deportes,2978.57,5957.14
2023-07-25,4,Vendedor_8,10,10,Producto 10,Electrónica,2065.88,20658.8
2023-07-25,5,Vendedor_15,13,11,Producto 13,Deportes,2882.53,31707.83
2023-07-25,3,Vendedor_3,18,1,Producto 18,Electrónica,194.31,194.31
2023-07-25,1,Vendedor_8,1,4,Producto 1,Electrónica,1100.24,4400.96
2023-07-25,5,Vendedor_3,1,5,Producto 1,Electrónica,1313.39,6566.95
2023-07-25,5,Vendedor_9,14,1,Producto 14,Deportes,2564.08,2564.08
2023-07-26,1,Vendedor_14,10,8,Producto 10,Electrónica,1981.73,15853.84
2023-07-26,3,Vendedor_6,13,5,Producto 13,Deportes,3268.65,16343.25
2023-07-26,3,Vendedor_12,8,3,Producto 8,Deportes,256.99,770.97
2023-07-26,1,Vendedor_8,11,5,Producto 11,Ropa,2415.92,12079.6
2023-07-26,5,Vendedor_6,4,4,Producto 4,Ropa,2637.95,10551.8
2023-07-26,3,Vendedor_5,10,2,Producto 10,Electrónica,1892.21,3784.42
2023-07-26,2,Vendedor_14,2,4,Producto 2,Deportes,2789.47,11157.88
2023-07-26,2,Vendedor_9,13,2,Producto 13,Deportes,3106.85,6213.7
2023-07-26,3,Vendedor_2,20,8,Producto 20,Ropa,2141.43,17131.44
2023-07-26,4,Vendedor_4,17,10,Producto 17,Ropa,1534.85,15348.5
2023-07-27,5,Vendedor_1,4,1,Producto 4,Ropa,2248.62,2248.62
2023-07-27,2,Vendedor_6,4,6,Producto 4,Ropa,2372.64,14235.84
2023-07-27,2,Vendedor_12,15,2,Producto 15,Deportes,2164.47,4328.94
2023-07-27,3,Vendedor_15,16,5,Producto 16,Deportes,618.37,3091.85
2023-07-27,3,Vendedor_9,5,1,Producto 5,Ropa,1413.09,1413.09
2023-07-27,3,Vendedor_1,18,7,Producto 18,Electrónica,195.46,1368.22
2023-07-27,5,Vendedor_13,16,3,Producto 16,Deportes,597.73,1793.19
2023-07-27,4,Vendedor_10,15,4,Producto 15,Deportes,2541.15,10164.6
2023-07-28,2,Vendedor_1,13,5,Producto 13,Deportes,3100.88,15504.4
2023-07-28,3,Vendedor_8,8,11,Producto 8,Deportes,234.07,2574.77
2023-07-28,1,Vendedor_13,20,6,Producto 20,Ropa,1915.88,11495.28
2023-07-28,3,Vendedor_6,9,9,Producto 9,Hogar,2331.78,20986.02
2023-07-28,2,Vendedor_10,14,11,Producto 14,Deportes,3069.19,33761.09
2023-07-28,1,Vendedor_14,10,11,Producto 10,Electrónica,1796.66,19763.26
2023-07-28,5,Vendedor_6,2,5,Producto 2,Deportes,2813.85,14069.25
2023-07-29,3,Vendedor_6,2,9,Producto 2,Deportes,3175.13,28576.17
2023-07-29,5,Vendedor_4,8,7,Producto 8,Deportes,267.5,1872.5
2023-07-29,5,Vendedor_8,13,3,Producto 13,Deportes,3175.59,9526.77
2023-07-29,3,Vendedor_12,13,3,Producto 13,Deportes,2684.47,8053.41
2023-07-30,3,Vendedor_5,5,4,Producto 5,Ropa,1471.65,5886.6
2023-07-30,1,Vendedor_7,4,6,Producto 4,Ropa,2413.38,14480.28
2023-07-30,1,Vendedor_6,11,9,Producto 11,Ropa,2257.22,20314.98
2023-07-30,2,Vendedor_6,13,8,Producto 13,Deportes,2650.37,21202.96
2023-07-30,5,Vendedor_14,8,6,Producto 8,Deportes,225.09,1350.54
2023-07-30,5,Vendedor_14,16,6,Producto 16,Deportes,709.53,4257.18
2023-07-31,4,Vendedor_8,9,9,Producto 9,Hogar,2812.08,25308.72
2023-07-31,3,Vendedor_7,18,10,Producto 18,Electrónica,165.99,1659.9
2023-07-31,3,Vendedor_3,2,7,Producto 2,Deportes,2790.37,19532.59
2023-07-31,2,Vendedor_15,17,7,Producto 17,Ropa,1538.34,10768.38
2023-07-31,5,Vendedor_14,7,4,Producto 7,Electrónica,1655.93,6623.72
2023-07-31,5,Vendedor_5,9,9,Producto 9,Hogar,2755.62,24800.58
2023-07-31,3,Vendedor_6,15,6,Producto 15,Deportes,2243.99,13463.94
2023-08-01,4,Vendedor_15,6,5,Producto 6,Alimentos,782.39,3911.95
2023-08-01,4,Vendedor_2,4,10,Producto 4,Ropa,2806.75,28067.5
2023-08-01,5,Vendedor_14,6,6,Producto 6,Alimentos,806.0,4836.0
2023-08-01,1,Vendedor_5,6,11,Producto 6,Alimentos,770.17,8471.87
2023-08-02,2,Vendedor_6,2,1,Producto 2,Deportes,2850.32,2850.32
2023-08-02,4,Vendedor_1,8,8,Producto 8,Deportes,257.49,2059.92
2023-08-02,1,Vendedor_1,11,5,Producto 11,Ropa,2269.43,11347.15
2023-08-02,2,Vendedor_8,9,2,Producto 9,Hogar,2594.96,5189.92
2023-08-02,4,Vendedor_10,14,10,Producto 14,Deportes,3029.28,30292.8
2023-08-02,2,Vendedor_5,17,4,Producto 17,Ropa,1557.57,6230.28
2023-08-02,5,Vendedor_7,14,1,Producto 14,Deportes,2924.19,2924.19
2023-08-02,2,Vendedor_12,11,9,Producto 11,Ropa,2116.35,19047.15
2023-08-02,3,Vendedor_2,14,5,Producto 14,Deportes,2686.53,13432.65
2023-08-02,1,Vendedor_7,10,4,Producto 10,Electrónica,2036.66,8146.64
2023-08-03,1,Vendedor_8,9,5,Producto 9,Hogar,2248.25,11241.25
2023-08-03,1,Vendedor_1,18,10,Producto 18,Electrónica,196.15,1961.5
2023-08-04,2,Vendedor_11,16,1,Producto 16,Deportes,640.08,640.08
2023-08-04,3,Vendedor_10,4,11,Producto 4,Ropa,2526.64,27793.04
2023-08-04,3,Vendedor_13,16,7,Producto 16,Deportes,634.07,4438.49
2023-08-04,4,Vendedor_10,1,10,Producto 1,Electrónica,1125.2,11252.0
2023-08-04,4,Vendedor_3,10,7,Producto 10,Electrónica,1739.1,12173.7
2023-08-04,5,Vendedor_6,17,6,Producto 17,Ropa,1421.99,8531.94
2023-08-04,2,Vendedor_9,9,10,Producto 9,Hogar,2475.22,24752.2
2023-08-05,5,Vendedor_14,16,3,Producto 16,Deportes,707.68,2123.04
2023-08-05,2,Vendedor_1,20,7,Producto 20,Ropa,2035.26,14246.82
2023-08-05,4,Vendedor_1,11,11,Producto 11,Ropa,2193.85,24132.35
2023-08-05,3,Vendedor_1,2,7,Producto 2,Deportes,2690.77,18835.39
2023-08-05,3,Vendedor_9,7,4,Producto 7,Electrónica,1611.37,6445.48
2023-08-05,3,Vendedor_13,3,7,Producto 3,Deportes,2014.71,14102.97
2023-08-05,4,Vendedor_4,16,4,Producto 16,Deportes,611.65,2446.6
2023-08-05,1,Vendedor_9,6,11,Producto 6,Alimentos,729.67,8026.37
2023-08-06,3,Vendedor_14,11,8,Producto 11,Ropa,2288.01,18304.08
2023-08-06,3,Vendedor_9,16,5,Producto 16,Deportes,707.36,3536.8
2023-08-06,5,Vendedor_9,1,2,Producto 1,Electrónica,1296.51,2593.02
2023-08-06,3,Vendedor_1,20,10,Producto 20,Ropa,2129.52,21295.2
2023-08-07,1,Vendedor_1,20,6,Producto 20,Ropa,2147.17,12883.02
2023-08-07,1,Vendedor_15,7,3,Producto 7,Electrónica,1829.64,5488.92
2023-08-07,4,Vendedor_10,4,1,Producto 4,Ropa,2660.66,2660.66
2023-08-07,5,Vendedor_10,14,5,Producto 14,Deportes,2579.11,12895.55
2023-08-07,4,Vendedor_7,7,2,Producto 7,Electrónica,1684.36,3368.72
2023-08-07,4,Vendedor_15,18,7,Producto 18,Electrónica,188.16,1317.12
2023-08-07,2,Vendedor_6,9,4,Producto 9,Hogar,2646.29,10585.16
2023-08-07,2,Vendedor_13,15,6,Producto 15,Deportes,2316.86,13901.16
2023-08-08,4,Vendedor_2,7,4,Producto 7,Electrónica,1880.13,7520.52
2023-08-08,3,Vendedor_9,20,4,Producto 20,Ropa,2135.32,8541.28
2023-08-08,2,Vendedor_15,2,9,Producto 2,Deportes,2927.15,26344.35
2023-08-08,3,Vendedor_15,8,9,Producto 8,Deportes,253.14,2278.26
2023-08-08,2,Vendedor_12,20,10,Producto 20,Ropa,2226.16,22261.6
2023-08-08,3,Vendedor_12,10,4,Producto 10,Electrónica,2188.03,8752.12
2023-08-08,1,Vendedor_11,20,2,Producto 20,Ropa,2218.97,4437.94
2023-08-08,4,Vendedor_4,8,1,Producto 8,Deportes,261.19,261.19
2023-08-08,3,Vendedor_10,14,2,Producto 14,Deportes,2427.62,4855.24
2023-08-08,1,Vendedor_5,10,7,Producto 10,Electrónica,1947.66,13633.62
2023-08-09,4,Vendedor_6,18,6,Producto 18,Electrónica,168.71,1012.26
2023-08-09,3,Vendedor_5,6,6,Producto 6,Alimentos,711.1,4266.6
2023-08-09,3,Vendedor_14,20,9,Producto 20,Ropa,2279.83,20518.47
2023-08-10,5,Vendedor_5,6,2,Producto 6,Alimentos,737.33,1474.66
2023-08-10,1,Vendedor_8,6,1,Producto 6,Alimentos,824.63,824.63
2023-08-10,2,Vendedor_10,5,10,Producto 5,Ropa,1427.83,14278.3
2023-08-10,1,Vendedor_2,2,7,Producto 2,Deportes,3143.84,22006.88
2023-08-10,2,Vendedor_9,2,2,Producto 2,Deportes,2743.93,5487.86
2023-08-10,4,Vendedor_6,19,1,Producto 19,Alimentos,523.38,523.38
2023-08-10,2,Vendedor_3,3,3,Producto 3,Deportes,1991.28,5973.84
2023-08-11,5,Vendedor_15,20,7,Producto 20,Ropa,1994.25,13959.75
2023-08-11,1,Vendedor_8,12,2,Producto 12,Alimentos,1008.11,2016.22
2023-08-11,5,Vendedor_11,16,10,Producto 16,Deportes,715.04,7150.4
2023-08-11,4,Vendedor_15,15,7,Producto 15,Deportes,2213.53,15494.71
2023-08-11,3,Vendedor_11,14,4,Producto 14,Deportes,3018.16,12072.64
2023-08-11,3,Vendedor_7,3,7,Producto 3,Deportes,2041.29,14289.03
2023-08-12,1,Vendedor_2,18,6,Producto 18,Electrónica,163.43,980.58
2023-08-12,2,Vendedor_3,2,10,Producto 2,Deportes,3196.97,31969.7
2023-08-12,2,Vendedor_4,14,5,Producto 14,Deportes,2541.75,12708.75
2023-08-12,2,Vendedor_15,19,3,Producto 19,Alimentos,511.3,1533.9
2023-08-12,3,Vendedor_13,3,11,Producto 3,Deportes,1990.76,21898.36
2023-08-12,5,Vendedor_5,6,2,Producto 6,Alimentos,718.17,1436.34
2023-08-13,1,Vendedor_4,12,2,Producto 12,Alimentos,1075.11,2150.22
2023-08-13,3,Vendedor_13,3,1,Producto 3,Deportes,1906.62,1906.62
2023-08-13,2,Vendedor_10,17,7,Producto 17,Ropa,1480.12,10360.84
2023-08-13,2,Vendedor_10,17,3,Producto 17,Ropa,1616.57,4849.71
2023-08-13,3,Vendedor_4,13,2,Producto 13,Deportes,3249.58,6499.16
2023-08-14,1,Vendedor_3,8,3,Producto 8,Deportes,247.35,742.05
2023-08-14,5,Vendedor_2,19,1,Producto 19,Alimentos,488.99,488.99
2023-08-14,3,Vendedor_9,1,1,Producto 1,Electrónica,1169.92,1169.92
2023-08-14,1,Vendedor_4,9,10,Producto 9,Hogar,2635.09,26350.9
2023-08-14,3,Vendedor_1,6,10,Producto 6,Alimentos,795.42,7954.2
2023-08-15,4,Vendedor_8,8,5,Producto 8,Deportes,218.2,1091.0
2023-08-15,5,Vendedor_3,17,4,Producto 17,Ropa,1482.97,5931.88
2023-08-15,1,Vendedor_11,6,4,Producto 6,Alimentos,782.06,3128.24
2023-08-15,5,Vendedor_1,6,7,Producto 6,Alimentos,799.16,5594.12
2023-08-15,4,Vendedor_10,14,7,Producto 14,Deportes,2742.87,19200.09
2023-08-16,5,Vendedor_1,3,2,Producto 3,Deportes,2181.51,4363.02
2023-08-16,2,Vendedor_5,12,3,Producto 12,Alimentos,1160.95,3482.85
2023-08-16,3,Vendedor_1,16,9,Producto 16,Deportes,687.13,6184.17
2023-08-16,3,Vendedor_9,10,11,Producto 10,Electrónica,2196.2,24158.2
2023-08-16,2,Vendedor_5,10,7,Producto 10,Electrónica,1789.55,12526.85
2023-08-16,1,Vendedor_12,1,11,Producto 1,Electrónica,1284.19,14126.09
2023-08-16,4,Vendedor_6,18,7,Producto 18,Electrónica,195.07,1365.49
2023-08-16,2,Vendedor_2,19,7,Producto 19,Alimentos,493.74,3456.18
2023-08-17,2,Vendedor_5,19,8,Producto 19,Alimentos,533.91,4271.28
2023-08-17,4,Vendedor_3,18,10,Producto 18,Electrónica,184.29,1842.9
2023-08-17,2,Vendedor_9,19,4,Producto 19,Alimentos,469.33,1877.32
2023-08-17,1,Vendedor_15,18,4,Producto 18,Electrónica,184.19,736.76
2023-08-18,4,Vendedor_13,6,1,Producto 6,Alimentos,827.68,827.68
2023-08-18,4,Vendedor_6,15,7,Producto 15,Deportes,2401.43,16810.01
2023-08-18,4,Vendedor_11,14,4,Producto 14,Deportes,2446.21,9784.84
2023-08-18,3,Vendedor_12,10,1,Producto 10,Electrónica,1723.9,1723.9
2023-08-19,5,Vendedor_13,16,9,Producto 16,Deportes,659.62,5936.58
2023-08-19,5,Vendedor_2,16,9,Producto 16,Deportes,627.22,5644.98
2023-08-19,2,Vendedor_6,18,4,Producto 18,Electrónica,185.58,742.32
2023-08-19,2,Vendedor_5,3,5,Producto 3,Deportes,2125.88,10629.4
2023-08-19,5,Vendedor_7,9,2,Producto 9,Hogar,2817.92,5635.84
2023-08-19,3,Vendedor_1,2,2,Producto 2,Deportes,3137.35,6274.7
2023-08-19,4,Vendedor_8,3,7,Producto 3,Deportes,1805.88,12641.16
2023-08-20,4,Vendedor_15,12,4,Producto 12,Alimentos,1128.09,4512.36
2023-08-20,5,Vendedor_15,2,8,Producto 2,Deportes,2553.37,20426.96
2023-08-20,3,Vendedor_8,18,7,Producto 18,Electrónica,200.79,1405.53
2023-08-20,1,Vendedor_15,16,5,Producto 16,Deportes,567.87,2839.35
2023-08-20,5,Vendedor_4,10,6,Producto 10,Electrónica,1725.69,10354.14
2023-08-20,3,Vendedor_14,19,9,Producto 19,Alimentos,499.49,4495.41
2023-08-21,5,Vendedor_4,5,4,Producto 5,Ropa,1451.68,5806.72
2023-08-21,4,Vendedor_15,7,10,Producto 7,Electrónica,1720.54,17205.4
2023-08-21,2,Vendedor_14,20,3,Producto 20,Ropa,2216.92,6650.76
2023-08-21,3,Vendedor_3,12,3,Producto 12,Alimentos,1022.64,3067.92
2023-08-21,4,Vendedor_3,3,2,Producto 3,Deportes,2141.27,4282.54
2023-08-22,2,Vendedor_13,8,2,Producto 8,Deportes,230.38,460.76
2023-08-22,2,Vendedor_6,20,11,Producto 20,Ropa,2254.43,24798.73
2023-08-22,2,Vendedor_11,9,4,Producto 9,Hogar,2292.73,9170.92
2023-08-22,4,Vendedor_3,12,3,Producto 12,Alimentos,1035.28,3105.84
2023-08-23,3,Vendedor_3,16,5,Producto 16,Deportes,643.46,3217.3
2023-08-23,2,Vendedor_15,8,8,Producto 8,Deportes,234.98,1879.84
2023-08-23,4,Vendedor_12,3,1,Producto 3,Deportes,1878.11,1878.11
2023-08-24,2,Vendedor_12,14,4,Producto 14,Deportes,2625.26,10501.04
2023-08-24,3,Vendedor_7,5,8,Producto 5,Ropa,1431.38,11451.04
2023-08-24,2,Vendedor_7,14,5,Producto 14,Deportes,2741.69,13708.45
2023-08-24,5,Vendedor_7,12,10,Producto 12,Alimentos,1115.14,11151.4
2023-08-24,2,Vendedor_15,1,2,Producto 1,Electrónica,1225.02,2450.04
2023-08-24,3,Vendedor_2,12,7,Producto 12,Alimentos,1179.67,8257.69
2023-08-25,1,Vendedor_7,8,5,Producto 8,Deportes,241.47,1207.35
2023-08-25,1,Vendedor_5,20,3,Producto 20,Ropa,2366.8,7100.4
2023-08-25,4,Vendedor_10,1,3,Producto 1,Electrónica,1238.91,3716.73
2023-08-25,5,Vendedor_1,8,10,Producto 8,Deportes,242.67,2426.7
2023-08-25,3,Vendedor_7,9,10,Producto 9,Hogar,2555.02,25550.2
2023-08-25,4,Vendedor_4,7,3,Producto 7,Electrónica,1761.65,5284.95
2023-08-26,4,Vendedor_13,16,3,Producto 16,Deportes,699.51,2098.53
2023-08-26,3,Vendedor_2,4,7,Producto 4,Ropa,2661.86,18633.02
2023-08-26,4,Vendedor_12,3,2,Producto 3,Deportes,1897.07,3794.14
2023-08-26,2,Vendedor_10,7,9,Producto 7,Electrónica,1518.7,13668.3
2023-08-26,4,Vendedor_11,9,6,Producto 9,Hogar,2333.92,14003.52
2023-08-26,2,Vendedor_3,11,3,Producto 11,Ropa,2613.27,7839.81
2023-08-26,2,Vendedor_11,13,2,Producto 13,Deportes,3333.43,6666.86
2023-08-26,3,Vendedor_5,8,8,Producto 8,Deportes,244.46,1955.68
2023-08-27,5,Vendedor_11,16,3,Producto 16,Deportes,687.57,2062.71
2023-08-27,4,Vendedor_4,12,1,Producto 12,Alimentos,1236.14,1236.14
2023-08-28,5,Vendedor_9,9,5,Producto 9,Hogar,2370.27,11851.35
2023-08-28,4,Vendedor_12,12,5,Producto 12,Alimentos,1025.88,5129.4
2023-08-28,5,Vendedor_12,7,10,Producto 7,Electrónica,1888.43,18884.3
2023-08-28,5,Vendedor_2,5,4,Producto 5,Ropa,1321.78,5287.12
2023-08-28,5,Vendedor_15,17,4,Producto 17,Ropa,1525.05,6100.2
2023-08-29,3,Vendedor_14,6,10,Producto 6,Alimentos,727.08,7270.8
2023-08-29,2,Vendedor_2,10,9,Producto 10,Electrónica,2028.33,18254.97
2023-08-29,4,Vendedor_14,8,11,Producto 8,Deportes,230.55,2536.05
2023-08-29,2,Vendedor_2,13,10,Producto 13,Deportes,2707.77,27077.7
2023-08-30,1,Vendedor_6,4,1,Producto 4,Ropa,2374.27,2374.27
2023-08-30,1,Vendedor_10,14,9,Producto 14,Deportes,3068.57,27617.13
2023-08-30,3,Vendedor_13,19,8,Producto 19,Alimentos,460.46,3683.68
2023-08-30,1,Vendedor_3,1,9,Producto 1,Electrónica,1296.01,11664.09
2023-08-30,3,Vendedor_13,6,3,Producto 6,Alimentos,775.45,2326.35
2023-08-30,3,Vendedor_11,3,11,Producto 3,Deportes,2155.12,23706.32
2023-08-30,3,Vendedor_10,5,3,Producto 5,Ropa,1460.4,4381.2
2023-08-30,2,Vendedor_15,4,2,Producto 4,Ropa,2606.98,5213.96
2023-08-31,2,Vendedor_4,14,8,Producto 14,Deportes,2491.05,19928.4
2023-08-31,3,Vendedor_4,18,7,Producto 18,Electrónica,198.41,1388.87
2023-08-31,4,Vendedor_15,20,3,Producto 20,Ropa,1896.02,5688.06
2023-08-31,1,Vendedor_10,18,10,Producto 18,Electrónica,177.03,1770.3
2023-08-31,5,Vendedor_10,8,10,Producto 8,Deportes,252.97,2529.7
2023-08-31,2,Vendedor_10,20,8,Producto 20,Ropa,2232.8,17862.4
2023-08-31,5,Vendedor_3,18,2,Producto 18,Electrónica,172.39,344.78
2023-09-01,3,Vendedor_2,10,11,Producto 10,Electrónica,2094.8,23042.8
2023-09-01,1,Vendedor_3,8,8,Producto 8,Deportes,264.74,2117.92
2023-09-01,3,Vendedor_6,6,11,Producto 6,Alimentos,809.53,8904.83
2023-09-01,3,Vendedor_2,8,1,Producto 8,Deportes,240.35,240.35
2023-09-01,1,Vendedor_10,18,9,Producto 18,Electrónica,169.84,1528.56
2023-09-01,2,Vendedor_15,13,6,Producto 13,Deportes,3042.83,18256.98
2023-09-01,1,Vendedor_8,19,5,Producto 19,Alimentos,568.72,2843.6
2023-09-01,4,Vendedor_1,3,5,Producto 3,Deportes,1826.68,9133.4
2023-09-01,5,Vendedor_3,12,5,Producto 12,Alimentos,1124.57,5622.85
2023-09-02,2,Vendedor_10,12,3,Producto 12,Alimentos,1122.34,3367.02
2023-09-02,2,Vendedor_8,10,1,Producto 10,Electrónica,1939.07,1939.07
2023-09-03,1,Vendedor_9,17,11,Producto 17,Ropa,1297.58,14273.38
2023-09-03,3,Vendedor_3,13,11,Producto 13,Deportes,3298.61,36284.71
2023-09-03,3,Vendedor_13,6,8,Producto 6,Alimentos,708.15,5665.2
2023-09-03,5,Vendedor_1,13,9,Producto 13,Deportes,3319.71,29877.39
2023-09-03,5,Vendedor_3,14,9,Producto 14,Deportes,2548.08,22932.72
2023-09-04,1,Vendedor_2,2,9,Producto 2,Deportes,3171.55,28543.95
2023-09-04,5,Vendedor_12,14,11,Producto 14,Deportes,2690.35,29593.85
2023-09-04,2,Vendedor_8,18,3,Producto 18,Electrónica,200.63,601.89
2023-09-04,4,Vendedor_1,20,4,Producto 20,Ropa,1925.61,7702.44
2023-09-04,2,Vendedor_13,11,3,Producto 11,Ropa,2459.98,7379.94
2023-09-04,1,Vendedor_9,6,7,Producto 6,Alimentos,734.05,5138.35
2023-09-04,1,Vendedor_15,14,10,Producto 14,Deportes,2956.85,29568.5
2023-09-04,3,Vendedor_8,11,6,Producto 11,Ropa,2568.17,15409.02
2023-09-04,1,Vendedor_11,18,3,Producto 18,Electrónica,178.88,536.64
2023-09-04,3,Vendedor_8,10,8,Producto 10,Electrónica,1896.95,15175.6
2023-09-05,5,Vendedor_12,19,8,Producto 19,Alimentos,543.6,4348.8
2023-09-05,5,Vendedor_8,2,5,Producto 2,Deportes,2780.35,13901.75
2023-09-05,1,Vendedor_4,11,3,Producto 11,Ropa,2612.14,7836.42
2023-09-05,1,Vendedor_6,17,7,Producto 17,Ropa,1374.66,9622.62
2023-09-05,1,Vendedor_14,19,4,Producto 19,Alimentos,482.5,1930.0
2023-09-05,1,Vendedor_11,11,2,Producto 11,Ropa,2562.84,5125.68
2023-09-05,4,Vendedor_7,20,3,Producto 20,Ropa,2170.14,6510.42
2023-09-06,3,Vendedor_13,17,6,Producto 17,Ropa,1638.95,9833.7
2023-09-06,2,Vendedor_15,5,3,Producto 5,Ropa,1410.8,4232.4
2023-09-06,4,Vendedor_8,11,4,Producto 11,Ropa,2578.08,10312.32
2023-09-06,1,Vendedor_1,18,1,Producto 18,Electrónica,167.42,167.42
2023-09-06,4,Vendedor_9,2,4,Producto 2,Deportes,3155.23,12620.92
2023-09-06,1,Vendedor_3,9,1,Producto 9,Hogar,2259.31,2259.31
2023-09-06,4,Vendedor_4,19,6,Producto 19,Alimentos,522.44,3134.64
2023-09-07,2,Vendedor_6,1,11,Producto 1,Electrónica,1301.79,14319.69
2023-09-07,2,Vendedor_9,6,11,Producto 6,Alimentos,682.86,7511.46
2023-09-07,5,Vendedor_11,3,1,Producto 3,Deportes,1943.26,1943.26
2023-09-07,2,Vendedor_12,13,2,Producto 13,Deportes,2892.6,5785.2
2023-09-08,4,Vendedor_3,10,11,Producto 10,Electrónica,2106.42,23170.62
2023-09-08,1,Vendedor_13,6,6,Producto 6,Alimentos,797.94,4787.64
2023-09-08,4,Vendedor_3,4,9,Producto 4,Ropa,2260.72,20346.48
2023-09-08,5,Vendedor_6,5,2,Producto 5,Ropa,1278.24,2556.48
2023-09-09,3,Vendedor_2,7,8,Producto 7,Electrónica,1669.0,13352.0
2023-09-10,5,Vendedor_1,2,4,Producto 2,Deportes,2727.82,10911.28
2023-09-10,1,Vendedor_14,15,9,Producto 15,Deportes,2329.25,20963.25
2023-09-10,2,Vendedor_7,16,7,Producto 16,Deportes,662.95,4640.65
2023-09-10,2,Vendedor_9,10,6,Producto 10,Electrónica,2128.64,12771.84
2023-09-10,4,Vendedor_1,19,6,Producto 19,Alimentos,559.86,3359.16
2023-09-10,1,Vendedor_14,4,3,Producto 4,Ropa,2671.73,8015.19
2023-09-10,4,Vendedor_14,2,4,Producto 2,Deportes,2752.0,11008.0
2023-09-11,4,Vendedor_15,3,3,Producto 3,Deportes,2165.56,6496.68
2023-09-11,1,Vendedor_8,14,8,Producto 14,Deportes,3017.56,24140.48
2023-09-11,5,Vendedor_4,6,10,Producto 6,Alimentos,770.3,7703.0
2023-09-11,4,Vendedor_12,2,1,Producto 2,Deportes,3001.53,3001.53
2023-09-12,3,Vendedor_12,8,6,Producto 8,Deportes,246.63,1479.78
2023-09-12,1,Vendedor_9,20,2,Producto 20,Ropa,2356.97,4713.94
2023-09-12,5,Vendedor_13,16,3,Producto 16,Deportes,695.32,2085.96
2023-09-12,5,Vendedor_13,18,4,Producto 18,Electrónica,178.41,713.64
2023-09-13,5,Vendedor_6,19,10,Producto 19,Alimentos,494.14,4941.4
2023-09-13,1,Vendedor_14,1,5,Producto 1,Electrónica,1057.43,5287.15
2023-09-13,1,Vendedor_6,6,7,Producto 6,Alimentos,649.9,4549.3
2023-09-14,4,Vendedor_13,19,10,Producto 19,Alimentos,562.15,5621.5
2023-09-14,2,Vendedor_1,2,8,Producto 2,Deportes,2615.47,20923.76
2023-09-14,4,Vendedor_9,13,1,Producto 13,Deportes,2783.47,2783.47
2023-09-15,3,Vendedor_4,13,11,Producto 13,Deportes,3290.59,36196.49
2023-09-15,1,Vendedor_3,13,8,Producto 13,Deportes,3094.09,24752.72
2023-09-15,3,Vendedor_11,13,4,Producto 13,Deportes,2678.52,10714.08
2023-09-15,4,Vendedor_14,9,3,Producto 9,Hogar,2257.25,6771.75
2023-09-15,4,Vendedor_13,1,7,Producto 1,Electrónica,1190.22,8331.54
2023-09-15,5,Vendedor_14,12,1,Producto 12,Alimentos,1093.0,1093.0
2023-09-15,5,Vendedor_13,5,4,Producto 5,Ropa,1358.39,5433.56
2023-09-16,2,Vendedor_6,1,11,Producto 1,Electrónica,1300.75,14308.25
2023-09-16,2,Vendedor_2,16,2,Producto 16,Deportes,697.07,1394.14
2023-09-16,5,Vendedor_7,8,6,Producto 8,Deportes,234.11,1404.66
2023-09-16,2,Vendedor_11,16,11,Producto 16,Deportes,687.47,7562.17
2023-09-16,4,Vendedor_4,14,4,Producto 14,Deportes,3024.13,12096.52
2023-09-17,5,Vendedor_12,13,9,Producto 13,Deportes,3263.36,29370.24
2023-09-17,1,Vendedor_14,7,9,Producto 7,Electrónica,1588.18,14293.62
2023-09-17,1,Vendedor_15,16,10,Producto 16,Deportes,693.74,6937.4
2023-09-17,2,Vendedor_1,14,3,Producto 14,Deportes,2897.94,8693.82
2023-09-17,5,Vendedor_4,15,8,Producto 15,Deportes,2686.34,21490.72
2023-09-17,5,Vendedor_9,15,7,Producto 15,Deportes,2666.75,18667.25
2023-09-18,4,Vendedor_6,17,6,Producto 17,Ropa,1474.85,8849.1
2023-09-18,2,Vendedor_14,14,8,Producto 14,Deportes,2770.17,22161.36
2023-09-18,4,Vendedor_9,4,5,Producto 4,Ropa,2429.19,12145.95
2023-09-18,4,Vendedor_8,19,11,Producto 19,Alimentos,576.31,6339.41
2023-09-18,5,Vendedor_10,15,9,Producto 15,Deportes,2594.01,23346.09
2023-09-18,4,Vendedor_1,19,10,Producto 19,Alimentos,535.69,5356.9
2023-09-18,4,Vendedor_4,4,1,Producto 4,Ropa,2235.09,2235.09
2023-09-19,1,Vendedor_12,4,3,Producto 4,Ropa,2834.9,8504.7
2023-09-19,3,Vendedor_14,7,5,Producto 7,Electrónica,1581.98,7909.9
2023-09-19,1,Vendedor_9,18,7,Producto 18,Electrónica,202.33,1416.31
2023-09-19,5,Vendedor_14,9,6,Producto 9,Hogar,2795.96,16775.76
2023-09-19,2,Vendedor_13,11,2,Producto 11,Ropa,2311.52,4623.04
2023-09-19,5,Vendedor_8,17,11,Producto 17,Ropa,1406.02,15466.22
2023-09-19,1,Vendedor_12,10,9,Producto 10,Electrónica,1823.01,16407.09
2023-09-19,5,Vendedor_4,1,6,Producto 1,Electrónica,1255.77,7534.62
2023-09-20,3,Vendedor_4,19,1,Producto 19,Alimentos,489.0,489.0
2023-09-21,3,Vendedor_11,14,4,Producto 14,Deportes,2468.06,9872.24
2023-09-21,5,Vendedor_4,7,1,Producto 7,Electrónica,1636.68,1636.68
2023-09-21,1,Vendedor_6,10,11,Producto 10,Electrónica,2160.17,23761.87
2023-09-21,1,Vendedor_10,4,2,Producto 4,Ropa,2505.08,5010.16
2023-09-21,5,Vendedor_5,13,4,Producto 13,Deportes,2716.49,10865.96
2023-09-21,4,Vendedor_3,17,11,Producto 17,Ropa,1294.62,14240.82
2023-09-21,2,Vendedor_2,4,2,Producto 4,Ropa,2346.7,4693.4
2023-09-21,3,Vendedor_9,17,7,Producto 17,Ropa,1634.17,11439.19
2023-09-22,3,Vendedor_1,10,1,Producto 10,Electrónica,1900.54,1900.54
2023-09-22,5,Vendedor_8,12,11,Producto 12,Alimentos,1130.25,12432.75
2023-09-22,3,Vendedor_9,9,1,Producto 9,Hogar,2251.79,2251.79
2023-09-22,2,Vendedor_12,7,10,Producto 7,Electrónica,1691.27,16912.7
2023-09-22,2,Vendedor_13,14,6,Producto 14,Deportes,2582.23,15493.38
2023-09-22,3,Vendedor_15,13,6,Producto 13,Deportes,3335.84,20015.04
2023-09-22,1,Vendedor_15,3,8,Producto 3,Deportes,2233.82,17870.56
2023-09-22,5,Vendedor_4,15,3,Producto 15,Deportes,2113.16,6339.48
2023-09-22,3,Vendedor_10,4,11,Producto 4,Ropa,2393.42,26327.62
2023-09-22,2,Vendedor_10,13,6,Producto 13,Deportes,3002.88,18017.28
2023-09-23,3,Vendedor_10,7,7,Producto 7,Electrónica,1800.22,12601.54
2023-09-23,3,Vendedor_9,13,9,Producto 13,Deportes,3178.58,28607.22
2023-09-23,5,Vendedor_6,1,9,Producto 1,Electrónica,1212.44,10911.96
2023-09-23,1,Vendedor_2,19,5,Producto 19,Alimentos,568.98,2844.9
2023-09-23,1,Vendedor_15,9,11,Producto 9,Hogar,2293.43,25227.73
2023-09-24,1,Vendedor_12,2,2,Producto 2,Deportes,2906.62,5813.24
2023-09-25,4,Vendedor_1,19,1,Producto 19,Alimentos,522.03,522.03
2023-09-25,1,Vendedor_8,15,6,Producto 15,Deportes,2114.65,12687.9
2023-09-25,1,Vendedor_4,20,10,Producto 20,Ropa,2281.39,22813.9
2023-09-25,5,Vendedor_8,14,7,Producto 14,Deportes,3021.81,21152.67
2023-09-25,4,Vendedor_9,16,9,Producto 16,Deportes,621.39,5592.51
2023-09-25,4,Vendedor_2,15,11,Producto 15,Deportes,2378.52,26163.72
2023-09-25,3,Vendedor_11,16,1,Producto 16,Deportes,674.19,674.19
2023-09-26,2,Vendedor_1,3,10,Producto 3,Deportes,2166.49,21664.9
2023-09-26,3,Vendedor_9,11,7,Producto 11,Ropa,2371.75,16602.25
2023-09-26,3,Vendedor_8,2,4,Producto 2,Deportes,3018.76,12075.04
2023-09-26,4,Vendedor_7,8,9,Producto 8,Deportes,247.27,2225.43
2023-09-26,5,Vendedor_15,12,9,Producto 12,Alimentos,994.15,8947.35
2023-09-26,4,Vendedor_9,14,9,Producto 14,Deportes,2942.8,26485.2
2023-09-26,4,Vendedor_8,14,1,Producto 14,Deportes,2573.18,2573.18
2023-09-26,2,Vendedor_10,18,8,Producto 18,Electrónica,173.14,1385.12
2023-09-27,5,Vendedor_7,3,3,Producto 3,Deportes,2052.48,6157.44
2023-09-27,4,Vendedor_4,8,8,Producto 8,Deportes,218.9,1751.2
2023-09-27,2,Vendedor_12,16,3,Producto 16,Deportes,642.85,1928.55
2023-09-27,2,Vendedor_8,19,6,Producto 19,Alimentos,494.57,2967.42
2023-09-27,1,Vendedor_14,8,6,Producto 8,Deportes,265.62,1593.72
2023-09-27,1,Vendedor_9,11,10,Producto 11,Ropa,2427.63,24276.3
2023-09-28,5,Vendedor_4,4,7,Producto 4,Ropa,2385.88,16701.16
2023-09-28,1,Vendedor_3,9,10,Producto 9,Hogar,2715.79,27157.9
2023-09-28,5,Vendedor_6,20,10,Producto 20,Ropa,2097.21,20972.1
2023-09-28,3,Vendedor_2,2,7,Producto 2,Deportes,3053.64,21375.48
2023-09-28,4,Vendedor_7,2,2,Producto 2,Deportes,2950.77,5901.54
2023-09-28,2,Vendedor_3,10,4,Producto 10,Electrónica,1928.31,7713.24
2023-09-28,2,Vendedor_8,19,6,Producto 19,Alimentos,491.88,2951.28
2023-09-28,5,Vendedor_4,9,5,Producto 9,Hogar,2313.12,11565.6
2023-09-29,4,Vendedor_12,11,9,Producto 11,Ropa,2157.93,19421.37
2023-09-29,2,Vendedor_3,9,1,Producto 9,Hogar,2441.31,2441.31
2023-09-29,5,Vendedor_2,14,11,Producto 14,Deportes,2955.13,32506.43
2023-09-29,4,Vendedor_1,16,10,Producto 16,Deportes,633.08,6330.8
2023-09-29,4,Vendedor_13,9,10,Producto 9,Hogar,2567.39,25673.9
2023-09-29,5,Vendedor_7,20,9,Producto 20,Ropa,1947.26,17525.34
2023-09-30,2,Vendedor_11,18,1,Producto 18,Electrónica,203.76,203.76
2023-09-30,3,Vendedor_6,15,11,Producto 15,Deportes,2518.21,27700.31
2023-09-30,4,Vendedor_11,3,2,Producto 3,Deportes,1851.45,3702.9
2023-09-30,4,Vendedor_7,16,5,Producto 16,Deportes,649.33,3246.65
2023-09-30,2,Vendedor_4,14,8,Producto 14,Deportes,2518.46,20147.68
2023-09-30,3,Vendedor_15,13,1,Producto 13,Deportes,2924.21,2924.21
2023-09-30,3,Vendedor_14,4,9,Producto 4,Ropa,2416.58,21749.22
2023-09-30,3,Vendedor_2,1,4,Producto 1,Electrónica,1066.29,4265.16
2023-09-30,4,Vendedor_5,15,6,Producto 15,Deportes,2285.62,13713.72
2023-10-01,5,Vendedor_12,2,11,Producto 2,Deportes,2984.65,32831.15
2023-10-01,3,Vendedor_1,5,2,Producto 5,Ropa,1556.05,3112.1
2023-10-01,2,Vendedor_11,5,7,Producto 5,Ropa,1371.23,9598.61
2023-10-01,3,Vendedor_15,17,10,Producto 17,Ropa,1640.54,16405.4
2023-10-01,1,Vendedor_12,1,7,Producto 1,Electrónica,1159.3,8115.1
2023-10-01,1,Vendedor_12,14,3,Producto 14,Deportes,2491.27,7473.81
2023-10-01,3,Vendedor_8,15,3,Producto 15,Deportes,2674.93,8024.79
2023-10-01,1,Vendedor_13,5,11,Producto 5,Ropa,1344.61,14790.71
2023-10-02,4,Vendedor_10,18,6,Producto 18,Electrónica,196.84,1181.04
2023-10-02,2,Vendedor_10,14,1,Producto 14,Deportes,2849.78,2849.78
2023-10-02,4,Vendedor_13,15,5,Producto 15,Deportes,2238.42,11192.1
2023-10-02,3,Vendedor_7,20,2,Producto 20,Ropa,2027.11,4054.22
2023-10-02,1,Vendedor_13,14,6,Producto 14,Deportes,2995.08,17970.48
2023-10-03,4,Vendedor_7,5,11,Producto 5,Ropa,1523.99,16763.89
2023-10-03,2,Vendedor_13,12,3,Producto 12,Alimentos,1047.81,3143.43
2023-10-03,2,Vendedor_2,5,2,Producto 5,Ropa,1397.41,2794.82
2023-10-04,2,Vendedor_4,5,3,Producto 5,Ropa,1327.94,3983.82
2023-10-05,3,Vendedor_3,5,11,Producto 5,Ropa,1276.42,14040.62
2023-10-05,2,Vendedor_5,13,2,Producto 13,Deportes,2736.7,5473.4
2023-10-05,4,Vendedor_15,13,7,Producto 13,Deportes,3166.69,22166.83
2023-10-05,5,Vendedor_6,3,9,Producto 3,Deportes,1866.35,16797.15
2023-10-05,5,Vendedor_14,16,8,Producto 16,Deportes,599.89,4799.12
2023-10-05,5,Vendedor_12,5,11,Producto 5,Ropa,1345.43,14799.73
2023-10-05,1,Vendedor_15,3,3,Producto 3,Deportes,2047.51,6142.53
2023-10-06,1,Vendedor_6,16,2,Producto 16,Deportes,703.87,1407.74
2023-10-06,4,Vendedor_5,4,8,Producto 4,Ropa,2281.64,18253.12
2023-10-06,2,Vendedor_1,14,7,Producto 14,Deportes,2727.24,19090.68
2023-10-06,2,Vendedor_6,13,3,Producto 13,Deportes,3109.07,9327.21
2023-10-06,4,Vendedor_14,16,10,Producto 16,Deportes,635.58,6355.8
2023-10-06,4,Vendedor_7,16,9,Producto 16,Deportes,710.07,6390.63
2023-10-07,4,Vendedor_14,1,3,Producto 1,Electrónica,1255.87,3767.61
2023-10-07,1,Vendedor_7,8,6,Producto 8,Deportes,249.53,1497.18
2023-10-07,5,Vendedor_15,13,2,Producto 13,Deportes,3200.29,6400.58
2023-10-07,5,Vendedor_11,11,8,Producto 11,Ropa,2402.93,19223.44
2023-10-07,2,Vendedor_4,19,3,Producto 19,Alimentos,545.56,1636.68
2023-10-07,2,Vendedor_8,6,5,Producto 6,Alimentos,680.63,3403.15
2023-10-07,1,Vendedor_8,17,2,Producto 17,Ropa,1337.38,2674.76
2023-10-07,2,Vendedor_8,17,3,Producto 17,Ropa,1472.09,4416.27
2023-10-07,2,Vendedor_6,9,5,Producto 9,Hogar,2793.24,13966.2
2023-10-07,3,Vendedor_4,16,5,Producto 16,Deportes,640.23,3201.15
2023-10-07,4,Vendedor_1,12,9,Producto 12,Alimentos,1028.84,9259.56
2023-10-07,4,Vendedor_14,10,2,Producto 10,Electrónica,2123.63,4247.26
2023-10-07,1,Vendedor_1,7,4,Producto 7,Electrónica,1737.02,6948.08
2023-10-08,5,Vendedor_5,17,4,Producto 17,Ropa,1332.21,5328.84
2023-10-08,5,Vendedor_6,15,11,Producto 15,Deportes,2111.69,23228.59
2023-10-08,3,Vendedor_7,4,5,Producto 4,Ropa,2742.99,13714.95
2023-10-08,3,Vendedor_4,18,9,Producto 18,Electrónica,180.68,1626.12
2023-10-08,1,Vendedor_1,13,7,Producto 13,Deportes,2994.06,20958.42
2023-10-09,3,Vendedor_9,19,6,Producto 19,Alimentos,521.45,3128.7
2023-10-09,4,Vendedor_13,8,11,Producto 8,Deportes,223.92,2463.12
2023-10-09,4,Vendedor_6,6,6,Producto 6,Alimentos,659.27,3955.62
2023-10-09,4,Vendedor_11,20,1,Producto 20,Ropa,1968.0,1968.0
2023-10-09,1,Vendedor_1,18,9,Producto 18,Electrónica,171.07,1539.63
2023-10-09,3,Vendedor_6,12,10,Producto 12,Alimentos,1039.09,10390.9
2023-10-10,2,Vendedor_9,17,8,Producto 17,Ropa,1550.44,12403.52
2023-10-10,2,Vendedor_8,11,10,Producto 11,Ropa,2277.29,22772.9
2023-10-10,4,Vendedor_9,18,10,Producto 18,Electrónica,196.04,1960.4
2023-10-10,1,Vendedor_12,14,1,Producto 14,Deportes,2812.96,2812.96
2023-10-10,4,Vendedor_11,15,3,Producto 15,Deportes,2608.58,7825.74
2023-10-10,2,Vendedor_11,14,9,Producto 14,Deportes,2592.79,23335.11
2023-10-10,2,Vendedor_4,20,9,Producto 20,Ropa,2237.36,20136.24
2023-10-10,5,Vendedor_6,2,6,Producto 2,Deportes,2577.62,15465.72
2023-10-10,3,Vendedor_2,17,9,Producto 17,Ropa,1453.9,13085.1
2023-10-10,4,Vendedor_15,3,1,Producto 3,Deportes,2009.05,2009.05
2023-10-11,2,Vendedor_11,18,6,Producto 18,Electrónica,162.54,975.24
2023-10-11,2,Vendedor_2,9,8,Producto 9,Hogar,2559.54,20476.32
2023-10-11,4,Vendedor_7,4,11,Producto 4,Ropa,2588.07,28468.77
2023-10-11,5,Vendedor_12,20,6,Producto 20,Ropa,1868.81,11212.86
2023-10-12,4,Vendedor_13,8,11,Producto 8,Deportes,214.86,2363.46
2023-10-12,5,Vendedor_8,16,7,Producto 16,Deportes,689.44,4826.08
2023-10-13,5,Vendedor_8,6,8,Producto 6,Alimentos,699.71,5597.68
2023-10-13,5,Vendedor_1,14,6,Producto 14,Deportes,2932.5,17595.0
2023-10-13,1,Vendedor_10,7,6,Producto 7,Electrónica,1596.04,9576.24
2023-10-13,2,Vendedor_14,8,3,Producto 8,Deportes,231.34,694.02
2023-10-13,3,Vendedor_6,19,11,Producto 19,Alimentos,566.57,6232.27
2023-10-14,5,Vendedor_13,18,11,Producto 18,Electrónica,164.87,1813.57
2023-10-14,1,Vendedor_11,14,5,Producto 14,Deportes,2854.26,14271.3
2023-10-14,5,Vendedor_15,18,8,Producto 18,Electrónica,190.3,1522.4
2023-10-14,4,Vendedor_12,5,4,Producto 5,Ropa,1324.2,5296.8
2023-10-14,3,Vendedor_13,1,9,Producto 1,Electrónica,1117.49,10057.41
2023-10-15,1,Vendedor_14,3,6,Producto 3,Deportes,1824.15,10944.9
2023-10-15,3,Vendedor_3,5,7,Producto 5,Ropa,1318.53,9229.71
2023-10-15,2,Vendedor_12,20,10,Producto 20,Ropa,2309.19,23091.9
2023-10-15,1,Vendedor_9,15,3,Producto 15,Deportes,2175.66,6526.98
2023-10-16,4,Vendedor_8,15,5,Producto 15,Deportes,2413.9,12069.5
2023-10-16,3,Vendedor_13,20,4,Producto 20,Ropa,1861.75,7447.0
2023-10-16,3,Vendedor_2,4,10,Producto 4,Ropa,2665.98,26659.8
2023-10-16,2,Vendedor_12,10,10,Producto 10,Electrónica,1850.13,18501.3
2023-10-16,1,Vendedor_8,6,4,Producto 6,Alimentos,695.37,2781.48
2023-10-16,4,Vendedor_5,6,1,Producto 6,Alimentos,657.46,657.46
2023-10-16,1,Vendedor_4,11,5,Producto 11,Ropa,2274.64,11373.2
2023-10-16,2,Vendedor_10,15,1,Producto 15,Deportes,2215.86,2215.86
2023-10-16,5,Vendedor_10,5,9,Producto 5,Ropa,1393.38,12540.42
2023-10-17,5,Vendedor_12,20,7,Producto 20,Ropa,2033.45,14234.15
2023-10-17,3,Vendedor_9,17,4,Producto 17,Ropa,1380.8,5523.2
2023-10-17,2,Vendedor_1,19,11,Producto 19,Alimentos,542.77,5970.47
2023-10-17,4,Vendedor_9,4,10,Producto 4,Ropa,2779.48,27794.8
2023-10-17,1,Vendedor_11,10,4,Producto 10,Electrónica,2005.36,8021.44
2023-10-18,2,Vendedor_9,18,7,Producto 18,Electrónica,198.95,1392.65
2023-10-18,2,Vendedor_7,13,4,Producto 13,Deportes,2648.23,10592.92
2023-10-18,2,Vendedor_4,3,3,Producto 3,Deportes,2148.17,6444.51
2023-10-18,5,Vendedor_3,6,2,Producto 6,Alimentos,732.25,1464.5
2023-10-18,3,Vendedor_5,5,10,Producto 5,Ropa,1373.81,13738.1
2023-10-18,2,Vendedor_15,16,11,Producto 16,Deportes,575.14,6326.54
2023-10-18,3,Vendedor_13,13,11,Producto 13,Deportes,3002.83,33031.13
2023-10-18,5,Vendedor_9,15,7,Producto 15,Deportes,2141.5,14990.5
2023-10-19,3,Vendedor_2,14,1,Producto 14,Deportes,2459.04,2459.04
2023-10-19,3,Vendedor_14,20,11,Producto 20,Ropa,1893.24,20825.64
2023-10-19,5,Vendedor_13,15,9,Producto 15,Deportes,2589.88,23308.92
2023-10-19,1,Vendedor_4,12,3,Producto 12,Alimentos,1244.61,3733.83
2023-10-20,5,Vendedor_6,8,1,Producto 8,Deportes,260.43,260.43
2023-10-20,1,Vendedor_12,19,3,Producto 19,Alimentos,510.97,1532.91
2023-10-21,5,Vendedor_7,17,5,Producto 17,Ropa,1380.14,6900.7
2023-10-21,5,Vendedor_12,10,8,Producto 10,Electrónica,1816.9,14535.2
2023-10-21,1,Vendedor_4,1,11,Producto 1,Electrónica,1074.78,11822.58
2023-10-22,5,Vendedor_8,14,11,Producto 14,Deportes,2715.26,29867.86
2023-10-22,2,Vendedor_10,5,2,Producto 5,Ropa,1225.05,2450.1
2023-10-22,2,Vendedor_1,16,2,Producto 16,Deportes,582.4,1164.8
2023-10-23,1,Vendedor_5,14,5,Producto 14,Deportes,2986.32,14931.6
2023-10-23,5,Vendedor_13,11,2,Producto 11,Ropa,2266.08,4532.16
2023-10-23,3,Vendedor_14,2,6,Producto 2,Deportes,3155.8,18934.8
2023-10-24,4,Vendedor_11,12,5,Producto 12,Alimentos,1010.12,5050.6
2023-10-24,1,Vendedor_14,18,5,Producto 18,Electrónica,161.43,807.15
2023-10-24,3,Vendedor_11,19,4,Producto 19,Alimentos,473.7,1894.8
2023-10-24,5,Vendedor_10,2,5,Producto 2,Deportes,2821.08,14105.4
2023-10-24,5,Vendedor_7,16,11,Producto 16,Deportes,619.76,6817.36
2023-10-24,3,Vendedor_11,16,10,Producto 16,Deportes,661.05,6610.5
2023-10-24,5,Vendedor_5,8,1,Producto 8,Deportes,216.35,216.35
2023-10-24,3,Vendedor_5,6,11,Producto 6,Alimentos,676.63,7442.93
2023-10-25,4,Vendedor_2,18,9,Producto 18,Electrónica,165.68,1491.12
2023-10-25,2,Vendedor_9,19,6,Producto 19,Alimentos,470.65,2823.9
2023-10-26,5,Vendedor_4,1,4,Producto 1,Electrónica,1084.24,4336.96
2023-10-26,3,Vendedor_11,4,4,Producto 4,Ropa,2731.52,10926.08
2023-10-26,1,Vendedor_12,17,8,Producto 17,Ropa,1618.43,12947.44
2023-10-26,2,Vendedor_8,4,10,Producto 4,Ropa,2473.92,24739.2
2023-10-26,2,Vendedor_1,11,4,Producto 11,Ropa,2060.66,8242.64
2023-10-27,1,Vendedor_10,18,7,Producto 18,Electrónica,197.11,1379.77
2023-10-27,2,Vendedor_9,4,8,Producto 4,Ropa,2503.4,20027.2
2023-10-27,1,Vendedor_13,7,5,Producto 7,Electrónica,1654.15,8270.75
2023-10-27,3,Vendedor_3,11,7,Producto 11,Ropa,2473.4,17313.8
2023-10-27,4,Vendedor_10,10,7,Producto 10,Electrónica,2193.99,15357.93
2023-10-27,1,Vendedor_7,13,11,Producto 13,Deportes,2775.19,30527.09
2023-10-27,5,Vendedor_10,1,7,Producto 1,Electrónica,1061.55,7430.85
2023-10-27,2,Vendedor_14,18,4,Producto 18,Electrónica,172.09,688.36
2023-10-27,4,Vendedor_6,20,7,Producto 20,Ropa,2278.24,15947.68
2023-10-27,1,Vendedor_4,11,10,Producto 11,Ropa,2583.99,25839.9
2023-10-28,2,Vendedor_15,16,11,Producto 16,Deportes,710.15,7811.65
2023-10-28,5,Vendedor_4,9,8,Producto 9,Hogar,2526.63,20213.04
2023-10-28,2,Vendedor_1,5,7,Producto 5,Ropa,1538.78,10771.46
2023-10-28,3,Vendedor_15,15,3,Producto 15,Deportes,2427.83,7283.49
2023-10-28,4,Vendedor_14,16,11,Producto 16,Deportes,681.21,7493.31
2023-10-28,4,Vendedor_6,19,6,Producto 19,Alimentos,487.02,2922.12
2023-10-28,5,Vendedor_4,9,3,Producto 9,Hogar,2528.18,7584.54
2023-10-28,5,Vendedor_5,16,4,Producto 16,Deportes,707.98,2831.92
2023-10-29,5,Vendedor_1,1,11,Producto 1,Electrónica,1311.99,14431.89
2023-10-29,3,Vendedor_12,3,3,Producto 3,Deportes,2017.58,6052.74
2023-10-29,3,Vendedor_11,20,6,Producto 20,Ropa,2374.48,14246.88
2023-10-29,3,Vendedor_2,16,4,Producto 16,Deportes,648.06,2592.24
2023-10-29,5,Vendedor_1,13,8,Producto 13,Deportes,3329.8,26638.4
2023-10-29,3,Vendedor_6,3,4,Producto 3,Deportes,2186.07,8744.28
2023-10-30,2,Vendedor_8,20,11,Producto 20,Ropa,1951.82,21470.02
2023-10-30,3,Vendedor_4,18,10,Producto 18,Electrónica,174.23,1742.3
2023-10-30,3,Vendedor_3,9,3,Producto 9,Hogar,2603.55,7810.65
2023-10-30,4,Vendedor_15,11,1,Producto 11,Ropa,2361.4,2361.4
2023-10-30,2,Vendedor_15,3,8,Producto 3,Deportes,1793.96,14351.68
2023-10-31,5,Vendedor_3,7,1,Producto 7,Electrónica,1871.82,1871.82
2023-10-31,5,Vendedor_11,18,7,Producto 18,Electrónica,173.18,1212.26
2023-10-31,5,Vendedor_7,9,4,Producto 9,Hogar,2533.15,10132.6
2023-10-31,1,Vendedor_11,12,1,Producto 12,Alimentos,1188.72,1188.72
2023-10-31,1,Vendedor_9,13,7,Producto 13,Deportes,3256.54,22795.78
2023-10-31,1,Vendedor_10,5,10,Producto 5,Ropa,1229.75,12297.5
2023-11-01,1,Vendedor_7,5,9,Producto 5,Ropa,1304.13,11737.17
2023-11-01,2,Vendedor_11,20,3,Producto 20,Ropa,1961.95,5885.85
2023-11-01,2,Vendedor_4,7,4,Producto 7,Electrónica,1903.42,7613.68
2023-11-01,5,Vendedor_8,6,1,Producto 6,Alimentos,817.76,817.76
2023-11-01,2,Vendedor_11,16,5,Producto 16,Deportes,687.04,3435.2
2023-11-01,3,Vendedor_2,14,4,Producto 14,Deportes,2520.18,10080.72
2023-11-01,3,Vendedor_9,5,8,Producto 5,Ropa,1267.96,10143.68
2023-11-01,2,Vendedor_14,12,7,Producto 12,Alimentos,1233.69,8635.83
2023-11-01,2,Vendedor_9,2,5,Producto 2,Deportes,2706.96,13534.8
2023-11-02,1,Vendedor_8,13,9,Producto 13,Deportes,2955.69,26601.21
2023-11-02,1,Vendedor_15,8,5,Producto 8,Deportes,253.83,1269.15
2023-11-03,3,Vendedor_4,18,6,Producto 18,Electrónica,191.95,1151.7
2023-11-03,3,Vendedor_11,14,5,Producto 14,Deportes,2974.57,14872.85
2023-11-03,1,Vendedor_1,17,5,Producto 17,Ropa,1535.82,7679.1
2023-11-03,4,Vendedor_1,8,6,Producto 8,Deportes,254.26,1525.56
2023-11-03,2,Vendedor_3,20,5,Producto 20,Ropa,2122.7,10613.5
2023-11-03,3,Vendedor_6,13,1,Producto 13,Deportes,2700.69,2700.69
2023-11-03,3,Vendedor_12,11,5,Producto 11,Ropa,2534.43,12672.15
2023-11-04,3,Vendedor_8,6,7,Producto 6,Alimentos,733.89,5137.23
2023-11-04,1,Vendedor_12,20,1,Producto 20,Ropa,2277.37,2277.37
2023-11-04,5,Vendedor_10,10,11,Producto 10,Electrónica,1738.65,19125.15
2023-11-04,3,Vendedor_9,5,3,Producto 5,Ropa,1422.59,4267.77
2023-11-05,1,Vendedor_3,20,5,Producto 20,Ropa,2045.43,10227.15
2023-11-05,4,Vendedor_11,16,10,Producto 16,Deportes,604.7,6047.0
2023-11-05,4,Vendedor_6,16,2,Producto 16,Deportes,630.28,1260.56
2023-11-05,4,Vendedor_15,11,10,Producto 11,Ropa,2539.63,25396.3
2023-11-06,2,Vendedor_1,18,6,Producto 18,Electrónica,171.29,1027.74
2023-11-06,4,Vendedor_2,5,1,Producto 5,Ropa,1498.52,1498.52
2023-11-06,2,Vendedor_4,9,10,Producto 9,Hogar,2329.76,23297.6
2023-11-06,1,Vendedor_7,11,2,Producto 11,Ropa,2617.1,5234.2
2023-11-06,2,Vendedor_12,15,6,Producto 15,Deportes,2343.85,14063.1
2023-11-06,4,Vendedor_4,12,8,Producto 12,Alimentos,1251.4,10011.2
2023-11-06,5,Vendedor_10,10,11,Producto 10,Electrónica,1883.29,20716.19
2023-11-06,2,Vendedor_13,13,9,Producto 13,Deportes,2797.68,25179.12
2023-11-07,4,Vendedor_13,5,10,Producto 5,Ropa,1237.82,12378.2
2023-11-07,4,Vendedor_15,10,4,Producto 10,Electrónica,1834.52,7338.08
2023-11-07,3,Vendedor_4,19,7,Producto 19,Alimentos,469.81,3288.67
2023-11-07,1,Vendedor_12,4,9,Producto 4,Ropa,2787.64,25088.76
2023-11-07,2,Vendedor_5,6,4,Producto 6,Alimentos,700.27,2801.08
2023-11-07,5,Vendedor_15,20,8,Producto 20,Ropa,2058.76,16470.08
2023-11-07,1,Vendedor_1,19,11,Producto 19,Alimentos,557.87,6136.57
2023-11-07,5,Vendedor_1,13,11,Producto 13,Deportes,2944.02,32384.22
2023-11-08,5,Vendedor_15,15,8,Producto 15,Deportes,2294.45,18355.6
2023-11-08,1,Vendedor_14,11,10,Producto 11,Ropa,2614.53,26145.3
2023-11-08,4,Vendedor_15,12,9,Producto 12,Alimentos,1099.44,9894.96
2023-11-08,4,Vendedor_6,13,6,Producto 13,Deportes,3321.92,19931.52
2023-11-08,3,Vendedor_2,8,4,Producto 8,Deportes,217.99,871.96
2023-11-08,2,Vendedor_10,14,2,Producto 14,Deportes,2627.18,5254.36
2023-11-09,4,Vendedor_10,3,5,Producto 3,Deportes,2059.49,10297.45
2023-11-09,4,Vendedor_11,5,7,Producto 5,Ropa,1461.35,10229.45
2023-11-09,2,Vendedor_1,18,1,Producto 18,Electrónica,189.63,189.63
2023-11-09,2,Vendedor_3,20,7,Producto 20,Ropa,1933.1,13531.7
2023-11-09,3,Vendedor_4,17,5,Producto 17,Ropa,1631.43,8157.15
2023-11-09,5,Vendedor_5,7,6,Producto 7,Electrónica,1670.47,10022.82
2023-11-09,4,Vendedor_12,15,7,Producto 15,Deportes,2202.91,15420.37
2023-11-09,1,Vendedor_3,7,4,Producto 7,Electrónica,1736.66,6946.64
2023-11-09,2,Vendedor_10,15,7,Producto 15,Deportes,2261.53,15830.71
2023-11-10,4,Vendedor_13,9,6,Producto 9,Hogar,2617.99,15707.94
2023-11-10,3,Vendedor_1,5,6,Producto 5,Ropa,1246.36,7478.16
2023-11-10,3,Vendedor_7,17,8,Producto 17,Ropa,1304.89,10439.12
2023-11-11,4,Vendedor_4,14,4,Producto 14,Deportes,3010.06,12040.24
2023-11-11,1,Vendedor_3,4,5,Producto 4,Ropa,2411.41,12057.05
2023-11-11,4,Vendedor_7,16,4,Producto 16,Deportes,711.73,2846.92
2023-11-11,3,Vendedor_11,18,5,Producto 18,Electrónica,166.24,831.2
2023-11-11,1,Vendedor_8,15,4,Producto 15,Deportes,2658.77,10635.08
2023-11-11,3,Vendedor_2,20,4,Producto 20,Ropa,1934.34,7737.36
2023-11-12,2,Vendedor_9,5,1,Producto 5,Ropa,1357.15,1357.15
2023-11-12,4,Vendedor_10,3,2,Producto 3,Deportes,2064.03,4128.06
2023-11-12,3,Vendedor_6,4,5,Producto 4,Ropa,2547.92,12739.6
2023-11-12,2,Vendedor_3,2,1,Producto 2,Deportes,2924.52,2924.52
2023-11-12,4,Vendedor_13,17,8,Producto 17,Ropa,1359.16,10873.28
2023-11-12,4,Vendedor_6,16,1,Producto 16,Deportes,636.47,636.47
2023-11-13,3,Vendedor_12,20,2,Producto 20,Ropa,2184.86,4369.72
2023-11-13,1,Vendedor_1,2,11,Producto 2,Deportes,2952.33,32475.63
2023-11-13,1,Vendedor_7,7,8,Producto 7,Electrónica,1807.05,14456.4
2023-11-14,4,Vendedor_1,9,4,Producto 9,Hogar,2370.94,9483.76
2023-11-14,1,Vendedor_10,16,7,Producto 16,Deportes,672.89,4710.23
2023-11-14,3,Vendedor_4,15,8,Producto 15,Deportes,2189.24,17513.92
2023-11-14,3,Vendedor_6,2,11,Producto 2,Deportes,2626.69,28893.59
2023-11-14,5,Vendedor_1,8,2,Producto 8,Deportes,214.55,429.1
2023-11-14,3,Vendedor_14,7,5,Producto 7,Electrónica,1583.29,7916.45
2023-11-14,5,Vendedor_1,10,7,Producto 10,Electrónica,1916.52,13415.64
2023-11-15,5,Vendedor_8,13,3,Producto 13,Deportes,2790.23,8370.69
2023-11-15,4,Vendedor_9,4,8,Producto 4,Ropa,2772.43,22179.44
2023-11-15,3,Vendedor_13,6,1,Producto 6,Alimentos,764.07,764.07
2023-11-15,4,Vendedor_5,12,2,Producto 12,Alimentos,1035.78,2071.56
2023-11-15,3,Vendedor_12,8,11,Producto 8,Deportes,214.94,2364.34
2023-11-15,1,Vendedor_10,10,3,Producto 10,Electrónica,1902.04,5706.12
2023-11-16,5,Vendedor_14,6,2,Producto 6,Alimentos,788.62,1577.24
2023-11-16,2,Vendedor_4,2,7,Producto 2,Deportes,2848.26,19937.82
2023-11-16,1,Vendedor_6,11,1,Producto 11,Ropa,2104.93,2104.93
2023-11-16,4,Vendedor_3,14,5,Producto 14,Deportes,2570.41,12852.05
2023-11-16,4,Vendedor_6,2,4,Producto 2,Deportes,2736.61,10946.44
2023-11-16,1,Vendedor_1,19,7,Producto 19,Alimentos,541.36,3789.52
2023-11-17,5,Vendedor_10,12,9,Producto 12,Alimentos,1194.8,10753.2
2023-11-17,3,Vendedor_3,16,9,Producto 16,Deportes,712.88,6415.92
2023-11-17,4,Vendedor_4,5,5,Producto 5,Ropa,1413.47,7067.35
2023-11-17,2,Vendedor_7,8,2,Producto 8,Deportes,257.45,514.9
2023-11-17,1,Vendedor_3,19,8,Producto 19,Alimentos,488.03,3904.24
2023-11-17,1,Vendedor_9,15,10,Producto 15,Deportes,2309.78,23097.8
2023-11-18,2,Vendedor_8,14,11,Producto 14,Deportes,2874.85,31623.35
2023-11-18,4,Vendedor_7,20,2,Producto 20,Ropa,2309.42,4618.84
2023-11-18,3,Vendedor_13,14,6,Producto 14,Deportes,3031.45,18188.7
2023-11-18,2,Vendedor_10,20,4,Producto 20,Ropa,2148.64,8594.56
2023-11-18,5,Vendedor_1,1,10,Producto 1,Electrónica,1073.84,10738.4
2023-11-19,3,Vendedor_10,14,1,Producto 14,Deportes,2682.33,2682.33
2023-11-19,1,Vendedor_12,1,3,Producto 1,Electrónica,1180.5,3541.5
2023-11-19,2,Vendedor_10,10,5,Producto 10,Electrónica,1879.73,9398.65
2023-11-19,3,Vendedor_15,8,8,Producto 8,Deportes,228.76,1830.08
2023-11-20,4,Vendedor_9,4,8,Producto 4,Ropa,2634.06,21072.48
2023-11-20,2,Vendedor_15,1,8,Producto 1,Electrónica,1263.43,10107.44
2023-11-20,4,Vendedor_7,10,2,Producto 10,Electrónica,1869.93,3739.86
2023-11-20,1,Vendedor_12,12,7,Producto 12,Alimentos,1145.16,8016.12
2023-11-20,4,Vendedor_3,10,1,Producto 10,Electrónica,1906.82,1906.82
2023-11-20,1,Vendedor_6,16,4,Producto 16,Deportes,633.9,2535.6
2023-11-20,2,Vendedor_12,8,11,Producto 8,Deportes,266.32,2929.52
2023-11-20,5,Vendedor_9,17,9,Producto 17,Ropa,1581.67,14235.03
2023-11-20,3,Vendedor_2,9,2,Producto 9,Hogar,2338.9,4677.8
2023-11-21,2,Vendedor_8,7,1,Producto 7,Electrónica,1917.82,1917.82
2023-11-21,3,Vendedor_14,3,7,Producto 3,Deportes,1989.63,13927.41
2023-11-21,5,Vendedor_4,5,6,Producto 5,Ropa,1342.26,8053.56
2023-11-21,4,Vendedor_10,3,8,Producto 3,Deportes,1833.9,14671.2
2023-11-21,4,Vendedor_12,7,10,Producto 7,Electrónica,1799.16,17991.6
2023-11-22,1,Vendedor_9,9,4,Producto 9,Hogar,2853.79,11415.16
2023-11-22,4,Vendedor_13,3,7,Producto 3,Deportes,2221.65,15551.55
2023-11-22,4,Vendedor_7,18,6,Producto 18,Electrónica,176.03,1056.18
2023-11-22,1,Vendedor_1,16,1,Producto 16,Deportes,581.55,581.55
2023-11-22,5,Vendedor_2,11,6,Producto 11,Ropa,2361.03,14166.18
2023-11-22,1,Vendedor_11,8,7,Producto 8,Deportes,238.43,1669.01
2023-11-22,4,Vendedor_5,4,4,Producto 4,Ropa,2574.99,10299.96
2023-11-23,3,Vendedor_13,11,6,Producto 11,Ropa,2158.77,12952.62
2023-11-23,4,Vendedor_7,17,5,Producto 17,Ropa,1638.79,8193.95
2023-11-23,4,Vendedor_11,13,3,Producto 13,Deportes,3307.62,9922.86
2023-11-23,1,Vendedor_1,18,5,Producto 18,Electrónica,183.27,916.35
2023-11-24,5,Vendedor_8,8,3,Producto 8,Deportes,257.11,771.33
2023-11-24,4,Vendedor_11,10,5,Producto 10,Electrónica,2125.68,10628.4
2023-11-25,1,Vendedor_12,19,4,Producto 19,Alimentos,547.18,2188.72
2023-11-25,1,Vendedor_8,17,6,Producto 17,Ropa,1573.84,9443.04
2023-11-25,4,Vendedor_4,17,11,Producto 17,Ropa,1509.84,16608.24
2023-11-25,1,Vendedor_5,5,11,Producto 5,Ropa,1430.49,15735.39
2023-11-25,4,Vendedor_1,7,11,Producto 7,Electrónica,1791.16,19702.76
2023-11-25,3,Vendedor_13,13,3,Producto 13,Deportes,3057.46,9172.38
2023-11-25,3,Vendedor_14,5,8,Producto 5,Ropa,1508.88,12071.04
2023-11-25,2,Vendedor_7,14,11,Producto 14,Deportes,2680.42,29484.62
2023-11-25,5,Vendedor_3,14,9,Producto 14,Deportes,2876.11,25884.99
2023-11-25,3,Vendedor_12,16,9,Producto 16,Deportes,575.45,5179.05
2023-11-26,1,Vendedor_13,6,7,Producto 6,Alimentos,669.81,4688.67
2023-11-26,5,Vendedor_7,20,2,Producto 20,Ropa,2246.29,4492.58
2023-11-26,4,Vendedor_1,7,1,Producto 7,Electrónica,1800.88,1800.88
2023-11-26,1,Vendedor_11,4,2,Producto 4,Ropa,2342.79,4685.58
2023-11-26,1,Vendedor_6,14,6,Producto 14,Deportes,2991.58,17949.48
2023-11-26,2,Vendedor_6,20,4,Producto 20,Ropa,2324.17,9296.68
2023-11-27,1,Vendedor_11,7,2,Producto 7,Electrónica,1606.85,3213.7
2023-11-27,1,Vendedor_15,10,3,Producto 10,Electrónica,2076.08,6228.24
2023-11-27,3,Vendedor_5,13,8,Producto 13,Deportes,3348.27,26786.16
2023-11-27,4,Vendedor_10,3,1,Producto 3,Deportes,1769.66,1769.66
2023-11-27,1,Vendedor_2,13,10,Producto 13,Deportes,2729.57,27295.7
2023-11-27,2,Vendedor_9,17,6,Producto 17,Ropa,1509.53,9057.18
2023-11-27,4,Vendedor_14,15,8,Producto 15,Deportes,2423.97,19391.76
2023-11-27,1,Vendedor_11,20,9,Producto 20,Ropa,1909.99,17189.91
2023-11-27,2,Vendedor_15,5,5,Producto 5,Ropa,1555.76,7778.8
2023-11-27,5,Vendedor_2,10,2,Producto 10,Electrónica,1767.89,3535.78
2023-11-27,2,Vendedor_3,14,8,Producto 14,Deportes,2788.97,22311.76
2023-11-28,4,Vendedor_14,1,5,Producto 1,Electrónica,1126.13,5630.65
2023-11-28,4,Vendedor_4,14,9,Producto 14,Deportes,2803.97,25235.73
2023-11-29,4,Vendedor_9,11,4,Producto 11,Ropa,2493.24,9972.96
2023-11-29,4,Vendedor_11,8,3,Producto 8,Deportes,228.58,685.74
2023-11-29,1,Vendedor_7,8,7,Producto 8,Deportes,251.61,1761.27
2023-11-29,3,Vendedor_1,10,4,Producto 10,Electrónica,2001.18,8004.72
2023-11-29,4,Vendedor_2,14,11,Producto 14,Deportes,2972.3,32695.3
2023-11-29,1,Vendedor_5,19,1,Producto 19,Alimentos,487.74,487.74
2023-11-29,1,Vendedor_9,15,9,Producto 15,Deportes,2259.72,20337.48
2023-11-29,4,Vendedor_7,6,10,Producto 6,Alimentos,765.53,7655.3
2023-11-30,3,Vendedor_5,12,9,Producto 12,Alimentos,1223.78,11014.02
2023-12-01,1,Vendedor_4,3,11,Producto 3,Deportes,1876.77,20644.47
2023-12-01,1,Vendedor_2,14,2,Producto 14,Deportes,2786.42,5572.84
2023-12-01,5,Vendedor_5,19,1,Producto 19,Alimentos,558.41,558.41
2023-12-02,1,Vendedor_15,4,10,Producto 4,Ropa,2784.7,27847.0
2023-12-02,1,Vendedor_13,15,5,Producto 15,Deportes,2222.89,11114.45
2023-12-02,5,Vendedor_9,17,3,Producto 17,Ropa,1457.53,4372.59
2023-12-02,1,Vendedor_1,18,4,Producto 18,Electrónica,161.45,645.8
2023-12-02,1,Vendedor_7,17,8,Producto 17,Ropa,1476.33,11810.64
2023-12-03,3,Vendedor_12,18,2,Producto 18,Electrónica,166.06,332.12
2023-12-03,5,Vendedor_10,10,1,Producto 10,Electrónica,2061.55,2061.55
2023-12-03,3,Vendedor_4,18,4,Producto 18,Electrónica,184.79,739.16
2023-12-03,3,Vendedor_11,20,8,Producto 20,Ropa,2292.15,18337.2
2023-12-03,4,Vendedor_3,7,3,Producto 7,Electrónica,1555.89,4667.67
2023-12-03,4,Vendedor_7,13,4,Producto 13,Deportes,2893.36,11573.44
2023-12-04,5,Vendedor_11,20,5,Producto 20,Ropa,1904.19,9520.95
2023-12-04,4,Vendedor_1,12,10,Producto 12,Alimentos,1084.48,10844.8
2023-12-04,4,Vendedor_2,14,9,Producto 14,Deportes,2658.17,23923.53
2023-12-04,5,Vendedor_5,15,9,Producto 15,Deportes,2322.45,20902.05
2023-12-04,3,Vendedor_7,16,4,Producto 16,Deportes,645.26,2581.04
2023-12-04,1,Vendedor_8,17,10,Producto 17,Ropa,1318.1,13181.0
2023-12-04,3,Vendedor_2,16,3,Producto 16,Deportes,714.25,2142.75
2023-12-05,4,Vendedor_2,12,2,Producto 12,Alimentos,1217.2,2434.4
2023-12-05,1,Vendedor_12,5,11,Producto 5,Ropa,1545.01,16995.11
2023-12-05,2,Vendedor_6,10,7,Producto 10,Electrónica,2115.24,14806.68
2023-12-05,1,Vendedor_14,1,3,Producto 1,Electrónica,1283.21,3849.63
2023-12-05,2,Vendedor_10,3,7,Producto 3,Deportes,2216.28,15513.96
2023-12-05,4,Vendedor_3,3,10,Producto 3,Deportes,1910.14,19101.4
2023-12-06,3,Vendedor_6,11,10,Producto 11,Ropa,2306.76,23067.6
2023-12-06,3,Vendedor_13,9,6,Producto 9,Hogar,2431.42,14588.52
2023-12-06,2,Vendedor_6,11,5,Producto 11,Ropa,2550.61,12753.05
2023-12-06,5,Vendedor_3,18,2,Producto 18,Electrónica,163.27,326.54
2023-12-06,3,Vendedor_9,6,11,Producto 6,Alimentos,653.05,7183.55
2023-12-06,5,Vendedor_9,14,11,Producto 14,Deportes,2779.35,30572.85
2023-12-06,2,Vendedor_15,13,10,Producto 13,Deportes,3291.52,32915.2
2023-12-07,5,Vendedor_10,6,2,Producto 6,Alimentos,695.36,1390.72
2023-12-07,3,Vendedor_14,11,9,Producto 11,Ropa,2304.72,20742.48
2023-12-07,2,Vendedor_12,5,6,Producto 5,Ropa,1354.87,8129.22
2023-12-07,3,Vendedor_9,12,5,Producto 12,Alimentos,1162.83,5814.15
2023-12-07,5,Vendedor_9,5,2,Producto 5,Ropa,1322.36,2644.72
2023-12-07,3,Vendedor_11,12,1,Producto 12,Alimentos,1048.97,1048.97
2023-12-07,2,Vendedor_8,12,8,Producto 12,Alimentos,1189.19,9513.52
2023-12-07,5,Vendedor_14,5,5,Producto 5,Ropa,1432.37,7161.85
2023-12-08,5,Vendedor_13,17,11,Producto 17,Ropa,1606.87,17675.57
2023-12-08,1,Vendedor_4,5,10,Producto 5,Ropa,1233.14,12331.4
2023-12-08,4,Vendedor_2,18,2,Producto 18,Electrónica,201.91,403.82
2023-12-09,3,Vendedor_11,3,5,Producto 3,Deportes,1976.74,9883.7
2023-12-09,2,Vendedor_15,13,10,Producto 13,Deportes,2794.28,27942.8
2023-12-09,5,Vendedor_7,20,2,Producto 20,Ropa,2076.91,4153.82
2023-12-09,1,Vendedor_11,10,5,Producto 10,Electrónica,1747.61,8738.05
2023-12-09,4,Vendedor_10,12,10,Producto 12,Alimentos,1150.51,11505.1
2023-12-10,1,Vendedor_3,9,9,Producto 9,Hogar,2393.09,21537.81
2023-12-10,4,Vendedor_2,12,4,Producto 12,Alimentos,1203.11,4812.44
2023-12-10,4,Vendedor_13,3,6,Producto 3,Deportes,1789.85,10739.1
2023-12-10,1,Vendedor_14,19,3,Producto 19,Alimentos,477.14,1431.42
2023-12-10,5,Vendedor_14,17,6,Producto 17,Ropa,1569.65,9417.9
2023-12-11,1,Vendedor_13,16,1,Producto 16,Deportes,580.79,580.79
2023-12-11,5,Vendedor_6,16,8,Producto 16,Deportes,673.25,5386.0
2023-12-11,5,Vendedor_12,20,8,Producto 20,Ropa,1950.35,15602.8
2023-12-11,5,Vendedor_11,14,9,Producto 14,Deportes,2629.86,23668.74
2023-12-11,1,Vendedor_12,15,11,Producto 15,Deportes,2432.59,26758.49
2023-12-11,3,Vendedor_2,15,8,Producto 15,Deportes,2483.75,19870.0
2023-12-11,4,Vendedor_13,9,4,Producto 9,Hogar,2485.62,9942.48
2023-12-11,1,Vendedor_9,18,7,Producto 18,Electrónica,178.84,1251.88
2023-12-11,3,Vendedor_13,9,7,Producto 9,Hogar,2727.11,19089.77
2023-12-11,3,Vendedor_8,9,6,Producto 9,Hogar,2425.94,14555.64
2023-12-12,4,Vendedor_3,16,10,Producto 16,Deportes,591.73,5917.3
2023-12-12,2,Vendedor_5,13,11,Producto 13,Deportes,2749.57,30245.27
2023-12-12,4,Vendedor_5,18,7,Producto 18,Electrónica,188.74,1321.18
2023-12-12,1,Vendedor_10,4,6,Producto 4,Ropa,2535.93,15215.58
2023-12-12,2,Vendedor_7,3,9,Producto 3,Deportes,1944.44,17499.96
2023-12-12,2,Vendedor_3,9,4,Producto 9,Hogar,2399.47,9597.88
2023-12-13,3,Vendedor_8,3,10,Producto 3,Deportes,2028.83,20288.3
2023-12-13,5,Vendedor_2,16,10,Producto 16,Deportes,600.1,6001.0
2023-12-13,4,Vendedor_6,14,2,Producto 14,Deportes,3061.36,6122.72
2023-12-13,3,Vendedor_8,11,9,Producto 11,Ropa,2299.82,20698.38
2023-12-13,1,Vendedor_2,19,9,Producto 19,Alimentos,472.05,4248.45
2023-12-13,5,Vendedor_10,3,3,Producto 3,Deportes,1826.21,5478.63
2023-12-14,2,Vendedor_15,4,3,Producto 4,Ropa,2786.99,8360.97
2023-12-14,1,Vendedor_7,10,11,Producto 10,Electrónica,1912.2,21034.2
2023-12-14,2,Vendedor_10,19,7,Producto 19,Alimentos,495.66,3469.62
2023-12-14,5,Vendedor_13,6,2,Producto 6,Alimentos,690.83,1381.66
2023-12-14,2,Vendedor_1,14,2,Producto 14,Deportes,2800.99,5601.98
2023-12-15,2,Vendedor_5,2,10,Producto 2,Deportes,3026.1,30261.0
2023-12-15,2,Vendedor_7,11,11,Producto 11,Ropa,2568.64,28255.04
2023-12-15,3,Vendedor_1,10,9,Producto 10,Electrónica,1914.41,17229.69
2023-12-15,3,Vendedor_13,6,1,Producto 6,Alimentos,676.65,676.65
2023-12-15,4,Vendedor_13,17,4,Producto 17,Ropa,1363.47,5453.88
2023-12-16,3,Vendedor_6,10,3,Producto 10,Electrónica,2109.54,6328.62
2023-12-17,1,Vendedor_8,16,7,Producto 16,Deportes,620.88,4346.16
2023-12-17,5,Vendedor_5,3,8,Producto 3,Deportes,2028.56,16228.48
2023-12-17,4,Vendedor_12,6,1,Producto 6,Alimentos,678.28,678.28
2023-12-17,5,Vendedor_9,18,8,Producto 18,Electrónica,193.7,1549.6
2023-12-18,5,Vendedor_5,1,4,Producto 1,Electrónica,1143.25,4573.0
2023-12-18,3,Vendedor_3,7,3,Producto 7,Electrónica,1779.22,5337.66
2023-12-18,2,Vendedor_9,18,4,Producto 18,Electrónica,176.98,707.92
2023-12-18,4,Vendedor_12,10,3,Producto 10,Electrónica,2133.83,6401.49
2023-12-18,4,Vendedor_8,15,9,Producto 15,Deportes,2684.35,24159.15
2023-12-18,5,Vendedor_14,15,3,Producto 15,Deportes,2318.16,6954.48
2023-12-18,1,Vendedor_14,13,2,Producto 13,Deportes,2745.92,5491.84
2023-12-18,5,Vendedor_15,11,8,Producto 11,Ropa,2172.23,17377.84
2023-12-18,1,Vendedor_12,3,11,Producto 3,Deportes,1813.86,19952.46
2023-12-18,2,Vendedor_9,6,3,Producto 6,Alimentos,767.44,2302.32
2023-12-19,2,Vendedor_4,18,6,Producto 18,Electrónica,191.99,1151.94
2023-12-19,1,Vendedor_2,14,10,Producto 14,Deportes,2990.06,29900.6
2023-12-19,5,Vendedor_6,9,10,Producto 9,Hogar,2396.42,23964.2
2023-12-19,5,Vendedor_12,9,8,Producto 9,Hogar,2562.74,20501.92
2023-12-19,3,Vendedor_9,2,9,Producto 2,Deportes,2880.66,25925.94
2023-12-20,2,Vendedor_12,1,6,Producto 1,Electrónica,1102.45,6614.7
2023-12-20,3,Vendedor_15,16,4,Producto 16,Deportes,631.96,2527.84
2023-12-20,3,Vendedor_10,17,10,Producto 17,Ropa,1412.88,14128.8
2023-12-20,2,Vendedor_14,2,5,Producto 2,Deportes,3005.0,15025.0
2023-12-20,3,Vendedor_1,13,6,Producto 13,Deportes,2931.84,17591.04
2023-12-21,2,Vendedor_12,14,11,Producto 14,Deportes,2919.01,32109.11
2023-12-21,2,Vendedor_10,11,4,Producto 11,Ropa,2336.58,9346.32
2023-12-21,4,Vendedor_5,11,10,Producto 11,Ropa,2302.79,23027.9
2023-12-21,4,Vendedor_7,14,1,Producto 14,Deportes,2937.01,2937.01
2023-12-21,1,Vendedor_5,3,10,Producto 3,Deportes,1872.94,18729.4
2023-12-21,5,Vendedor_15,7,5,Producto 7,Electrónica,1575.04,7875.2
2023-12-21,3,Vendedor_3,4,7,Producto 4,Ropa,2671.79,18702.53
2023-12-22,2,Vendedor_2,3,10,Producto 3,Deportes,2199.13,21991.3
2023-12-22,2,Vendedor_7,18,2,Producto 18,Electrónica,187.61,375.22
2023-12-22,1,Vendedor_8,8,4,Producto 8,Deportes,232.43,929.72
2023-12-22,2,Vendedor_5,2,9,Producto 2,Deportes,2956.78,26611.02
2023-12-22,2,Vendedor_9,2,3,Producto 2,Deportes,2641.32,7923.96
2023-12-22,1,Vendedor_1,3,1,Producto 3,Deportes,2167.84,2167.84
2023-12-22,4,Vendedor_2,12,6,Producto 12,Alimentos,1215.28,7291.68
2023-12-22,4,Vendedor_1,9,9,Producto 9,Hogar,2457.46,22117.14
2023-12-23,2,Vendedor_4,17,4,Producto 17,Ropa,1592.23,6368.92
2023-12-23,4,Vendedor_9,19,4,Producto 19,Alimentos,514.33,2057.32
2023-12-23,5,Vendedor_8,10,2,Producto 10,Electrónica,1869.29,3738.58
2023-12-23,1,Vendedor_5,2,2,Producto 2,Deportes,2741.51,5483.02
2023-12-23,3,Vendedor_9,4,6,Producto 4,Ropa,2721.42,16328.52
2023-12-24,1,Vendedor_8,15,9,Producto 15,Deportes,2477.4,22296.6
2023-12-24,3,Vendedor_6,11,2,Producto 11,Ropa,2450.07,4900.14
2023-12-24,4,Vendedor_11,12,1,Producto 12,Alimentos,1236.59,1236.59
2023-12-24,3,Vendedor_15,11,4,Producto 11,Ropa,2387.79,9551.16
2023-12-24,2,Vendedor_4,19,6,Producto 19,Alimentos,518.2,3109.2
2023-12-25,2,Vendedor_11,3,1,Producto 3,Deportes,1942.04,1942.04
2023-12-25,5,Vendedor_9,9,4,Producto 9,Hogar,2438.63,9754.52
2023-12-25,4,Vendedor_4,4,4,Producto 4,Ropa,2752.05,11008.2
2023-12-25,5,Vendedor_2,11,11,Producto 11,Ropa,2453.3,26986.3
2023-12-25,2,Vendedor_11,4,5,Producto 4,Ropa,2423.31,12116.55
2023-12-25,3,Vendedor_1,12,11,Producto 12,Alimentos,1049.95,11549.45
2023-12-26,3,Vendedor_9,13,10,Producto 13,Deportes,2654.96,26549.6
2023-12-26,4,Vendedor_2,18,1,Producto 18,Electrónica,176.06,176.06
2023-12-26,5,Vendedor_8,4,10,Producto 4,Ropa,2561.58,25615.8
2023-12-26,2,Vendedor_11,5,7,Producto 5,Ropa,1550.84,10855.88
2023-12-26,1,Vendedor_4,15,6,Producto 15,Deportes,2312.91,13877.46
2023-12-26,4,Vendedor_4,17,11,Producto 17,Ropa,1378.48,15163.28
2023-12-27,2,Vendedor_7,16,8,Producto 16,Deportes,597.12,4776.96
2023-12-27,5,Vendedor_1,19,2,Producto 19,Alimentos,579.69,1159.38
2023-12-27,3,Vendedor_11,13,9,Producto 13,Deportes,2638.83,23749.47
2023-12-27,4,Vendedor_2,9,2,Producto 9,Hogar,2285.2,4570.4
2023-12-27,4,Vendedor_1,13,6,Producto 13,Deportes,3244.88,19469.28
2023-12-27,2,Vendedor_2,18,11,Producto 18,Electrónica,179.38,1973.18
2023-12-27,3,Vendedor_5,2,4,Producto 2,Deportes,2855.35,11421.4
2023-12-27,3,Vendedor_10,12,9,Producto 12,Alimentos,1070.63,9635.67
2023-12-28,2,Vendedor_14,11,5,Producto 11,Ropa,2444.32,12221.6
2023-12-28,3,Vendedor_8,11,4,Producto 11,Ropa,2622.1,10488.4
2023-12-28,3,Vendedor_12,13,7,Producto 13,Deportes,2901.05,20307.35
2023-12-28,2,Vendedor_11,15,7,Producto 15,Deportes,2258.24,15807.68
2023-12-28,4,Vendedor_12,20,8,Producto 20,Ropa,2098.58,16788.64
2023-12-28,1,Vendedor_5,9,11,Producto 9,Hogar,2315.12,25466.32
2023-12-28,3,Vendedor_15,15,11,Producto 15,Deportes,2417.64,26594.04
2023-12-28,2,Vendedor_9,9,9,Producto 9,Hogar,2286.57,20579.13
2023-12-29,2,Vendedor_13,9,8,Producto 9,Hogar,2614.55,20916.4
2023-12-29,3,Vendedor_3,14,6,Producto 14,Deportes,2933.99,17603.94
2023-12-29,1,Vendedor_10,4,3,Producto 4,Ropa,2390.17,7170.51
2023-12-29,1,Vendedor_9,18,11,Producto 18,Electrónica,172.76,1900.36
2023-12-29,2,Vendedor_12,18,5,Producto 18,Electrónica,193.11,965.55
2023-12-29,2,Vendedor_4,18,10,Producto 18,Electrónica,164.96,1649.6
2023-12-29,1,Vendedor_6,8,1,Producto 8,Deportes,218.56,218.56
2023-12-29,5,Vendedor_6,5,7,Producto 5,Ropa,1428.65,10000.55
2023-12-29,2,Vendedor_11,5,8,Producto 5,Ropa,1318.8,10550.4
2023-12-30,5,Vendedor_4,14,6,Producto 14,Deportes,2591.21,15547.26
2023-12-30,1,Vendedor_12,5,7,Producto 5,Ropa,1415.87,9911.09
2023-12-30,4,Vendedor_14,4,2,Producto 4,Ropa,2307.22,4614.44
2023-12-30,2,Vendedor_13,2,8,Producto 2,Deportes,2957.94,23663.52
2023-12-30,1,Vendedor_14,3,9,Producto 3,Deportes,1987.52,17887.68
2023-12-30,5,Vendedor_13,2,2,Producto 2,Deportes,3137.35,6274.7
2023-12-31,2,Vendedor_15,15,7,Producto 15,Deportes,2221.53,15550.71
2023-12-31,3,Vendedor_6,4,6,Producto 4,Ropa,2362.79,14176.74
2023-12-31,3,Vendedor_6,17,7,Producto 17,Ropa,1536.57,10755.99
2024-01-01,5,Vendedor_1,18,6,Producto 18,Electrónica,190.91,1145.46
2024-01-01,2,Vendedor_7,3,3,Producto 3,Deportes,1862.84,5588.52
2024-01-01,5,Vendedor_11,1,10,Producto 1,Electrónica,1194.71,11947.1
2024-01-02,3,Vendedor_10,14,6,Producto 14,Deportes,2718.99,16313.94
2024-01-02,4,Vendedor_9,8,1,Producto 8,Deportes,255.92,255.92
2024-01-02,3,Vendedor_3,16,9,Producto 16,Deportes,603.15,5428.35
2024-01-02,5,Vendedor_15,12,7,Producto 12,Alimentos,1060.05,7420.35
2024-01-02,1,Vendedor_15,11,6,Producto 11,Ropa,2298.74,13792.44
2024-01-02,5,Vendedor_8,3,9,Producto 3,Deportes,1978.97,17810.73
2024-01-02,2,Vendedor_15,9,1,Producto 9,Hogar,2340.02,2340.02
2024-01-03,1,Vendedor_1,8,5,Producto 8,Deportes,215.34,1076.7
2024-01-03,3,Vendedor_8,16,6,Producto 16,Deportes,634.88,3809.28
2024-01-03,4,Vendedor_9,19,1,Producto 19,Alimentos,577.36,577.36
2024-01-03,3,Vendedor_15,14,2,Producto 14,Deportes,3042.29,6084.58
2024-01-03,3,Vendedor_9,14,11,Producto 14,Deportes,3054.58,33600.38
2024-01-03,4,Vendedor_6,13,10,Producto 13,Deportes,3204.19,32041.9
2024-01-03,5,Vendedor_12,3,7,Producto 3,Deportes,1951.42,13659.94
2024-01-04,5,Vendedor_9,14,4,Producto 14,Deportes,2615.57,10462.28
2024-01-04,1,Vendedor_5,4,4,Producto 4,Ropa,2285.05,9140.2
2024-01-04,5,Vendedor_11,6,1,Producto 6,Alimentos,712.37,712.37
2024-01-04,4,Vendedor_6,14,5,Producto 14,Deportes,2795.02,13975.1
2024-01-04,2,Vendedor_7,12,4,Producto 12,Alimentos,1015.33,4061.32
2024-01-05,3,Vendedor_10,7,10,Producto 7,Electrónica,1710.62,17106.2
2024-01-05,1,Vendedor_11,1,8,Producto 1,Electrónica,1222.54,9780.32
2024-01-05,5,Vendedor_7,20,5,Producto 20,Ropa,2127.66,10638.3
2024-01-05,5,Vendedor_3,10,4,Producto 10,Electrónica,2188.58,8754.32
2024-01-05,1,Vendedor_13,7,6,Producto 7,Electrónica,1690.98,10145.88
2024-01-05,4,Vendedor_13,9,7,Producto 9,Hogar,2430.83,17015.81
2024-01-05,4,Vendedor_2,11,7,Producto 11,Ropa,2207.55,15452.85
2024-01-05,2,Vendedor_9,11,8,Producto 11,Ropa,2132.18,17057.44
2024-01-06,2,Vendedor_9,14,4,Producto 14,Deportes,2675.37,10701.48
2024-01-06,1,Vendedor_15,19,11,Producto 19,Alimentos,541.82,5960.02
2024-01-06,4,Vendedor_6,4,4,Producto 4,Ropa,2700.2,10800.8
2024-01-06,2,Vendedor_14,9,3,Producto 9,Hogar,2715.0,8145.0
2024-01-06,5,Vendedor_8,13,9,Producto 13,Deportes,2748.82,24739.38
2024-01-07,2,Vendedor_4,3,2,Producto 3,Deportes,1759.21,3518.42
2024-01-07,1,Vendedor_6,16,11,Producto 16,Deportes,562.92,6192.12
2024-01-07,4,Vendedor_10,8,1,Producto 8,Deportes,224.69,224.69
2024-01-07,5,Vendedor_6,11,9,Producto 11,Ropa,2320.93,20888.37
2024-01-07,4,Vendedor_1,6,7,Producto 6,Alimentos,825.13,5775.91
2024-01-07,5,Vendedor_4,2,11,Producto 2,Deportes,3134.84,34483.24
2024-01-07,3,Vendedor_7,8,4,Producto 8,Deportes,234.81,939.24
2024-01-07,3,Vendedor_3,15,2,Producto 15,Deportes,2486.37,4972.74
2024-01-08,4,Vendedor_5,5,4,Producto 5,Ropa,1305.29,5221.16
2024-01-08,5,Vendedor_1,9,3,Producto 9,Hogar,2700.62,8101.86
2024-01-08,5,Vendedor_6,17,9,Producto 17,Ropa,1510.91,13598.19
2024-01-08,4,Vendedor_2,12,7,Producto 12,Alimentos,1022.58,7158.06
2024-01-08,1,Vendedor_9,20,4,Producto 20,Ropa,2224.28,8897.12
2024-01-08,1,Vendedor_12,20,6,Producto 20,Ropa,2218.36,13310.16
2024-01-08,3,Vendedor_4,17,6,Producto 17,Ropa,1524.99,9149.94
2024-01-08,3,Vendedor_5,9,7,Producto 9,Hogar,2632.8,18429.6
2024-01-08,4,Vendedor_7,11,4,Producto 11,Ropa,2524.8,10099.2
2024-01-09,2,Vendedor_10,11,10,Producto 11,Ropa,2061.38,20613.8
2024-01-09,5,Vendedor_2,9,3,Producto 9,Hogar,2795.23,8385.69
2024-01-09,2,Vendedor_15,19,10,Producto 19,Alimentos,518.28,5182.8
2024-01-10,2,Vendedor_5,1,3,Producto 1,Electrónica,1250.4,3751.2
2024-01-10,1,Vendedor_12,1,1,Producto 1,Electrónica,1045.24,1045.24
2024-01-10,2,Vendedor_3,15,8,Producto 15,Deportes,2438.04,19504.32
2024-01-10,3,Vendedor_10,9,5,Producto 9,Hogar,2290.45,11452.25
2024-01-10,2,Vendedor_11,8,8,Producto 8,Deportes,216.32,1730.56
2024-01-10,2,Vendedor_3,4,7,Producto 4,Ropa,2626.4,18384.8
2024-01-11,4,Vendedor_14,20,7,Producto 20,Ropa,2106.9,14748.3
2024-01-11,3,Vendedor_11,12,8,Producto 12,Alimentos,1160.5,9284.0
2024-01-11,2,Vendedor_11,2,8,Producto 2,Deportes,3089.66,24717.28
2024-01-11,3,Vendedor_13,17,5,Producto 17,Ropa,1351.89,6759.45
2024-01-11,5,Vendedor_11,10,7,Producto 10,Electrónica,1749.43,12246.01
2024-01-11,3,Vendedor_1,6,3,Producto 6,Alimentos,737.84,2213.52
2024-01-11,5,Vendedor_5,7,10,Producto 7,Electrónica,1735.88,17358.8
2024-01-12,3,Vendedor_2,9,8,Producto 9,Hogar,2826.73,22613.84
2024-01-12,2,Vendedor_14,4,11,Producto 4,Ropa,2349.83,25848.13
2024-01-12,3,Vendedor_4,12,11,Producto 12,Alimentos,1100.72,12107.92
2024-01-12,1,Vendedor_7,5,11,Producto 5,Ropa,1309.19,14401.09
2024-01-12,3,Vendedor_14,17,8,Producto 17,Ropa,1351.73,10813.84
2024-01-12,1,Vendedor_7,16,3,Producto 16,Deportes,610.39,1831.17
2024-01-13,1,Vendedor_1,10,4,Producto 10,Electrónica,1856.94,7427.76
2024-01-13,3,Vendedor_14,20,7,Producto 20,Ropa,2032.87,14230.09
2024-01-13,1,Vendedor_12,17,11,Producto 17,Ropa,1567.06,17237.66
2024-01-13,3,Vendedor_3,13,6,Producto 13,Deportes,3190.24,19141.44
2024-01-13,1,Vendedor_9,20,3,Producto 20,Ropa,2191.39,6574.17
2024-01-13,5,Vendedor_10,13,7,Producto 13,Deportes,2912.79,20389.53
2024-01-13,3,Vendedor_8,7,11,Producto 7,Electrónica,1886.11,20747.21
2024-01-13,5,Vendedor_12,11,6,Producto 11,Ropa,2579.91,15479.46
2024-01-14,1,Vendedor_15,7,9,Producto 7,Electrónica,1773.79,15964.11
2024-01-14,5,Vendedor_10,2,1,Producto 2,Deportes,2590.45,2590.45
2024-01-14,2,Vendedor_7,2,2,Producto 2,Deportes,2547.72,5095.44
2024-01-14,4,Vendedor_10,19,10,Producto 19,Alimentos,471.15,4711.5
2024-01-14,5,Vendedor_8,11,9,Producto 11,Ropa,2564.09,23076.81
2024-01-14,5,Vendedor_1,11,5,Producto 11,Ropa,2203.43,11017.15
2024-01-15,4,Vendedor_7,11,6,Producto 11,Ropa,2283.3,13699.8
2024-01-15,2,Vendedor_4,15,2,Producto 15,Deportes,2238.98,4477.96
2024-01-15,3,Vendedor_9,13,6,Producto 13,Deportes,2839.86,17039.16
2024-01-15,3,Vendedor_9,4,1,Producto 4,Ropa,2290.39,2290.39
2024-01-15,3,Vendedor_4,13,4,Producto 13,Deportes,2890.59,11562.36
2024-01-15,2,Vendedor_5,20,6,Producto 20,Ropa,1957.48,11744.88
2024-01-16,2,Vendedor_5,14,10,Producto 14,Deportes,2917.42,29174.2
2024-01-17,5,Vendedor_10,14,2,Producto 14,Deportes,2718.18,5436.36
2024-01-17,5,Vendedor_2,15,6,Producto 15,Deportes,2516.47,15098.82
2024-01-17,5,Vendedor_13,15,11,Producto 15,Deportes,2304.77,25352.47
2024-01-17,1,Vendedor_14,6,2,Producto 6,Alimentos,699.78,1399.56
2024-01-17,2,Vendedor_5,5,11,Producto 5,Ropa,1514.55,16660.05
2024-01-17,3,Vendedor_15,8,3,Producto 8,Deportes,269.94,809.82
2024-01-17,3,Vendedor_4,17,7,Producto 17,Ropa,1368.71,9580.97
2024-01-18,3,Vendedor_3,12,1,Producto 12,Alimentos,1044.78,1044.78
2024-01-18,2,Vendedor_2,18,9,Producto 18,Electrónica,190.83,1717.47
2024-01-18,4,Vendedor_4,16,6,Producto 16,Deportes,630.14,3780.84
2024-01-19,4,Vendedor_12,17,4,Producto 17,Ropa,1585.9,6343.6
2024-01-19,1,Vendedor_7,3,6,Producto 3,Deportes,1851.09,11106.54
2024-01-19,4,Vendedor_2,1,5,Producto 1,Electrónica,1078.21,5391.05
2024-01-19,1,Vendedor_5,12,8,Producto 12,Alimentos,1007.89,8063.12
2024-01-19,3,Vendedor_1,15,3,Producto 15,Deportes,2243.48,6730.44
2024-01-19,5,Vendedor_7,13,4,Producto 13,Deportes,3150.94,12603.76
2024-01-20,2,Vendedor_3,5,6,Producto 5,Ropa,1330.86,7985.16
2024-01-20,3,Vendedor_2,14,1,Producto 14,Deportes,2660.25,2660.25
2024-01-20,4,Vendedor_2,18,2,Producto 18,Electrónica,194.86,389.72
2024-01-20,1,Vendedor_2,11,4,Producto 11,Ropa,2284.1,9136.4
2024-01-20,4,Vendedor_3,1,11,Producto 1,Electrónica,1131.32,12444.52
2024-01-20,3,Vendedor_4,7,2,Producto 7,Electrónica,1664.58,3329.16
2024-01-21,2,Vendedor_4,3,11,Producto 3,Deportes,1876.84,20645.24
2024-01-21,1,Vendedor_2,12,3,Producto 12,Alimentos,1131.74,3395.22
2024-01-21,5,Vendedor_10,1,8,Producto 1,Electrónica,1210.08,9680.64
2024-01-21,1,Vendedor_15,16,9,Producto 16,Deportes,578.25,5204.25
2024-01-21,2,Vendedor_9,3,2,Producto 3,Deportes,1877.84,3755.68
2024-01-21,4,Vendedor_8,2,10,Producto 2,Deportes,3048.52,30485.2
2024-01-21,2,Vendedor_13,10,1,Producto 10,Electrónica,1872.56,1872.56
2024-01-21,5,Vendedor_4,14,9,Producto 14,Deportes,2416.53,21748.77
2024-01-22,4,Vendedor_1,7,10,Producto 7,Electrónica,1869.71,18697.1
2024-01-22,4,Vendedor_10,8,5,Producto 8,Deportes,215.27,1076.35
2024-01-22,2,Vendedor_3,12,5,Producto 12,Alimentos,1254.3,6271.5
2024-01-22,5,Vendedor_15,16,9,Producto 16,Deportes,684.95,6164.55
2024-01-22,1,Vendedor_11,17,9,Producto 17,Ropa,1339.73,12057.57
2024-01-22,4,Vendedor_7,14,8,Producto 14,Deportes,2924.75,23398.0
2024-01-22,1,Vendedor_14,7,3,Producto 7,Electrónica,1931.25,5793.75
2024-01-22,4,Vendedor_8,19,6,Producto 19,Alimentos,521.5,3129.0
2024-01-23,2,Vendedor_6,13,7,Producto 13,Deportes,2839.27,19874.89
2024-01-23,5,Vendedor_10,7,2,Producto 7,Electrónica,1934.06,3868.12
2024-01-23,2,Vendedor_8,17,10,Producto 17,Ropa,1510.18,15101.8
2024-01-23,2,Vendedor_15,12,2,Producto 12,Alimentos,1053.75,2107.5
2024-01-24,3,Vendedor_15,9,5,Producto 9,Hogar,2845.7,14228.5
2024-01-24,3,Vendedor_2,3,1,Producto 3,Deportes,1825.17,1825.17
2024-01-24,1,Vendedor_3,1,1,Producto 1,Electrónica,1109.22,1109.22
2024-01-25,5,Vendedor_14,7,7,Producto 7,Electrónica,1561.91,10933.37
2024-01-25,5,Vendedor_12,20,9,Producto 20,Ropa,2248.04,20232.36
2024-01-25,1,Vendedor_5,8,5,Producto 8,Deportes,265.09,1325.45
2024-01-25,3,Vendedor_3,16,3,Producto 16,Deportes,596.51,1789.53
2024-01-25,1,Vendedor_11,12,8,Producto 12,Alimentos,994.59,7956.72
2024-01-25,3,Vendedor_5,20,4,Producto 20,Ropa,2371.69,9486.76
2024-01-25,1,Vendedor_13,1,3,Producto 1,Electrónica,1031.17,3093.51
2024-01-25,4,Vendedor_15,15,1,Producto 15,Deportes,2463.32,2463.32
2024-01-25,2,Vendedor_12,8,10,Producto 8,Deportes,227.91,2279.1
2024-01-26,3,Vendedor_2,20,2,Producto 20,Ropa,2120.64,4241.28
2024-01-26,3,Vendedor_5,9,5,Producto 9,Hogar,2555.88,12779.4
2024-01-26,4,Vendedor_7,8,6,Producto 8,Deportes,254.71,1528.26
2024-01-27,3,Vendedor_10,11,7,Producto 11,Ropa,2528.39,17698.73
2024-01-27,4,Vendedor_7,19,11,Producto 19,Alimentos,490.14,5391.54
2024-01-27,4,Vendedor_7,7,4,Producto 7,Electrónica,1741.6,6966.4
2024-01-27,5,Vendedor_15,10,3,Producto 10,Electrónica,1815.63,5446.89
2024-01-27,5,Vendedor_11,15,5,Producto 15,Deportes,2529.77,12648.85
2024-01-28,4,Vendedor_12,20,9,Producto 20,Ropa,2281.34,20532.06
2024-01-29,3,Vendedor_15,6,11,Producto 6,Alimentos,782.65,8609.15
2024-01-29,5,Vendedor_7,15,5,Producto 15,Deportes,2366.58,11832.9
2024-01-29,2,Vendedor_4,6,3,Producto 6,Alimentos,730.55,2191.65
2024-01-29,1,Vendedor_11,14,4,Producto 14,Deportes,2426.17,9704.68
2024-01-30,4,Vendedor_7,20,10,Producto 20,Ropa,2176.45,21764.5
2024-01-30,2,Vendedor_10,6,8,Producto 6,Alimentos,678.04,5424.32
2024-01-30,4,Vendedor_10,10,4,Producto 10,Electrónica,1774.3,7097.2
2024-01-30,2,Vendedor_5,6,10,Producto 6,Alimentos,746.89,7468.9
2024-01-30,2,Vendedor_7,12,5,Producto 12,Alimentos,1191.96,5959.8
2024-01-30,5,Vendedor_9,8,11,Producto 8,Deportes,245.79,2703.69
2024-01-30,1,Vendedor_12,5,1,Producto 5,Ropa,1318.83,1318.83
2024-01-30,1,Vendedor_3,7,5,Producto 7,Electrónica,1920.79,9603.95
2024-01-31,4,Vendedor_9,9,11,Producto 9,Hogar,2631.18,28942.98
2024-01-31,5,Vendedor_10,4,2,Producto 4,Ropa,2712.26,5424.52
2024-01-31,3,Vendedor_11,5,11,Producto 5,Ropa,1382.29,15205.19
2024-01-31,3,Vendedor_6,12,6,Producto 12,Alimentos,1118.68,6712.08
2024-02-01,3,Vendedor_12,13,5,Producto 13,Deportes,2947.55,14737.75
2024-02-01,2,Vendedor_3,14,11,Producto 14,Deportes,2749.24,30241.64
2024-02-03,3,Vendedor_3,10,5,Producto 10,Electrónica,2050.59,10252.95
2024-02-03,5,Vendedor_9,13,10,Producto 13,Deportes,3136.03,31360.3
2024-02-04,3,Vendedor_9,12,2,Producto 12,Alimentos,990.14,1980.28
2024-02-04,2,Vendedor_8,18,1,Producto 18,Electrónica,171.64,171.64
2024-02-04,4,Vendedor_10,10,4,Producto 10,Electrónica,2106.49,8425.96
2024-02-04,5,Vendedor_5,5,3,Producto 5,Ropa,1386.37,4159.11
2024-02-04,4,Vendedor_12,14,1,Producto 14,Deportes,2820.39,2820.39
2024-02-05,2,Vendedor_5,14,11,Producto 14,Deportes,2984.77,32832.47
2024-02-05,5,Vendedor_6,15,6,Producto 15,Deportes,2516.74,15100.44
2024-02-05,4,Vendedor_10,2,2,Producto 2,Deportes,2637.54,5275.08
2024-02-05,3,Vendedor_1,12,11,Producto 12,Alimentos,1216.29,13379.19
2024-02-06,5,Vendedor_6,18,2,Producto 18,Electrónica,191.35,382.7
2024-02-06,4,Vendedor_10,2,3,Producto 2,Deportes,2567.1,7701.3
2024-02-06,3,Vendedor_15,20,10,Producto 20,Ropa,2283.44,22834.4
2024-02-06,4,Vendedor_6,3,9,Producto 3,Deportes,2046.63,18419.67
2024-02-06,3,Vendedor_11,16,1,Producto 16,Deportes,679.04,679.04
2024-02-06,5,Vendedor_12,14,6,Producto 14,Deportes,2700.26,16201.56
2024-02-06,5,Vendedor_6,13,11,Producto 13,Deportes,2913.31,32046.41
2024-02-07,2,Vendedor_8,20,6,Producto 20,Ropa,1964.51,11787.06
2024-02-08,3,Vendedor_11,15,7,Producto 15,Deportes,2608.99,18262.93
2024-02-08,4,Vendedor_5,2,5,Producto 2,Deportes,3053.06,15265.3
2024-02-08,3,Vendedor_15,18,3,Producto 18,Electrónica,172.93,518.79
2024-02-09,2,Vendedor_11,16,2,Producto 16,Deportes,697.48,1394.96
2024-02-09,2,Vendedor_4,19,8,Producto 19,Alimentos,509.56,4076.48
2024-02-09,5,Vendedor_8,9,3,Producto 9,Hogar,2669.98,8009.94
2024-02-09,1,Vendedor_11,20,8,Producto 20,Ropa,2273.71,18189.68
2024-02-09,3,Vendedor_10,11,2,Producto 11,Ropa,2284.29,4568.58
2024-02-09,4,Vendedor_4,1,11,Producto 1,Electrónica,1057.49,11632.39
2024-02-09,5,Vendedor_1,9,5,Producto 9,Hogar,2310.39,11551.95
2024-02-09,2,Vendedor_15,11,10,Producto 11,Ropa,2375.41,23754.1
2024-02-10,4,Vendedor_12,1,5,Producto 1,Electrónica,1192.93,5964.65
2024-02-10,1,Vendedor_9,3,6,Producto 3,Deportes,1805.46,10832.76
2024-02-10,5,Vendedor_11,1,10,Producto 1,Electrónica,1083.93,10839.3
2024-02-10,4,Vendedor_12,18,3,Producto 18,Electrónica,198.66,595.98
2024-02-10,5,Vendedor_7,11,2,Producto 11,Ropa,2618.78,5237.56
2024-02-10,1,Vendedor_13,7,10,Producto 7,Electrónica,1519.62,15196.2
2024-02-10,5,Vendedor_8,12,9,Producto 12,Alimentos,993.89,8945.01
2024-02-10,4,Vendedor_2,10,10,Producto 10,Electrónica,2176.77,21767.7
2024-02-10,2,Vendedor_12,10,6,Producto 10,Electrónica,1784.21,10705.26
2024-02-11,4,Vendedor_3,4,7,Producto 4,Ropa,2331.5,16320.5
2024-02-11,1,Vendedor_1,11,1,Producto 11,Ropa,2558.45,2558.45
2024-02-11,4,Vendedor_1,19,3,Producto 19,Alimentos,521.83,1565.49
2024-02-12,4,Vendedor_7,11,6,Producto 11,Ropa,2292.95,13757.7
2024-02-12,5,Vendedor_15,5,8,Producto 5,Ropa,1298.43,10387.44
2024-02-12,3,Vendedor_1,3,3,Producto 3,Deportes,2162.88,6488.64
2024-02-12,3,Vendedor_3,13,6,Producto 13,Deportes,2901.13,17406.78
2024-02-12,1,Vendedor_1,11,6,Producto 11,Ropa,2225.88,13355.28
2024-02-12,2,Vendedor_10,8,3,Producto 8,Deportes,237.28,711.84
2024-02-13,5,Vendedor_10,2,9,Producto 2,Deportes,2540.31,22862.79
2024-02-13,2,Vendedor_7,9,8,Producto 9,Hogar,2766.83,22134.64
2024-02-13,1,Vendedor_15,5,10,Producto 5,Ropa,1479.78,14797.8
2024-02-13,1,Vendedor_9,18,5,Producto 18,Electrónica,170.36,851.8
2024-02-14,5,Vendedor_5,5,4,Producto 5,Ropa,1297.4,5189.6
2024-02-14,2,Vendedor_3,9,7,Producto 9,Hogar,2670.38,18692.66
2024-02-14,4,Vendedor_15,11,8,Producto 11,Ropa,2181.69,17453.52
2024-02-14,2,Vendedor_3,7,6,Producto 7,Electrónica,1736.77,10420.62
2024-02-14,3,Vendedor_10,14,10,Producto 14,Deportes,2881.09,28810.9
2024-02-14,3,Vendedor_5,16,1,Producto 16,Deportes,705.06,705.06
2024-02-15,1,Vendedor_9,11,9,Producto 11,Ropa,2342.74,21084.66
2024-02-15,3,Vendedor_9,3,10,Producto 3,Deportes,2102.94,21029.4
2024-02-15,5,Vendedor_14,15,1,Producto 15,Deportes,2368.18,2368.18
2024-02-15,4,Vendedor_4,19,10,Producto 19,Alimentos,461.59,4615.9
2024-02-16,2,Vendedor_8,14,7,Producto 14,Deportes,2507.91,17555.37
2024-02-16,3,Vendedor_12,14,11,Producto 14,Deportes,2657.29,29230.19
2024-02-16,1,Vendedor_7,20,6,Producto 20,Ropa,2113.84,12683.04
2024-02-16,3,Vendedor_14,12,3,Producto 12,Alimentos,1094.99,3284.97
2024-02-17,1,Vendedor_6,7,7,Producto 7,Electrónica,1909.83,13368.81
2024-02-17,4,Vendedor_15,2,2,Producto 2,Deportes,2966.0,5932.0
2024-02-17,3,Vendedor_12,11,1,Producto 11,Ropa,2387.54,2387.54
2024-02-17,4,Vendedor_10,20,7,Producto 20,Ropa,2136.58,14956.06
2024-02-17,3,Vendedor_3,16,5,Producto 16,Deportes,691.46,3457.3
2024-02-18,4,Vendedor_15,4,11,Producto 4,Ropa,2790.91,30700.01
2024-02-18,1,Vendedor_3,6,5,Producto 6,Alimentos,754.59,3772.95
2024-02-18,3,Vendedor_11,9,10,Producto 9,Hogar,2265.23,22652.3
2024-02-18,1,Vendedor_6,5,1,Producto 5,Ropa,1514.28,1514.28
2024-02-19,3,Vendedor_7,3,8,Producto 3,Deportes,2101.32,16810.56
2024-02-19,3,Vendedor_15,14,3,Producto 14,Deportes,2904.45,8713.35
2024-02-19,2,Vendedor_11,17,9,Producto 17,Ropa,1423.38,12810.42
2024-02-19,2,Vendedor_14,6,3,Producto 6,Alimentos,653.33,1959.99
2024-02-19,1,Vendedor_2,11,7,Producto 11,Ropa,2431.19,17018.33
2024-02-19,1,Vendedor_8,15,4,Producto 15,Deportes,2136.36,8545.44
2024-02-19,3,Vendedor_15,20,8,Producto 20,Ropa,2021.66,16173.28
2024-02-19,5,Vendedor_10,13,6,Producto 13,Deportes,2754.61,16527.66
2024-02-19,1,Vendedor_8,9,10,Producto 9,Hogar,2307.74,23077.4
2024-02-20,5,Vendedor_8,2,6,Producto 2,Deportes,2996.62,17979.72
2024-02-20,5,Vendedor_5,18,7,Producto 18,Electrónica,197.99,1385.93
2024-02-20,2,Vendedor_11,5,8,Producto 5,Ropa,1268.78,10150.24
2024-02-20,4,Vendedor_15,5,11,Producto 5,Ropa,1233.79,13571.69
2024-02-20,3,Vendedor_15,6,4,Producto 6,Alimentos,653.33,2613.32
2024-02-20,1,Vendedor_3,13,3,Producto 13,Deportes,3199.71,9599.13
2024-02-20,2,Vendedor_13,5,8,Producto 5,Ropa,1290.87,10326.96
2024-02-21,3,Vendedor_2,2,5,Producto 2,Deportes,3177.44,15887.2
2024-02-21,4,Vendedor_5,3,5,Producto 3,Deportes,1765.72,8828.6
2024-02-21,1,Vendedor_14,9,3,Producto 9,Hogar,2456.89,7370.67
2024-02-21,1,Vendedor_11,7,3,Producto 7,Electrónica,1915.38,5746.14
2024-02-21,5,Vendedor_6,3,7,Producto 3,Deportes,2092.9,14650.3
2024-02-21,3,Vendedor_1,16,8,Producto 16,Deportes,584.05,4672.4
2024-02-22,4,Vendedor_4,1,2,Producto 1,Electrónica,1193.08,2386.16
2024-02-22,5,Vendedor_6,6,5,Producto 6,Alimentos,806.4,4032.0
2024-02-22,1,Vendedor_5,15,1,Producto 15,Deportes,2421.09,2421.09
2024-02-22,2,Vendedor_8,5,2,Producto 5,Ropa,1480.15,2960.3
2024-02-22,3,Vendedor_14,18,7,Producto 18,Electrónica,163.21,1142.47
2024-02-22,3,Vendedor_7,6,10,Producto 6,Alimentos,794.56,7945.6
2024-02-23,4,Vendedor_2,12,9,Producto 12,Alimentos,1090.33,9812.97
2024-02-23,3,Vendedor_3,13,11,Producto 13,Deportes,2757.29,30330.19
2024-02-24,3,Vendedor_15,13,6,Producto 13,Deportes,2877.4,17264.4
2024-02-24,2,Vendedor_2,3,11,Producto 3,Deportes,1847.56,20323.16
2024-02-24,2,Vendedor_12,9,7,Producto 9,Hogar,2556.38,17894.66
2024-02-24,1,Vendedor_3,16,11,Producto 16,Deportes,625.39,6879.29
2024-02-24,4,Vendedor_12,19,6,Producto 19,Alimentos,569.89,3419.34
2024-02-25,1,Vendedor_3,4,7,Producto 4,Ropa,2523.16,17662.12
2024-02-25,5,Vendedor_13,11,8,Producto 11,Ropa,2192.15,17537.2
2024-02-25,2,Vendedor_8,5,10,Producto 5,Ropa,1251.96,12519.6
2024-02-25,5,Vendedor_3,3,10,Producto 3,Deportes,2126.69,21266.9
2024-02-25,4,Vendedor_1,16,4,Producto 16,Deportes,609.6,2438.4
2024-02-26,2,Vendedor_1,12,9,Producto 12,Alimentos,1215.28,10937.52
2024-02-26,2,Vendedor_13,3,10,Producto 3,Deportes,2102.09,21020.9
2024-02-27,3,Vendedor_13,4,7,Producto 4,Ropa,2422.6,16958.2
2024-02-27,1,Vendedor_6,7,11,Producto 7,Electrónica,1617.6,17793.6
2024-02-27,3,Vendedor_15,17,4,Producto 17,Ropa,1411.36,5645.44
2024-02-27,2,Vendedor_9,4,6,Producto 4,Ropa,2535.3,15211.8
2024-02-27,5,Vendedor_2,19,3,Producto 19,Alimentos,461.69,1385.07
2024-02-28,2,Vendedor_8,6,6,Producto 6,Alimentos,814.85,4889.1
2024-02-28,4,Vendedor_3,18,3,Producto 18,Electrónica,196.63,589.89
2024-02-28,4,Vendedor_11,9,9,Producto 9,Hogar,2350.25,21152.25
2024-02-28,4,Vendedor_4,19,8,Producto 19,Alimentos,555.87,4446.96
2024-02-29,4,Vendedor_9,9,4,Producto 9,Hogar,2855.98,11423.92
2024-02-29,1,Vendedor_6,18,10,Producto 18,Electrónica,175.16,1751.6
2024-03-01,3,Vendedor_3,3,9,Producto 3,Deportes,2177.14,19594.26
2024-03-01,2,Vendedor_15,16,8,Producto 16,Deportes,593.4,4747.2
2024-03-01,1,Vendedor_6,6,1,Producto 6,Alimentos,730.39,730.39
2024-03-01,1,Vendedor_9,1,6,Producto 1,Electrónica,1242.48,7454.88
2024-03-01,5,Vendedor_2,14,11,Producto 14,Deportes,2988.14,32869.54
2024-03-01,1,Vendedor_4,5,7,Producto 5,Ropa,1464.31,10250.17
2024-03-02,4,Vendedor_10,20,8,Producto 20,Ropa,2080.58,16644.64
2024-03-02,5,Vendedor_14,14,10,Producto 14,Deportes,2815.7,28157.0
2024-03-02,1,Vendedor_8,7,9,Producto 7,Electrónica,1814.0,16326.0
2024-03-02,5,Vendedor_13,6,3,Producto 6,Alimentos,768.92,2306.76
2024-03-02,4,Vendedor_4,15,5,Producto 15,Deportes,2253.26,11266.3
2024-03-02,1,Vendedor_8,19,4,Producto 19,Alimentos,492.74,1970.96
2024-03-02,4,Vendedor_1,13,1,Producto 13,Deportes,3296.1,3296.1
2024-03-02,4,Vendedor_4,12,1,Producto 12,Alimentos,1200.57,1200.57
2024-03-03,1,Vendedor_11,19,3,Producto 19,Alimentos,459.74,1379.22
2024-03-03,1,Vendedor_15,6,8,Producto 6,Alimentos,692.86,5542.88
2024-03-03,5,Vendedor_9,9,2,Producto 9,Hogar,2368.54,4737.08
2024-03-03,2,Vendedor_10,13,9,Producto 13,Deportes,2897.09,26073.81
2024-03-03,1,Vendedor_3,8,9,Producto 8,Deportes,215.81,1942.29
2024-03-03,1,Vendedor_8,10,4,Producto 10,Electrónica,2117.48,8469.92
2024-03-03,5,Vendedor_15,20,6,Producto 20,Ropa,2361.2,14167.2
2024-03-03,3,Vendedor_1,15,7,Producto 15,Deportes,2205.66,15439.62
2024-03-03,1,Vendedor_5,2,2,Producto 2,Deportes,2738.06,5476.12
2024-03-03,3,Vendedor_6,3,7,Producto 3,Deportes,2182.1,15274.7
2024-03-04,4,Vendedor_14,3,5,Producto 3,Deportes,1911.08,9555.4
2024-03-04,5,Vendedor_7,17,3,Producto 17,Ropa,1293.76,3881.28
2024-03-04,3,Vendedor_3,5,5,Producto 5,Ropa,1465.97,7329.85
2024-03-04,1,Vendedor_14,8,5,Producto 8,Deportes,223.37,1116.85
2024-03-05,1,Vendedor_4,14,6,Producto 14,Deportes,2727.15,16362.9
2024-03-05,2,Vendedor_9,8,3,Producto 8,Deportes,272.8,818.4
2024-03-05,5,Vendedor_5,20,3,Producto 20,Ropa,2032.16,6096.48
2024-03-05,5,Vendedor_8,3,2,Producto 3,Deportes,1802.16,3604.32
2024-03-05,4,Vendedor_15,6,7,Producto 6,Alimentos,821.1,5747.7
2024-03-05,2,Vendedor_15,5,4,Producto 5,Ropa,1533.93,6135.72
2024-03-05,5,Vendedor_12,18,10,Producto 18,Electrónica,165.34,1653.4
2024-03-05,2,Vendedor_5,17,9,Producto 17,Ropa,1425.33,12827.97
2024-03-05,2,Vendedor_3,10,4,Producto 10,Electrónica,1900.09,7600.36
2024-03-06,4,Vendedor_8,14,1,Producto 14,Deportes,3017.32,3017.32
2024-03-06,4,Vendedor_15,14,10,Producto 14,Deportes,2647.53,26475.3
2024-03-06,1,Vendedor_4,6,10,Producto 6,Alimentos,792.69,7926.9
2024-03-06,4,Vendedor_1,5,4,Producto 5,Ropa,1450.64,5802.56
2024-03-06,3,Vendedor_6,1,7,Producto 1,Electrónica,1104.98,7734.86
2024-03-06,3,Vendedor_8,9,11,Producto 9,Hogar,2389.09,26279.99
2024-03-07,5,Vendedor_2,15,11,Producto 15,Deportes,2381.31,26194.41
2024-03-07,4,Vendedor_11,1,10,Producto 1,Electrónica,1096.2,10962.0
2024-03-07,1,Vendedor_7,5,10,Producto 5,Ropa,1434.32,14343.2
2024-03-07,5,Vendedor_5,6,10,Producto 6,Alimentos,797.25,7972.5
2024-03-07,3,Vendedor_15,7,9,Producto 7,Electrónica,1645.42,14808.78
2024-03-07,5,Vendedor_3,17,6,Producto 17,Ropa,1557.58,9345.48
2024-03-07,4,Vendedor_8,15,5,Producto 15,Deportes,2126.75,10633.75
2024-03-08,5,Vendedor_3,7,11,Producto 7,Electrónica,1568.88,17257.68
2024-03-09,4,Vendedor_5,4,11,Producto 4,Ropa,2822.7,31049.7
2024-03-09,5,Vendedor_6,17,2,Producto 17,Ropa,1466.14,2932.28
2024-03-09,4,Vendedor_6,20,4,Producto 20,Ropa,2303.95,9215.8
2024-03-09,1,Vendedor_14,8,11,Producto 8,Deportes,253.54,2788.94
2024-03-09,3,Vendedor_12,9,9,Producto 9,Hogar,2821.2,25390.8
2024-03-09,5,Vendedor_11,13,7,Producto 13,Deportes,2793.85,19556.95
2024-03-09,4,Vendedor_14,6,7,Producto 6,Alimentos,660.64,4624.48
2024-03-09,1,Vendedor_7,10,1,Producto 10,Electrónica,1905.39,1905.39
2024-03-10,4,Vendedor_9,4,2,Producto 4,Ropa,2293.88,4587.76
2024-03-10,3,Vendedor_3,18,10,Producto 18,Electrónica,189.64,1896.4
2024-03-10,1,Vendedor_12,9,10,Producto 9,Hogar,2366.95,23669.5
2024-03-10,2,Vendedor_6,9,6,Producto 9,Hogar,2419.34,14516.04
2024-03-10,2,Vendedor_11,6,8,Producto 6,Alimentos,691.21,5529.68
2024-03-10,1,Vendedor_5,9,6,Producto 9,Hogar,2571.24,15427.44
2024-03-11,3,Vendedor_7,8,3,Producto 8,Deportes,264.12,792.36
2024-03-11,5,Vendedor_1,13,10,Producto 13,Deportes,3095.63,30956.3
2024-03-11,4,Vendedor_12,17,3,Producto 17,Ropa,1471.13,4413.39
2024-03-11,4,Vendedor_11,10,7,Producto 10,Electrónica,1790.38,12532.66
2024-03-11,3,Vendedor_12,4,9,Producto 4,Ropa,2407.99,21671.91
2024-03-12,4,Vendedor_13,5,6,Producto 5,Ropa,1549.01,9294.06
2024-03-12,3,Vendedor_8,20,11,Producto 20,Ropa,2223.75,24461.25
2024-03-12,2,Vendedor_15,5,10,Producto 5,Ropa,1547.57,15475.7
2024-03-12,2,Vendedor_4,13,4,Producto 13,Deportes,2982.41,11929.64
2024-03-12,2,Vendedor_15,10,6,Producto 10,Electrónica,1817.11,10902.66
2024-03-12,3,Vendedor_14,2,6,Producto 2,Deportes,3085.21,18511.26
2024-03-13,2,Vendedor_15,9,1,Producto 9,Hogar,2459.34,2459.34
2024-03-13,3,Vendedor_3,10,7,Producto 10,Electrónica,1930.31,13512.17
2024-03-13,4,Vendedor_6,13,5,Producto 13,Deportes,2716.58,13582.9
2024-03-14,4,Vendedor_3,5,7,Producto 5,Ropa,1474.65,10322.55
2024-03-14,1,Vendedor_12,12,3,Producto 12,Alimentos,1028.17,3084.51
2024-03-14,4,Vendedor_12,20,5,Producto 20,Ropa,2274.59,11372.95
2024-03-14,5,Vendedor_4,11,1,Producto 11,Ropa,2299.25,2299.25
2024-03-14,3,Vendedor_4,19,8,Producto 19,Alimentos,548.03,4384.24
2024-03-15,1,Vendedor_11,1,6,Producto 1,Electrónica,1113.24,6679.44
2024-03-15,5,Vendedor_13,20,2,Producto 20,Ropa,2171.44,4342.88
2024-03-15,2,Vendedor_1,16,4,Producto 16,Deportes,636.02,2544.08
2024-03-15,5,Vendedor_2,5,10,Producto 5,Ropa,1417.37,14173.7
2024-03-16,3,Vendedor_1,4,6,Producto 4,Ropa,2666.83,16000.98
2024-03-16,4,Vendedor_10,5,5,Producto 5,Ropa,1347.16,6735.8
2024-03-16,4,Vendedor_14,1,8,Producto 1,Electrónica,1137.67,9101.36
2024-03-16,4,Vendedor_4,13,8,Producto 13,Deportes,2899.7,23197.6
2024-03-16,1,Vendedor_1,13,5,Producto 13,Deportes,3057.24,15286.2
2024-03-16,5,Vendedor_12,6,3,Producto 6,Alimentos,818.9,2456.7
2024-03-16,3,Vendedor_5,5,4,Producto 5,Ropa,1279.21,5116.84
2024-03-16,5,Vendedor_3,11,8,Producto 11,Ropa,2547.62,20380.96
2024-03-17,1,Vendedor_15,3,4,Producto 3,Deportes,2052.57,8210.28
2024-03-17,2,Vendedor_13,9,2,Producto 9,Hogar,2287.92,4575.84
2024-03-17,4,Vendedor_12,7,3,Producto 7,Electrónica,1678.74,5036.22
2024-03-17,5,Vendedor_10,4,7,Producto 4,Ropa,2244.41,15710.87
2024-03-17,4,Vendedor_9,18,10,Producto 18,Electrónica,193.23,1932.3
2024-03-17,4,Vendedor_4,1,1,Producto 1,Electrónica,1218.14,1218.14
2024-03-17,5,Vendedor_1,11,10,Producto 11,Ropa,2309.82,23098.2
2024-03-18,2,Vendedor_8,20,1,Producto 20,Ropa,2033.48,2033.48
2024-03-18,1,Vendedor_2,4,11,Producto 4,Ropa,2500.74,27508.14
2024-03-18,1,Vendedor_13,7,9,Producto 7,Electrónica,1648.03,14832.27
2024-03-18,5,Vendedor_6,1,4,Producto 1,Electrónica,1039.61,4158.44
2024-03-18,3,Vendedor_2,4,2,Producto 4,Ropa,2712.96,5425.92
2024-03-18,3,Vendedor_1,17,8,Producto 17,Ropa,1451.93,11615.44
2024-03-18,1,Vendedor_9,15,1,Producto 15,Deportes,2316.4,2316.4
2024-03-19,4,Vendedor_11,9,10,Producto 9,Hogar,2337.19,23371.9
2024-03-19,2,Vendedor_11,6,8,Producto 6,Alimentos,823.82,6590.56
2024-03-19,3,Vendedor_9,3,1,Producto 3,Deportes,1972.69,1972.69
2024-03-19,3,Vendedor_1,17,10,Producto 17,Ropa,1296.09,12960.9
2024-03-20,2,Vendedor_14,16,6,Producto 16,Deportes,706.5,4239.0
2024-03-20,4,Vendedor_15,12,3,Producto 12,Alimentos,1018.43,3055.29
2024-03-21,5,Vendedor_8,12,4,Producto 12,Alimentos,1113.3,4453.2
2024-03-21,3,Vendedor_10,10,4,Producto 10,Electrónica,1933.72,7734.88
2024-03-21,3,Vendedor_12,18,6,Producto 18,Electrónica,178.11,1068.66
2024-03-22,3,Vendedor_14,1,1,Producto 1,Electrónica,1239.45,1239.45
2024-03-22,3,Vendedor_9,12,6,Producto 12,Alimentos,1213.61,7281.66
2024-03-22,1,Vendedor_11,9,11,Producto 9,Hogar,2714.6,29860.6
2024-03-22,4,Vendedor_10,9,1,Producto 9,Hogar,2660.08,2660.08
2024-03-22,2,Vendedor_10,12,4,Producto 12,Alimentos,1004.39,4017.56
2024-03-23,2,Vendedor_2,17,1,Producto 17,Ropa,1512.95,1512.95
2024-03-23,2,Vendedor_5,7,11,Producto 7,Electrónica,1820.98,20030.78
2024-03-23,4,Vendedor_5,16,6,Producto 16,Deportes,668.49,4010.94
2024-03-24,3,Vendedor_15,5,7,Producto 5,Ropa,1262.79,8839.53
2024-03-24,3,Vendedor_2,1,10,Producto 1,Electrónica,1149.87,11498.7
2024-03-24,2,Vendedor_1,14,1,Producto 14,Deportes,2777.58,2777.58
2024-03-24,2,Vendedor_11,16,1,Producto 16,Deportes,642.61,642.61
2024-03-24,1,Vendedor_11,18,9,Producto 18,Electrónica,173.51,1561.59
2024-03-24,4,Vendedor_10,11,11,Producto 11,Ropa,2617.03,28787.33
2024-03-25,2,Vendedor_13,13,6,Producto 13,Deportes,2634.53,15807.18
2024-03-25,3,Vendedor_10,18,2,Producto 18,Electrónica,187.35,374.7
2024-03-25,5,Vendedor_12,7,7,Producto 7,Electrónica,1721.43,12050.01
2024-03-25,4,Vendedor_2,2,5,Producto 2,Deportes,2749.65,13748.25
2024-03-25,5,Vendedor_2,8,5,Producto 8,Deportes,223.87,1119.35
2024-03-25,5,Vendedor_14,13,2,Producto 13,Deportes,2865.25,5730.5
2024-03-25,3,Vendedor_6,4,10,Producto 4,Ropa,2597.26,25972.6
2024-03-26,3,Vendedor_9,17,8,Producto 17,Ropa,1394.81,11158.48
2024-03-26,2,Vendedor_5,10,8,Producto 10,Electrónica,2104.19,16833.52
2024-03-27,3,Vendedor_11,5,7,Producto 5,Ropa,1560.62,10924.34
2024-03-27,4,Vendedor_11,10,9,Producto 10,Electrónica,1836.83,16531.47
2024-03-27,3,Vendedor_6,8,8,Producto 8,Deportes,271.42,2171.36
2024-03-27,1,Vendedor_4,16,10,Producto 16,Deportes,689.19,6891.9
2024-03-27,1,Vendedor_1,2,3,Producto 2,Deportes,2505.68,7517.04
2024-03-27,4,Vendedor_12,11,7,Producto 11,Ropa,2484.36,17390.52
2024-03-27,3,Vendedor_7,12,6,Producto 12,Alimentos,1043.21,6259.26
2024-03-27,5,Vendedor_11,15,9,Producto 15,Deportes,2564.48,23080.32
2024-03-28,4,Vendedor_2,18,5,Producto 18,Electrónica,194.82,974.1
2024-03-28,3,Vendedor_5,14,3,Producto 14,Deportes,2978.43,8935.29
2024-03-28,1,Vendedor_7,6,10,Producto 6,Alimentos,656.5,6565.0
2024-03-28,1,Vendedor_8,7,11,Producto 7,Electrónica,1881.1,20692.1
2024-03-29,3,Vendedor_4,4,9,Producto 4,Ropa,2570.43,23133.87
2024-03-29,3,Vendedor_9,18,10,Producto 18,Electrónica,200.57,2005.7
2024-03-29,5,Vendedor_11,15,7,Producto 15,Deportes,2557.43,17902.01
2024-03-29,1,Vendedor_1,18,1,Producto 18,Electrónica,171.57,171.57
2024-03-29,5,Vendedor_6,9,1,Producto 9,Hogar,2358.98,2358.98
2024-03-29,3,Vendedor_11,10,8,Producto 10,Electrónica,1822.07,14576.56
2024-03-29,2,Vendedor_11,1,11,Producto 1,Electrónica,1204.66,13251.26
2024-03-29,1,Vendedor_10,9,7,Producto 9,Hogar,2576.48,18035.36
2024-03-30,4,Vendedor_2,8,2,Producto 8,Deportes,239.24,478.48
2024-03-30,5,Vendedor_5,6,5,Producto 6,Alimentos,827.15,4135.75
2024-03-30,5,Vendedor_1,15,7,Producto 15,Deportes,2129.75,14908.25
2024-03-30,4,Vendedor_4,20,3,Producto 20,Ropa,2216.0,6648.0
2024-03-30,1,Vendedor_1,20,9,Producto 20,Ropa,2261.11,20349.99
2024-03-30,3,Vendedor_7,3,7,Producto 3,Deportes,1830.82,12815.74
2024-03-30,1,Vendedor_4,11,5,Producto 11,Ropa,2384.88,11924.4
2024-03-31,3,Vendedor_1,12,1,Producto 12,Alimentos,1147.22,1147.22
2024-03-31,3,Vendedor_5,9,10,Producto 9,Hogar,2402.79,24027.9
2024-03-31,5,Vendedor_12,4,4,Producto 4,Ropa,2262.53,9050.12
2024-03-31,4,Vendedor_8,9,11,Producto 9,Hogar,2524.43,27768.73
2024-03-31,4,Vendedor_11,5,2,Producto 5,Ropa,1308.67,2617.34
2024-04-01,4,Vendedor_13,13,8,Producto 13,Deportes,2901.27,23210.16
2024-04-01,1,Vendedor_12,10,9,Producto 10,Electrónica,2000.62,18005.58
2024-04-01,5,Vendedor_13,17,4,Producto 17,Ropa,1403.25,5613.0
2024-04-01,1,Vendedor_5,2,10,Producto 2,Deportes,3145.33,31453.3
2024-04-01,2,Vendedor_7,12,8,Producto 12,Alimentos,1158.39,9267.12
2024-04-01,4,Vendedor_3,14,2,Producto 14,Deportes,3027.91,6055.82
2024-04-01,2,Vendedor_10,17,2,Producto 17,Ropa,1370.88,2741.76
2024-04-02,1,Vendedor_4,4,3,Producto 4,Ropa,2595.5,7786.5
2024-04-02,5,Vendedor_1,15,9,Producto 15,Deportes,2372.9,21356.1
2024-04-02,5,Vendedor_15,15,6,Producto 15,Deportes,2149.45,12896.7
2024-04-02,4,Vendedor_15,2,10,Producto 2,Deportes,2973.25,29732.5
2024-04-02,3,Vendedor_4,8,7,Producto 8,Deportes,237.69,1663.83
2024-04-03,2,Vendedor_11,13,5,Producto 13,Deportes,3173.87,15869.35
2024-04-03,4,Vendedor_12,17,11,Producto 17,Ropa,1471.11,16182.21
2024-04-03,1,Vendedor_6,7,9,Producto 7,Electrónica,1694.82,15253.38
2024-04-03,2,Vendedor_1,17,1,Producto 17,Ropa,1596.23,1596.23
2024-04-03,2,Vendedor_11,11,7,Producto 11,Ropa,2473.1,17311.7
2024-04-03,3,Vendedor_1,10,6,Producto 10,Electrónica,1983.49,11900.94
2024-04-03,3,Vendedor_1,3,7,Producto 3,Deportes,2025.48,14178.36
2024-04-04,2,Vendedor_5,12,5,Producto 12,Alimentos,1162.23,5811.15
2024-04-05,1,Vendedor_12,19,11,Producto 19,Alimentos,559.23,6151.53
2024-04-05,2,Vendedor_7,17,2,Producto 17,Ropa,1466.99,2933.98
2024-04-05,4,Vendedor_12,9,9,Producto 9,Hogar,2350.5,21154.5
2024-04-05,1,Vendedor_3,20,7,Producto 20,Ropa,2354.37,16480.59
2024-04-05,5,Vendedor_8,2,5,Producto 2,Deportes,3083.14,15415.7
2024-04-05,3,Vendedor_8,20,11,Producto 20,Ropa,1862.07,20482.77
2024-04-05,3,Vendedor_15,11,2,Producto 11,Ropa,2108.72,4217.44
2024-04-06,5,Vendedor_9,16,2,Producto 16,Deportes,600.66,1201.32
2024-04-06,4,Vendedor_4,16,3,Producto 16,Deportes,702.58,2107.74
2024-04-06,3,Vendedor_5,11,6,Producto 11,Ropa,2396.56,14379.36
2024-04-07,3,Vendedor_4,5,9,Producto 5,Ropa,1445.15,13006.35
2024-04-07,3,Vendedor_1,12,10,Producto 12,Alimentos,1095.79,10957.9
2024-04-07,5,Vendedor_3,4,3,Producto 4,Ropa,2721.4,8164.2
2024-04-07,2,Vendedor_14,20,6,Producto 20,Ropa,2233.11,13398.66
2024-04-07,2,Vendedor_6,17,3,Producto 17,Ropa,1556.02,4668.06
2024-04-07,5,Vendedor_5,9,5,Producto 9,Hogar,2573.35,12866.75
2024-04-07,3,Vendedor_8,20,4,Producto 20,Ropa,2249.01,8996.04
2024-04-08,4,Vendedor_1,7,3,Producto 7,Electrónica,1926.14,5778.42
2024-04-08,1,Vendedor_11,20,1,Producto 20,Ropa,2111.69,2111.69
2024-04-08,2,Vendedor_6,9,11,Producto 9,Hogar,2817.24,30989.64
2024-04-08,2,Vendedor_2,18,5,Producto 18,Electrónica,199.23,996.15
2024-04-08,2,Vendedor_12,3,5,Producto 3,Deportes,2079.2,10396.0
2024-04-08,5,Vendedor_15,11,9,Producto 11,Ropa,2499.93,22499.37
2024-04-08,3,Vendedor_3,15,1,Producto 15,Deportes,2309.43,2309.43
2024-04-09,1,Vendedor_10,18,1,Producto 18,Electrónica,192.85,192.85
2024-04-09,4,Vendedor_12,20,2,Producto 20,Ropa,1891.12,3782.24
2024-04-09,5,Vendedor_4,15,4,Producto 15,Deportes,2349.92,9399.68
2024-04-09,2,Vendedor_6,17,9,Producto 17,Ropa,1574.0,14166.0
2024-04-09,5,Vendedor_15,5,5,Producto 5,Ropa,1339.41,6697.05
2024-04-10,4,Vendedor_6,11,10,Producto 11,Ropa,2103.85,21038.5
2024-04-10,2,Vendedor_8,2,10,Producto 2,Deportes,3100.12,31001.2
2024-04-10,2,Vendedor_4,4,4,Producto 4,Ropa,2642.77,10571.08
2024-04-10,3,Vendedor_4,19,8,Producto 19,Alimentos,539.68,4317.44
2024-04-10,4,Vendedor_6,17,1,Producto 17,Ropa,1314.16,1314.16
2024-04-10,3,Vendedor_7,13,3,Producto 13,Deportes,2949.77,8849.31
2024-04-10,5,Vendedor_1,12,3,Producto 12,Alimentos,1049.95,3149.85
2024-04-11,3,Vendedor_15,1,1,Producto 1,Electrónica,1175.27,1175.27
2024-04-11,1,Vendedor_6,13,4,Producto 13,Deportes,2635.35,10541.4
2024-04-11,4,Vendedor_15,18,9,Producto 18,Electrónica,183.98,1655.82
2024-04-11,3,Vendedor_1,8,7,Producto 8,Deportes,249.48,1746.36
2024-04-11,5,Vendedor_1,12,11,Producto 12,Alimentos,1060.57,11666.27
2024-04-11,4,Vendedor_3,20,7,Producto 20,Ropa,2131.39,14919.73
2024-04-12,5,Vendedor_8,10,11,Producto 10,Electrónica,2098.63,23084.93
2024-04-12,3,Vendedor_4,14,10,Producto 14,Deportes,2554.2,25542.0
2024-04-12,2,Vendedor_2,11,9,Producto 11,Ropa,2077.65,18698.85
2024-04-13,1,Vendedor_8,7,4,Producto 7,Electrónica,1905.1,7620.4
2024-04-13,4,Vendedor_1,20,6,Producto 20,Ropa,2219.69,13318.14
2024-04-13,4,Vendedor_11,6,10,Producto 6,Alimentos,693.14,6931.4
2024-04-14,2,Vendedor_4,3,1,Producto 3,Deportes,2044.53,2044.53
2024-04-14,4,Vendedor_8,11,8,Producto 11,Ropa,2257.71,18061.68
2024-04-14,5,Vendedor_6,12,1,Producto 12,Alimentos,1208.57,1208.57
2024-04-14,5,Vendedor_11,9,1,Producto 9,Hogar,2278.34,2278.34
2024-04-14,2,Vendedor_14,19,7,Producto 19,Alimentos,479.85,3358.95
2024-04-14,4,Vendedor_8,10,8,Producto 10,Electrónica,1877.3,15018.4
2024-04-14,3,Vendedor_7,15,10,Producto 15,Deportes,2307.94,23079.4
2024-04-15,1,Vendedor_6,1,10,Producto 1,Electrónica,1047.69,10476.9
2024-04-15,2,Vendedor_11,20,7,Producto 20,Ropa,2363.53,16544.71
2024-04-15,3,Vendedor_2,1,1,Producto 1,Electrónica,1140.74,1140.74
2024-04-15,1,Vendedor_1,19,7,Producto 19,Alimentos,551.62,3861.34
2024-04-15,2,Vendedor_14,5,11,Producto 5,Ropa,1249.57,13745.27
2024-04-15,1,Vendedor_9,6,10,Producto 6,Alimentos,820.9,8209.0
2024-04-16,1,Vendedor_1,20,7,Producto 20,Ropa,2323.69,16265.83
2024-04-16,3,Vendedor_4,11,2,Producto 11,Ropa,2440.59,4881.18
2024-04-16,1,Vendedor_6,16,6,Producto 16,Deportes,575.82,3454.92
2024-04-16,3,Vendedor_14,13,10,Producto 13,Deportes,3057.74,30577.4
2024-04-16,1,Vendedor_5,19,5,Producto 19,Alimentos,472.37,2361.85
2024-04-17,1,Vendedor_6,20,9,Producto 20,Ropa,2366.44,21297.96
2024-04-17,2,Vendedor_11,18,11,Producto 18,Electrónica,200.99,2210.89
2024-04-17,3,Vendedor_6,14,3,Producto 14,Deportes,2765.32,8295.96
2024-04-17,4,Vendedor_3,9,11,Producto 9,Hogar,2565.55,28221.05
2024-04-17,3,Vendedor_15,5,2,Producto 5,Ropa,1400.42,2800.84
2024-04-17,5,Vendedor_3,6,9,Producto 6,Alimentos,800.45,7204.05
2024-04-18,3,Vendedor_15,11,3,Producto 11,Ropa,2552.7,7658.1
2024-04-18,1,Vendedor_1,3,5,Producto 3,Deportes,2061.39,10306.95
2024-04-18,1,Vendedor_15,14,6,Producto 14,Deportes,2624.97,15749.82
2024-04-18,1,Vendedor_11,15,5,Producto 15,Deportes,2559.76,12798.8
2024-04-18,3,Vendedor_3,2,1,Producto 2,Deportes,2812.19,2812.19
2024-04-18,5,Vendedor_9,4,8,Producto 4,Ropa,2412.24,19297.92
2024-04-19,2,Vendedor_3,18,5,Producto 18,Electrónica,192.41,962.05
2024-04-19,5,Vendedor_2,7,5,Producto 7,Electrónica,1793.58,8967.9
2024-04-19,5,Vendedor_14,16,4,Producto 16,Deportes,698.38,2793.52
2024-04-19,3,Vendedor_1,9,11,Producto 9,Hogar,2578.69,28365.59
2024-04-20,3,Vendedor_14,12,11,Producto 12,Alimentos,1248.49,13733.39
2024-04-20,2,Vendedor_5,9,7,Producto 9,Hogar,2731.64,19121.48
2024-04-20,4,Vendedor_1,3,5,Producto 3,Deportes,2176.49,10882.45
2024-04-20,5,Vendedor_1,1,6,Producto 1,Electrónica,1163.65,6981.9
2024-04-20,1,Vendedor_10,3,10,Producto 3,Deportes,1942.95,19429.5
2024-04-21,2,Vendedor_3,4,5,Producto 4,Ropa,2288.21,11441.05
2024-04-21,3,Vendedor_15,13,5,Producto 13,Deportes,2622.42,13112.1
2024-04-21,2,Vendedor_12,1,6,Producto 1,Electrónica,1104.89,6629.34
2024-04-21,1,Vendedor_8,12,10,Producto 12,Alimentos,1078.72,10787.2
2024-04-21,1,Vendedor_4,8,3,Producto 8,Deportes,261.48,784.44
2024-04-21,3,Vendedor_4,6,2,Producto 6,Alimentos,825.65,1651.3
2024-04-21,4,Vendedor_7,11,3,Producto 11,Ropa,2560.09,7680.27
2024-04-21,5,Vendedor_9,16,8,Producto 16,Deportes,709.06,5672.48
2024-04-21,1,Vendedor_13,11,10,Producto 11,Ropa,2216.5,22165.0
2024-04-22,2,Vendedor_3,11,4,Producto 11,Ropa,2202.96,8811.84
2024-04-22,2,Vendedor_8,13,11,Producto 13,Deportes,2969.93,32669.23
2024-04-22,1,Vendedor_12,14,9,Producto 14,Deportes,2461.46,22153.14
2024-04-22,4,Vendedor_14,19,8,Producto 19,Alimentos,489.51,3916.08
2024-04-22,3,Vendedor_9,15,10,Producto 15,Deportes,2132.65,21326.5
2024-04-23,1,Vendedor_12,16,11,Producto 16,Deportes,683.04,7513.44
2024-04-23,4,Vendedor_14,15,10,Producto 15,Deportes,2435.63,24356.3
2024-04-23,5,Vendedor_13,4,11,Producto 4,Ropa,2490.58,27396.38
2024-04-23,3,Vendedor_9,7,10,Producto 7,Electrónica,1751.11,17511.1
2024-04-23,5,Vendedor_5,10,9,Producto 10,Electrónica,2054.98,18494.82
2024-04-23,5,Vendedor_8,5,2,Producto 5,Ropa,1497.6,2995.2
2024-04-23,1,Vendedor_12,12,4,Producto 12,Alimentos,1061.15,4244.6
2024-04-23,3,Vendedor_8,10,5,Producto 10,Electrónica,1889.82,9449.1
2024-04-23,3,Vendedor_1,1,11,Producto 1,Electrónica,1126.07,12386.77
2024-04-24,2,Vendedor_3,20,7,Producto 20,Ropa,1858.81,13011.67
2024-04-24,3,Vendedor_7,15,11,Producto 15,Deportes,2545.83,28004.13
2024-04-24,5,Vendedor_4,1,2,Producto 1,Electrónica,1297.03,2594.06
2024-04-24,5,Vendedor_15,16,5,Producto 16,Deportes,690.71,3453.55
2024-04-24,3,Vendedor_13,4,9,Producto 4,Ropa,2624.09,23616.81
2024-04-24,2,Vendedor_10,2,1,Producto 2,Deportes,2598.04,2598.04
2024-04-25,2,Vendedor_3,13,4,Producto 13,Deportes,2974.15,11896.6
2024-04-25,4,Vendedor_11,5,9,Producto 5,Ropa,1520.51,13684.59
2024-04-25,4,Vendedor_14,10,6,Producto 10,Electrónica,2132.1,12792.6
2024-04-25,2,Vendedor_9,8,8,Producto 8,Deportes,251.22,2009.76
2024-04-25,5,Vendedor_1,8,5,Producto 8,Deportes,253.73,1268.65
2024-04-26,5,Vendedor_7,11,2,Producto 11,Ropa,2282.98,4565.96
2024-04-26,1,Vendedor_11,16,5,Producto 16,Deportes,662.19,3310.95
2024-04-26,4,Vendedor_12,7,4,Producto 7,Electrónica,1928.64,7714.56
2024-04-26,5,Vendedor_1,11,8,Producto 11,Ropa,2466.52,19732.16
2024-04-26,2,Vendedor_11,8,7,Producto 8,Deportes,247.64,1733.48
2024-04-26,5,Vendedor_7,19,1,Producto 19,Alimentos,544.47,544.47
2024-04-26,5,Vendedor_4,16,7,Producto 16,Deportes,684.89,4794.23
2024-04-26,3,Vendedor_11,15,3,Producto 15,Deportes,2319.5,6958.5
2024-04-26,1,Vendedor_5,6,10,Producto 6,Alimentos,784.25,7842.5
2024-04-27,2,Vendedor_1,3,5,Producto 3,Deportes,1770.71,8853.55
2024-04-27,5,Vendedor_7,20,10,Producto 20,Ropa,2029.33,20293.3
2024-04-27,5,Vendedor_5,17,6,Producto 17,Ropa,1384.39,8306.34
2024-04-27,1,Vendedor_1,3,9,Producto 3,Deportes,1919.7,17277.3
2024-04-27,5,Vendedor_13,1,7,Producto 1,Electrónica,1160.17,8121.19
2024-04-27,1,Vendedor_7,7,1,Producto 7,Electrónica,1591.53,1591.53
2024-04-27,4,Vendedor_14,2,9,Producto 2,Deportes,2799.09,25191.81
2024-04-28,2,Vendedor_3,3,10,Producto 3,Deportes,1878.87,18788.7
2024-04-28,5,Vendedor_8,2,4,Producto 2,Deportes,2710.83,10843.32
2024-04-28,4,Vendedor_9,12,8,Producto 12,Alimentos,1149.51,9196.08
2024-04-28,5,Vendedor_1,2,3,Producto 2,Deportes,3032.05,9096.15
2024-04-28,4,Vendedor_6,6,11,Producto 6,Alimentos,713.71,7850.81
2024-04-28,1,Vendedor_15,16,4,Producto 16,Deportes,565.5,2262.0
2024-04-28,2,Vendedor_10,15,6,Producto 15,Deportes,2370.01,14220.06
2024-04-28,1,Vendedor_2,5,4,Producto 5,Ropa,1383.06,5532.24
2024-04-28,4,Vendedor_12,5,4,Producto 5,Ropa,1493.91,5975.64
2024-04-29,4,Vendedor_15,18,2,Producto 18,Electrónica,204.07,408.14
2024-04-29,3,Vendedor_14,15,11,Producto 15,Deportes,2515.98,27675.78
2024-04-29,4,Vendedor_1,20,11,Producto 20,Ropa,2121.11,23332.21
2024-04-30,3,Vendedor_4,17,10,Producto 17,Ropa,1299.92,12999.2
2024-04-30,3,Vendedor_12,12,2,Producto 12,Alimentos,1031.88,2063.76
2024-04-30,5,Vendedor_6,13,11,Producto 13,Deportes,2920.98,32130.78
2024-04-30,5,Vendedor_10,14,5,Producto 14,Deportes,2930.47,14652.35
2024-04-30,5,Vendedor_9,16,2,Producto 16,Deportes,608.13,1216.26
2024-05-01,5,Vendedor_14,15,5,Producto 15,Deportes,2492.51,12462.55
2024-05-01,4,Vendedor_14,13,6,Producto 13,Deportes,3155.57,18933.42
2024-05-01,3,Vendedor_9,1,3,Producto 1,Electrónica,1052.64,3157.92
2024-05-01,2,Vendedor_8,20,7,Producto 20,Ropa,1870.99,13096.93
2024-05-02,5,Vendedor_11,7,1,Producto 7,Electrónica,1751.36,1751.36
2024-05-02,3,Vendedor_3,2,11,Producto 2,Deportes,3096.46,34061.06
2024-05-02,2,Vendedor_11,18,11,Producto 18,Electrónica,192.8,2120.8
2024-05-02,4,Vendedor_9,19,3,Producto 19,Alimentos,478.43,1435.29
2024-05-03,2,Vendedor_12,12,1,Producto 12,Alimentos,1086.63,1086.63
2024-05-03,3,Vendedor_3,5,9,Producto 5,Ropa,1527.49,13747.41
2024-05-03,2,Vendedor_7,10,8,Producto 10,Electrónica,2000.59,16004.72
2024-05-03,5,Vendedor_2,20,7,Producto 20,Ropa,2149.58,15047.06
2024-05-03,5,Vendedor_10,9,8,Producto 9,Hogar,2395.58,19164.64
2024-05-03,3,Vendedor_15,2,2,Producto 2,Deportes,2727.77,5455.54
2024-05-03,4,Vendedor_12,1,1,Producto 1,Electrónica,1177.63,1177.63
2024-05-03,2,Vendedor_10,12,5,Producto 12,Alimentos,1216.42,6082.1
2024-05-03,4,Vendedor_11,5,9,Producto 5,Ropa,1455.85,13102.65
2024-05-03,5,Vendedor_6,20,4,Producto 20,Ropa,2346.57,9386.28
2024-05-03,1,Vendedor_14,13,11,Producto 13,Deportes,2883.23,31715.53
2024-05-04,3,Vendedor_5,4,7,Producto 4,Ropa,2372.05,16604.35
2024-05-04,4,Vendedor_14,1,8,Producto 1,Electrónica,1047.98,8383.84
2024-05-04,4,Vendedor_7,8,4,Producto 8,Deportes,247.95,991.8
2024-05-04,4,Vendedor_8,11,5,Producto 11,Ropa,2294.03,11470.15
2024-05-04,5,Vendedor_10,2,2,Producto 2,Deportes,2987.61,5975.22
2024-05-04,3,Vendedor_6,6,4,Producto 6,Alimentos,730.53,2922.12
2024-05-05,5,Vendedor_6,13,3,Producto 13,Deportes,3256.75,9770.25
2024-05-05,5,Vendedor_10,2,6,Producto 2,Deportes,2649.77,15898.62
2024-05-05,4,Vendedor_13,8,4,Producto 8,Deportes,262.93,1051.72
2024-05-05,1,Vendedor_14,10,10,Producto 10,Electrónica,1744.05,17440.5
2024-05-05,4,Vendedor_2,5,5,Producto 5,Ropa,1313.09,6565.45
2024-05-06,3,Vendedor_7,8,8,Producto 8,Deportes,272.17,2177.36
2024-05-06,1,Vendedor_6,13,5,Producto 13,Deportes,2855.41,14277.05
2024-05-06,1,Vendedor_2,7,2,Producto 7,Electrónica,1602.7,3205.4
2024-05-06,2,Vendedor_5,20,10,Producto 20,Ropa,1970.83,19708.3
2024-05-06,1,Vendedor_4,11,7,Producto 11,Ropa,2587.87,18115.09
2024-05-06,4,Vendedor_12,8,1,Producto 8,Deportes,233.52,233.52
2024-05-06,5,Vendedor_6,4,6,Producto 4,Ropa,2232.42,13394.52
2024-05-06,1,Vendedor_1,12,3,Producto 12,Alimentos,1246.73,3740.19
2024-05-06,2,Vendedor_9,3,8,Producto 3,Deportes,1929.92,15439.36
2024-05-06,3,Vendedor_10,3,8,Producto 3,Deportes,2053.38,16427.04
2024-05-06,4,Vendedor_6,8,7,Producto 8,Deportes,224.18,1569.26
2024-05-07,2,Vendedor_3,16,5,Producto 16,Deportes,707.22,3536.1
2024-05-07,1,Vendedor_13,4,7,Producto 4,Ropa,2500.54,17503.78
2024-05-07,4,Vendedor_1,10,3,Producto 10,Electrónica,1736.72,5210.16
2024-05-07,1,Vendedor_7,11,5,Producto 11,Ropa,2140.51,10702.55
2024-05-07,2,Vendedor_13,11,8,Producto 11,Ropa,2070.52,16564.16
2024-05-08,5,Vendedor_11,20,1,Producto 20,Ropa,1971.66,1971.66
2024-05-08,5,Vendedor_6,3,1,Producto 3,Deportes,1867.79,1867.79
2024-05-08,4,Vendedor_2,7,5,Producto 7,Electrónica,1676.16,8380.8
2024-05-09,2,Vendedor_14,17,8,Producto 17,Ropa,1365.94,10927.52
2024-05-09,4,Vendedor_5,12,6,Producto 12,Alimentos,1175.62,7053.72
2024-05-09,1,Vendedor_5,18,10,Producto 18,Electrónica,190.65,1906.5
2024-05-09,3,Vendedor_8,3,8,Producto 3,Deportes,1920.8,15366.4
2024-05-09,3,Vendedor_7,13,1,Producto 13,Deportes,3008.83,3008.83
2024-05-09,1,Vendedor_15,16,4,Producto 16,Deportes,683.38,2733.52
2024-05-09,1,Vendedor_2,11,1,Producto 11,Ropa,2311.22,2311.22
2024-05-09,4,Vendedor_15,19,3,Producto 19,Alimentos,565.25,1695.75
2024-05-09,5,Vendedor_9,10,7,Producto 10,Electrónica,2058.9,14412.3
2024-05-09,2,Vendedor_9,5,7,Producto 5,Ropa,1350.04,9450.28
2024-05-09,5,Vendedor_1,11,6,Producto 11,Ropa,2137.81,12826.86
2024-05-09,3,Vendedor_3,11,2,Producto 11,Ropa,2524.82,5049.64
2024-05-10,1,Vendedor_8,18,1,Producto 18,Electrónica,196.43,196.43
2024-05-10,3,Vendedor_12,13,4,Producto 13,Deportes,3295.08,13180.32
2024-05-10,3,Vendedor_6,2,1,Producto 2,Deportes,2949.94,2949.94
2024-05-10,4,Vendedor_14,1,10,Producto 1,Electrónica,1097.54,10975.4
2024-05-10,2,Vendedor_1,16,11,Producto 16,Deportes,707.23,7779.53
2024-05-10,5,Vendedor_13,19,4,Producto 19,Alimentos,490.22,1960.88
2024-05-10,3,Vendedor_14,18,11,Producto 18,Electrónica,169.7,1866.7
2024-05-10,3,Vendedor_2,17,10,Producto 17,Ropa,1369.88,13698.8
2024-05-11,2,Vendedor_3,8,4,Producto 8,Deportes,244.38,977.52
2024-05-11,2,Vendedor_6,5,1,Producto 5,Ropa,1352.91,1352.91
2024-05-11,1,Vendedor_12,9,8,Producto 9,Hogar,2360.06,18880.48
2024-05-11,4,Vendedor_8,6,8,Producto 6,Alimentos,679.55,5436.4
2024-05-12,2,Vendedor_13,4,9,Producto 4,Ropa,2248.44,20235.96
2024-05-12,2,Vendedor_4,8,6,Producto 8,Deportes,235.03,1410.18
2024-05-12,5,Vendedor_13,4,5,Producto 4,Ropa,2329.2,11646.0
2024-05-12,2,Vendedor_6,19,9,Producto 19,Alimentos,456.98,4112.82
2024-05-13,1,Vendedor_2,16,7,Producto 16,Deportes,688.01,4816.07
2024-05-13,1,Vendedor_6,19,4,Producto 19,Alimentos,543.74,2174.96
2024-05-13,2,Vendedor_6,16,4,Producto 16,Deportes,691.19,2764.76
2024-05-14,1,Vendedor_9,9,1,Producto 9,Hogar,2757.99,2757.99
2024-05-14,1,Vendedor_11,16,7,Producto 16,Deportes,571.87,4003.09
2024-05-14,2,Vendedor_15,16,6,Producto 16,Deportes,601.54,3609.24
2024-05-15,4,Vendedor_5,9,11,Producto 9,Hogar,2816.58,30982.38
2024-05-15,3,Vendedor_2,2,2,Producto 2,Deportes,2843.04,5686.08
2024-05-15,2,Vendedor_7,20,1,Producto 20,Ropa,1992.7,1992.7
2024-05-15,4,Vendedor_4,5,7,Producto 5,Ropa,1292.07,9044.49
2024-05-15,5,Vendedor_5,6,7,Producto 6,Alimentos,668.74,4681.18
2024-05-16,2,Vendedor_14,13,11,Producto 13,Deportes,3002.41,33026.51
2024-05-16,2,Vendedor_4,11,6,Producto 11,Ropa,2246.46,13478.76
2024-05-17,4,Vendedor_13,4,1,Producto 4,Ropa,2524.16,2524.16
2024-05-17,1,Vendedor_13,11,3,Producto 11,Ropa,2283.51,6850.53
2024-05-17,5,Vendedor_15,13,1,Producto 13,Deportes,2886.52,2886.52
2024-05-18,3,Vendedor_6,18,1,Producto 18,Electrónica,189.7,189.7
2024-05-18,2,Vendedor_3,20,7,Producto 20,Ropa,1882.33,13176.31
2024-05-18,1,Vendedor_13,2,9,Producto 2,Deportes,2600.65,23405.85
2024-05-18,1,Vendedor_3,5,11,Producto 5,Ropa,1484.58,16330.38
2024-05-18,2,Vendedor_15,8,9,Producto 8,Deportes,258.41,2325.69
2024-05-19,5,Vendedor_5,19,4,Producto 19,Alimentos,502.93,2011.72
2024-05-19,5,Vendedor_4,9,4,Producto 9,Hogar,2642.68,10570.72
2024-05-20,5,Vendedor_8,5,2,Producto 5,Ropa,1490.66,2981.32
2024-05-20,4,Vendedor_14,9,9,Producto 9,Hogar,2642.21,23779.89
2024-05-20,5,Vendedor_8,6,2,Producto 6,Alimentos,759.4,1518.8
2024-05-20,2,Vendedor_4,13,2,Producto 13,Deportes,3180.14,6360.28
2024-05-21,1,Vendedor_15,7,9,Producto 7,Electrónica,1708.46,15376.14
2024-05-21,4,Vendedor_3,2,5,Producto 2,Deportes,2796.05,13980.25
2024-05-21,1,Vendedor_7,4,8,Producto 4,Ropa,2765.45,22123.6
2024-05-21,1,Vendedor_6,7,9,Producto 7,Electrónica,1691.29,15221.61
2024-05-21,2,Vendedor_10,13,7,Producto 13,Deportes,2781.77,19472.39
2024-05-22,2,Vendedor_2,12,10,Producto 12,Alimentos,1070.01,10700.1
2024-05-22,3,Vendedor_15,8,11,Producto 8,Deportes,261.1,2872.1
2024-05-22,3,Vendedor_9,4,6,Producto 4,Ropa,2624.54,15747.24
2024-05-22,1,Vendedor_5,6,11,Producto 6,Alimentos,711.36,7824.96
2024-05-22,1,Vendedor_7,18,10,Producto 18,Electrónica,193.37,1933.7
2024-05-23,3,Vendedor_13,10,3,Producto 10,Electrónica,1722.78,5168.34
2024-05-23,2,Vendedor_3,14,1,Producto 14,Deportes,2707.54,2707.54
2024-05-23,5,Vendedor_5,16,9,Producto 16,Deportes,635.7,5721.3
2024-05-23,1,Vendedor_9,13,9,Producto 13,Deportes,2900.02,26100.18
2024-05-23,5,Vendedor_6,18,10,Producto 18,Electrónica,177.15,1771.5
2024-05-23,5,Vendedor_4,7,9,Producto 7,Electrónica,1760.31,15842.79
2024-05-23,2,Vendedor_4,16,9,Producto 16,Deportes,580.2,5221.8
2024-05-23,5,Vendedor_2,5,6,Producto 5,Ropa,1372.66,8235.96
2024-05-23,4,Vendedor_5,15,2,Producto 15,Deportes,2154.85,4309.7
2024-05-24,1,Vendedor_9,15,5,Producto 15,Deportes,2502.45,12512.25
2024-05-24,4,Vendedor_11,10,10,Producto 10,Electrónica,1728.28,17282.8
2024-05-24,3,Vendedor_10,19,6,Producto 19,Alimentos,501.26,3007.56
2024-05-25,1,Vendedor_1,15,9,Producto 15,Deportes,2288.29,20594.61
2024-05-25,3,Vendedor_1,11,1,Producto 11,Ropa,2202.64,2202.64
2024-05-25,4,Vendedor_11,19,8,Producto 19,Alimentos,475.55,3804.4
2024-05-25,2,Vendedor_4,3,3,Producto 3,Deportes,1860.01,5580.03
2024-05-25,5,Vendedor_4,10,7,Producto 10,Electrónica,1783.93,12487.51
2024-05-26,1,Vendedor_13,1,7,Producto 1,Electrónica,1148.88,8042.16
2024-05-26,3,Vendedor_14,4,11,Producto 4,Ropa,2356.48,25921.28
2024-05-26,2,Vendedor_2,12,3,Producto 12,Alimentos,1174.86,3524.58
2024-05-27,2,Vendedor_14,3,4,Producto 3,Deportes,2108.12,8432.48
2024-05-27,5,Vendedor_11,7,2,Producto 7,Electrónica,1624.67,3249.34
2024-05-27,3,Vendedor_15,7,10,Producto 7,Electrónica,1651.21,16512.1
2024-05-27,3,Vendedor_1,18,2,Producto 18,Electrónica,166.8,333.6
2024-05-27,2,Vendedor_9,5,2,Producto 5,Ropa,1242.01,2484.02
2024-05-27,5,Vendedor_2,2,4,Producto 2,Deportes,3118.02,12472.08
2024-05-27,4,Vendedor_11,10,7,Producto 10,Electrónica,1940.04,13580.28
2024-05-27,4,Vendedor_8,6,4,Producto 6,Alimentos,797.89,3191.56
2024-05-27,5,Vendedor_14,14,3,Producto 14,Deportes,2907.77,8723.31
2024-05-28,2,Vendedor_7,4,2,Producto 4,Ropa,2755.3,5510.6
2024-05-28,3,Vendedor_5,16,5,Producto 16,Deportes,613.34,3066.7
2024-05-28,3,Vendedor_7,9,1,Producto 9,Hogar,2706.67,2706.67
2024-05-28,2,Vendedor_7,14,9,Producto 14,Deportes,2888.38,25995.42
2024-05-28,3,Vendedor_15,16,3,Producto 16,Deportes,571.23,1713.69
2024-05-28,5,Vendedor_3,9,1,Producto 9,Hogar,2795.32,2795.32
2024-05-28,5,Vendedor_7,6,11,Producto 6,Alimentos,666.75,7334.25
2024-05-28,3,Vendedor_4,1,6,Producto 1,Electrónica,1180.54,7083.24
2024-05-28,1,Vendedor_3,12,7,Producto 12,Alimentos,1008.24,7057.68
2024-05-28,4,Vendedor_12,16,7,Producto 16,Deportes,691.42,4839.94
2024-05-29,2,Vendedor_3,16,9,Producto 16,Deportes,636.13,5725.17
2024-05-29,1,Vendedor_7,6,6,Producto 6,Alimentos,809.55,4857.3
2024-05-29,2,Vendedor_5,17,4,Producto 17,Ropa,1306.44,5225.76
2024-05-29,3,Vendedor_6,12,4,Producto 12,Alimentos,1174.08,4696.32
2024-05-29,4,Vendedor_7,15,8,Producto 15,Deportes,2347.34,18778.72
2024-05-29,1,Vendedor_1,2,2,Producto 2,Deportes,3134.77,6269.54
2024-05-29,2,Vendedor_13,16,9,Producto 16,Deportes,626.78,5641.02
2024-05-30,5,Vendedor_11,4,7,Producto 4,Ropa,2481.42,17369.94
2024-05-30,1,Vendedor_13,9,3,Producto 9,Hogar,2381.85,7145.55
2024-05-30,2,Vendedor_3,12,5,Producto 12,Alimentos,997.4,4987.0
2024-05-30,4,Vendedor_12,9,10,Producto 9,Hogar,2536.68,25366.8
2024-05-31,5,Vendedor_5,16,3,Producto 16,Deportes,697.19,2091.57
2024-05-31,1,Vendedor_6,16,3,Producto 16,Deportes,637.5,1912.5
2024-05-31,5,Vendedor_14,1,1,Producto 1,Electrónica,1084.35,1084.35
2024-05-31,3,Vendedor_9,15,10,Producto 15,Deportes,2495.55,24955.5
2024-05-31,1,Vendedor_13,16,2,Producto 16,Deportes,643.28,1286.56
2024-05-31,1,Vendedor_9,19,8,Producto 19,Alimentos,504.75,4038.0
2024-05-31,5,Vendedor_2,19,8,Producto 19,Alimentos,489.58,3916.64
2024-05-31,4,Vendedor_4,20,7,Producto 20,Ropa,2285.42,15997.94
2024-06-01,3,Vendedor_10,15,10,Producto 15,Deportes,2370.22,23702.2
2024-06-01,5,Vendedor_3,5,7,Producto 5,Ropa,1232.8,8629.6
2024-06-01,4,Vendedor_8,17,6,Producto 17,Ropa,1456.46,8738.76
2024-06-01,3,Vendedor_3,16,6,Producto 16,Deportes,585.22,3511.32
2024-06-01,3,Vendedor_15,13,1,Producto 13,Deportes,3342.69,3342.69
2024-06-01,1,Vendedor_2,13,3,Producto 13,Deportes,3019.92,9059.76
2024-06-01,2,Vendedor_13,9,2,Producto 9,Hogar,2725.87,5451.74
2024-06-01,2,Vendedor_5,5,8,Producto 5,Ropa,1254.98,10039.84
2024-06-01,1,Vendedor_12,6,7,Producto 6,Alimentos,822.36,5756.52
2024-06-02,3,Vendedor_8,1,6,Producto 1,Electrónica,1132.35,6794.1
2024-06-02,2,Vendedor_15,17,10,Producto 17,Ropa,1324.86,13248.6
2024-06-02,4,Vendedor_15,8,2,Producto 8,Deportes,236.1,472.2
2024-06-03,3,Vendedor_11,4,10,Producto 4,Ropa,2755.62,27556.2
2024-06-03,4,Vendedor_15,14,3,Producto 14,Deportes,3061.09,9183.27
2024-06-03,1,Vendedor_14,7,9,Producto 7,Electrónica,1645.23,14807.07
2024-06-03,3,Vendedor_6,14,6,Producto 14,Deportes,2627.22,15763.32
2024-06-03,1,Vendedor_7,4,2,Producto 4,Ropa,2562.37,5124.74
2024-06-03,5,Vendedor_8,9,8,Producto 9,Hogar,2568.83,20550.64
2024-06-04,1,Vendedor_7,20,10,Producto 20,Ropa,2018.6,20186.0
2024-06-04,4,Vendedor_10,6,7,Producto 6,Alimentos,788.5,5519.5
2024-06-04,2,Vendedor_4,16,10,Producto 16,Deportes,589.97,5899.7
2024-06-04,3,Vendedor_1,17,5,Producto 17,Ropa,1502.23,7511.15
2024-06-04,3,Vendedor_5,6,5,Producto 6,Alimentos,823.04,4115.2
2024-06-04,5,Vendedor_14,13,8,Producto 13,Deportes,3035.44,24283.52
2024-06-04,3,Vendedor_1,5,8,Producto 5,Ropa,1416.08,11328.64
2024-06-04,4,Vendedor_4,18,9,Producto 18,Electrónica,195.96,1763.64
2024-06-04,4,Vendedor_13,11,6,Producto 11,Ropa,2299.16,13794.96
2024-06-04,5,Vendedor_7,3,10,Producto 3,Deportes,1774.49,17744.9
2024-06-05,3,Vendedor_1,13,11,Producto 13,Deportes,2707.68,29784.48
2024-06-05,5,Vendedor_5,9,2,Producto 9,Hogar,2413.48,4826.96
2024-06-05,4,Vendedor_6,19,5,Producto 19,Alimentos,527.47,2637.35
2024-06-05,3,Vendedor_12,8,9,Producto 8,Deportes,255.38,2298.42
2024-06-05,4,Vendedor_4,16,9,Producto 16,Deportes,568.26,5114.34
2024-06-05,2,Vendedor_5,16,10,Producto 16,Deportes,584.84,5848.4
2024-06-05,2,Vendedor_8,4,2,Producto 4,Ropa,2454.02,4908.04
2024-06-06,2,Vendedor_9,14,4,Producto 14,Deportes,2856.44,11425.76
2024-06-06,4,Vendedor_11,15,1,Producto 15,Deportes,2199.27,2199.27
2024-06-06,2,Vendedor_8,12,4,Producto 12,Alimentos,1038.49,4153.96
2024-06-06,4,Vendedor_13,5,3,Producto 5,Ropa,1385.37,4156.11
2024-06-07,5,Vendedor_13,3,9,Producto 3,Deportes,1917.25,17255.25
2024-06-07,2,Vendedor_10,12,8,Producto 12,Alimentos,1010.78,8086.24
2024-06-07,1,Vendedor_8,18,11,Producto 18,Electrónica,171.78,1889.58
2024-06-07,4,Vendedor_7,4,10,Producto 4,Ropa,2417.17,24171.7
2024-06-07,5,Vendedor_14,18,11,Producto 18,Electrónica,166.28,1829.08
2024-06-07,3,Vendedor_14,7,5,Producto 7,Electrónica,1746.75,8733.75
2024-06-07,2,Vendedor_13,15,5,Producto 15,Deportes,2390.44,11952.2
2024-06-07,1,Vendedor_12,18,9,Producto 18,Electrónica,164.71,1482.39
2024-06-08,4,Vendedor_12,14,2,Producto 14,Deportes,2982.83,5965.66
2024-06-08,1,Vendedor_8,9,4,Producto 9,Hogar,2784.6,11138.4
2024-06-08,4,Vendedor_3,16,4,Producto 16,Deportes,664.01,2656.04
2024-06-08,3,Vendedor_15,15,11,Producto 15,Deportes,2664.49,29309.39
2024-06-09,2,Vendedor_9,15,1,Producto 15,Deportes,2277.38,2277.38
2024-06-09,2,Vendedor_8,4,2,Producto 4,Ropa,2390.1,4780.2
2024-06-09,3,Vendedor_15,13,4,Producto 13,Deportes,3324.68,13298.72
2024-06-09,2,Vendedor_10,5,1,Producto 5,Ropa,1544.82,1544.82
2024-06-10,1,Vendedor_11,17,7,Producto 17,Ropa,1418.47,9929.29
2024-06-10,5,Vendedor_5,20,9,Producto 20,Ropa,2197.4,19776.6
2024-06-10,3,Vendedor_4,17,6,Producto 17,Ropa,1492.87,8957.22
2024-06-10,4,Vendedor_14,5,7,Producto 5,Ropa,1318.65,9230.55
2024-06-10,5,Vendedor_10,5,4,Producto 5,Ropa,1280.31,5121.24
2024-06-11,3,Vendedor_3,11,8,Producto 11,Ropa,2138.86,17110.88
2024-06-11,4,Vendedor_5,19,7,Producto 19,Alimentos,554.7,3882.9
2024-06-11,2,Vendedor_15,3,7,Producto 3,Deportes,2197.72,15384.04
2024-06-11,1,Vendedor_15,7,6,Producto 7,Electrónica,1525.16,9150.96
2024-06-11,5,Vendedor_13,6,7,Producto 6,Alimentos,711.08,4977.56
2024-06-12,3,Vendedor_14,1,1,Producto 1,Electrónica,1300.44,1300.44
2024-06-12,4,Vendedor_11,13,7,Producto 13,Deportes,2760.66,19324.62
2024-06-12,2,Vendedor_15,1,3,Producto 1,Electrónica,1107.04,3321.12
2024-06-12,3,Vendedor_10,18,7,Producto 18,Electrónica,196.49,1375.43
2024-06-12,5,Vendedor_10,2,3,Producto 2,Deportes,2724.46,8173.38
2024-06-12,5,Vendedor_6,20,10,Producto 20,Ropa,2365.96,23659.6
2024-06-13,4,Vendedor_4,17,8,Producto 17,Ropa,1546.5,12372.0
2024-06-13,3,Vendedor_13,8,6,Producto 8,Deportes,244.98,1469.88
2024-06-13,4,Vendedor_14,6,2,Producto 6,Alimentos,653.38,1306.76
2024-06-13,3,Vendedor_2,18,4,Producto 18,Electrónica,181.1,724.4
2024-06-13,5,Vendedor_1,4,11,Producto 4,Ropa,2308.32,25391.52
2024-06-13,3,Vendedor_6,13,9,Producto 13,Deportes,3173.96,28565.64
2024-06-13,4,Vendedor_5,13,9,Producto 13,Deportes,2823.1,25407.9
2024-06-13,2,Vendedor_1,13,9,Producto 13,Deportes,3100.01,27900.09
2024-06-13,1,Vendedor_7,6,6,Producto 6,Alimentos,776.65,4659.9
2024-06-13,1,Vendedor_3,4,9,Producto 4,Ropa,2555.71,23001.39
2024-06-13,2,Vendedor_13,19,3,Producto 19,Alimentos,522.54,1567.62
2024-06-14,5,Vendedor_8,10,4,Producto 10,Electrónica,2064.54,8258.16
2024-06-14,1,Vendedor_4,4,4,Producto 4,Ropa,2710.0,10840.0
2024-06-14,2,Vendedor_1,4,1,Producto 4,Ropa,2261.03,2261.03
2024-06-15,2,Vendedor_6,18,2,Producto 18,Electrónica,187.83,375.66
2024-06-16,5,Vendedor_7,4,9,Producto 4,Ropa,2486.73,22380.57
2024-06-16,1,Vendedor_4,17,9,Producto 17,Ropa,1533.34,13800.06
2024-06-16,1,Vendedor_2,9,2,Producto 9,Hogar,2702.9,5405.8
2024-06-16,2,Vendedor_7,17,4,Producto 17,Ropa,1419.02,5676.08
2024-06-16,3,Vendedor_12,6,8,Producto 6,Alimentos,659.16,5273.28
2024-06-17,1,Vendedor_3,14,10,Producto 14,Deportes,2911.89,29118.9
2024-06-17,5,Vendedor_10,14,4,Producto 14,Deportes,2537.24,10148.96
2024-06-17,3,Vendedor_10,15,11,Producto 15,Deportes,2524.51,27769.61
2024-06-17,4,Vendedor_2,19,1,Producto 19,Alimentos,478.87,478.87
2024-06-17,5,Vendedor_5,3,9,Producto 3,Deportes,2056.73,18510.57
2024-06-18,1,Vendedor_6,12,3,Producto 12,Alimentos,1038.89,3116.67
2024-06-19,5,Vendedor_2,16,6,Producto 16,Deportes,627.32,3763.92
2024-06-19,3,Vendedor_11,11,2,Producto 11,Ropa,2154.81,4309.62
2024-06-19,2,Vendedor_12,1,3,Producto 1,Electrónica,1273.46,3820.38
2024-06-19,3,Vendedor_3,16,2,Producto 16,Deportes,580.05,1160.1
2024-06-19,4,Vendedor_8,16,11,Producto 16,Deportes,662.2,7284.2
2024-06-19,4,Vendedor_15,19,6,Producto 19,Alimentos,534.71,3208.26
2024-06-20,2,Vendedor_6,3,11,Producto 3,Deportes,2019.48,22214.28
2024-06-20,4,Vendedor_8,20,4,Producto 20,Ropa,2083.75,8335.0
2024-06-20,5,Vendedor_11,19,5,Producto 19,Alimentos,499.92,2499.6
2024-06-20,3,Vendedor_5,14,9,Producto 14,Deportes,2491.65,22424.85
2024-06-20,4,Vendedor_9,17,10,Producto 17,Ropa,1636.81,16368.1
2024-06-21,3,Vendedor_7,13,11,Producto 13,Deportes,3131.24,34443.64
2024-06-22,1,Vendedor_12,8,3,Producto 8,Deportes,245.82,737.46
2024-06-22,2,Vendedor_11,20,2,Producto 20,Ropa,2374.53,4749.06
2024-06-22,2,Vendedor_2,2,10,Producto 2,Deportes,2584.07,25840.7
2024-06-22,5,Vendedor_13,1,7,Producto 1,Electrónica,1140.64,7984.48
2024-06-22,1,Vendedor_12,8,6,Producto 8,Deportes,244.67,1468.02
2024-06-22,5,Vendedor_3,1,1,Producto 1,Electrónica,1097.93,1097.93
2024-06-22,2,Vendedor_2,15,1,Producto 15,Deportes,2320.18,2320.18
2024-06-22,5,Vendedor_2,13,6,Producto 13,Deportes,2801.33,16807.98
2024-06-22,5,Vendedor_7,19,9,Producto 19,Alimentos,514.64,4631.76
2024-06-23,5,Vendedor_1,11,6,Producto 11,Ropa,2132.74,12796.44
2024-06-23,3,Vendedor_2,10,2,Producto 10,Electrónica,2027.27,4054.54
2024-06-23,2,Vendedor_9,3,11,Producto 3,Deportes,2221.41,24435.51
2024-06-23,4,Vendedor_14,2,7,Producto 2,Deportes,2668.25,18677.75
2024-06-23,4,Vendedor_5,9,8,Producto 9,Hogar,2855.94,22847.52
2024-06-23,3,Vendedor_4,17,3,Producto 17,Ropa,1633.49,4900.47
2024-06-24,5,Vendedor_3,9,1,Producto 9,Hogar,2660.3,2660.3
2024-06-24,2,Vendedor_10,5,4,Producto 5,Ropa,1523.07,6092.28
2024-06-24,1,Vendedor_14,11,2,Producto 11,Ropa,2133.68,4267.36
2024-06-24,4,Vendedor_4,16,2,Producto 16,Deportes,668.28,1336.56
2024-06-24,4,Vendedor_2,3,1,Producto 3,Deportes,2082.85,2082.85
2024-06-25,2,Vendedor_10,11,9,Producto 11,Ropa,2095.88,18862.92
2024-06-25,4,Vendedor_8,6,2,Producto 6,Alimentos,795.05,1590.1
2024-06-25,3,Vendedor_15,19,10,Producto 19,Alimentos,576.42,5764.2
2024-06-25,2,Vendedor_10,3,1,Producto 3,Deportes,2008.58,2008.58
2024-06-25,4,Vendedor_6,5,9,Producto 5,Ropa,1332.67,11994.03
2024-06-25,5,Vendedor_5,18,3,Producto 18,Electrónica,172.56,517.68
2024-06-26,5,Vendedor_6,12,9,Producto 12,Alimentos,1101.38,9912.42
2024-06-26,4,Vendedor_8,14,3,Producto 14,Deportes,2873.27,8619.81
2024-06-26,1,Vendedor_3,8,5,Producto 8,Deportes,256.13,1280.65
2024-06-27,4,Vendedor_15,19,7,Producto 19,Alimentos,488.33,3418.31
2024-06-27,3,Vendedor_5,14,7,Producto 14,Deportes,2827.84,19794.88
2024-06-27,2,Vendedor_11,5,2,Producto 5,Ropa,1293.36,2586.72
2024-06-27,1,Vendedor_14,12,10,Producto 12,Alimentos,1127.52,11275.2
2024-06-27,1,Vendedor_2,4,10,Producto 4,Ropa,2590.0,25900.0
2024-06-27,1,Vendedor_13,20,10,Producto 20,Ropa,1926.74,19267.4
2024-06-28,3,Vendedor_15,17,9,Producto 17,Ropa,1295.86,11662.74
2024-06-28,5,Vendedor_12,7,11,Producto 7,Electrónica,1699.98,18699.78
2024-06-28,4,Vendedor_14,20,4,Producto 20,Ropa,1997.33,7989.32
2024-06-28,5,Vendedor_9,15,11,Producto 15,Deportes,2449.63,26945.93
2024-06-28,5,Vendedor_14,17,5,Producto 17,Ropa,1553.56,7767.8
2024-06-28,1,Vendedor_8,11,1,Producto 11,Ropa,2575.51,2575.51
2024-06-28,5,Vendedor_1,17,3,Producto 17,Ropa,1558.64,4675.92
2024-06-28,4,Vendedor_15,1,3,Producto 1,Electrónica,1084.79,3254.37
2024-06-29,1,Vendedor_7,17,2,Producto 17,Ropa,1524.31,3048.62
2024-06-29,1,Vendedor_10,6,7,Producto 6,Alimentos,712.18,4985.26
2024-06-29,3,Vendedor_8,6,8,Producto 6,Alimentos,755.4,6043.2
2024-06-29,4,Vendedor_5,2,11,Producto 2,Deportes,3079.14,33870.54
2024-06-29,1,Vendedor_12,16,9,Producto 16,Deportes,615.68,5541.12
2024-06-29,3,Vendedor_6,12,7,Producto 12,Alimentos,1231.55,8620.85
2024-06-29,3,Vendedor_14,16,11,Producto 16,Deportes,688.89,7577.79
2024-06-29,4,Vendedor_7,9,4,Producto 9,Hogar,2458.64,9834.56
2024-06-29,2,Vendedor_8,20,3,Producto 20,Ropa,1920.8,5762.4
2024-06-30,5,Vendedor_6,2,10,Producto 2,Deportes,2920.1,29201.0
2024-06-30,2,Vendedor_11,2,10,Producto 2,Deportes,2704.21,27042.1
2024-06-30,4,Vendedor_14,16,5,Producto 16,Deportes,629.02,3145.1
2024-06-30,5,Vendedor_14,5,10,Producto 5,Ropa,1479.45,14794.5
2024-06-30,2,Vendedor_1,8,11,Producto 8,Deportes,216.03,2376.33
2024-07-01,3,Vendedor_15,6,3,Producto 6,Alimentos,807.25,2421.75
2024-07-01,1,Vendedor_4,4,5,Producto 4,Ropa,2569.9,12849.5
2024-07-01,4,Vendedor_6,2,1,Producto 2,Deportes,2616.27,2616.27
2024-07-01,5,Vendedor_7,18,3,Producto 18,Electrónica,192.64,577.92
2024-07-01,1,Vendedor_10,18,1,Producto 18,Electrónica,204.05,204.05
2024-07-01,4,Vendedor_13,5,3,Producto 5,Ropa,1475.25,4425.75
2024-07-01,4,Vendedor_8,9,5,Producto 9,Hogar,2276.83,11384.15
2024-07-02,4,Vendedor_7,12,11,Producto 12,Alimentos,1101.02,12111.22
2024-07-02,5,Vendedor_10,6,10,Producto 6,Alimentos,757.2,7572.0
2024-07-02,5,Vendedor_9,13,3,Producto 13,Deportes,3031.11,9093.33
2024-07-02,3,Vendedor_13,2,11,Producto 2,Deportes,2555.4,28109.4
2024-07-02,3,Vendedor_2,19,11,Producto 19,Alimentos,463.06,5093.66
2024-07-03,3,Vendedor_14,7,5,Producto 7,Electrónica,1536.44,7682.2
2024-07-03,1,Vendedor_9,1,9,Producto 1,Electrónica,1204.41,10839.69
2024-07-03,2,Vendedor_11,19,8,Producto 19,Alimentos,558.43,4467.44
2024-07-03,5,Vendedor_11,5,1,Producto 5,Ropa,1243.79,1243.79
2024-07-04,4,Vendedor_2,18,11,Producto 18,Electrónica,183.97,2023.67
2024-07-04,5,Vendedor_9,17,7,Producto 17,Ropa,1381.28,9668.96
2024-07-04,2,Vendedor_6,16,9,Producto 16,Deportes,653.42,5880.78
2024-07-04,1,Vendedor_2,4,6,Producto 4,Ropa,2511.21,15067.26
2024-07-05,5,Vendedor_3,7,6,Producto 7,Electrónica,1898.05,11388.3
2024-07-05,1,Vendedor_12,3,10,Producto 3,Deportes,1940.42,19404.2
2024-07-05,1,Vendedor_15,11,7,Producto 11,Ropa,2282.27,15975.89
2024-07-05,2,Vendedor_8,17,6,Producto 17,Ropa,1289.03,7734.18
2024-07-05,2,Vendedor_10,17,6,Producto 17,Ropa,1489.02,8934.12
2024-07-06,1,Vendedor_2,14,4,Producto 14,Deportes,2612.7,10450.8
2024-07-06,1,Vendedor_7,10,11,Producto 10,Electrónica,2034.11,22375.21
2024-07-06,5,Vendedor_4,16,8,Producto 16,Deportes,710.49,5683.92
2024-07-06,2,Vendedor_3,7,10,Producto 7,Electrónica,1691.83,16918.3
2024-07-06,3,Vendedor_15,8,9,Producto 8,Deportes,216.27,1946.43
2024-07-06,2,Vendedor_14,9,9,Producto 9,Hogar,2287.74,20589.66
2024-07-06,2,Vendedor_9,5,9,Producto 5,Ropa,1395.29,12557.61
2024-07-07,1,Vendedor_1,13,9,Producto 13,Deportes,3051.07,27459.63
2024-07-07,1,Vendedor_12,1,2,Producto 1,Electrónica,1133.09,2266.18
2024-07-07,3,Vendedor_10,15,4,Producto 15,Deportes,2556.66,10226.64
2024-07-07,4,Vendedor_10,16,2,Producto 16,Deportes,697.56,1395.12
2024-07-07,3,Vendedor_11,18,4,Producto 18,Electrónica,197.18,788.72
2024-07-08,5,Vendedor_7,4,3,Producto 4,Ropa,2546.84,7640.52
2024-07-08,5,Vendedor_5,3,1,Producto 3,Deportes,1903.04,1903.04
2024-07-08,5,Vendedor_7,4,11,Producto 4,Ropa,2820.74,31028.14
2024-07-08,2,Vendedor_2,14,7,Producto 14,Deportes,2685.58,18799.06
2024-07-08,4,Vendedor_11,13,4,Producto 13,Deportes,3058.18,12232.72
2024-07-08,2,Vendedor_12,16,8,Producto 16,Deportes,608.33,4866.64
2024-07-08,1,Vendedor_5,3,8,Producto 3,Deportes,1985.32,15882.56
2024-07-08,5,Vendedor_2,9,9,Producto 9,Hogar,2447.75,22029.75
2024-07-08,4,Vendedor_1,3,6,Producto 3,Deportes,2007.16,12042.96
2024-07-09,3,Vendedor_1,13,4,Producto 13,Deportes,2730.83,10923.32
2024-07-09,5,Vendedor_3,17,9,Producto 17,Ropa,1507.45,13567.05
2024-07-09,5,Vendedor_1,13,6,Producto 13,Deportes,3205.21,19231.26
2024-07-09,2,Vendedor_9,4,9,Producto 4,Ropa,2324.67,20922.03
2024-07-09,3,Vendedor_1,8,3,Producto 8,Deportes,261.59,784.77
2024-07-09,5,Vendedor_12,3,10,Producto 3,Deportes,2118.94,21189.4
2024-07-09,3,Vendedor_14,4,9,Producto 4,Ropa,2686.02,24174.18
2024-07-09,3,Vendedor_1,5,7,Producto 5,Ropa,1280.1,8960.7
2024-07-09,3,Vendedor_5,7,4,Producto 7,Electrónica,1555.5,6222.0
2024-07-10,4,Vendedor_8,2,7,Producto 2,Deportes,3086.21,21603.47
2024-07-10,5,Vendedor_3,14,10,Producto 14,Deportes,2683.75,26837.5
2024-07-10,1,Vendedor_9,11,2,Producto 11,Ropa,2477.29,4954.58
2024-07-10,5,Vendedor_9,3,9,Producto 3,Deportes,2223.99,20015.91
2024-07-11,1,Vendedor_9,11,4,Producto 11,Ropa,2377.99,9511.96
2024-07-11,2,Vendedor_12,6,3,Producto 6,Alimentos,664.23,1992.69
2024-07-11,4,Vendedor_8,7,11,Producto 7,Electrónica,1902.58,20928.38
2024-07-12,2,Vendedor_11,20,3,Producto 20,Ropa,2010.65,6031.95
2024-07-12,1,Vendedor_4,17,9,Producto 17,Ropa,1498.42,13485.78
2024-07-12,2,Vendedor_9,3,5,Producto 3,Deportes,1976.98,9884.9
2024-07-12,4,Vendedor_1,9,9,Producto 9,Hogar,2504.82,22543.38
2024-07-13,1,Vendedor_10,12,7,Producto 12,Alimentos,1214.85,8503.95
2024-07-13,1,Vendedor_9,1,11,Producto 1,Electrónica,1059.89,11658.79
2024-07-13,3,Vendedor_8,10,1,Producto 10,Electrónica,2150.48,2150.48
2024-07-13,3,Vendedor_13,11,3,Producto 11,Ropa,2379.68,7139.04
2024-07-14,5,Vendedor_8,3,9,Producto 3,Deportes,1844.68,16602.12
2024-07-14,3,Vendedor_3,14,3,Producto 14,Deportes,2864.19,8592.57
2024-07-14,4,Vendedor_11,17,10,Producto 17,Ropa,1368.61,13686.1
2024-07-14,2,Vendedor_14,3,9,Producto 3,Deportes,1988.73,17898.57
2024-07-14,5,Vendedor_13,14,10,Producto 14,Deportes,2972.91,29729.1
2024-07-14,3,Vendedor_4,19,9,Producto 19,Alimentos,509.9,4589.1
2024-07-14,4,Vendedor_2,11,11,Producto 11,Ropa,2074.88,22823.68
2024-07-15,2,Vendedor_3,16,11,Producto 16,Deportes,708.6,7794.6
2024-07-15,2,Vendedor_4,4,4,Producto 4,Ropa,2366.6,9466.4
2024-07-15,3,Vendedor_12,9,2,Producto 9,Hogar,2431.1,4862.2
2024-07-15,5,Vendedor_4,3,1,Producto 3,Deportes,1950.48,1950.48
2024-07-15,3,Vendedor_6,18,2,Producto 18,Electrónica,178.55,357.1
2024-07-15,1,Vendedor_1,18,9,Producto 18,Electrónica,180.49,1624.41
2024-07-15,5,Vendedor_1,17,10,Producto 17,Ropa,1576.02,15760.2
2024-07-15,4,Vendedor_13,2,10,Producto 2,Deportes,3139.21,31392.1
2024-07-16,1,Vendedor_6,3,11,Producto 3,Deportes,2153.64,23690.04
2024-07-16,5,Vendedor_13,3,1,Producto 3,Deportes,1888.79,1888.79
2024-07-16,4,Vendedor_6,5,4,Producto 5,Ropa,1374.33,5497.32
2024-07-16,4,Vendedor_4,18,7,Producto 18,Electrónica,198.88,1392.16
2024-07-17,1,Vendedor_14,11,1,Producto 11,Ropa,2411.14,2411.14
2024-07-17,3,Vendedor_12,7,10,Producto 7,Electrónica,1664.8,16648.0
2024-07-17,1,Vendedor_14,9,5,Producto 9,Hogar,2827.0,14135.0
2024-07-17,2,Vendedor_11,6,11,Producto 6,Alimentos,815.52,8970.72
2024-07-17,5,Vendedor_14,5,9,Producto 5,Ropa,1353.48,12181.32
2024-07-17,3,Vendedor_12,7,3,Producto 7,Electrónica,1708.05,5124.15
2024-07-18,5,Vendedor_7,19,4,Producto 19,Alimentos,507.95,2031.8
2024-07-18,5,Vendedor_6,6,8,Producto 6,Alimentos,683.85,5470.8
2024-07-18,2,Vendedor_15,2,1,Producto 2,Deportes,3001.52,3001.52
2024-07-19,2,Vendedor_6,19,4,Producto 19,Alimentos,486.59,1946.36
2024-07-19,3,Vendedor_6,11,1,Producto 11,Ropa,2623.46,2623.46
2024-07-19,1,Vendedor_12,14,4,Producto 14,Deportes,2556.26,10225.04
2024-07-19,1,Vendedor_1,6,4,Producto 6,Alimentos,798.81,3195.24
2024-07-19,5,Vendedor_8,11,3,Producto 11,Ropa,2170.19,6510.57
2024-07-19,3,Vendedor_5,16,8,Producto 16,Deportes,695.57,5564.56
2024-07-20,3,Vendedor_5,7,2,Producto 7,Electrónica,1866.58,3733.16
2024-07-20,4,Vendedor_6,1,7,Producto 1,Electrónica,1067.51,7472.57
2024-07-20,1,Vendedor_4,4,9,Producto 4,Ropa,2664.94,23984.46
2024-07-20,4,Vendedor_7,1,7,Producto 1,Electrónica,1290.45,9033.15
2024-07-20,4,Vendedor_11,16,4,Producto 16,Deportes,584.73,2338.92
2024-07-20,3,Vendedor_1,4,9,Producto 4,Ropa,2585.86,23272.74
2024-07-20,1,Vendedor_4,11,6,Producto 11,Ropa,2587.54,15525.24
2024-07-21,2,Vendedor_15,3,1,Producto 3,Deportes,2237.97,2237.97
2024-07-21,4,Vendedor_1,7,8,Producto 7,Electrónica,1700.74,13605.92
2024-07-21,3,Vendedor_14,20,2,Producto 20,Ropa,2231.32,4462.64
2024-07-21,3,Vendedor_8,17,8,Producto 17,Ropa,1586.44,12691.52
2024-07-22,5,Vendedor_12,9,7,Producto 9,Hogar,2698.75,18891.25
2024-07-22,1,Vendedor_6,3,10,Producto 3,Deportes,1786.56,17865.6
2024-07-22,2,Vendedor_1,13,10,Producto 13,Deportes,3019.18,30191.8
2024-07-22,3,Vendedor_15,1,3,Producto 1,Electrónica,1189.56,3568.68
2024-07-22,5,Vendedor_14,11,7,Producto 11,Ropa,2429.11,17003.77
2024-07-22,1,Vendedor_8,20,11,Producto 20,Ropa,2262.56,24888.16
2024-07-22,2,Vendedor_9,11,9,Producto 11,Ropa,2538.44,22845.96
2024-07-22,4,Vendedor_3,19,11,Producto 19,Alimentos,479.9,5278.9
2024-07-22,5,Vendedor_9,4,3,Producto 4,Ropa,2428.99,7286.97
2024-07-23,2,Vendedor_1,2,1,Producto 2,Deportes,3042.65,3042.65
2024-07-23,4,Vendedor_15,19,6,Producto 19,Alimentos,577.86,3467.16
2024-07-23,3,Vendedor_6,8,5,Producto 8,Deportes,258.94,1294.7
2024-07-23,1,Vendedor_2,11,8,Producto 11,Ropa,2150.88,17207.04
2024-07-23,2,Vendedor_5,1,9,Producto 1,Electrónica,1254.35,11289.15
2024-07-23,1,Vendedor_5,7,11,Producto 7,Electrónica,1739.56,19135.16
2024-07-23,1,Vendedor_5,8,11,Producto 8,Deportes,237.06,2607.66
2024-07-24,1,Vendedor_2,10,2,Producto 10,Electrónica,2089.75,4179.5
2024-07-24,5,Vendedor_14,9,1,Producto 9,Hogar,2598.64,2598.64
2024-07-24,5,Vendedor_11,10,3,Producto 10,Electrónica,2028.04,6084.12
2024-07-24,4,Vendedor_5,13,7,Producto 13,Deportes,2939.52,20576.64
2024-07-25,2,Vendedor_4,12,5,Producto 12,Alimentos,1216.81,6084.05
2024-07-25,1,Vendedor_10,11,7,Producto 11,Ropa,2512.36,17586.52
2024-07-25,2,Vendedor_8,6,6,Producto 6,Alimentos,685.68,4114.08
2024-07-25,2,Vendedor_7,18,3,Producto 18,Electrónica,198.46,595.38
2024-07-25,4,Vendedor_7,9,9,Producto 9,Hogar,2512.76,22614.84
2024-07-25,5,Vendedor_11,6,3,Producto 6,Alimentos,776.03,2328.09
2024-07-25,2,Vendedor_15,17,8,Producto 17,Ropa,1477.84,11822.72
2024-07-25,2,Vendedor_2,17,10,Producto 17,Ropa,1418.82,14188.2
2024-07-26,5,Vendedor_15,2,11,Producto 2,Deportes,3098.43,34082.73
2024-07-26,1,Vendedor_2,5,3,Producto 5,Ropa,1370.66,4111.98
2024-07-26,5,Vendedor_4,15,7,Producto 15,Deportes,2497.97,17485.79
2024-07-26,2,Vendedor_8,8,8,Producto 8,Deportes,227.92,1823.36
2024-07-26,2,Vendedor_4,19,4,Producto 19,Alimentos,517.33,2069.32
2024-07-26,1,Vendedor_7,7,5,Producto 7,Electrónica,1780.33,8901.65
2024-07-26,2,Vendedor_12,3,10,Producto 3,Deportes,1885.35,18853.5
2024-07-26,3,Vendedor_11,13,1,Producto 13,Deportes,3031.31,3031.31
2024-07-26,5,Vendedor_8,15,11,Producto 15,Deportes,2546.6,28012.6
2024-07-26,5,Vendedor_4,2,11,Producto 2,Deportes,3088.53,33973.83
2024-07-27,1,Vendedor_8,14,2,Producto 14,Deportes,2934.41,5868.82
2024-07-27,5,Vendedor_11,4,10,Producto 4,Ropa,2662.45,26624.5
2024-07-27,2,Vendedor_7,3,5,Producto 3,Deportes,1944.18,9720.9
2024-07-27,2,Vendedor_14,3,8,Producto 3,Deportes,1896.58,15172.64
2024-07-27,4,Vendedor_9,3,4,Producto 3,Deportes,1871.51,7486.04
2024-07-27,5,Vendedor_11,10,11,Producto 10,Electrónica,2040.46,22445.06
2024-07-27,4,Vendedor_7,18,11,Producto 18,Electrónica,171.66,1888.26
2024-07-28,1,Vendedor_12,2,9,Producto 2,Deportes,2537.49,22837.41
2024-07-28,3,Vendedor_13,17,1,Producto 17,Ropa,1300.0,1300.0
2024-07-28,3,Vendedor_3,1,2,Producto 1,Electrónica,1137.56,2275.12
2024-07-29,4,Vendedor_7,17,8,Producto 17,Ropa,1564.0,12512.0
2024-07-29,5,Vendedor_2,11,5,Producto 11,Ropa,2531.58,12657.9
2024-07-29,3,Vendedor_14,7,3,Producto 7,Electrónica,1722.78,5168.34
2024-07-29,4,Vendedor_8,12,6,Producto 12,Alimentos,1001.06,6006.36
2024-07-29,3,Vendedor_1,5,9,Producto 5,Ropa,1236.58,11129.22
2024-07-29,1,Vendedor_3,12,5,Producto 12,Alimentos,1126.62,5633.1
2024-07-29,3,Vendedor_7,2,7,Producto 2,Deportes,2755.25,19286.75
2024-07-29,1,Vendedor_6,20,8,Producto 20,Ropa,1860.1,14880.8
2024-07-29,2,Vendedor_1,6,3,Producto 6,Alimentos,749.12,2247.36
2024-07-30,4,Vendedor_6,8,3,Producto 8,Deportes,259.45,778.35
2024-07-30,5,Vendedor_11,8,1,Producto 8,Deportes,228.2,228.2
2024-07-30,3,Vendedor_3,6,7,Producto 6,Alimentos,785.61,5499.27
2024-07-30,4,Vendedor_15,16,4,Producto 16,Deportes,622.51,2490.04
2024-07-30,2,Vendedor_9,10,11,Producto 10,Electrónica,1971.62,21687.82
2024-07-30,2,Vendedor_3,7,3,Producto 7,Electrónica,1594.87,4784.61
2024-07-30,1,Vendedor_6,8,5,Producto 8,Deportes,229.64,1148.2
2024-07-31,1,Vendedor_6,2,11,Producto 2,Deportes,2788.06,30668.66
2024-07-31,4,Vendedor_6,2,2,Producto 2,Deportes,3053.02,6106.04
2024-07-31,4,Vendedor_8,5,5,Producto 5,Ropa,1363.71,6818.55
2024-07-31,3,Vendedor_5,9,9,Producto 9,Hogar,2296.95,20672.55
2024-07-31,5,Vendedor_15,16,3,Producto 16,Deportes,641.28,1923.84
2024-08-01,5,Vendedor_8,6,3,Producto 6,Alimentos,803.89,2411.67
2024-08-01,5,Vendedor_1,1,10,Producto 1,Electrónica,1223.74,12237.4
2024-08-01,5,Vendedor_12,2,7,Producto 2,Deportes,2714.62,19002.34
2024-08-01,1,Vendedor_9,1,5,Producto 1,Electrónica,1167.66,5838.3
2024-08-01,3,Vendedor_15,4,8,Producto 4,Ropa,2310.51,18484.08
2024-08-01,1,Vendedor_13,20,7,Producto 20,Ropa,2209.23,15464.61
2024-08-01,2,Vendedor_15,16,6,Producto 16,Deportes,630.83,3784.98
2024-08-01,4,Vendedor_11,5,7,Producto 5,Ropa,1497.04,10479.28
2024-08-01,3,Vendedor_6,8,1,Producto 8,Deportes,252.76,252.76
2024-08-01,5,Vendedor_13,11,9,Producto 11,Ropa,2121.11,19089.99
2024-08-01,2,Vendedor_10,2,3,Producto 2,Deportes,3074.16,9222.48
2024-08-01,4,Vendedor_9,18,4,Producto 18,Electrónica,162.78,651.12
2024-08-01,4,Vendedor_8,7,9,Producto 7,Electrónica,1755.49,15799.41
2024-08-01,5,Vendedor_15,9,1,Producto 9,Hogar,2468.89,2468.89
2024-08-02,4,Vendedor_3,1,2,Producto 1,Electrónica,1223.44,2446.88
2024-08-02,3,Vendedor_9,14,2,Producto 14,Deportes,2594.76,5189.52
2024-08-02,4,Vendedor_5,4,4,Producto 4,Ropa,2717.41,10869.64
2024-08-02,3,Vendedor_4,11,10,Producto 11,Ropa,2083.08,20830.8
2024-08-02,2,Vendedor_12,14,8,Producto 14,Deportes,3016.8,24134.4
2024-08-02,2,Vendedor_12,19,4,Producto 19,Alimentos,501.44,2005.76
2024-08-02,1,Vendedor_12,1,5,Producto 1,Electrónica,1048.53,5242.65
2024-08-02,4,Vendedor_13,1,5,Producto 1,Electrónica,1218.95,6094.75
2024-08-03,3,Vendedor_7,19,10,Producto 19,Alimentos,555.4,5554.0
2024-08-03,3,Vendedor_6,15,10,Producto 15,Deportes,2112.44,21124.4
2024-08-03,4,Vendedor_6,17,6,Producto 17,Ropa,1325.73,7954.38
2024-08-04,1,Vendedor_2,7,6,Producto 7,Electrónica,1824.86,10949.16
2024-08-04,1,Vendedor_11,12,11,Producto 12,Alimentos,1063.43,11697.73
2024-08-04,2,Vendedor_8,7,5,Producto 7,Electrónica,1651.26,8256.3
2024-08-04,2,Vendedor_8,20,11,Producto 20,Ropa,2024.09,22264.99
2024-08-04,3,Vendedor_15,10,9,Producto 10,Electrónica,1983.18,17848.62
2024-08-05,4,Vendedor_10,17,5,Producto 17,Ropa,1553.26,7766.3
2024-08-05,1,Vendedor_2,15,10,Producto 15,Deportes,2670.86,26708.6
2024-08-05,2,Vendedor_2,12,7,Producto 12,Alimentos,1145.49,8018.43
2024-08-05,5,Vendedor_6,6,3,Producto 6,Alimentos,770.59,2311.77
2024-08-05,1,Vendedor_2,15,11,Producto 15,Deportes,2426.7,26693.7
2024-08-05,3,Vendedor_7,19,6,Producto 19,Alimentos,480.39,2882.34
2024-08-06,5,Vendedor_4,3,4,Producto 3,Deportes,2227.57,8910.28
2024-08-06,4,Vendedor_15,18,7,Producto 18,Electrónica,175.35,1227.45
2024-08-06,2,Vendedor_13,15,8,Producto 15,Deportes,2640.55,21124.4
2024-08-06,5,Vendedor_14,10,10,Producto 10,Electrónica,1722.74,17227.4
2024-08-06,2,Vendedor_11,17,9,Producto 17,Ropa,1288.6,11597.4
2024-08-06,2,Vendedor_12,8,5,Producto 8,Deportes,268.86,1344.3
2024-08-06,2,Vendedor_14,19,2,Producto 19,Alimentos,547.21,1094.42
2024-08-06,1,Vendedor_9,16,8,Producto 16,Deportes,661.57,5292.56
2024-08-06,2,Vendedor_10,10,9,Producto 10,Electrónica,2089.8,18808.2
2024-08-07,5,Vendedor_11,17,10,Producto 17,Ropa,1467.45,14674.5
2024-08-07,4,Vendedor_1,14,9,Producto 14,Deportes,2576.52,23188.68
2024-08-07,4,Vendedor_4,11,5,Producto 11,Ropa,2162.24,10811.2
2024-08-07,3,Vendedor_10,19,7,Producto 19,Alimentos,540.97,3786.79
2024-08-08,3,Vendedor_6,10,9,Producto 10,Electrónica,2081.18,18730.62
2024-08-08,2,Vendedor_15,1,3,Producto 1,Electrónica,1260.63,3781.89
2024-08-08,2,Vendedor_5,10,5,Producto 10,Electrónica,1750.03,8750.15
2024-08-08,3,Vendedor_5,14,2,Producto 14,Deportes,2601.23,5202.46
2024-08-08,3,Vendedor_11,2,3,Producto 2,Deportes,2917.41,8752.23
2024-08-08,5,Vendedor_14,8,4,Producto 8,Deportes,245.96,983.84
2024-08-09,1,Vendedor_6,2,2,Producto 2,Deportes,2998.32,5996.64
2024-08-10,1,Vendedor_6,12,6,Producto 12,Alimentos,1103.84,6623.04
2024-08-10,2,Vendedor_9,8,6,Producto 8,Deportes,233.57,1401.42
2024-08-10,4,Vendedor_5,7,3,Producto 7,Electrónica,1566.35,4699.05
2024-08-10,3,Vendedor_14,10,3,Producto 10,Electrónica,2123.07,6369.21
2024-08-10,5,Vendedor_5,3,9,Producto 3,Deportes,2025.53,18229.77
2024-08-10,3,Vendedor_6,4,5,Producto 4,Ropa,2483.25,12416.25
2024-08-11,3,Vendedor_6,2,2,Producto 2,Deportes,2580.81,5161.62
2024-08-11,3,Vendedor_6,3,1,Producto 3,Deportes,1817.6,1817.6
2024-08-11,2,Vendedor_10,13,10,Producto 13,Deportes,3175.08,31750.8
2024-08-11,5,Vendedor_6,15,8,Producto 15,Deportes,2565.61,20524.88
2024-08-11,3,Vendedor_6,5,2,Producto 5,Ropa,1386.78,2773.56
2024-08-11,1,Vendedor_8,12,4,Producto 12,Alimentos,1097.3,4389.2
2024-08-11,1,Vendedor_1,14,3,Producto 14,Deportes,2630.34,7891.02
2024-08-12,5,Vendedor_15,1,9,Producto 1,Electrónica,1246.86,11221.74
2024-08-12,3,Vendedor_2,1,3,Producto 1,Electrónica,1101.61,3304.83
2024-08-12,1,Vendedor_5,12,9,Producto 12,Alimentos,1091.83,9826.47
2024-08-12,4,Vendedor_14,16,2,Producto 16,Deportes,639.65,1279.3
2024-08-12,5,Vendedor_12,18,7,Producto 18,Electrónica,178.77,1251.39
2024-08-12,4,Vendedor_9,11,2,Producto 11,Ropa,2259.08,4518.16
2024-08-13,1,Vendedor_2,17,10,Producto 17,Ropa,1614.16,16141.6
2024-08-13,5,Vendedor_5,19,2,Producto 19,Alimentos,560.2,1120.4
2024-08-13,3,Vendedor_10,19,5,Producto 19,Alimentos,475.99,2379.95
2024-08-13,3,Vendedor_9,2,6,Producto 2,Deportes,2935.83,17614.98
2024-08-13,5,Vendedor_14,7,6,Producto 7,Electrónica,1736.87,10421.22
2024-08-13,3,Vendedor_14,17,5,Producto 17,Ropa,1561.63,7808.15
2024-08-13,5,Vendedor_15,1,11,Producto 1,Electrónica,1050.39,11554.29
2024-08-13,2,Vendedor_8,9,9,Producto 9,Hogar,2636.78,23731.02
2024-08-13,2,Vendedor_1,15,4,Producto 15,Deportes,2585.58,10342.32
2024-08-13,4,Vendedor_10,20,7,Producto 20,Ropa,2334.85,16343.95
2024-08-13,5,Vendedor_5,9,2,Producto 9,Hogar,2797.59,5595.18
2024-08-13,5,Vendedor_10,7,10,Producto 7,Electrónica,1583.19,15831.9
2024-08-13,4,Vendedor_13,10,1,Producto 10,Electrónica,1791.69,1791.69
2024-08-14,5,Vendedor_15,1,1,Producto 1,Electrónica,1164.73,1164.73
2024-08-14,3,Vendedor_1,15,1,Producto 15,Deportes,2132.45,2132.45
2024-08-14,4,Vendedor_1,4,4,Producto 4,Ropa,2732.12,10928.48
2024-08-14,2,Vendedor_1,10,6,Producto 10,Electrónica,1955.52,11733.12
2024-08-14,4,Vendedor_11,8,4,Producto 8,Deportes,271.99,1087.96
2024-08-14,1,Vendedor_14,12,10,Producto 12,Alimentos,1086.19,10861.9
2024-08-14,4,Vendedor_10,10,9,Producto 10,Electrónica,1876.33,16886.97
2024-08-14,4,Vendedor_7,2,2,Producto 2,Deportes,2938.91,5877.82
2024-08-15,3,Vendedor_8,8,10,Producto 8,Deportes,232.83,2328.3
2024-08-15,3,Vendedor_9,14,6,Producto 14,Deportes,2626.49,15758.94
2024-08-15,3,Vendedor_13,16,11,Producto 16,Deportes,634.04,6974.44
2024-08-15,5,Vendedor_14,13,6,Producto 13,Deportes,3328.18,19969.08
2024-08-15,1,Vendedor_5,1,7,Producto 1,Electrónica,1105.28,7736.96
2024-08-15,5,Vendedor_6,3,10,Producto 3,Deportes,2123.58,21235.8
2024-08-16,1,Vendedor_9,5,7,Producto 5,Ropa,1528.7,10700.9
2024-08-16,4,Vendedor_8,16,7,Producto 16,Deportes,674.64,4722.48
2024-08-16,2,Vendedor_4,6,10,Producto 6,Alimentos,683.34,6833.4
2024-08-17,4,Vendedor_9,12,4,Producto 12,Alimentos,1122.18,4488.72
2024-08-17,5,Vendedor_1,6,9,Producto 6,Alimentos,691.54,6223.86
2024-08-17,2,Vendedor_8,8,8,Producto 8,Deportes,266.07,2128.56
2024-08-17,1,Vendedor_8,14,8,Producto 14,Deportes,2645.55,21164.4
2024-08-18,3,Vendedor_12,3,7,Producto 3,Deportes,1784.41,12490.87
2024-08-18,5,Vendedor_5,8,11,Producto 8,Deportes,243.03,2673.33
2024-08-18,2,Vendedor_10,3,4,Producto 3,Deportes,1832.72,7330.88
2024-08-18,2,Vendedor_5,3,3,Producto 3,Deportes,1795.7,5387.1
2024-08-18,3,Vendedor_7,18,8,Producto 18,Electrónica,203.99,1631.92
2024-08-18,1,Vendedor_14,16,8,Producto 16,Deportes,575.27,4602.16
2024-08-18,2,Vendedor_3,3,9,Producto 3,Deportes,2193.33,19739.97
2024-08-18,1,Vendedor_14,2,5,Producto 2,Deportes,2631.24,13156.2
2024-08-19,3,Vendedor_3,20,10,Producto 20,Ropa,2056.84,20568.4
2024-08-19,2,Vendedor_15,12,6,Producto 12,Alimentos,993.33,5959.98
2024-08-19,3,Vendedor_7,12,2,Producto 12,Alimentos,1096.34,2192.68
2024-08-19,4,Vendedor_6,19,10,Producto 19,Alimentos,474.97,4749.7
2024-08-19,3,Vendedor_13,15,6,Producto 15,Deportes,2656.45,15938.7
2024-08-19,4,Vendedor_11,7,4,Producto 7,Electrónica,1841.9,7367.6
2024-08-20,3,Vendedor_6,1,10,Producto 1,Electrónica,1253.73,12537.3
2024-08-20,5,Vendedor_2,18,1,Producto 18,Electrónica,173.95,173.95
2024-08-20,3,Vendedor_1,17,7,Producto 17,Ropa,1439.94,10079.58
2024-08-20,2,Vendedor_15,17,6,Producto 17,Ropa,1322.75,7936.5
2024-08-20,4,Vendedor_7,17,3,Producto 17,Ropa,1413.3,4239.9
2024-08-20,3,Vendedor_12,18,11,Producto 18,Electrónica,179.65,1976.15
2024-08-21,3,Vendedor_5,9,4,Producto 9,Hogar,2812.51,11250.04
2024-08-21,1,Vendedor_5,2,11,Producto 2,Deportes,2939.2,32331.2
2024-08-21,3,Vendedor_4,10,10,Producto 10,Electrónica,1774.46,17744.6
2024-08-21,5,Vendedor_4,4,5,Producto 4,Ropa,2707.85,13539.25
2024-08-21,1,Vendedor_2,3,4,Producto 3,Deportes,1803.07,7212.28
2024-08-22,2,Vendedor_8,2,3,Producto 2,Deportes,3085.43,9256.29
2024-08-22,5,Vendedor_5,7,5,Producto 7,Electrónica,1627.24,8136.2
2024-08-22,2,Vendedor_11,3,11,Producto 3,Deportes,2086.65,22953.15
2024-08-22,5,Vendedor_15,9,11,Producto 9,Hogar,2759.33,30352.63
2024-08-22,5,Vendedor_9,18,8,Producto 18,Electrónica,172.09,1376.72
2024-08-22,1,Vendedor_10,15,1,Producto 15,Deportes,2516.06,2516.06
2024-08-22,2,Vendedor_15,7,9,Producto 7,Electrónica,1792.08,16128.72
2024-08-23,2,Vendedor_7,8,7,Producto 8,Deportes,238.75,1671.25
2024-08-23,2,Vendedor_4,1,4,Producto 1,Electrónica,1154.78,4619.12
2024-08-23,4,Vendedor_3,11,7,Producto 11,Ropa,2627.78,18394.46
2024-08-23,5,Vendedor_2,4,3,Producto 4,Ropa,2459.92,7379.76
2024-08-23,4,Vendedor_3,3,2,Producto 3,Deportes,1812.41,3624.82
2024-08-23,2,Vendedor_3,9,5,Producto 9,Hogar,2548.35,12741.75
2024-08-24,2,Vendedor_13,13,8,Producto 13,Deportes,3244.55,25956.4
2024-08-24,3,Vendedor_8,7,9,Producto 7,Electrónica,1812.23,16310.07
2024-08-24,4,Vendedor_8,10,8,Producto 10,Electrónica,2106.9,16855.2
2024-08-24,5,Vendedor_6,8,4,Producto 8,Deportes,262.25,1049.0
2024-08-24,2,Vendedor_14,4,3,Producto 4,Ropa,2595.08,7785.24
2024-08-24,2,Vendedor_15,4,4,Producto 4,Ropa,2392.17,9568.68
2024-08-24,1,Vendedor_9,5,1,Producto 5,Ropa,1533.72,1533.72
2024-08-25,5,Vendedor_14,14,2,Producto 14,Deportes,3059.31,6118.62
2024-08-25,4,Vendedor_10,12,1,Producto 12,Alimentos,1167.47,1167.47
2024-08-25,5,Vendedor_6,8,9,Producto 8,Deportes,247.48,2227.32
2024-08-26,5,Vendedor_6,19,3,Producto 19,Alimentos,471.1,1413.3
2024-08-26,3,Vendedor_4,3,1,Producto 3,Deportes,1964.48,1964.48
2024-08-26,4,Vendedor_15,18,11,Producto 18,Electrónica,179.95,1979.45
2024-08-26,4,Vendedor_6,7,3,Producto 7,Electrónica,1688.37,5065.11
2024-08-26,2,Vendedor_2,7,3,Producto 7,Electrónica,1889.97,5669.91
2024-08-27,1,Vendedor_15,14,4,Producto 14,Deportes,2743.81,10975.24
2024-08-27,2,Vendedor_11,16,10,Producto 16,Deportes,598.07,5980.7
2024-08-28,3,Vendedor_5,4,11,Producto 4,Ropa,2371.36,26084.96
2024-08-28,1,Vendedor_2,9,11,Producto 9,Hogar,2396.23,26358.53
2024-08-28,4,Vendedor_15,5,2,Producto 5,Ropa,1439.8,2879.6
2024-08-28,5,Vendedor_1,5,8,Producto 5,Ropa,1493.03,11944.24
2024-08-28,1,Vendedor_6,12,6,Producto 12,Alimentos,1039.71,6238.26
2024-08-28,5,Vendedor_3,1,11,Producto 1,Electrónica,1080.47,11885.17
2024-08-29,4,Vendedor_6,11,9,Producto 11,Ropa,2354.98,21194.82
2024-08-29,1,Vendedor_8,2,4,Producto 2,Deportes,3075.03,12300.12
2024-08-29,2,Vendedor_6,3,2,Producto 3,Deportes,2142.53,4285.06
2024-08-29,2,Vendedor_2,8,5,Producto 8,Deportes,245.9,1229.5
2024-08-30,4,Vendedor_3,14,4,Producto 14,Deportes,2444.37,9777.48
2024-08-30,4,Vendedor_10,20,10,Producto 20,Ropa,1863.7,18637.0
2024-08-30,5,Vendedor_6,19,2,Producto 19,Alimentos,467.63,935.26
2024-08-30,1,Vendedor_13,17,8,Producto 17,Ropa,1513.25,12106.0
2024-08-30,3,Vendedor_2,18,10,Producto 18,Electrónica,185.55,1855.5
2024-08-31,2,Vendedor_1,8,10,Producto 8,Deportes,255.09,2550.9
2024-08-31,1,Vendedor_11,3,9,Producto 3,Deportes,2195.66,19760.94
2024-08-31,2,Vendedor_15,14,2,Producto 14,Deportes,2952.14,5904.28
2024-08-31,2,Vendedor_2,11,11,Producto 11,Ropa,2312.41,25436.51
2024-08-31,1,Vendedor_12,20,8,Producto 20,Ropa,2374.32,18994.56
2024-08-31,4,Vendedor_9,3,11,Producto 3,Deportes,1957.72,21534.92
2024-08-31,4,Vendedor_8,14,9,Producto 14,Deportes,3082.15,27739.35
2024-08-31,4,Vendedor_6,20,2,Producto 20,Ropa,1948.84,3897.68
2024-09-01,1,Vendedor_1,20,4,Producto 20,Ropa,1904.14,7616.56
2024-09-01,1,Vendedor_9,12,11,Producto 12,Alimentos,1123.58,12359.38
2024-09-01,2,Vendedor_3,14,4,Producto 14,Deportes,2973.34,11893.36
2024-09-01,3,Vendedor_7,3,8,Producto 3,Deportes,2207.23,17657.84
2024-09-02,4,Vendedor_7,16,1,Producto 16,Deportes,622.73,622.73
2024-09-02,1,Vendedor_3,1,11,Producto 1,Electrónica,1116.65,12283.15
2024-09-02,3,Vendedor_11,13,3,Producto 13,Deportes,3066.06,9198.18
2024-09-02,5,Vendedor_8,19,2,Producto 19,Alimentos,557.53,1115.06
2024-09-02,5,Vendedor_15,20,9,Producto 20,Ropa,2041.75,18375.75
2024-09-02,4,Vendedor_14,7,10,Producto 7,Electrónica,1661.52,16615.2
2024-09-02,1,Vendedor_1,4,3,Producto 4,Ropa,2317.38,6952.14
2024-09-03,1,Vendedor_2,7,7,Producto 7,Electrónica,1766.59,12366.13
2024-09-03,3,Vendedor_4,18,8,Producto 18,Electrónica,189.77,1518.16
2024-09-03,1,Vendedor_15,20,4,Producto 20,Ropa,1925.85,7703.4
2024-09-03,3,Vendedor_11,19,7,Producto 19,Alimentos,566.01,3962.07
2024-09-03,5,Vendedor_13,18,7,Producto 18,Electrónica,187.19,1310.33
2024-09-04,2,Vendedor_4,17,8,Producto 17,Ropa,1607.37,12858.96
2024-09-04,4,Vendedor_3,16,8,Producto 16,Deportes,629.06,5032.48
2024-09-04,4,Vendedor_5,15,5,Producto 15,Deportes,2240.18,11200.9
2024-09-04,4,Vendedor_4,6,6,Producto 6,Alimentos,771.24,4627.44
2024-09-05,1,Vendedor_15,2,10,Producto 2,Deportes,2626.29,26262.9
2024-09-05,3,Vendedor_7,20,3,Producto 20,Ropa,2221.21,6663.63
2024-09-05,5,Vendedor_11,3,8,Producto 3,Deportes,1778.47,14227.76
2024-09-05,4,Vendedor_11,17,5,Producto 17,Ropa,1323.31,6616.55
2024-09-05,3,Vendedor_15,9,4,Producto 9,Hogar,2821.97,11287.88
2024-09-05,4,Vendedor_6,1,7,Producto 1,Electrónica,1247.12,8729.84
2024-09-05,3,Vendedor_3,4,6,Producto 4,Ropa,2384.54,14307.24
2024-09-05,5,Vendedor_12,11,5,Producto 11,Ropa,2231.78,11158.9
2024-09-06,4,Vendedor_5,5,9,Producto 5,Ropa,1314.61,11831.49
2024-09-06,5,Vendedor_11,12,7,Producto 12,Alimentos,1257.49,8802.43
2024-09-06,2,Vendedor_15,16,4,Producto 16,Deportes,673.3,2693.2
2024-09-06,2,Vendedor_15,19,1,Producto 19,Alimentos,483.85,483.85
2024-09-07,2,Vendedor_9,11,5,Producto 11,Ropa,2209.62,11048.1
2024-09-07,1,Vendedor_2,17,7,Producto 17,Ropa,1546.27,10823.89
2024-09-07,2,Vendedor_10,2,8,Producto 2,Deportes,2633.78,21070.24
2024-09-07,5,Vendedor_3,20,8,Producto 20,Ropa,2043.14,16345.12
2024-09-08,4,Vendedor_10,12,10,Producto 12,Alimentos,1132.43,11324.3
2024-09-08,3,Vendedor_13,18,7,Producto 18,Electrónica,168.4,1178.8
2024-09-08,5,Vendedor_14,7,4,Producto 7,Electrónica,1841.46,7365.84
2024-09-08,5,Vendedor_14,17,4,Producto 17,Ropa,1363.37,5453.48
2024-09-08,4,Vendedor_3,4,5,Producto 4,Ropa,2692.1,13460.5
2024-09-08,3,Vendedor_8,6,9,Producto 6,Alimentos,788.03,7092.27
2024-09-08,4,Vendedor_13,9,8,Producto 9,Hogar,2651.81,21214.48
2024-09-08,1,Vendedor_12,11,8,Producto 11,Ropa,2498.43,19987.44
2024-09-09,1,Vendedor_8,5,9,Producto 5,Ropa,1389.64,12506.76
2024-09-09,3,Vendedor_11,20,3,Producto 20,Ropa,2332.58,6997.74
2024-09-09,2,Vendedor_6,2,4,Producto 2,Deportes,3085.1,12340.4
2024-09-09,2,Vendedor_3,3,10,Producto 3,Deportes,1946.3,19463.0
2024-09-09,3,Vendedor_7,3,9,Producto 3,Deportes,1920.42,17283.78
2024-09-09,4,Vendedor_1,14,4,Producto 14,Deportes,2775.31,11101.24
2024-09-09,4,Vendedor_10,17,2,Producto 17,Ropa,1465.75,2931.5
2024-09-09,5,Vendedor_8,16,8,Producto 16,Deportes,670.7,5365.6
2024-09-09,2,Vendedor_12,11,3,Producto 11,Ropa,2442.87,7328.61
2024-09-09,4,Vendedor_6,4,9,Producto 4,Ropa,2237.54,20137.86
2024-09-09,4,Vendedor_13,3,9,Producto 3,Deportes,1856.26,16706.34
2024-09-09,3,Vendedor_1,6,6,Producto 6,Alimentos,704.91,4229.46
2024-09-09,1,Vendedor_6,8,2,Producto 8,Deportes,242.57,485.14
2024-09-10,1,Vendedor_9,19,11,Producto 19,Alimentos,474.68,5221.48
2024-09-10,2,Vendedor_1,20,1,Producto 20,Ropa,1868.61,1868.61
2024-09-10,2,Vendedor_10,1,4,Producto 1,Electrónica,1038.98,4155.92
2024-09-10,5,Vendedor_13,14,1,Producto 14,Deportes,3004.25,3004.25
2024-09-10,1,Vendedor_6,13,6,Producto 13,Deportes,3249.73,19498.38
2024-09-10,2,Vendedor_11,10,4,Producto 10,Electrónica,1826.23,7304.92
2024-09-11,5,Vendedor_5,12,5,Producto 12,Alimentos,1057.42,5287.1
2024-09-11,1,Vendedor_6,18,3,Producto 18,Electrónica,171.08,513.24
2024-09-11,4,Vendedor_8,14,4,Producto 14,Deportes,2681.37,10725.48
2024-09-11,4,Vendedor_5,8,8,Producto 8,Deportes,273.73,2189.84
2024-09-11,2,Vendedor_15,5,6,Producto 5,Ropa,1265.31,7591.86
2024-09-11,3,Vendedor_6,7,3,Producto 7,Electrónica,1686.9,5060.7
2024-09-11,2,Vendedor_12,10,11,Producto 10,Electrónica,1874.51,20619.61
2024-09-11,4,Vendedor_7,4,3,Producto 4,Ropa,2549.27,7647.81
2024-09-12,1,Vendedor_14,11,6,Producto 11,Ropa,2382.09,14292.54
2024-09-12,4,Vendedor_7,2,10,Producto 2,Deportes,2742.09,27420.9
2024-09-12,4,Vendedor_15,6,11,Producto 6,Alimentos,749.31,8242.41
2024-09-12,1,Vendedor_13,5,5,Producto 5,Ropa,1241.98,6209.9
2024-09-13,3,Vendedor_1,4,8,Producto 4,Ropa,2822.11,22576.88
2024-09-13,4,Vendedor_6,17,10,Producto 17,Ropa,1414.34,14143.4
2024-09-13,4,Vendedor_4,16,9,Producto 16,Deportes,654.2,5887.8
2024-09-13,3,Vendedor_3,6,5,Producto 6,Alimentos,822.26,4111.3
2024-09-13,1,Vendedor_10,1,9,Producto 1,Electrónica,1293.01,11637.09
2024-09-13,1,Vendedor_4,5,1,Producto 5,Ropa,1470.16,1470.16
2024-09-13,1,Vendedor_15,19,7,Producto 19,Alimentos,548.36,3838.52
2024-09-13,1,Vendedor_5,9,4,Producto 9,Hogar,2482.49,9929.96
2024-09-14,1,Vendedor_5,9,3,Producto 9,Hogar,2520.34,7561.02
2024-09-14,5,Vendedor_7,11,4,Producto 11,Ropa,2190.55,8762.2
2024-09-14,4,Vendedor_15,17,7,Producto 17,Ropa,1381.56,9670.92
2024-09-14,1,Vendedor_4,13,8,Producto 13,Deportes,2861.99,22895.92
2024-09-14,5,Vendedor_11,17,8,Producto 17,Ropa,1627.14,13017.12
2024-09-14,3,Vendedor_15,14,3,Producto 14,Deportes,2742.58,8227.74
2024-09-14,5,Vendedor_15,11,1,Producto 11,Ropa,2184.6,2184.6
2024-09-14,1,Vendedor_5,15,8,Producto 15,Deportes,2657.55,21260.4
2024-09-14,4,Vendedor_3,3,11,Producto 3,Deportes,2066.27,22728.97
2024-09-15,3,Vendedor_10,1,4,Producto 1,Electrónica,1236.14,4944.56
2024-09-15,1,Vendedor_11,8,11,Producto 8,Deportes,228.65,2515.15
2024-09-15,5,Vendedor_12,13,6,Producto 13,Deportes,3143.37,18860.22
2024-09-15,3,Vendedor_1,16,7,Producto 16,Deportes,680.01,4760.07
2024-09-15,1,Vendedor_4,4,1,Producto 4,Ropa,2784.31,2784.31
2024-09-16,3,Vendedor_5,13,7,Producto 13,Deportes,2632.18,18425.26
2024-09-16,2,Vendedor_11,7,8,Producto 7,Electrónica,1531.24,12249.92
2024-09-17,5,Vendedor_8,1,8,Producto 1,Electrónica,1224.64,9797.12
2024-09-17,5,Vendedor_13,8,6,Producto 8,Deportes,217.05,1302.3
2024-09-17,2,Vendedor_10,2,11,Producto 2,Deportes,2792.77,30720.47
2024-09-17,3,Vendedor_11,14,11,Producto 14,Deportes,2881.12,31692.32
2024-09-18,5,Vendedor_11,14,1,Producto 14,Deportes,2775.37,2775.37
2024-09-18,2,Vendedor_4,14,11,Producto 14,Deportes,2782.98,30612.78
2024-09-18,2,Vendedor_2,15,8,Producto 15,Deportes,2543.76,20350.08
2024-09-18,2,Vendedor_1,1,4,Producto 1,Electrónica,1131.19,4524.76
2024-09-18,1,Vendedor_6,17,11,Producto 17,Ropa,1356.06,14916.66
2024-09-18,1,Vendedor_3,3,11,Producto 3,Deportes,2143.39,23577.29
2024-09-18,3,Vendedor_8,4,5,Producto 4,Ropa,2695.05,13475.25
2024-09-18,4,Vendedor_1,3,3,Producto 3,Deportes,1980.68,5942.04
2024-09-18,3,Vendedor_11,20,10,Producto 20,Ropa,2032.01,20320.1
2024-09-19,3,Vendedor_13,18,7,Producto 18,Electrónica,190.01,1330.07
2024-09-19,5,Vendedor_11,7,3,Producto 7,Electrónica,1571.63,4714.89
2024-09-20,4,Vendedor_14,11,9,Producto 11,Ropa,2438.79,21949.11
2024-09-20,4,Vendedor_5,10,10,Producto 10,Electrónica,1940.74,19407.4
2024-09-20,5,Vendedor_15,5,2,Producto 5,Ropa,1538.49,3076.98
2024-09-20,3,Vendedor_13,17,11,Producto 17,Ropa,1633.47,17968.17
2024-09-21,3,Vendedor_7,1,1,Producto 1,Electrónica,1118.85,1118.85
2024-09-21,3,Vendedor_3,19,1,Producto 19,Alimentos,534.55,534.55
2024-09-21,5,Vendedor_3,16,4,Producto 16,Deportes,577.59,2310.36
2024-09-21,5,Vendedor_15,14,4,Producto 14,Deportes,2812.53,11250.12
2024-09-21,4,Vendedor_3,20,3,Producto 20,Ropa,1958.43,5875.29
2024-09-21,1,Vendedor_7,3,2,Producto 3,Deportes,1983.03,3966.06
2024-09-22,4,Vendedor_8,6,11,Producto 6,Alimentos,811.67,8928.37
2024-09-22,2,Vendedor_10,15,9,Producto 15,Deportes,2311.46,20803.14
2024-09-22,5,Vendedor_7,5,10,Producto 5,Ropa,1420.89,14208.9
2024-09-22,2,Vendedor_11,6,5,Producto 6,Alimentos,716.35,3581.75
2024-09-22,4,Vendedor_1,9,8,Producto 9,Hogar,2263.6,18108.8
2024-09-22,4,Vendedor_9,10,2,Producto 10,Electrónica,1838.27,3676.54
2024-09-23,5,Vendedor_14,18,4,Producto 18,Electrónica,182.33,729.32
2024-09-24,4,Vendedor_13,6,3,Producto 6,Alimentos,825.1,2475.3
2024-09-24,5,Vendedor_5,20,11,Producto 20,Ropa,2153.11,23684.21
2024-09-24,4,Vendedor_9,7,3,Producto 7,Electrónica,1834.28,5502.84
2024-09-24,5,Vendedor_3,13,4,Producto 13,Deportes,2804.57,11218.28
2024-09-25,4,Vendedor_7,2,1,Producto 2,Deportes,2685.54,2685.54
2024-09-25,1,Vendedor_7,9,8,Producto 9,Hogar,2846.18,22769.44
2024-09-25,5,Vendedor_4,1,6,Producto 1,Electrónica,1099.95,6599.7
2024-09-25,2,Vendedor_10,17,6,Producto 17,Ropa,1620.19,9721.14
2024-09-25,3,Vendedor_14,10,5,Producto 10,Electrónica,2124.99,10624.95
2024-09-26,2,Vendedor_7,12,1,Producto 12,Alimentos,1162.47,1162.47
2024-09-26,5,Vendedor_11,5,8,Producto 5,Ropa,1519.03,12152.24
2024-09-26,4,Vendedor_3,18,8,Producto 18,Electrónica,181.52,1452.16
2024-09-26,4,Vendedor_5,14,2,Producto 14,Deportes,2591.06,5182.12
2024-09-26,1,Vendedor_14,15,11,Producto 15,Deportes,2434.17,26775.87
2024-09-26,4,Vendedor_6,3,4,Producto 3,Deportes,2108.69,8434.76
2024-09-26,3,Vendedor_14,10,10,Producto 10,Electrónica,2017.04,20170.4
2024-09-27,4,Vendedor_5,18,5,Producto 18,Electrónica,192.82,964.1
2024-09-27,4,Vendedor_1,1,11,Producto 1,Electrónica,1178.29,12961.19
2024-09-27,4,Vendedor_9,15,8,Producto 15,Deportes,2290.2,18321.6
2024-09-27,3,Vendedor_11,6,3,Producto 6,Alimentos,760.18,2280.54
2024-09-27,2,Vendedor_6,2,3,Producto 2,Deportes,2648.56,7945.68
2024-09-27,1,Vendedor_10,4,4,Producto 4,Ropa,2279.3,9117.2
2024-09-28,4,Vendedor_2,19,3,Producto 19,Alimentos,475.16,1425.48
2024-09-28,5,Vendedor_6,19,6,Producto 19,Alimentos,567.53,3405.18
2024-09-28,4,Vendedor_3,13,3,Producto 13,Deportes,3334.06,10002.18
2024-09-29,3,Vendedor_2,1,11,Producto 1,Electrónica,1252.14,13773.54
2024-09-29,2,Vendedor_15,15,8,Producto 15,Deportes,2479.8,19838.4
2024-09-29,1,Vendedor_11,9,10,Producto 9,Hogar,2669.77,26697.7
2024-09-29,3,Vendedor_6,5,1,Producto 5,Ropa,1359.72,1359.72
2024-09-29,5,Vendedor_7,11,6,Producto 11,Ropa,2059.93,12359.58
2024-09-29,2,Vendedor_15,5,2,Producto 5,Ropa,1554.25,3108.5
2024-09-29,3,Vendedor_6,4,4,Producto 4,Ropa,2634.13,10536.52
2024-09-30,3,Vendedor_13,20,8,Producto 20,Ropa,2069.11,16552.88
2024-09-30,3,Vendedor_1,15,10,Producto 15,Deportes,2204.91,22049.1
2024-09-30,3,Vendedor_10,11,5,Producto 11,Ropa,2316.27,11581.35
2024-09-30,5,Vendedor_6,10,5,Producto 10,Electrónica,1973.16,9865.8
2024-09-30,3,Vendedor_2,14,7,Producto 14,Deportes,3066.32,21464.24
2024-09-30,3,Vendedor_6,19,4,Producto 19,Alimentos,497.14,1988.56
2024-09-30,3,Vendedor_10,8,5,Producto 8,Deportes,250.15,1250.75
2024-10-02,4,Vendedor_3,20,2,Producto 20,Ropa,2351.25,4702.5
2024-10-02,1,Vendedor_10,19,4,Producto 19,Alimentos,527.85,2111.4
2024-10-02,5,Vendedor_4,8,3,Producto 8,Deportes,240.91,722.73
2024-10-02,3,Vendedor_7,11,5,Producto 11,Ropa,2142.64,10713.2
2024-10-03,3,Vendedor_12,11,9,Producto 11,Ropa,2188.82,19699.38
2024-10-03,4,Vendedor_4,5,7,Producto 5,Ropa,1502.1,10514.7
2024-10-03,3,Vendedor_10,4,8,Producto 4,Ropa,2774.37,22194.96
2024-10-04,4,Vendedor_14,15,9,Producto 15,Deportes,2125.1,19125.9
2024-10-04,4,Vendedor_11,12,6,Producto 12,Alimentos,1014.72,6088.32
2024-10-04,1,Vendedor_2,20,5,Producto 20,Ropa,1967.55,9837.75
2024-10-04,4,Vendedor_6,8,9,Producto 8,Deportes,267.35,2406.15
2024-10-05,5,Vendedor_4,19,11,Producto 19,Alimentos,477.0,5247.0
2024-10-05,3,Vendedor_2,18,5,Producto 18,Electrónica,177.15,885.75
2024-10-05,5,Vendedor_13,4,1,Producto 4,Ropa,2433.85,2433.85
2024-10-05,5,Vendedor_7,7,2,Producto 7,Electrónica,1914.29,3828.58
2024-10-05,2,Vendedor_3,19,5,Producto 19,Alimentos,499.24,2496.2
2024-10-05,5,Vendedor_4,7,11,Producto 7,Electrónica,1743.73,19181.03
2024-10-06,2,Vendedor_6,1,8,Producto 1,Electrónica,1129.77,9038.16
2024-10-06,5,Vendedor_9,10,2,Producto 10,Electrónica,1980.05,3960.1
2024-10-06,1,Vendedor_6,4,2,Producto 4,Ropa,2782.95,5565.9
2024-10-06,5,Vendedor_15,15,9,Producto 15,Deportes,2472.39,22251.51
2024-10-06,1,Vendedor_9,7,7,Producto 7,Electrónica,1567.14,10969.98
2024-10-06,2,Vendedor_2,12,7,Producto 12,Alimentos,1094.12,7658.84
2024-10-07,4,Vendedor_7,4,9,Producto 4,Ropa,2290.4,20613.6
2024-10-07,4,Vendedor_12,20,7,Producto 20,Ropa,1908.94,13362.58
2024-10-07,5,Vendedor_12,16,7,Producto 16,Deportes,706.63,4946.41
2024-10-07,4,Vendedor_10,2,9,Producto 2,Deportes,2760.07,24840.63
2024-10-07,1,Vendedor_13,14,11,Producto 14,Deportes,2877.26,31649.86
2024-10-07,4,Vendedor_5,1,9,Producto 1,Electrónica,1262.28,11360.52
2024-10-08,3,Vendedor_2,18,8,Producto 18,Electrónica,196.66,1573.28
2024-10-08,2,Vendedor_10,8,3,Producto 8,Deportes,256.93,770.79
2024-10-08,2,Vendedor_8,6,3,Producto 6,Alimentos,816.34,2449.02
2024-10-08,2,Vendedor_15,11,3,Producto 11,Ropa,2381.94,7145.82
2024-10-08,4,Vendedor_2,5,4,Producto 5,Ropa,1484.77,5939.08
2024-10-08,1,Vendedor_8,7,7,Producto 7,Electrónica,1743.94,12207.58
2024-10-08,4,Vendedor_13,4,5,Producto 4,Ropa,2784.78,13923.9
2024-10-08,1,Vendedor_8,7,8,Producto 7,Electrónica,1600.07,12800.56
2024-10-09,2,Vendedor_1,5,10,Producto 5,Ropa,1412.39,14123.9
2024-10-09,3,Vendedor_1,2,5,Producto 2,Deportes,3053.28,15266.4
2024-10-09,5,Vendedor_11,1,2,Producto 1,Electrónica,1182.04,2364.08
2024-10-10,3,Vendedor_8,17,4,Producto 17,Ropa,1317.73,5270.92
2024-10-10,3,Vendedor_11,7,8,Producto 7,Electrónica,1585.76,12686.08
2024-10-10,4,Vendedor_12,11,10,Producto 11,Ropa,2269.13,22691.3
2024-10-11,4,Vendedor_10,13,11,Producto 13,Deportes,3076.85,33845.35
2024-10-11,1,Vendedor_2,18,4,Producto 18,Electrónica,166.61,666.44
2024-10-11,3,Vendedor_4,11,1,Producto 11,Ropa,2625.85,2625.85
2024-10-11,3,Vendedor_4,7,7,Producto 7,Electrónica,1692.54,11847.78
2024-10-11,4,Vendedor_9,16,3,Producto 16,Deportes,695.45,2086.35
2024-10-11,4,Vendedor_13,6,3,Producto 6,Alimentos,815.06,2445.18
2024-10-11,2,Vendedor_9,5,11,Producto 5,Ropa,1294.52,14239.72
2024-10-12,1,Vendedor_9,19,9,Producto 19,Alimentos,506.58,4559.22
2024-10-12,3,Vendedor_8,19,6,Producto 19,Alimentos,516.89,3101.34
2024-10-12,1,Vendedor_8,8,3,Producto 8,Deportes,262.85,788.55
2024-10-12,3,Vendedor_8,7,10,Producto 7,Electrónica,1822.02,18220.2
2024-10-12,3,Vendedor_2,18,3,Producto 18,Electrónica,195.58,586.74
2024-10-13,1,Vendedor_4,8,2,Producto 8,Deportes,247.31,494.62
2024-10-13,2,Vendedor_9,18,11,Producto 18,Electrónica,171.64,1888.04
2024-10-13,1,Vendedor_11,7,2,Producto 7,Electrónica,1922.08,3844.16
2024-10-13,1,Vendedor_8,19,10,Producto 19,Alimentos,471.96,4719.6
2024-10-13,2,Vendedor_12,4,9,Producto 4,Ropa,2351.53,21163.77
2024-10-13,1,Vendedor_8,13,11,Producto 13,Deportes,2679.62,29475.82
2024-10-13,5,Vendedor_10,16,4,Producto 16,Deportes,568.38,2273.52
2024-10-14,5,Vendedor_13,14,2,Producto 14,Deportes,2695.8,5391.6
2024-10-14,1,Vendedor_11,3,11,Producto 3,Deportes,1842.29,20265.19
2024-10-14,3,Vendedor_1,18,9,Producto 18,Electrónica,195.96,1763.64
2024-10-14,4,Vendedor_1,12,7,Producto 12,Alimentos,1171.94,8203.58
2024-10-14,2,Vendedor_5,4,6,Producto 4,Ropa,2425.16,14550.96
2024-10-14,2,Vendedor_12,6,7,Producto 6,Alimentos,721.69,5051.83
2024-10-15,1,Vendedor_8,13,10,Producto 13,Deportes,2789.74,27897.4
2024-10-15,3,Vendedor_3,9,7,Producto 9,Hogar,2564.64,17952.48
2024-10-15,4,Vendedor_8,16,2,Producto 16,Deportes,566.31,1132.62
2024-10-15,3,Vendedor_4,15,1,Producto 15,Deportes,2366.03,2366.03
2024-10-16,2,Vendedor_12,5,11,Producto 5,Ropa,1239.16,13630.76
2024-10-16,3,Vendedor_10,16,7,Producto 16,Deportes,673.88,4717.16
2024-10-16,3,Vendedor_2,11,11,Producto 11,Ropa,2303.13,25334.43
2024-10-17,2,Vendedor_6,3,2,Producto 3,Deportes,2128.36,4256.72
2024-10-17,4,Vendedor_13,3,4,Producto 3,Deportes,1983.38,7933.52
2024-10-17,3,Vendedor_13,7,8,Producto 7,Electrónica,1555.11,12440.88
2024-10-17,4,Vendedor_6,18,11,Producto 18,Electrónica,199.03,2189.33
2024-10-17,2,Vendedor_2,9,5,Producto 9,Hogar,2678.94,13394.7
2024-10-17,5,Vendedor_14,13,10,Producto 13,Deportes,2853.5,28535.0
2024-10-17,1,Vendedor_6,1,5,Producto 1,Electrónica,1265.28,6326.4
2024-10-17,1,Vendedor_1,11,4,Producto 11,Ropa,2095.6,8382.4
2024-10-18,4,Vendedor_6,16,11,Producto 16,Deportes,686.99,7556.89
2024-10-18,5,Vendedor_4,20,2,Producto 20,Ropa,1892.65,3785.3
2024-10-18,5,Vendedor_14,17,4,Producto 17,Ropa,1428.61,5714.44
2024-10-18,1,Vendedor_5,7,8,Producto 7,Electrónica,1538.54,12308.32
2024-10-19,1,Vendedor_3,12,2,Producto 12,Alimentos,1043.7,2087.4
2024-10-19,4,Vendedor_1,12,3,Producto 12,Alimentos,1064.24,3192.72
2024-10-19,2,Vendedor_6,14,8,Producto 14,Deportes,3025.61,24204.88
2024-10-20,3,Vendedor_6,18,10,Producto 18,Electrónica,175.08,1750.8
2024-10-20,5,Vendedor_8,2,6,Producto 2,Deportes,3185.95,19115.7
2024-10-21,4,Vendedor_4,9,10,Producto 9,Hogar,2776.37,27763.7
2024-10-21,3,Vendedor_13,7,6,Producto 7,Electrónica,1616.73,9700.38
2024-10-21,3,Vendedor_9,4,6,Producto 4,Ropa,2349.87,14099.22
2024-10-21,4,Vendedor_7,15,3,Producto 15,Deportes,2622.33,7866.99
2024-10-21,4,Vendedor_13,5,9,Producto 5,Ropa,1474.67,13272.03
2024-10-21,5,Vendedor_2,12,10,Producto 12,Alimentos,1220.05,12200.5
2024-10-21,4,Vendedor_13,7,7,Producto 7,Electrónica,1561.03,10927.21
2024-10-22,1,Vendedor_4,19,9,Producto 19,Alimentos,579.35,5214.15
2024-10-22,5,Vendedor_10,2,2,Producto 2,Deportes,3010.55,6021.1
2024-10-22,1,Vendedor_10,5,5,Producto 5,Ropa,1383.14,6915.7
2024-10-22,5,Vendedor_1,7,8,Producto 7,Electrónica,1644.75,13158.0
2024-10-22,5,Vendedor_1,4,7,Producto 4,Ropa,2687.15,18810.05
2024-10-22,2,Vendedor_1,12,11,Producto 12,Alimentos,1093.9,12032.9
2024-10-23,1,Vendedor_12,13,11,Producto 13,Deportes,2961.51,32576.61
2024-10-23,4,Vendedor_4,13,4,Producto 13,Deportes,2879.88,11519.52
2024-10-23,2,Vendedor_11,18,1,Producto 18,Electrónica,196.5,196.5
2024-10-23,1,Vendedor_2,19,11,Producto 19,Alimentos,483.79,5321.69
2024-10-23,5,Vendedor_7,4,9,Producto 4,Ropa,2751.62,24764.58
2024-10-24,3,Vendedor_4,10,5,Producto 10,Electrónica,2040.91,10204.55
2024-10-24,4,Vendedor_3,17,8,Producto 17,Ropa,1320.61,10564.88
2024-10-24,4,Vendedor_5,13,8,Producto 13,Deportes,2794.95,22359.6
2024-10-24,3,Vendedor_8,8,11,Producto 8,Deportes,232.66,2559.26
2024-10-24,3,Vendedor_15,20,5,Producto 20,Ropa,1925.41,9627.05
2024-10-25,4,Vendedor_12,9,2,Producto 9,Hogar,2798.14,5596.28
2024-10-25,1,Vendedor_4,9,6,Producto 9,Hogar,2370.08,14220.48
2024-10-26,2,Vendedor_8,3,10,Producto 3,Deportes,1849.47,18494.7
2024-10-26,4,Vendedor_9,9,6,Producto 9,Hogar,2551.14,15306.84
2024-10-26,3,Vendedor_13,16,3,Producto 16,Deportes,666.62,1999.86
2024-10-26,5,Vendedor_7,20,5,Producto 20,Ropa,2022.11,10110.55
2024-10-26,4,Vendedor_4,4,3,Producto 4,Ropa,2593.21,7779.63
2024-10-26,4,Vendedor_15,5,1,Producto 5,Ropa,1293.27,1293.27
2024-10-26,1,Vendedor_15,5,3,Producto 5,Ropa,1530.05,4590.15
2024-10-26,5,Vendedor_11,18,10,Producto 18,Electrónica,170.79,1707.9
2024-10-26,2,Vendedor_13,4,8,Producto 4,Ropa,2459.91,19679.28
2024-10-27,4,Vendedor_6,12,8,Producto 12,Alimentos,1017.49,8139.92
2024-10-27,3,Vendedor_8,13,11,Producto 13,Deportes,2985.78,32843.58
2024-10-27,2,Vendedor_5,19,1,Producto 19,Alimentos,479.27,479.27
2024-10-27,1,Vendedor_3,1,2,Producto 1,Electrónica,1085.76,2171.52
2024-10-27,5,Vendedor_9,17,10,Producto 17,Ropa,1412.54,14125.4
2024-10-28,2,Vendedor_5,3,6,Producto 3,Deportes,1827.91,10967.46
2024-10-28,1,Vendedor_2,4,3,Producto 4,Ropa,2449.89,7349.67
2024-10-28,3,Vendedor_9,17,8,Producto 17,Ropa,1378.92,11031.36
2024-10-28,3,Vendedor_7,5,7,Producto 5,Ropa,1378.95,9652.65
2024-10-28,2,Vendedor_2,6,4,Producto 6,Alimentos,667.87,2671.48
2024-10-28,2,Vendedor_10,5,1,Producto 5,Ropa,1557.34,1557.34
2024-10-28,5,Vendedor_15,7,4,Producto 7,Electrónica,1859.38,7437.52
2024-10-29,4,Vendedor_12,17,8,Producto 17,Ropa,1585.3,12682.4
2024-10-29,1,Vendedor_1,3,7,Producto 3,Deportes,2001.46,14010.22
2024-10-29,4,Vendedor_11,15,2,Producto 15,Deportes,2162.67,4325.34
2024-10-29,1,Vendedor_8,1,3,Producto 1,Electrónica,1270.97,3812.91
2024-10-29,3,Vendedor_1,13,8,Producto 13,Deportes,2625.19,21001.52
2024-10-29,4,Vendedor_14,11,7,Producto 11,Ropa,2324.93,16274.51
2024-10-30,3,Vendedor_3,3,4,Producto 3,Deportes,1965.87,7863.48
2024-10-30,2,Vendedor_11,10,4,Producto 10,Electrónica,1843.64,7374.56
2024-10-30,3,Vendedor_12,5,7,Producto 5,Ropa,1490.91,10436.37
2024-10-30,1,Vendedor_7,20,5,Producto 20,Ropa,2175.75,10878.75
2024-10-30,2,Vendedor_13,18,7,Producto 18,Electrónica,193.84,1356.88
2024-10-30,1,Vendedor_9,17,5,Producto 17,Ropa,1372.62,6863.1
2024-10-30,5,Vendedor_4,16,10,Producto 16,Deportes,596.76,5967.6
2024-10-31,4,Vendedor_1,18,7,Producto 18,Electrónica,189.74,1328.18
2024-10-31,2,Vendedor_11,20,8,Producto 20,Ropa,2238.09,17904.72
2024-10-31,2,Vendedor_15,19,1,Producto 19,Alimentos,526.77,526.77
2024-10-31,3,Vendedor_4,9,1,Producto 9,Hogar,2351.14,2351.14
2024-10-31,1,Vendedor_9,16,2,Producto 16,Deportes,590.48,1180.96
2024-10-31,4,Vendedor_9,16,7,Producto 16,Deportes,648.04,4536.28
2024-10-31,2,Vendedor_15,10,4,Producto 10,Electrónica,2139.03,8556.12
2024-10-31,3,Vendedor_6,14,10,Producto 14,Deportes,3085.63,30856.3
2024-10-31,5,Vendedor_7,4,7,Producto 4,Ropa,2398.08,16786.56
2024-10-31,5,Vendedor_14,1,11,Producto 1,Electrónica,1108.38,12192.18
2024-11-01,5,Vendedor_10,13,5,Producto 13,Deportes,3168.22,15841.1
2024-11-01,5,Vendedor_4,20,9,Producto 20,Ropa,2146.35,19317.15
2024-11-01,4,Vendedor_7,7,3,Producto 7,Electrónica,1611.27,4833.81
2024-11-01,3,Vendedor_7,20,3,Producto 20,Ropa,2354.63,7063.89
2024-11-01,1,Vendedor_2,11,8,Producto 11,Ropa,2209.15,17673.2
2024-11-01,3,Vendedor_5,8,8,Producto 8,Deportes,264.93,2119.44
2024-11-01,2,Vendedor_9,4,11,Producto 4,Ropa,2393.33,26326.63
2024-11-01,1,Vendedor_5,13,5,Producto 13,Deportes,2633.93,13169.65
2024-11-02,1,Vendedor_3,17,9,Producto 17,Ropa,1430.4,12873.6
2024-11-02,4,Vendedor_13,7,8,Producto 7,Electrónica,1767.96,14143.68
2024-11-02,3,Vendedor_9,4,11,Producto 4,Ropa,2673.2,29405.2
2024-11-02,5,Vendedor_3,7,9,Producto 7,Electrónica,1684.41,15159.69
2024-11-02,2,Vendedor_6,10,4,Producto 10,Electrónica,1973.46,7893.84
2024-11-02,5,Vendedor_11,9,3,Producto 9,Hogar,2758.8,8276.4
2024-11-03,2,Vendedor_13,10,2,Producto 10,Electrónica,2075.89,4151.78
2024-11-03,2,Vendedor_5,11,1,Producto 11,Ropa,2504.04,2504.04
2024-11-03,3,Vendedor_8,11,1,Producto 11,Ropa,2218.57,2218.57
2024-11-03,4,Vendedor_5,10,7,Producto 10,Electrónica,1862.25,13035.75
2024-11-03,4,Vendedor_15,20,2,Producto 20,Ropa,2237.46,4474.92
2024-11-04,1,Vendedor_3,5,11,Producto 5,Ropa,1406.0,15466.0
2024-11-04,1,Vendedor_4,13,3,Producto 13,Deportes,3180.19,9540.57
2024-11-04,1,Vendedor_10,20,7,Producto 20,Ropa,2011.94,14083.58
2024-11-04,4,Vendedor_5,3,5,Producto 3,Deportes,1949.24,9746.2
2024-11-04,1,Vendedor_12,13,11,Producto 13,Deportes,2912.99,32042.89
2024-11-04,5,Vendedor_8,6,9,Producto 6,Alimentos,751.39,6762.51
2024-11-04,1,Vendedor_13,19,10,Producto 19,Alimentos,572.76,5727.6
2024-11-04,4,Vendedor_2,9,6,Producto 9,Hogar,2592.91,15557.46
2024-11-05,1,Vendedor_12,8,7,Producto 8,Deportes,239.01,1673.07
2024-11-05,2,Vendedor_7,17,8,Producto 17,Ropa,1565.5,12524.0
2024-11-05,3,Vendedor_10,3,6,Producto 3,Deportes,2102.58,12615.48
2024-11-05,4,Vendedor_12,17,7,Producto 17,Ropa,1365.83,9560.81
2024-11-05,3,Vendedor_2,3,3,Producto 3,Deportes,2113.25,6339.75
2024-11-05,4,Vendedor_14,8,4,Producto 8,Deportes,215.49,861.96
2024-11-05,3,Vendedor_9,12,11,Producto 12,Alimentos,1145.58,12601.38
2024-11-06,2,Vendedor_5,5,6,Producto 5,Ropa,1426.61,8559.66
2024-11-06,1,Vendedor_9,10,9,Producto 10,Electrónica,1740.76,15666.84
2024-11-06,2,Vendedor_9,11,8,Producto 11,Ropa,2608.06,20864.48
2024-11-06,4,Vendedor_1,14,2,Producto 14,Deportes,2480.69,4961.38
2024-11-06,3,Vendedor_7,16,3,Producto 16,Deportes,565.94,1697.82
2024-11-07,2,Vendedor_12,17,3,Producto 17,Ropa,1551.77,4655.31
2024-11-07,3,Vendedor_2,9,8,Producto 9,Hogar,2724.99,21799.92
2024-11-07,1,Vendedor_10,8,9,Producto 8,Deportes,259.92,2339.28
2024-11-07,5,Vendedor_5,17,6,Producto 17,Ropa,1357.94,8147.64
2024-11-07,4,Vendedor_1,11,5,Producto 11,Ropa,2410.69,12053.45
2024-11-07,3,Vendedor_12,12,2,Producto 12,Alimentos,1146.9,2293.8
2024-11-07,5,Vendedor_12,19,3,Producto 19,Alimentos,509.88,1529.64
2024-11-07,2,Vendedor_13,3,1,Producto 3,Deportes,1982.46,1982.46
2024-11-08,1,Vendedor_4,7,3,Producto 7,Electrónica,1801.29,5403.87
2024-11-08,5,Vendedor_14,11,10,Producto 11,Ropa,2215.82,22158.2
2024-11-08,3,Vendedor_7,7,2,Producto 7,Electrónica,1795.11,3590.22
2024-11-08,5,Vendedor_5,18,7,Producto 18,Electrónica,171.43,1200.01
2024-11-08,2,Vendedor_13,20,8,Producto 20,Ropa,2200.04,17600.32
2024-11-09,1,Vendedor_3,3,8,Producto 3,Deportes,1909.61,15276.88
2024-11-09,4,Vendedor_11,4,2,Producto 4,Ropa,2668.69,5337.38
2024-11-09,4,Vendedor_14,4,4,Producto 4,Ropa,2314.3,9257.2
2024-11-09,2,Vendedor_12,15,11,Producto 15,Deportes,2536.42,27900.62
2024-11-09,2,Vendedor_3,16,11,Producto 16,Deportes,708.65,7795.15
2024-11-09,3,Vendedor_11,19,3,Producto 19,Alimentos,570.27,1710.81
2024-11-10,1,Vendedor_8,2,3,Producto 2,Deportes,3115.67,9347.01
2024-11-10,2,Vendedor_10,12,3,Producto 12,Alimentos,1156.6,3469.8
2024-11-10,1,Vendedor_13,12,10,Producto 12,Alimentos,1233.21,12332.1
2024-11-10,5,Vendedor_2,2,10,Producto 2,Deportes,3137.58,31375.8
2024-11-10,4,Vendedor_3,4,5,Producto 4,Ropa,2426.54,12132.7
2024-11-10,3,Vendedor_7,19,5,Producto 19,Alimentos,507.52,2537.6
2024-11-10,3,Vendedor_7,8,9,Producto 8,Deportes,215.9,1943.1
2024-11-10,3,Vendedor_10,7,3,Producto 7,Electrónica,1686.21,5058.63
2024-11-10,2,Vendedor_4,6,10,Producto 6,Alimentos,761.91,7619.1
2024-11-11,2,Vendedor_13,19,11,Producto 19,Alimentos,538.06,5918.66
2024-11-11,2,Vendedor_11,1,5,Producto 1,Electrónica,1239.4,6197.0
2024-11-11,5,Vendedor_12,13,6,Producto 13,Deportes,2757.12,16542.72
2024-11-11,4,Vendedor_4,11,4,Producto 11,Ropa,2217.55,8870.2
2024-11-11,2,Vendedor_8,18,4,Producto 18,Electrónica,176.68,706.72
2024-11-12,5,Vendedor_3,15,10,Producto 15,Deportes,2157.99,21579.9
2024-11-12,1,Vendedor_9,13,1,Producto 13,Deportes,2684.35,2684.35
2024-11-12,4,Vendedor_9,1,7,Producto 1,Electrónica,1040.17,7281.19
2024-11-12,4,Vendedor_5,18,7,Producto 18,Electrónica,171.94,1203.58
2024-11-12,2,Vendedor_15,4,1,Producto 4,Ropa,2458.8,2458.8
2024-11-13,4,Vendedor_5,18,10,Producto 18,Electrónica,200.74,2007.4
2024-11-13,3,Vendedor_5,8,1,Producto 8,Deportes,230.38,230.38
2024-11-13,5,Vendedor_8,13,1,Producto 13,Deportes,3163.53,3163.53
2024-11-14,2,Vendedor_13,5,9,Producto 5,Ropa,1346.43,12117.87
2024-11-14,4,Vendedor_14,9,2,Producto 9,Hogar,2617.71,5235.42
2024-11-14,1,Vendedor_7,5,8,Producto 5,Ropa,1458.86,11670.88
2024-11-15,4,Vendedor_8,3,2,Producto 3,Deportes,1862.28,3724.56
2024-11-15,5,Vendedor_6,18,9,Producto 18,Electrónica,196.47,1768.23
2024-11-15,5,Vendedor_2,6,3,Producto 6,Alimentos,813.97,2441.91
2024-11-15,5,Vendedor_3,15,9,Producto 15,Deportes,2457.33,22115.97
2024-11-15,1,Vendedor_7,5,4,Producto 5,Ropa,1227.54,4910.16
2024-11-16,5,Vendedor_14,18,2,Producto 18,Electrónica,194.29,388.58
2024-11-16,5,Vendedor_4,5,2,Producto 5,Ropa,1451.42,2902.84
2024-11-17,3,Vendedor_8,1,10,Producto 1,Electrónica,1097.83,10978.3
2024-11-17,2,Vendedor_5,19,2,Producto 19,Alimentos,484.84,969.68
2024-11-17,4,Vendedor_9,9,7,Producto 9,Hogar,2520.71,17644.97
2024-11-17,4,Vendedor_7,1,9,Producto 1,Electrónica,1132.01,10188.09
2024-11-17,2,Vendedor_11,8,11,Producto 8,Deportes,234.27,2576.97
2024-11-17,4,Vendedor_15,2,6,Producto 2,Deportes,3029.61,18177.66
2024-11-17,3,Vendedor_3,19,9,Producto 19,Alimentos,463.34,4170.06
2024-11-17,4,Vendedor_2,16,10,Producto 16,Deportes,576.29,5762.9
2024-11-17,4,Vendedor_10,7,8,Producto 7,Electrónica,1741.58,13932.64
2024-11-17,3,Vendedor_8,10,6,Producto 10,Electrónica,2077.82,12466.92
2024-11-18,4,Vendedor_13,15,6,Producto 15,Deportes,2550.58,15303.48
2024-11-18,2,Vendedor_2,10,5,Producto 10,Electrónica,1740.97,8704.85
2024-11-18,5,Vendedor_1,4,9,Producto 4,Ropa,2716.81,24451.29
2024-11-18,3,Vendedor_2,14,10,Producto 14,Deportes,2681.08,26810.8
2024-11-18,3,Vendedor_1,15,5,Producto 15,Deportes,2247.75,11238.75
2024-11-19,2,Vendedor_10,19,7,Producto 19,Alimentos,545.9,3821.3
2024-11-19,5,Vendedor_14,6,4,Producto 6,Alimentos,796.41,3185.64
2024-11-19,3,Vendedor_14,11,11,Producto 11,Ropa,2115.31,23268.41
2024-11-20,4,Vendedor_14,15,6,Producto 15,Deportes,2517.67,15106.02
2024-11-20,3,Vendedor_15,6,11,Producto 6,Alimentos,695.17,7646.87
2024-11-20,1,Vendedor_15,17,1,Producto 17,Ropa,1481.26,1481.26
2024-11-20,5,Vendedor_14,10,6,Producto 10,Electrónica,1900.06,11400.36
2024-11-20,5,Vendedor_8,7,11,Producto 7,Electrónica,1819.51,20014.61
2024-11-21,1,Vendedor_10,3,9,Producto 3,Deportes,2192.17,19729.53
2024-11-21,5,Vendedor_1,19,1,Producto 19,Alimentos,569.49,569.49
2024-11-22,3,Vendedor_8,14,5,Producto 14,Deportes,2755.57,13777.85
2024-11-22,2,Vendedor_2,3,8,Producto 3,Deportes,1860.96,14887.68
2024-11-22,5,Vendedor_4,13,2,Producto 13,Deportes,2739.58,5479.16
2024-11-22,1,Vendedor_2,9,7,Producto 9,Hogar,2853.66,19975.62
2024-11-22,3,Vendedor_14,10,8,Producto 10,Electrónica,1982.97,15863.76
2024-11-23,5,Vendedor_15,2,5,Producto 2,Deportes,2567.71,12838.55
2024-11-23,2,Vendedor_6,11,8,Producto 11,Ropa,2415.75,19326.0
2024-11-23,5,Vendedor_3,15,11,Producto 15,Deportes,2289.51,25184.61
2024-11-23,4,Vendedor_12,13,1,Producto 13,Deportes,2861.9,2861.9
2024-11-24,4,Vendedor_13,7,6,Producto 7,Electrónica,1522.79,9136.74
2024-11-24,1,Vendedor_2,20,3,Producto 20,Ropa,1932.93,5798.79
2024-11-24,2,Vendedor_12,7,2,Producto 7,Electrónica,1782.17,3564.34
2024-11-24,2,Vendedor_13,15,8,Producto 15,Deportes,2383.54,19068.32
2024-11-24,5,Vendedor_11,9,4,Producto 9,Hogar,2409.23,9636.92
2024-11-24,5,Vendedor_2,4,11,Producto 4,Ropa,2428.17,26709.87
2024-11-26,4,Vendedor_14,7,10,Producto 7,Electrónica,1795.95,17959.5
2024-11-26,5,Vendedor_7,11,9,Producto 11,Ropa,2529.86,22768.74
2024-11-26,5,Vendedor_1,19,9,Producto 19,Alimentos,508.2,4573.8
2024-11-27,2,Vendedor_9,17,10,Producto 17,Ropa,1474.24,14742.4
2024-11-27,1,Vendedor_11,11,9,Producto 11,Ropa,2288.59,20597.31
2024-11-27,1,Vendedor_9,11,10,Producto 11,Ropa,2299.81,22998.1
2024-11-27,3,Vendedor_1,12,9,Producto 12,Alimentos,1244.8,11203.2
2024-11-28,3,Vendedor_1,18,3,Producto 18,Electrónica,205.0,615.0
2024-11-28,2,Vendedor_11,11,6,Producto 11,Ropa,2182.84,13097.04
2024-11-29,1,Vendedor_8,9,2,Producto 9,Hogar,2647.44,5294.88
2024-11-29,5,Vendedor_5,6,5,Producto 6,Alimentos,777.75,3888.75
2024-11-29,2,Vendedor_1,4,2,Producto 4,Ropa,2614.58,5229.16
2024-11-29,4,Vendedor_9,5,5,Producto 5,Ropa,1395.3,6976.5
2024-11-30,2,Vendedor_10,14,6,Producto 14,Deportes,2521.73,15130.38
2024-11-30,1,Vendedor_11,3,10,Producto 3,Deportes,1902.55,19025.5
2024-11-30,2,Vendedor_11,6,10,Producto 6,Alimentos,740.29,7402.9
2024-11-30,2,Vendedor_1,14,1,Producto 14,Deportes,2925.74,2925.74
2024-11-30,2,Vendedor_12,18,5,Producto 18,Electrónica,197.73,988.65
2024-11-30,5,Vendedor_14,11,5,Producto 11,Ropa,2592.16,12960.8
2024-11-30,3,Vendedor_6,1,9,Producto 1,Electrónica,1179.94,10619.46
2024-11-30,3,Vendedor_15,12,7,Producto 12,Alimentos,1030.68,7214.76
2024-11-30,1,Vendedor_5,19,7,Producto 19,Alimentos,512.17,3585.19
2024-12-01,4,Vendedor_11,2,2,Producto 2,Deportes,2745.83,5491.66
2024-12-01,4,Vendedor_12,11,2,Producto 11,Ropa,2065.17,4130.34
2024-12-01,3,Vendedor_3,14,11,Producto 14,Deportes,2590.35,28493.85
2024-12-01,5,Vendedor_1,1,2,Producto 1,Electrónica,1083.32,2166.64
2024-12-01,5,Vendedor_15,15,7,Producto 15,Deportes,2183.6,15285.2
2024-12-01,5,Vendedor_12,11,2,Producto 11,Ropa,2559.51,5119.02
2024-12-01,5,Vendedor_2,6,1,Producto 6,Alimentos,813.76,813.76
2024-12-01,3,Vendedor_2,5,2,Producto 5,Ropa,1225.57,2451.14
2024-12-02,4,Vendedor_15,15,11,Producto 15,Deportes,2269.75,24967.25
2024-12-02,5,Vendedor_12,15,10,Producto 15,Deportes,2347.36,23473.6
2024-12-02,2,Vendedor_11,3,2,Producto 3,Deportes,1914.01,3828.02
2024-12-02,1,Vendedor_13,7,7,Producto 7,Electrónica,1678.17,11747.19
2024-12-02,5,Vendedor_10,11,2,Producto 11,Ropa,2240.78,4481.56
2024-12-02,1,Vendedor_3,13,10,Producto 13,Deportes,2970.38,29703.8
2024-12-03,3,Vendedor_11,13,5,Producto 13,Deportes,2902.29,14511.45
2024-12-03,2,Vendedor_10,20,4,Producto 20,Ropa,2368.21,9472.84
2024-12-04,4,Vendedor_5,2,3,Producto 2,Deportes,2526.86,7580.58
2024-12-04,4,Vendedor_3,8,1,Producto 8,Deportes,256.66,256.66
2024-12-04,3,Vendedor_13,7,11,Producto 7,Electrónica,1794.68,19741.48
2024-12-04,2,Vendedor_7,12,1,Producto 12,Alimentos,1205.85,1205.85
2024-12-04,2,Vendedor_14,20,11,Producto 20,Ropa,2070.52,22775.72
2024-12-04,3,Vendedor_14,6,1,Producto 6,Alimentos,794.12,794.12
2024-12-04,3,Vendedor_6,8,9,Producto 8,Deportes,245.3,2207.7
2024-12-05,1,Vendedor_13,17,10,Producto 17,Ropa,1341.31,13413.1
2024-12-05,2,Vendedor_3,10,3,Producto 10,Electrónica,2076.72,6230.16
2024-12-05,1,Vendedor_2,18,5,Producto 18,Electrónica,173.14,865.7
2024-12-05,5,Vendedor_4,9,7,Producto 9,Hogar,2860.63,20024.41
2024-12-05,4,Vendedor_6,14,8,Producto 14,Deportes,2514.92,20119.36
2024-12-05,4,Vendedor_4,8,3,Producto 8,Deportes,263.98,791.94
2024-12-05,1,Vendedor_7,8,4,Producto 8,Deportes,240.63,962.52
2024-12-05,2,Vendedor_15,6,9,Producto 6,Alimentos,734.46,6610.14
2024-12-06,2,Vendedor_12,12,5,Producto 12,Alimentos,1214.52,6072.6
2024-12-06,2,Vendedor_13,7,9,Producto 7,Electrónica,1604.6,14441.4
2024-12-06,4,Vendedor_5,6,10,Producto 6,Alimentos,696.18,6961.8
2024-12-07,1,Vendedor_15,10,2,Producto 10,Electrónica,1926.99,3853.98
2024-12-07,5,Vendedor_4,18,11,Producto 18,Electrónica,163.83,1802.13
2024-12-08,3,Vendedor_4,11,5,Producto 11,Ropa,2303.57,11517.85
2024-12-08,2,Vendedor_5,17,7,Producto 17,Ropa,1493.41,10453.87
2024-12-08,4,Vendedor_13,13,2,Producto 13,Deportes,2743.9,5487.8
2024-12-08,2,Vendedor_1,5,8,Producto 5,Ropa,1290.48,10323.84
2024-12-08,2,Vendedor_11,2,3,Producto 2,Deportes,3149.62,9448.86
2024-12-09,2,Vendedor_4,2,8,Producto 2,Deportes,3144.72,25157.76
2024-12-09,1,Vendedor_7,3,3,Producto 3,Deportes,2221.94,6665.82
2024-12-09,3,Vendedor_4,3,9,Producto 3,Deportes,2165.96,19493.64
2024-12-10,2,Vendedor_13,5,7,Producto 5,Ropa,1523.81,10666.67
2024-12-10,5,Vendedor_4,18,1,Producto 18,Electrónica,195.45,195.45
2024-12-10,2,Vendedor_14,3,5,Producto 3,Deportes,1826.14,9130.7
2024-12-11,5,Vendedor_11,12,3,Producto 12,Alimentos,1015.68,3047.04
2024-12-11,3,Vendedor_15,18,8,Producto 18,Electrónica,184.89,1479.12
2024-12-11,4,Vendedor_7,1,9,Producto 1,Electrónica,1049.39,9444.51
2024-12-11,3,Vendedor_12,18,2,Producto 18,Electrónica,177.52,355.04
2024-12-11,5,Vendedor_12,20,10,Producto 20,Ropa,2045.29,20452.9
2024-12-11,1,Vendedor_8,5,7,Producto 5,Ropa,1375.86,9631.02
2024-12-11,5,Vendedor_14,2,6,Producto 2,Deportes,2584.54,15507.24
2024-12-11,4,Vendedor_5,7,5,Producto 7,Electrónica,1864.38,9321.9
2024-12-12,5,Vendedor_4,15,8,Producto 15,Deportes,2293.39,18347.12
2024-12-12,3,Vendedor_5,7,7,Producto 7,Electrónica,1615.31,11307.17
2024-12-12,1,Vendedor_2,4,10,Producto 4,Ropa,2500.27,25002.7
2024-12-12,2,Vendedor_9,10,1,Producto 10,Electrónica,1905.23,1905.23
2024-12-12,4,Vendedor_7,11,2,Producto 11,Ropa,2494.13,4988.26
2024-12-12,1,Vendedor_6,19,9,Producto 19,Alimentos,475.45,4279.05
2024-12-12,2,Vendedor_10,17,5,Producto 17,Ropa,1570.51,7852.55
2024-12-12,4,Vendedor_1,18,1,Producto 18,Electrónica,197.51,197.51
2024-12-13,5,Vendedor_10,11,7,Producto 11,Ropa,2508.49,17559.43
2024-12-13,3,Vendedor_13,3,4,Producto 3,Deportes,2012.43,8049.72
2024-12-14,2,Vendedor_10,13,4,Producto 13,Deportes,2771.06,11084.24
2024-12-14,3,Vendedor_13,15,8,Producto 15,Deportes,2617.71,20941.68
2024-12-14,4,Vendedor_5,14,10,Producto 14,Deportes,2612.8,26128.0
2024-12-14,1,Vendedor_1,20,3,Producto 20,Ropa,2335.94,7007.82
2024-12-14,1,Vendedor_6,5,8,Producto 5,Ropa,1437.53,11500.24
2024-12-14,5,Vendedor_3,9,8,Producto 9,Hogar,2707.59,21660.72
2024-12-15,4,Vendedor_2,17,11,Producto 17,Ropa,1475.56,16231.16
2024-12-15,3,Vendedor_14,8,9,Producto 8,Deportes,238.48,2146.32
2024-12-15,5,Vendedor_11,13,6,Producto 13,Deportes,3296.4,19778.4
2024-12-15,4,Vendedor_12,11,3,Producto 11,Ropa,2604.74,7814.22
2024-12-15,4,Vendedor_15,20,7,Producto 20,Ropa,2294.54,16061.78
2024-12-15,4,Vendedor_5,7,2,Producto 7,Electrónica,1806.1,3612.2
2024-12-15,4,Vendedor_2,12,3,Producto 12,Alimentos,1207.12,3621.36
2024-12-16,5,Vendedor_3,14,4,Producto 14,Deportes,2566.08,10264.32
2024-12-16,3,Vendedor_10,13,8,Producto 13,Deportes,2733.35,21866.8
2024-12-16,5,Vendedor_11,14,1,Producto 14,Deportes,2917.56,2917.56
2024-12-16,1,Vendedor_15,6,8,Producto 6,Alimentos,748.28,5986.24
2024-12-16,4,Vendedor_3,19,5,Producto 19,Alimentos,516.61,2583.05
2024-12-16,5,Vendedor_6,17,1,Producto 17,Ropa,1593.5,1593.5
2024-12-16,1,Vendedor_9,9,5,Producto 9,Hogar,2502.53,12512.65
2024-12-16,3,Vendedor_14,19,9,Producto 19,Alimentos,530.14,4771.26
2024-12-17,4,Vendedor_1,2,4,Producto 2,Deportes,2582.87,10331.48
2024-12-17,1,Vendedor_1,9,9,Producto 9,Hogar,2726.29,24536.61
2024-12-17,5,Vendedor_5,5,4,Producto 5,Ropa,1553.52,6214.08
2024-12-17,2,Vendedor_7,20,11,Producto 20,Ropa,1902.99,20932.89
2024-12-17,2,Vendedor_10,15,4,Producto 15,Deportes,2667.92,10671.68
2024-12-18,2,Vendedor_2,10,10,Producto 10,Electrónica,1812.99,18129.9
2024-12-18,5,Vendedor_3,19,7,Producto 19,Alimentos,459.94,3219.58
2024-12-18,5,Vendedor_4,7,10,Producto 7,Electrónica,1877.7,18777.0
2024-12-18,1,Vendedor_11,9,3,Producto 9,Hogar,2289.26,6867.78
2024-12-18,1,Vendedor_13,13,7,Producto 13,Deportes,3250.5,22753.5
2024-12-19,5,Vendedor_7,3,11,Producto 3,Deportes,2082.16,22903.76
2024-12-19,2,Vendedor_9,6,5,Producto 6,Alimentos,722.95,3614.75
2024-12-19,1,Vendedor_15,8,5,Producto 8,Deportes,247.8,1239.0
2024-12-19,5,Vendedor_4,20,3,Producto 20,Ropa,2189.67,6569.01
2024-12-19,3,Vendedor_13,2,7,Producto 2,Deportes,3147.34,22031.38
2024-12-19,1,Vendedor_14,12,8,Producto 12,Alimentos,1105.19,8841.52
2024-12-20,1,Vendedor_6,17,8,Producto 17,Ropa,1350.51,10804.08
2024-12-20,5,Vendedor_5,16,1,Producto 16,Deportes,667.42,667.42
2024-12-20,5,Vendedor_8,4,11,Producto 4,Ropa,2679.18,29470.98
2024-12-20,4,Vendedor_8,18,3,Producto 18,Electrónica,185.44,556.32
2024-12-20,5,Vendedor_2,1,5,Producto 1,Electrónica,1278.11,6390.55
2024-12-20,1,Vendedor_3,4,7,Producto 4,Ropa,2375.02,16625.14
2024-12-20,4,Vendedor_3,18,2,Producto 18,Electrónica,205.71,411.42
2024-12-20,4,Vendedor_15,14,2,Producto 14,Deportes,2871.25,5742.5
2024-12-20,4,Vendedor_8,3,4,Producto 3,Deportes,1758.8,7035.2
2024-12-21,4,Vendedor_6,12,1,Producto 12,Alimentos,1117.5,1117.5
2024-12-21,1,Vendedor_15,17,9,Producto 17,Ropa,1354.72,12192.48
2024-12-21,4,Vendedor_13,11,10,Producto 11,Ropa,2601.84,26018.4
2024-12-21,5,Vendedor_1,9,8,Producto 9,Hogar,2647.68,21181.44
2024-12-22,2,Vendedor_6,16,9,Producto 16,Deportes,654.04,5886.36
2024-12-22,3,Vendedor_12,1,7,Producto 1,Electrónica,1109.08,7763.56
2024-12-22,4,Vendedor_15,13,5,Producto 13,Deportes,3279.19,16395.95
2024-12-22,5,Vendedor_11,4,7,Producto 4,Ropa,2230.86,15616.02
2024-12-22,2,Vendedor_12,4,6,Producto 4,Ropa,2553.2,15319.2
2024-12-22,1,Vendedor_5,16,6,Producto 16,Deportes,702.13,4212.78
2024-12-22,4,Vendedor_1,12,8,Producto 12,Alimentos,1072.4,8579.2
2024-12-23,4,Vendedor_9,10,6,Producto 10,Electrónica,1722.09,10332.54
2024-12-23,5,Vendedor_11,16,2,Producto 16,Deportes,648.57,1297.14
2024-12-23,3,Vendedor_10,10,5,Producto 10,Electrónica,1897.68,9488.4
2024-12-23,3,Vendedor_2,7,4,Producto 7,Electrónica,1735.08,6940.32
2024-12-23,1,Vendedor_6,14,11,Producto 14,Deportes,3012.26,33134.86
2024-12-23,2,Vendedor_1,15,9,Producto 15,Deportes,2565.47,23089.23
2024-12-24,4,Vendedor_14,9,1,Producto 9,Hogar,2448.0,2448.0
2024-12-24,2,Vendedor_9,5,3,Producto 5,Ropa,1381.76,4145.28
2024-12-24,2,Vendedor_2,6,2,Producto 6,Alimentos,812.18,1624.36
2024-12-24,2,Vendedor_6,13,6,Producto 13,Deportes,3254.82,19528.92
2024-12-25,1,Vendedor_11,10,11,Producto 10,Electrónica,2073.14,22804.54
2024-12-25,2,Vendedor_7,11,7,Producto 11,Ropa,2538.56,17769.92
2024-12-25,3,Vendedor_4,2,3,Producto 2,Deportes,3068.2,9204.6
2024-12-25,3,Vendedor_14,5,7,Producto 5,Ropa,1490.33,10432.31
2024-12-25,3,Vendedor_7,2,5,Producto 2,Deportes,2548.3,12741.5
2024-12-26,5,Vendedor_11,13,6,Producto 13,Deportes,2909.69,17458.14
2024-12-26,5,Vendedor_6,5,9,Producto 5,Ropa,1561.32,14051.88
2024-12-27,2,Vendedor_3,10,11,Producto 10,Electrónica,2116.49,23281.39
2024-12-27,3,Vendedor_4,2,7,Producto 2,Deportes,2953.13,20671.91
2024-12-27,2,Vendedor_8,17,7,Producto 17,Ropa,1292.5,9047.5
2024-12-27,2,Vendedor_8,16,7,Producto 16,Deportes,654.13,4578.91
2024-12-27,4,Vendedor_1,16,8,Producto 16,Deportes,610.28,4882.24
2024-12-28,5,Vendedor_10,6,9,Producto 6,Alimentos,757.26,6815.34
2024-12-28,5,Vendedor_14,7,3,Producto 7,Electrónica,1781.62,5344.86
2024-12-29,2,Vendedor_12,5,8,Producto 5,Ropa,1240.83,9926.64
2024-12-29,4,Vendedor_15,1,9,Producto 1,Electrónica,1112.01,10008.09
2024-12-29,3,Vendedor_7,7,10,Producto 7,Electrónica,1860.53,18605.3
2024-12-29,5,Vendedor_3,2,8,Producto 2,Deportes,2765.89,22127.12
2024-12-29,2,Vendedor_2,11,4,Producto 11,Ropa,2066.01,8264.04
2024-12-29,5,Vendedor_1,19,8,Producto 19,Alimentos,482.31,3858.48
2024-12-30,3,Vendedor_8,20,1,Producto 20,Ropa,2195.67,2195.67
2024-12-30,5,Vendedor_7,3,6,Producto 3,Deportes,2133.45,12800.7
2024-12-30,5,Vendedor_9,13,3,Producto 13,Deportes,3039.79,9119.37
2024-12-30,3,Vendedor_4,2,9,Producto 2,Deportes,2669.99,24029.91
2024-12-31,3,Vendedor_11,19,10,Producto 19,Alimentos,569.83,5698.3
2024-12-31,5,Vendedor_1,5,1,Producto 5,Ropa,1559.36,1559.36
2024-12-31,2,Vendedor_13,18,10,Producto 18,Electrónica,198.32,1983.2
2024-12-31,3,Vendedor_2,20,4,Producto 20,Ropa,2189.67,8758.68
2024-12-31,2,Vendedor_11,10,9,Producto 10,Electrónica,1737.2,15634.8
2025-01-01,4,Vendedor_5,5,10,Producto 5,Ropa,1292.86,12928.6
2025-01-01,1,Vendedor_1,3,10,Producto 3,Deportes,2001.59,20015.9
2025-01-01,1,Vendedor_2,17,3,Producto 17,Ropa,1451.08,4353.24
2025-01-02,5,Vendedor_1,18,8,Producto 18,Electrónica,179.05,1432.4
2025-01-02,5,Vendedor_11,18,1,Producto 18,Electrónica,171.63,171.63
2025-01-02,5,Vendedor_11,16,9,Producto 16,Deportes,681.72,6135.48
2025-01-02,2,Vendedor_8,17,2,Producto 17,Ropa,1288.18,2576.36
2025-01-02,3,Vendedor_13,15,6,Producto 15,Deportes,2455.28,14731.68
2025-01-02,1,Vendedor_12,19,1,Producto 19,Alimentos,578.98,578.98
2025-01-02,5,Vendedor_11,7,4,Producto 7,Electrónica,1754.49,7017.96
2025-01-02,5,Vendedor_7,7,8,Producto 7,Electrónica,1890.5,15124.0
2025-01-03,2,Vendedor_1,17,5,Producto 17,Ropa,1523.89,7619.45
2025-01-03,4,Vendedor_2,10,2,Producto 10,Electrónica,2172.61,4345.22
2025-01-03,4,Vendedor_13,8,8,Producto 8,Deportes,222.48,1779.84
2025-01-03,5,Vendedor_5,17,6,Producto 17,Ropa,1479.64,8877.84
2025-01-03,2,Vendedor_12,3,2,Producto 3,Deportes,1951.96,3903.92
2025-01-04,3,Vendedor_14,4,11,Producto 4,Ropa,2751.14,30262.54
2025-01-05,5,Vendedor_10,18,11,Producto 18,Electrónica,171.8,1889.8
2025-01-05,1,Vendedor_4,6,7,Producto 6,Alimentos,789.32,5525.24
2025-01-05,2,Vendedor_13,16,4,Producto 16,Deportes,716.74,2866.96
2025-01-06,4,Vendedor_3,18,11,Producto 18,Electrónica,168.15,1849.65
2025-01-06,3,Vendedor_6,6,7,Producto 6,Alimentos,736.01,5152.07
2025-01-06,3,Vendedor_6,18,1,Producto 18,Electrónica,202.01,202.01
2025-01-06,3,Vendedor_11,17,8,Producto 17,Ropa,1454.66,11637.28
2025-01-06,3,Vendedor_6,17,2,Producto 17,Ropa,1340.26,2680.52
2025-01-06,1,Vendedor_8,8,10,Producto 8,Deportes,221.33,2213.3
2025-01-06,5,Vendedor_3,6,1,Producto 6,Alimentos,720.04,720.04
2025-01-06,1,Vendedor_12,15,2,Producto 15,Deportes,2442.2,4884.4
2025-01-06,2,Vendedor_6,14,8,Producto 14,Deportes,2986.94,23895.52
2025-01-06,4,Vendedor_9,9,11,Producto 9,Hogar,2324.98,25574.78
2025-01-06,2,Vendedor_10,4,9,Producto 4,Ropa,2422.58,21803.22
2025-01-07,1,Vendedor_4,13,2,Producto 13,Deportes,2982.69,5965.38
2025-01-07,4,Vendedor_11,12,2,Producto 12,Alimentos,1152.85,2305.7
2025-01-07,1,Vendedor_1,18,1,Producto 18,Electrónica,182.35,182.35
2025-01-07,2,Vendedor_15,9,11,Producto 9,Hogar,2582.61,28408.71
2025-01-07,1,Vendedor_9,15,11,Producto 15,Deportes,2585.89,28444.79
2025-01-08,2,Vendedor_7,6,5,Producto 6,Alimentos,786.51,3932.55
2025-01-08,5,Vendedor_15,15,1,Producto 15,Deportes,2321.54,2321.54
2025-01-08,2,Vendedor_14,20,6,Producto 20,Ropa,2058.98,12353.88
2025-01-08,5,Vendedor_2,9,4,Producto 9,Hogar,2521.71,10086.84
2025-01-08,2,Vendedor_6,6,1,Producto 6,Alimentos,798.72,798.72
2025-01-08,2,Vendedor_6,16,3,Producto 16,Deportes,605.56,1816.68
2025-01-09,3,Vendedor_11,10,10,Producto 10,Electrónica,2069.84,20698.4
2025-01-09,5,Vendedor_2,7,8,Producto 7,Electrónica,1753.06,14024.48
2025-01-09,2,Vendedor_2,1,6,Producto 1,Electrónica,1276.83,7660.98
2025-01-09,2,Vendedor_5,5,8,Producto 5,Ropa,1486.56,11892.48
2025-01-09,5,Vendedor_4,12,7,Producto 12,Alimentos,1189.22,8324.54
2025-01-09,2,Vendedor_6,15,10,Producto 15,Deportes,2523.45,25234.5
2025-01-10,2,Vendedor_2,11,4,Producto 11,Ropa,2247.0,8988.0
2025-01-10,4,Vendedor_15,16,6,Producto 16,Deportes,606.44,3638.64
2025-01-10,1,Vendedor_1,5,5,Producto 5,Ropa,1460.82,7304.1
2025-01-10,5,Vendedor_11,13,8,Producto 13,Deportes,3065.06,24520.48
2025-01-11,5,Vendedor_9,9,5,Producto 9,Hogar,2589.44,12947.2
2025-01-11,3,Vendedor_6,5,9,Producto 5,Ropa,1320.35,11883.15
2025-01-11,2,Vendedor_1,14,2,Producto 14,Deportes,2907.05,5814.1
2025-01-11,2,Vendedor_10,4,2,Producto 4,Ropa,2326.47,4652.94
2025-01-12,3,Vendedor_15,1,4,Producto 1,Electrónica,1058.27,4233.08
2025-01-12,5,Vendedor_8,18,5,Producto 18,Electrónica,195.35,976.75
2025-01-12,2,Vendedor_9,18,2,Producto 18,Electrónica,167.34,334.68
2025-01-13,3,Vendedor_10,19,8,Producto 19,Alimentos,510.45,4083.6
2025-01-13,3,Vendedor_6,9,1,Producto 9,Hogar,2629.63,2629.63
2025-01-13,2,Vendedor_12,15,8,Producto 15,Deportes,2364.94,18919.52
2025-01-13,5,Vendedor_7,7,1,Producto 7,Electrónica,1589.16,1589.16
2025-01-13,2,Vendedor_4,16,3,Producto 16,Deportes,568.57,1705.71
2025-01-13,2,Vendedor_4,11,11,Producto 11,Ropa,2589.07,28479.77
2025-01-13,3,Vendedor_14,20,1,Producto 20,Ropa,2020.57,2020.57
2025-01-13,2,Vendedor_12,15,11,Producto 15,Deportes,2345.88,25804.68
2025-01-14,3,Vendedor_7,10,4,Producto 10,Electrónica,1864.33,7457.32
2025-01-14,3,Vendedor_9,20,2,Producto 20,Ropa,2329.5,4659.0
2025-01-14,5,Vendedor_13,15,8,Producto 15,Deportes,2276.6,18212.8
2025-01-14,4,Vendedor_3,4,10,Producto 4,Ropa,2229.52,22295.2
2025-01-14,5,Vendedor_7,7,7,Producto 7,Electrónica,1620.32,11342.24
2025-01-14,4,Vendedor_11,19,8,Producto 19,Alimentos,484.33,3874.64
2025-01-14,1,Vendedor_10,9,7,Producto 9,Hogar,2691.37,18839.59
2025-01-14,4,Vendedor_9,14,6,Producto 14,Deportes,2829.15,16974.9
2025-01-14,1,Vendedor_2,2,4,Producto 2,Deportes,2836.7,11346.8
2025-01-15,1,Vendedor_7,12,5,Producto 12,Alimentos,1181.95,5909.75
2025-01-15,4,Vendedor_3,17,4,Producto 17,Ropa,1305.72,5222.88
2025-01-15,2,Vendedor_3,20,9,Producto 20,Ropa,2007.42,18066.78
2025-01-15,3,Vendedor_2,4,4,Producto 4,Ropa,2390.71,9562.84
2025-01-16,2,Vendedor_10,9,8,Producto 9,Hogar,2360.96,18887.68
2025-01-16,5,Vendedor_14,10,6,Producto 10,Electrónica,2085.88,12515.28
2025-01-16,3,Vendedor_3,7,5,Producto 7,Electrónica,1760.69,8803.45
2025-01-16,3,Vendedor_11,14,8,Producto 14,Deportes,2522.79,20182.32
2025-01-16,2,Vendedor_7,13,3,Producto 13,Deportes,3262.16,9786.48
2025-01-16,3,Vendedor_1,4,9,Producto 4,Ropa,2521.61,22694.49
2025-01-16,3,Vendedor_11,18,2,Producto 18,Electrónica,204.04,408.08
2025-01-17,2,Vendedor_11,4,4,Producto 4,Ropa,2568.63,10274.52
2025-01-17,3,Vendedor_1,3,3,Producto 3,Deportes,2115.33,6345.99
2025-01-17,1,Vendedor_12,20,6,Producto 20,Ropa,2154.62,12927.72
2025-01-17,5,Vendedor_14,19,11,Producto 19,Alimentos,480.06,5280.66
2025-01-18,2,Vendedor_15,8,6,Producto 8,Deportes,244.62,1467.72
2025-01-18,4,Vendedor_5,7,1,Producto 7,Electrónica,1555.34,1555.34
2025-01-18,3,Vendedor_12,11,11,Producto 11,Ropa,2219.95,24419.45
2025-01-18,4,Vendedor_11,12,1,Producto 12,Alimentos,1120.01,1120.01
2025-01-18,4,Vendedor_9,12,6,Producto 12,Alimentos,1152.9,6917.4
2025-01-19,5,Vendedor_12,8,6,Producto 8,Deportes,217.33,1303.98
2025-01-19,1,Vendedor_5,14,10,Producto 14,Deportes,2469.21,24692.1
2025-01-19,2,Vendedor_8,4,7,Producto 4,Ropa,2296.17,16073.19
2025-01-19,3,Vendedor_6,6,10,Producto 6,Alimentos,649.99,6499.9
2025-01-19,3,Vendedor_12,20,4,Producto 20,Ropa,1981.4,7925.6
2025-01-20,5,Vendedor_15,5,6,Producto 5,Ropa,1227.73,7366.38
2025-01-20,1,Vendedor_11,11,7,Producto 11,Ropa,2277.45,15942.15
2025-01-20,5,Vendedor_15,19,9,Producto 19,Alimentos,531.91,4787.19
2025-01-21,3,Vendedor_1,5,8,Producto 5,Ropa,1295.9,10367.2
2025-01-21,3,Vendedor_5,5,6,Producto 5,Ropa,1451.29,8707.74
2025-01-21,4,Vendedor_13,3,3,Producto 3,Deportes,2237.63,6712.89
2025-01-21,1,Vendedor_3,19,2,Producto 19,Alimentos,559.34,1118.68
2025-01-21,5,Vendedor_8,8,7,Producto 8,Deportes,221.07,1547.49
2025-01-21,1,Vendedor_6,6,1,Producto 6,Alimentos,763.5,763.5
2025-01-22,5,Vendedor_10,13,10,Producto 13,Deportes,3276.36,32763.6
2025-01-22,4,Vendedor_13,16,5,Producto 16,Deportes,615.99,3079.95
2025-01-22,2,Vendedor_3,16,5,Producto 16,Deportes,619.76,3098.8
2025-01-23,4,Vendedor_12,9,9,Producto 9,Hogar,2328.68,20958.12
2025-01-23,4,Vendedor_1,4,4,Producto 4,Ropa,2257.2,9028.8
2025-01-23,3,Vendedor_9,18,7,Producto 18,Electrónica,173.67,1215.69
2025-01-24,5,Vendedor_5,8,11,Producto 8,Deportes,221.07,2431.77
2025-01-24,5,Vendedor_4,12,10,Producto 12,Alimentos,1134.58,11345.8
2025-01-24,1,Vendedor_1,12,8,Producto 12,Alimentos,1004.91,8039.28
2025-01-25,1,Vendedor_5,8,5,Producto 8,Deportes,272.55,1362.75
2025-01-25,3,Vendedor_5,2,2,Producto 2,Deportes,2857.66,5715.32
2025-01-25,1,Vendedor_7,15,9,Producto 15,Deportes,2455.35,22098.15
2025-01-25,5,Vendedor_1,5,3,Producto 5,Ropa,1310.09,3930.27
2025-01-25,4,Vendedor_11,1,2,Producto 1,Electrónica,1086.91,2173.82
2025-01-25,5,Vendedor_7,20,8,Producto 20,Ropa,2094.02,16752.16
2025-01-25,3,Vendedor_6,1,4,Producto 1,Electrónica,1075.79,4303.16
2025-01-25,4,Vendedor_7,9,5,Producto 9,Hogar,2785.26,13926.3
2025-01-26,2,Vendedor_9,13,2,Producto 13,Deportes,2840.99,5681.98
2025-01-26,1,Vendedor_14,15,11,Producto 15,Deportes,2625.43,28879.73
2025-01-26,3,Vendedor_5,14,5,Producto 14,Deportes,2931.61,14658.05
2025-01-26,4,Vendedor_6,2,3,Producto 2,Deportes,2542.25,7626.75
2025-01-26,4,Vendedor_4,15,8,Producto 15,Deportes,2451.68,19613.44
2025-01-26,4,Vendedor_1,4,3,Producto 4,Ropa,2659.25,7977.75
2025-01-26,5,Vendedor_2,4,3,Producto 4,Ropa,2283.09,6849.27
2025-01-26,3,Vendedor_3,2,7,Producto 2,Deportes,2975.08,20825.56
2025-01-27,1,Vendedor_7,15,10,Producto 15,Deportes,2307.88,23078.8
2025-01-28,4,Vendedor_10,16,11,Producto 16,Deportes,704.27,7746.97
2025-01-28,4,Vendedor_11,16,10,Producto 16,Deportes,614.96,6149.6
2025-01-28,4,Vendedor_4,1,5,Producto 1,Electrónica,1090.04,5450.2
2025-01-28,3,Vendedor_12,2,11,Producto 2,Deportes,3004.86,33053.46
2025-01-28,2,Vendedor_15,6,4,Producto 6,Alimentos,670.98,2683.92
2025-01-28,2,Vendedor_2,2,9,Producto 2,Deportes,3127.2,28144.8
2025-01-28,1,Vendedor_4,6,1,Producto 6,Alimentos,723.27,723.27
2025-01-28,3,Vendedor_14,10,2,Producto 10,Electrónica,2136.36,4272.72
2025-01-28,5,Vendedor_4,4,2,Producto 4,Ropa,2682.99,5365.98
2025-01-29,4,Vendedor_13,12,5,Producto 12,Alimentos,1179.49,5897.45
2025-01-29,2,Vendedor_15,8,5,Producto 8,Deportes,230.47,1152.35
2025-01-29,5,Vendedor_3,9,8,Producto 9,Hogar,2663.29,21306.32
2025-01-29,1,Vendedor_15,20,11,Producto 20,Ropa,2371.46,26086.06
2025-01-29,1,Vendedor_8,12,2,Producto 12,Alimentos,988.37,1976.74
2025-01-30,5,Vendedor_7,6,6,Producto 6,Alimentos,806.61,4839.66
2025-01-30,4,Vendedor_9,19,10,Producto 19,Alimentos,521.31,5213.1
2025-01-30,3,Vendedor_8,2,7,Producto 2,Deportes,3163.25,22142.75
2025-01-30,5,Vendedor_12,11,1,Producto 11,Ropa,2378.47,2378.47
2025-01-30,3,Vendedor_11,19,9,Producto 19,Alimentos,478.02,4302.18
2025-01-31,5,Vendedor_15,17,10,Producto 17,Ropa,1490.33,14903.3
2025-01-31,2,Vendedor_13,6,11,Producto 6,Alimentos,727.27,7999.97
2025-01-31,3,Vendedor_3,16,7,Producto 16,Deportes,695.65,4869.55
2025-01-31,5,Vendedor_1,19,7,Producto 19,Alimentos,462.27,3235.89
2025-01-31,1,Vendedor_7,16,9,Producto 16,Deportes,698.19,6283.71
2025-02-01,1,Vendedor_2,10,11,Producto 10,Electrónica,1776.56,19542.16
2025-02-01,3,Vendedor_6,7,9,Producto 7,Electrónica,1717.03,15453.27
2025-02-01,1,Vendedor_11,15,6,Producto 15,Deportes,2480.2,14881.2
2025-02-02,1,Vendedor_8,19,8,Producto 19,Alimentos,469.26,3754.08
2025-02-02,5,Vendedor_5,17,10,Producto 17,Ropa,1600.91,16009.1
2025-02-02,5,Vendedor_1,7,8,Producto 7,Electrónica,1652.22,13217.76
2025-02-03,1,Vendedor_6,17,5,Producto 17,Ropa,1305.38,6526.9
2025-02-03,4,Vendedor_4,6,8,Producto 6,Alimentos,791.16,6329.28
2025-02-03,4,Vendedor_12,11,1,Producto 11,Ropa,2273.49,2273.49
2025-02-03,1,Vendedor_3,3,3,Producto 3,Deportes,1910.33,5730.99
2025-02-03,5,Vendedor_9,16,2,Producto 16,Deportes,645.25,1290.5
2025-02-04,3,Vendedor_3,7,10,Producto 7,Electrónica,1886.76,18867.6
2025-02-04,4,Vendedor_13,11,3,Producto 11,Ropa,2596.74,7790.22
2025-02-04,4,Vendedor_6,12,6,Producto 12,Alimentos,1151.79,6910.74
2025-02-04,5,Vendedor_14,6,9,Producto 6,Alimentos,670.88,6037.92
2025-02-04,4,Vendedor_5,2,9,Producto 2,Deportes,2792.01,25128.09
2025-02-04,3,Vendedor_11,12,11,Producto 12,Alimentos,1213.44,13347.84
2025-02-05,1,Vendedor_7,12,10,Producto 12,Alimentos,1020.3,10203.0
2025-02-05,2,Vendedor_10,1,3,Producto 1,Electrónica,1260.58,3781.74
2025-02-05,5,Vendedor_7,1,11,Producto 1,Electrónica,1162.73,12790.03
2025-02-05,3,Vendedor_11,10,9,Producto 10,Electrónica,2103.19,18928.71
2025-02-05,3,Vendedor_1,15,9,Producto 15,Deportes,2279.62,20516.58
2025-02-05,4,Vendedor_4,4,6,Producto 4,Ropa,2332.25,13993.5
2025-02-06,5,Vendedor_12,12,2,Producto 12,Alimentos,1178.54,2357.08
2025-02-06,3,Vendedor_4,8,4,Producto 8,Deportes,219.7,878.8
2025-02-07,2,Vendedor_11,5,1,Producto 5,Ropa,1233.91,1233.91
2025-02-07,4,Vendedor_6,2,3,Producto 2,Deportes,3190.22,9570.66
2025-02-08,2,Vendedor_9,20,11,Producto 20,Ropa,2250.55,24756.05
2025-02-08,4,Vendedor_1,15,7,Producto 15,Deportes,2261.33,15829.31
2025-02-09,1,Vendedor_11,11,9,Producto 11,Ropa,2084.39,18759.51
2025-02-09,2,Vendedor_2,14,10,Producto 14,Deportes,2960.2,29602.0
2025-02-10,1,Vendedor_10,15,7,Producto 15,Deportes,2677.56,18742.92
2025-02-10,2,Vendedor_8,2,8,Producto 2,Deportes,2569.85,20558.8
2025-02-10,4,Vendedor_10,18,11,Producto 18,Electrónica,197.63,2173.93
2025-02-10,1,Vendedor_8,19,3,Producto 19,Alimentos,557.41,1672.23
2025-02-11,5,Vendedor_6,18,3,Producto 18,Electrónica,162.88,488.64
2025-02-11,1,Vendedor_2,14,3,Producto 14,Deportes,2438.96,7316.88
2025-02-11,2,Vendedor_2,4,5,Producto 4,Ropa,2233.64,11168.2
2025-02-11,3,Vendedor_14,7,9,Producto 7,Electrónica,1684.98,15164.82
2025-02-11,3,Vendedor_6,13,3,Producto 13,Deportes,3292.17,9876.51
2025-02-11,4,Vendedor_10,8,4,Producto 8,Deportes,261.54,1046.16
2025-02-11,1,Vendedor_11,6,1,Producto 6,Alimentos,792.01,792.01
2025-02-11,3,Vendedor_1,15,11,Producto 15,Deportes,2320.59,25526.49
2025-02-11,2,Vendedor_2,7,1,Producto 7,Electrónica,1835.43,1835.43
2025-02-11,4,Vendedor_9,19,8,Producto 19,Alimentos,482.85,3862.8
2025-02-11,4,Vendedor_11,16,10,Producto 16,Deportes,658.14,6581.4
2025-02-12,5,Vendedor_5,18,1,Producto 18,Electrónica,172.89,172.89
2025-02-12,3,Vendedor_11,18,9,Producto 18,Electrónica,189.42,1704.78
2025-02-12,2,Vendedor_9,13,3,Producto 13,Deportes,2863.37,8590.11
2025-02-12,3,Vendedor_6,20,3,Producto 20,Ropa,1971.23,5913.69
2025-02-12,2,Vendedor_4,9,6,Producto 9,Hogar,2519.8,15118.8
2025-02-12,3,Vendedor_6,16,3,Producto 16,Deportes,598.24,1794.72
2025-02-13,4,Vendedor_4,17,5,Producto 17,Ropa,1302.62,6513.1
2025-02-13,1,Vendedor_8,1,8,Producto 1,Electrónica,1063.64,8509.12
2025-02-13,5,Vendedor_8,3,7,Producto 3,Deportes,1994.47,13961.29
2025-02-13,5,Vendedor_12,8,4,Producto 8,Deportes,219.41,877.64
2025-02-13,3,Vendedor_5,4,1,Producto 4,Ropa,2323.41,2323.41
2025-02-13,2,Vendedor_8,16,8,Producto 16,Deportes,690.7,5525.6
2025-02-14,4,Vendedor_12,4,4,Producto 4,Ropa,2277.88,9111.52
2025-02-14,4,Vendedor_14,7,2,Producto 7,Electrónica,1758.58,3517.16
2025-02-14,3,Vendedor_1,17,9,Producto 17,Ropa,1315.92,11843.28
2025-02-14,5,Vendedor_3,15,10,Producto 15,Deportes,2404.7,24047.0
2025-02-14,1,Vendedor_7,5,7,Producto 5,Ropa,1373.44,9614.08
2025-02-14,1,Vendedor_4,6,3,Producto 6,Alimentos,765.68,2297.04
2025-02-14,5,Vendedor_3,3,4,Producto 3,Deportes,1998.89,7995.56
2025-02-15,2,Vendedor_12,9,6,Producto 9,Hogar,2581.23,15487.38
2025-02-15,2,Vendedor_3,14,7,Producto 14,Deportes,2711.9,18983.3
2025-02-15,4,Vendedor_3,18,3,Producto 18,Electrónica,179.61,538.83
2025-02-15,3,Vendedor_15,8,5,Producto 8,Deportes,269.36,1346.8
2025-02-16,1,Vendedor_4,20,2,Producto 20,Ropa,2127.99,4255.98
2025-02-16,4,Vendedor_10,9,11,Producto 9,Hogar,2700.54,29705.94
2025-02-16,5,Vendedor_13,11,7,Producto 11,Ropa,2533.58,17735.06
2025-02-16,1,Vendedor_13,2,10,Producto 2,Deportes,2578.3,25783.0
2025-02-16,1,Vendedor_14,6,10,Producto 6,Alimentos,666.02,6660.2
2025-02-16,4,Vendedor_6,6,2,Producto 6,Alimentos,650.68,1301.36
2025-02-16,3,Vendedor_8,3,3,Producto 3,Deportes,2135.17,6405.51
2025-02-17,2,Vendedor_1,6,5,Producto 6,Alimentos,768.98,3844.9
2025-02-17,1,Vendedor_8,1,11,Producto 1,Electrónica,1221.86,13440.46
2025-02-17,1,Vendedor_10,3,8,Producto 3,Deportes,1931.73,15453.84
2025-02-17,2,Vendedor_14,10,7,Producto 10,Electrónica,2085.57,14598.99
2025-02-17,3,Vendedor_1,4,4,Producto 4,Ropa,2645.12,10580.48
2025-02-17,2,Vendedor_10,15,2,Producto 15,Deportes,2586.92,5173.84
2025-02-17,1,Vendedor_12,16,7,Producto 16,Deportes,667.87,4675.09
2025-02-18,3,Vendedor_7,19,4,Producto 19,Alimentos,570.13,2280.52
2025-02-18,2,Vendedor_8,15,11,Producto 15,Deportes,2659.79,29257.69
2025-02-18,3,Vendedor_1,2,8,Producto 2,Deportes,2861.15,22889.2
2025-02-18,4,Vendedor_6,16,4,Producto 16,Deportes,694.03,2776.12
2025-02-18,3,Vendedor_11,6,1,Producto 6,Alimentos,801.7,801.7
2025-02-19,4,Vendedor_10,8,9,Producto 8,Deportes,238.26,2144.34
2025-02-19,4,Vendedor_11,1,7,Producto 1,Electrónica,1159.77,8118.39
2025-02-19,4,Vendedor_5,18,2,Producto 18,Electrónica,169.82,339.64
2025-02-19,3,Vendedor_13,18,10,Producto 18,Electrónica,197.15,1971.5
2025-02-19,2,Vendedor_9,9,3,Producto 9,Hogar,2394.52,7183.56
2025-02-19,2,Vendedor_7,16,11,Producto 16,Deportes,638.65,7025.15
2025-02-19,2,Vendedor_1,1,8,Producto 1,Electrónica,1241.84,9934.72
2025-02-19,5,Vendedor_5,3,9,Producto 3,Deportes,2128.03,19152.27
2025-02-20,4,Vendedor_13,20,2,Producto 20,Ropa,2051.54,4103.08
2025-02-20,4,Vendedor_5,20,11,Producto 20,Ropa,2333.73,25671.03
2025-02-20,5,Vendedor_14,12,10,Producto 12,Alimentos,1091.85,10918.5
2025-02-20,3,Vendedor_4,18,5,Producto 18,Electrónica,192.58,962.9
2025-02-20,2,Vendedor_10,7,4,Producto 7,Electrónica,1937.01,7748.04
2025-02-20,1,Vendedor_2,8,10,Producto 8,Deportes,215.8,2158.0
2025-02-20,2,Vendedor_13,15,5,Producto 15,Deportes,2273.47,11367.35
2025-02-20,3,Vendedor_9,2,1,Producto 2,Deportes,2679.24,2679.24
2025-02-20,5,Vendedor_2,13,1,Producto 13,Deportes,2977.13,2977.13
2025-02-21,5,Vendedor_4,11,3,Producto 11,Ropa,2457.28,7371.84
2025-02-21,4,Vendedor_11,2,1,Producto 2,Deportes,3112.68,3112.68
2025-02-21,4,Vendedor_3,12,6,Producto 12,Alimentos,1097.15,6582.9
2025-02-21,1,Vendedor_4,16,9,Producto 16,Deportes,615.16,5536.44
2025-02-21,3,Vendedor_5,15,8,Producto 15,Deportes,2536.96,20295.68
2025-02-21,2,Vendedor_13,9,8,Producto 9,Hogar,2423.53,19388.24
2025-02-22,4,Vendedor_8,11,3,Producto 11,Ropa,2372.84,7118.52
2025-02-22,1,Vendedor_6,16,8,Producto 16,Deportes,585.34,4682.72
2025-02-22,3,Vendedor_9,15,5,Producto 15,Deportes,2520.8,12604.0
2025-02-22,5,Vendedor_1,11,6,Producto 11,Ropa,2353.27,14119.62
2025-02-23,1,Vendedor_10,18,2,Producto 18,Electrónica,193.73,387.46
2025-02-23,4,Vendedor_11,8,8,Producto 8,Deportes,250.45,2003.6
2025-02-23,1,Vendedor_11,6,10,Producto 6,Alimentos,739.13,7391.3
2025-02-24,1,Vendedor_9,4,7,Producto 4,Ropa,2781.32,19469.24
2025-02-24,2,Vendedor_7,17,2,Producto 17,Ropa,1578.07,3156.14
2025-02-24,5,Vendedor_9,12,10,Producto 12,Alimentos,1260.22,12602.2
2025-02-24,1,Vendedor_12,2,2,Producto 2,Deportes,3189.41,6378.82
2025-02-24,2,Vendedor_5,15,8,Producto 15,Deportes,2305.02,18440.16
2025-02-24,5,Vendedor_7,18,6,Producto 18,Electrónica,164.47,986.82
2025-02-24,3,Vendedor_2,10,8,Producto 10,Electrónica,1892.51,15140.08
2025-02-25,3,Vendedor_9,10,9,Producto 10,Electrónica,2179.51,19615.59
2025-02-25,5,Vendedor_7,6,7,Producto 6,Alimentos,723.66,5065.62
2025-02-25,3,Vendedor_8,10,5,Producto 10,Electrónica,1845.58,9227.9
2025-02-25,5,Vendedor_3,20,10,Producto 20,Ropa,1940.45,19404.5
2025-02-25,1,Vendedor_4,3,1,Producto 3,Deportes,2171.15,2171.15
2025-02-25,3,Vendedor_10,3,1,Producto 3,Deportes,1907.56,1907.56
2025-02-25,1,Vendedor_6,11,9,Producto 11,Ropa,2477.86,22300.74
2025-02-25,2,Vendedor_11,2,9,Producto 2,Deportes,2553.42,22980.78
2025-02-26,5,Vendedor_3,9,4,Producto 9,Hogar,2699.27,10797.08
2025-02-26,4,Vendedor_9,12,2,Producto 12,Alimentos,1205.4,2410.8
2025-02-26,4,Vendedor_1,14,3,Producto 14,Deportes,2881.47,8644.41
2025-02-26,4,Vendedor_15,1,9,Producto 1,Electrónica,1152.34,10371.06
2025-02-26,5,Vendedor_3,8,5,Producto 8,Deportes,221.15,1105.75
2025-02-26,3,Vendedor_1,1,8,Producto 1,Electrónica,1046.83,8374.64
2025-02-27,2,Vendedor_6,17,10,Producto 17,Ropa,1447.28,14472.8
2025-02-27,2,Vendedor_5,6,6,Producto 6,Alimentos,819.58,4917.48
2025-02-27,4,Vendedor_8,6,2,Producto 6,Alimentos,709.74,1419.48
2025-02-28,3,Vendedor_2,20,11,Producto 20,Ropa,2014.05,22154.55
2025-02-28,5,Vendedor_13,15,2,Producto 15,Deportes,2387.24,4774.48
2025-02-28,4,Vendedor_6,18,11,Producto 18,Electrónica,194.5,2139.5
2025-02-28,4,Vendedor_10,10,4,Producto 10,Electrónica,1893.39,7573.56
2025-03-01,2,Vendedor_11,20,3,Producto 20,Ropa,1858.59,5575.77
2025-03-01,2,Vendedor_1,18,7,Producto 18,Electrónica,203.45,1424.15
2025-03-01,1,Vendedor_2,14,8,Producto 14,Deportes,2944.54,23556.32
2025-03-01,3,Vendedor_11,5,11,Producto 5,Ropa,1278.86,14067.46
2025-03-01,5,Vendedor_11,6,3,Producto 6,Alimentos,659.92,1979.76
2025-03-02,4,Vendedor_7,4,1,Producto 4,Ropa,2685.79,2685.79
2025-03-02,5,Vendedor_5,18,5,Producto 18,Electrónica,168.81,844.05
2025-03-02,1,Vendedor_13,16,2,Producto 16,Deportes,698.76,1397.52
2025-03-02,2,Vendedor_5,3,4,Producto 3,Deportes,2150.63,8602.52
2025-03-02,5,Vendedor_12,15,7,Producto 15,Deportes,2158.56,15109.92
2025-03-02,4,Vendedor_9,17,1,Producto 17,Ropa,1423.69,1423.69
2025-03-02,5,Vendedor_12,10,2,Producto 10,Electrónica,2182.02,4364.04
2025-03-03,5,Vendedor_7,1,2,Producto 1,Electrónica,1181.84,2363.68
2025-03-03,3,Vendedor_14,12,6,Producto 12,Alimentos,1256.99,7541.94
2025-03-03,3,Vendedor_6,14,5,Producto 14,Deportes,2716.7,13583.5
2025-03-03,1,Vendedor_14,13,4,Producto 13,Deportes,2787.79,11151.16
2025-03-03,4,Vendedor_6,9,3,Producto 9,Hogar,2531.44,7594.32
2025-03-03,5,Vendedor_11,1,7,Producto 1,Electrónica,1049.06,7343.42
2025-03-04,2,Vendedor_2,20,1,Producto 20,Ropa,2110.58,2110.58
2025-03-04,3,Vendedor_9,13,2,Producto 13,Deportes,3117.9,6235.8
2025-03-04,2,Vendedor_13,14,4,Producto 14,Deportes,2606.5,10426.0
2025-03-04,1,Vendedor_11,1,7,Producto 1,Electrónica,1163.38,8143.66
2025-03-04,2,Vendedor_7,3,4,Producto 3,Deportes,1946.9,7787.6
2025-03-05,4,Vendedor_1,13,7,Producto 13,Deportes,3203.76,22426.32
2025-03-05,3,Vendedor_3,19,11,Producto 19,Alimentos,525.7,5782.7
2025-03-05,2,Vendedor_15,19,5,Producto 19,Alimentos,525.71,2628.55
2025-03-06,4,Vendedor_13,5,4,Producto 5,Ropa,1478.67,5914.68
2025-03-06,2,Vendedor_1,16,6,Producto 16,Deportes,688.05,4128.3
2025-03-06,3,Vendedor_2,1,5,Producto 1,Electrónica,1095.15,5475.75
2025-03-06,4,Vendedor_9,14,5,Producto 14,Deportes,2753.01,13765.05
2025-03-06,4,Vendedor_5,3,11,Producto 3,Deportes,1862.7,20489.7
2025-03-06,5,Vendedor_14,15,3,Producto 15,Deportes,2130.84,6392.52
2025-03-06,2,Vendedor_14,10,11,Producto 10,Electrónica,1844.12,20285.32
2025-03-07,4,Vendedor_12,1,1,Producto 1,Electrónica,1180.87,1180.87
2025-03-07,2,Vendedor_5,7,3,Producto 7,Electrónica,1868.3,5604.9
2025-03-08,3,Vendedor_15,7,8,Producto 7,Electrónica,1529.61,12236.88
2025-03-08,1,Vendedor_14,20,1,Producto 20,Ropa,1970.59,1970.59
2025-03-08,5,Vendedor_5,2,3,Producto 2,Deportes,3141.14,9423.42
2025-03-08,5,Vendedor_15,15,7,Producto 15,Deportes,2446.06,17122.42
2025-03-08,5,Vendedor_11,7,5,Producto 7,Electrónica,1815.89,9079.45
2025-03-09,4,Vendedor_7,12,11,Producto 12,Alimentos,1148.33,12631.63
2025-03-09,1,Vendedor_13,15,2,Producto 15,Deportes,2277.96,4555.92
2025-03-09,5,Vendedor_11,15,2,Producto 15,Deportes,2471.74,4943.48
2025-03-09,5,Vendedor_13,12,6,Producto 12,Alimentos,1132.61,6795.66
2025-03-09,1,Vendedor_4,10,6,Producto 10,Electrónica,1872.74,11236.44
2025-03-09,3,Vendedor_7,7,1,Producto 7,Electrónica,1862.35,1862.35
2025-03-09,2,Vendedor_6,9,4,Producto 9,Hogar,2276.51,9106.04
2025-03-10,4,Vendedor_10,19,11,Producto 19,Alimentos,564.68,6211.48
2025-03-10,2,Vendedor_6,7,2,Producto 7,Electrónica,1530.02,3060.04
2025-03-10,3,Vendedor_11,12,4,Producto 12,Alimentos,1021.52,4086.08
2025-03-10,2,Vendedor_11,20,11,Producto 20,Ropa,2139.85,23538.35
2025-03-10,2,Vendedor_8,11,5,Producto 11,Ropa,2154.32,10771.6
2025-03-10,1,Vendedor_6,13,7,Producto 13,Deportes,2795.63,19569.41
2025-03-10,3,Vendedor_14,11,4,Producto 11,Ropa,2201.42,8805.68
2025-03-10,4,Vendedor_2,6,8,Producto 6,Alimentos,657.27,5258.16
2025-03-11,4,Vendedor_4,11,2,Producto 11,Ropa,2298.96,4597.92
2025-03-11,3,Vendedor_2,5,2,Producto 5,Ropa,1412.85,2825.7
2025-03-11,5,Vendedor_6,7,3,Producto 7,Electrónica,1748.05,5244.15
2025-03-11,5,Vendedor_11,20,2,Producto 20,Ropa,1878.62,3757.24
2025-03-11,5,Vendedor_1,7,5,Producto 7,Electrónica,1703.32,8516.6
2025-03-12,2,Vendedor_11,2,1,Producto 2,Deportes,2765.58,2765.58
2025-03-12,3,Vendedor_14,14,1,Producto 14,Deportes,2701.82,2701.82
2025-03-12,5,Vendedor_12,11,1,Producto 11,Ropa,2449.02,2449.02
2025-03-12,1,Vendedor_6,13,3,Producto 13,Deportes,2807.19,8421.57
2025-03-12,3,Vendedor_10,4,4,Producto 4,Ropa,2544.99,10179.96
2025-03-13,1,Vendedor_6,14,3,Producto 14,Deportes,2557.1,7671.3
2025-03-13,1,Vendedor_14,4,6,Producto 4,Ropa,2612.47,15674.82
2025-03-13,2,Vendedor_12,10,2,Producto 10,Electrónica,2062.01,4124.02
2025-03-13,2,Vendedor_13,9,4,Producto 9,Hogar,2698.61,10794.44
2025-03-13,3,Vendedor_9,11,8,Producto 11,Ropa,2572.8,20582.4
2025-03-14,1,Vendedor_4,13,1,Producto 13,Deportes,3037.88,3037.88
2025-03-14,2,Vendedor_8,19,1,Producto 19,Alimentos,519.9,519.9
2025-03-14,1,Vendedor_5,15,6,Producto 15,Deportes,2387.99,14327.94
2025-03-14,4,Vendedor_8,14,5,Producto 14,Deportes,2985.67,14928.35
2025-03-14,2,Vendedor_5,19,1,Producto 19,Alimentos,577.35,577.35
2025-03-14,2,Vendedor_5,2,10,Producto 2,Deportes,2609.74,26097.4
2025-03-15,5,Vendedor_8,15,8,Producto 15,Deportes,2202.61,17620.88
2025-03-15,5,Vendedor_14,11,11,Producto 11,Ropa,2064.43,22708.73
2025-03-15,1,Vendedor_2,13,1,Producto 13,Deportes,2682.31,2682.31
2025-03-15,1,Vendedor_10,6,1,Producto 6,Alimentos,737.48,737.48
2025-03-15,5,Vendedor_1,8,9,Producto 8,Deportes,270.98,2438.82
2025-03-16,4,Vendedor_9,8,8,Producto 8,Deportes,217.0,1736.0
2025-03-16,4,Vendedor_6,1,7,Producto 1,Electrónica,1268.84,8881.88
2025-03-16,1,Vendedor_7,5,10,Producto 5,Ropa,1342.34,13423.4
2025-03-16,4,Vendedor_4,9,11,Producto 9,Hogar,2524.56,27770.16
2025-03-16,3,Vendedor_11,17,7,Producto 17,Ropa,1319.68,9237.76
2025-03-17,3,Vendedor_3,4,10,Producto 4,Ropa,2258.3,22583.0
2025-03-18,4,Vendedor_15,2,10,Producto 2,Deportes,3011.96,30119.6
2025-03-18,3,Vendedor_15,12,2,Producto 12,Alimentos,1132.79,2265.58
2025-03-18,5,Vendedor_4,5,3,Producto 5,Ropa,1281.24,3843.72
2025-03-18,3,Vendedor_5,15,3,Producto 15,Deportes,2199.45,6598.35
2025-03-18,1,Vendedor_12,12,4,Producto 12,Alimentos,1048.12,4192.48
2025-03-19,3,Vendedor_1,1,6,Producto 1,Electrónica,1066.78,6400.68
2025-03-19,3,Vendedor_14,17,9,Producto 17,Ropa,1567.21,14104.89
2025-03-19,5,Vendedor_6,17,3,Producto 17,Ropa,1301.2,3903.6
2025-03-19,2,Vendedor_7,3,9,Producto 3,Deportes,2091.92,18827.28
2025-03-19,4,Vendedor_9,20,8,Producto 20,Ropa,2236.14,17889.12
2025-03-19,1,Vendedor_15,4,1,Producto 4,Ropa,2396.9,2396.9
2025-03-19,3,Vendedor_15,6,2,Producto 6,Alimentos,673.22,1346.44
2025-03-19,5,Vendedor_5,11,11,Producto 11,Ropa,2195.5,24150.5
2025-03-20,3,Vendedor_10,5,10,Producto 5,Ropa,1437.53,14375.3
2025-03-21,1,Vendedor_5,14,10,Producto 14,Deportes,2513.69,25136.9
2025-03-21,1,Vendedor_2,17,11,Producto 17,Ropa,1542.05,16962.55
2025-03-21,1,Vendedor_14,6,9,Producto 6,Alimentos,672.21,6049.89
2025-03-21,2,Vendedor_5,7,11,Producto 7,Electrónica,1744.99,19194.89
2025-03-21,2,Vendedor_3,11,10,Producto 11,Ropa,2418.7,24187.0
2025-03-21,4,Vendedor_8,7,10,Producto 7,Electrónica,1590.44,15904.4
2025-03-21,4,Vendedor_8,15,11,Producto 15,Deportes,2149.88,23648.68
2025-03-21,2,Vendedor_8,7,5,Producto 7,Electrónica,1688.69,8443.45
2025-03-22,5,Vendedor_2,19,9,Producto 19,Alimentos,535.44,4818.96
2025-03-22,4,Vendedor_12,2,3,Producto 2,Deportes,2955.71,8867.13
2025-03-22,5,Vendedor_14,2,9,Producto 2,Deportes,2849.27,25643.43
2025-03-22,5,Vendedor_3,9,9,Producto 9,Hogar,2518.16,22663.44
2025-03-22,4,Vendedor_2,16,9,Producto 16,Deportes,666.07,5994.63
2025-03-23,5,Vendedor_13,18,1,Producto 18,Electrónica,196.65,196.65
2025-03-23,1,Vendedor_9,20,3,Producto 20,Ropa,1999.95,5999.85
2025-03-23,1,Vendedor_7,6,4,Producto 6,Alimentos,674.07,2696.28
2025-03-23,3,Vendedor_5,10,8,Producto 10,Electrónica,2011.33,16090.64
2025-03-24,4,Vendedor_12,8,10,Producto 8,Deportes,232.29,2322.9
2025-03-24,5,Vendedor_9,9,2,Producto 9,Hogar,2530.82,5061.64
2025-03-24,5,Vendedor_15,9,10,Producto 9,Hogar,2635.44,26354.4
2025-03-24,5,Vendedor_13,18,8,Producto 18,Electrónica,188.55,1508.4
2025-03-25,5,Vendedor_10,16,9,Producto 16,Deportes,636.72,5730.48
2025-03-25,1,Vendedor_8,16,6,Producto 16,Deportes,699.62,4197.72
2025-03-25,5,Vendedor_7,13,5,Producto 13,Deportes,3233.71,16168.55
2025-03-25,5,Vendedor_7,20,9,Producto 20,Ropa,2274.15,20467.35
2025-03-25,3,Vendedor_11,7,8,Producto 7,Electrónica,1612.76,12902.08
2025-03-26,3,Vendedor_14,4,3,Producto 4,Ropa,2839.34,8518.02
2025-03-26,2,Vendedor_5,12,4,Producto 12,Alimentos,1181.46,4725.84
2025-03-26,3,Vendedor_8,8,2,Producto 8,Deportes,216.8,433.6
2025-03-26,3,Vendedor_9,10,10,Producto 10,Electrónica,1922.78,19227.8
2025-03-27,5,Vendedor_7,16,11,Producto 16,Deportes,566.17,6227.87
2025-03-27,2,Vendedor_9,16,10,Producto 16,Deportes,703.09,7030.9
2025-03-27,5,Vendedor_2,6,7,Producto 6,Alimentos,712.23,4985.61
2025-03-27,5,Vendedor_15,10,2,Producto 10,Electrónica,2139.53,4279.06
2025-03-27,2,Vendedor_1,15,5,Producto 15,Deportes,2158.13,10790.65
2025-03-27,2,Vendedor_2,12,7,Producto 12,Alimentos,1185.56,8298.92
2025-03-28,5,Vendedor_1,3,2,Producto 3,Deportes,2027.88,4055.76
2025-03-28,2,Vendedor_12,11,5,Producto 11,Ropa,2324.58,11622.9
2025-03-28,4,Vendedor_6,10,9,Producto 10,Electrónica,2155.89,19403.01
2025-03-28,5,Vendedor_14,9,6,Producto 9,Hogar,2724.91,16349.46
2025-03-28,4,Vendedor_12,10,11,Producto 10,Electrónica,2184.69,24031.59
2025-03-28,4,Vendedor_12,11,2,Producto 11,Ropa,2236.86,4473.72
2025-03-28,1,Vendedor_1,20,9,Producto 20,Ropa,2093.66,18842.94
2025-03-28,4,Vendedor_8,9,7,Producto 9,Hogar,2565.82,17960.74
2025-03-28,4,Vendedor_11,9,7,Producto 9,Hogar,2834.62,19842.34
2025-03-28,1,Vendedor_5,12,10,Producto 12,Alimentos,1242.14,12421.4
2025-03-28,4,Vendedor_15,12,8,Producto 12,Alimentos,1229.79,9838.32
2025-03-28,5,Vendedor_6,2,5,Producto 2,Deportes,2558.99,12794.95
2025-03-29,1,Vendedor_10,8,8,Producto 8,Deportes,259.33,2074.64
2025-03-29,5,Vendedor_10,4,7,Producto 4,Ropa,2359.35,16515.45
2025-03-29,2,Vendedor_1,6,6,Producto 6,Alimentos,808.9,4853.4
2025-03-29,1,Vendedor_14,9,11,Producto 9,Hogar,2735.68,30092.48
2025-03-29,3,Vendedor_11,12,11,Producto 12,Alimentos,1105.0,12155.0
2025-03-29,4,Vendedor_1,14,7,Producto 14,Deportes,2857.77,20004.39
2025-03-29,3,Vendedor_3,18,2,Producto 18,Electrónica,195.02,390.04
2025-03-30,1,Vendedor_12,2,5,Producto 2,Deportes,3002.0,15010.0
2025-03-30,3,Vendedor_7,4,4,Producto 4,Ropa,2388.9,9555.6
2025-03-30,2,Vendedor_10,8,2,Producto 8,Deportes,218.64,437.28
2025-03-30,5,Vendedor_13,16,10,Producto 16,Deportes,662.72,6627.2
2025-03-30,3,Vendedor_15,20,7,Producto 20,Ropa,2209.66,15467.62
2025-03-30,1,Vendedor_11,9,6,Producto 9,Hogar,2565.15,15390.9
2025-03-30,4,Vendedor_2,14,11,Producto 14,Deportes,2575.29,28328.19
2025-03-30,3,Vendedor_4,13,3,Producto 13,Deportes,3304.44,9913.32
2025-03-31,4,Vendedor_14,15,3,Producto 15,Deportes,2201.25,6603.75
2025-03-31,4,Vendedor_14,16,3,Producto 16,Deportes,682.46,2047.38
2025-04-01,5,Vendedor_4,14,10,Producto 14,Deportes,2717.56,27175.6
2025-04-01,2,Vendedor_6,15,5,Producto 15,Deportes,2572.26,12861.3
2025-04-01,3,Vendedor_5,3,7,Producto 3,Deportes,1999.2,13994.4
2025-04-01,2,Vendedor_11,18,4,Producto 18,Electrónica,162.84,651.36
2025-04-01,4,Vendedor_7,17,1,Producto 17,Ropa,1436.31,1436.31
2025-04-02,4,Vendedor_12,19,8,Producto 19,Alimentos,516.02,4128.16
2025-04-02,5,Vendedor_1,10,5,Producto 10,Electrónica,1987.53,9937.65
2025-04-02,1,Vendedor_14,7,9,Producto 7,Electrónica,1522.14,13699.26
2025-04-02,1,Vendedor_14,10,3,Producto 10,Electrónica,2076.34,6229.02
2025-04-02,3,Vendedor_12,18,8,Producto 18,Electrónica,199.18,1593.44
2025-04-02,1,Vendedor_2,9,3,Producto 9,Hogar,2850.91,8552.73
2025-04-02,5,Vendedor_13,17,7,Producto 17,Ropa,1456.11,10192.77
2025-04-03,5,Vendedor_1,3,6,Producto 3,Deportes,1849.11,11094.66
2025-04-03,3,Vendedor_13,7,3,Producto 7,Electrónica,1792.35,5377.05
2025-04-03,2,Vendedor_15,12,10,Producto 12,Alimentos,1122.29,11222.9
2025-04-03,2,Vendedor_1,8,4,Producto 8,Deportes,261.93,1047.72
2025-04-03,3,Vendedor_9,9,6,Producto 9,Hogar,2244.22,13465.32
2025-04-03,4,Vendedor_11,7,6,Producto 7,Electrónica,1816.93,10901.58
2025-04-03,2,Vendedor_1,19,10,Producto 19,Alimentos,538.53,5385.3
2025-04-03,1,Vendedor_9,15,7,Producto 15,Deportes,2607.25,18250.75
2025-04-03,3,Vendedor_15,17,10,Producto 17,Ropa,1572.5,15725.0
2025-04-03,4,Vendedor_8,11,8,Producto 11,Ropa,2120.51,16964.08
2025-04-04,4,Vendedor_13,20,8,Producto 20,Ropa,2313.88,18511.04
2025-04-04,3,Vendedor_9,11,10,Producto 11,Ropa,2274.14,22741.4
2025-04-04,3,Vendedor_10,5,8,Producto 5,Ropa,1519.69,12157.52
2025-04-05,2,Vendedor_8,3,7,Producto 3,Deportes,1886.58,13206.06
2025-04-05,5,Vendedor_15,20,11,Producto 20,Ropa,2044.59,22490.49
2025-04-05,3,Vendedor_1,2,10,Producto 2,Deportes,2728.33,27283.3
2025-04-05,2,Vendedor_9,4,10,Producto 4,Ropa,2378.26,23782.6
2025-04-05,2,Vendedor_12,8,9,Producto 8,Deportes,272.16,2449.44
2025-04-05,1,Vendedor_8,10,6,Producto 10,Electrónica,1797.76,10786.56
2025-04-05,1,Vendedor_15,6,9,Producto 6,Alimentos,738.42,6645.78
2025-04-05,3,Vendedor_5,10,11,Producto 10,Electrónica,1740.35,19143.85
2025-04-06,2,Vendedor_2,1,9,Producto 1,Electrónica,1131.85,10186.65
2025-04-06,2,Vendedor_6,17,3,Producto 17,Ropa,1539.13,4617.39
2025-04-06,4,Vendedor_12,13,7,Producto 13,Deportes,2936.44,20555.08
2025-04-06,4,Vendedor_12,11,8,Producto 11,Ropa,2627.89,21023.12
2025-04-06,1,Vendedor_7,18,6,Producto 18,Electrónica,180.69,1084.14
2025-04-06,2,Vendedor_11,5,10,Producto 5,Ropa,1507.1,15071.0
2025-04-07,2,Vendedor_1,14,2,Producto 14,Deportes,3038.32,6076.64
2025-04-07,5,Vendedor_15,20,10,Producto 20,Ropa,1943.48,19434.8
2025-04-07,2,Vendedor_4,19,3,Producto 19,Alimentos,560.29,1680.87
2025-04-07,3,Vendedor_14,15,3,Producto 15,Deportes,2663.3,7989.9
2025-04-08,2,Vendedor_7,10,5,Producto 10,Electrónica,2008.29,10041.45
2025-04-08,5,Vendedor_14,13,11,Producto 13,Deportes,2686.18,29547.98
2025-04-08,1,Vendedor_8,15,4,Producto 15,Deportes,2461.5,9846.0
2025-04-08,1,Vendedor_3,17,8,Producto 17,Ropa,1347.99,10783.92
2025-04-08,1,Vendedor_8,18,2,Producto 18,Electrónica,173.03,346.06
2025-04-08,5,Vendedor_2,20,2,Producto 20,Ropa,1880.45,3760.9
2025-04-09,2,Vendedor_14,3,3,Producto 3,Deportes,2071.28,6213.84
2025-04-09,1,Vendedor_3,13,3,Producto 13,Deportes,2982.98,8948.94
2025-04-09,4,Vendedor_6,20,8,Producto 20,Ropa,2207.8,17662.4
2025-04-09,3,Vendedor_8,13,6,Producto 13,Deportes,3022.98,18137.88
2025-04-09,4,Vendedor_5,10,1,Producto 10,Electrónica,2021.9,2021.9
2025-04-09,3,Vendedor_15,13,11,Producto 13,Deportes,3204.81,35252.91
2025-04-09,1,Vendedor_14,6,11,Producto 6,Alimentos,697.38,7671.18
2025-04-10,2,Vendedor_11,10,7,Producto 10,Electrónica,2099.75,14698.25
2025-04-10,1,Vendedor_6,12,2,Producto 12,Alimentos,1004.65,2009.3
2025-04-10,4,Vendedor_9,18,8,Producto 18,Electrónica,200.74,1605.92
2025-04-10,1,Vendedor_9,5,10,Producto 5,Ropa,1475.37,14753.7
2025-04-10,1,Vendedor_10,2,4,Producto 2,Deportes,2565.84,10263.36
2025-04-10,1,Vendedor_2,9,10,Producto 9,Hogar,2369.66,23696.6
2025-04-11,3,Vendedor_2,8,4,Producto 8,Deportes,229.57,918.28
2025-04-11,4,Vendedor_9,10,9,Producto 10,Electrónica,1856.23,16706.07
2025-04-11,5,Vendedor_7,5,5,Producto 5,Ropa,1505.4,7527.0
2025-04-11,2,Vendedor_11,3,4,Producto 3,Deportes,1946.59,7786.36
2025-04-11,4,Vendedor_9,19,9,Producto 19,Alimentos,510.69,4596.21
2025-04-11,4,Vendedor_13,10,5,Producto 10,Electrónica,1970.14,9850.7
2025-04-11,4,Vendedor_14,13,4,Producto 13,Deportes,2708.73,10834.92
2025-04-11,1,Vendedor_5,9,8,Producto 9,Hogar,2813.4,22507.2
2025-04-12,4,Vendedor_11,11,3,Producto 11,Ropa,2361.8,7085.4
2025-04-12,3,Vendedor_6,15,8,Producto 15,Deportes,2299.02,18392.16
2025-04-12,2,Vendedor_9,9,1,Producto 9,Hogar,2462.92,2462.92
2025-04-12,3,Vendedor_6,20,4,Producto 20,Ropa,2078.28,8313.12
2025-04-12,1,Vendedor_4,6,10,Producto 6,Alimentos,702.32,7023.2
2025-04-12,2,Vendedor_14,5,10,Producto 5,Ropa,1538.98,15389.8
2025-04-12,5,Vendedor_10,3,2,Producto 3,Deportes,2006.39,4012.78
2025-04-12,4,Vendedor_15,2,8,Producto 2,Deportes,2849.57,22796.56
2025-04-12,1,Vendedor_15,6,3,Producto 6,Alimentos,780.23,2340.69
2025-04-13,2,Vendedor_2,15,9,Producto 15,Deportes,2427.05,21843.45
2025-04-13,5,Vendedor_3,10,3,Producto 10,Electrónica,2047.9,6143.7
2025-04-13,2,Vendedor_9,15,6,Producto 15,Deportes,2515.52,15093.12
2025-04-13,5,Vendedor_11,13,1,Producto 13,Deportes,2791.03,2791.03
2025-04-13,5,Vendedor_15,17,4,Producto 17,Ropa,1384.36,5537.44
2025-04-14,4,Vendedor_3,7,11,Producto 7,Electrónica,1567.87,17246.57
2025-04-14,2,Vendedor_11,11,7,Producto 11,Ropa,2545.29,17817.03
2025-04-14,1,Vendedor_4,18,3,Producto 18,Electrónica,191.89,575.67
2025-04-14,3,Vendedor_3,18,2,Producto 18,Electrónica,172.07,344.14
2025-04-14,1,Vendedor_3,8,2,Producto 8,Deportes,254.38,508.76
2025-04-14,2,Vendedor_14,3,7,Producto 3,Deportes,1764.74,12353.18
2025-04-14,1,Vendedor_1,18,4,Producto 18,Electrónica,176.77,707.08
2025-04-15,4,Vendedor_1,5,9,Producto 5,Ropa,1409.38,12684.42
2025-04-15,4,Vendedor_2,14,3,Producto 14,Deportes,2583.05,7749.15
2025-04-15,4,Vendedor_13,8,9,Producto 8,Deportes,215.19,1936.71
2025-04-15,4,Vendedor_3,7,8,Producto 7,Electrónica,1921.48,15371.84
2025-04-15,4,Vendedor_15,18,11,Producto 18,Electrónica,182.91,2012.01
2025-04-15,2,Vendedor_1,3,11,Producto 3,Deportes,1802.91,19832.01
2025-04-15,4,Vendedor_6,6,8,Producto 6,Alimentos,738.9,5911.2
2025-04-15,3,Vendedor_12,2,8,Producto 2,Deportes,2881.68,23053.44
2025-04-15,1,Vendedor_14,18,9,Producto 18,Electrónica,194.58,1751.22
2025-04-16,5,Vendedor_10,13,5,Producto 13,Deportes,2979.44,14897.2
2025-04-16,5,Vendedor_13,4,2,Producto 4,Ropa,2472.37,4944.74
2025-04-16,4,Vendedor_7,16,4,Producto 16,Deportes,716.88,2867.52
2025-04-16,4,Vendedor_14,19,2,Producto 19,Alimentos,541.43,1082.86
2025-04-16,2,Vendedor_13,10,1,Producto 10,Electrónica,1734.97,1734.97
2025-04-16,2,Vendedor_14,8,10,Producto 8,Deportes,249.89,2498.9
2025-04-16,5,Vendedor_15,8,10,Producto 8,Deportes,246.03,2460.3
2025-04-16,5,Vendedor_4,20,3,Producto 20,Ropa,1862.88,5588.64
2025-04-17,5,Vendedor_3,17,7,Producto 17,Ropa,1374.01,9618.07
2025-04-17,2,Vendedor_12,15,5,Producto 15,Deportes,2171.69,10858.45
2025-04-17,3,Vendedor_14,19,2,Producto 19,Alimentos,515.01,1030.02
2025-04-17,4,Vendedor_8,14,9,Producto 14,Deportes,2600.54,23404.86
2025-04-17,4,Vendedor_13,17,4,Producto 17,Ropa,1599.56,6398.24
2025-04-17,5,Vendedor_14,1,8,Producto 1,Electrónica,1172.01,9376.08
2025-04-18,5,Vendedor_11,6,6,Producto 6,Alimentos,769.93,4619.58
2025-04-18,3,Vendedor_2,14,11,Producto 14,Deportes,2556.76,28124.36
2025-04-18,4,Vendedor_6,19,2,Producto 19,Alimentos,565.85,1131.7
2025-04-18,2,Vendedor_12,10,3,Producto 10,Electrónica,1825.06,5475.18
2025-04-18,3,Vendedor_11,19,5,Producto 19,Alimentos,491.29,2456.45
2025-04-18,4,Vendedor_11,11,4,Producto 11,Ropa,2406.41,9625.64
2025-04-18,2,Vendedor_3,5,9,Producto 5,Ropa,1412.22,12709.98
2025-04-18,4,Vendedor_10,14,5,Producto 14,Deportes,2964.97,14824.85
2025-04-19,5,Vendedor_11,4,1,Producto 4,Ropa,2723.4,2723.4
2025-04-19,3,Vendedor_14,6,7,Producto 6,Alimentos,764.01,5348.07
2025-04-19,1,Vendedor_1,20,10,Producto 20,Ropa,1901.01,19010.1
2025-04-20,3,Vendedor_9,5,2,Producto 5,Ropa,1243.91,2487.82
2025-04-20,2,Vendedor_5,15,8,Producto 15,Deportes,2277.78,18222.24
2025-04-20,4,Vendedor_3,18,11,Producto 18,Electrónica,189.84,2088.24
2025-04-21,1,Vendedor_12,4,3,Producto 4,Ropa,2320.7,6962.1
2025-04-21,5,Vendedor_15,7,6,Producto 7,Electrónica,1728.05,10368.3
2025-04-21,4,Vendedor_8,1,1,Producto 1,Electrónica,1106.18,1106.18
2025-04-21,3,Vendedor_8,9,11,Producto 9,Hogar,2785.88,30644.68
2025-04-21,5,Vendedor_1,3,1,Producto 3,Deportes,2125.6,2125.6
2025-04-21,5,Vendedor_11,11,3,Producto 11,Ropa,2329.93,6989.79
2025-04-22,4,Vendedor_13,4,9,Producto 4,Ropa,2498.23,22484.07
2025-04-23,5,Vendedor_4,7,9,Producto 7,Electrónica,1796.28,16166.52
2025-04-23,1,Vendedor_12,3,6,Producto 3,Deportes,1777.76,10666.56
2025-04-23,1,Vendedor_10,1,7,Producto 1,Electrónica,1126.69,7886.83
2025-04-23,2,Vendedor_2,9,3,Producto 9,Hogar,2468.94,7406.82
2025-04-23,2,Vendedor_1,6,6,Producto 6,Alimentos,803.6,4821.6
2025-04-24,2,Vendedor_7,6,7,Producto 6,Alimentos,665.88,4661.16
2025-04-24,3,Vendedor_9,5,11,Producto 5,Ropa,1385.3,15238.3
2025-04-24,4,Vendedor_5,2,9,Producto 2,Deportes,2598.17,23383.53
2025-04-24,5,Vendedor_11,2,11,Producto 2,Deportes,3104.68,34151.48
2025-04-24,2,Vendedor_4,7,7,Producto 7,Electrónica,1819.28,12734.96
2025-04-24,2,Vendedor_10,1,4,Producto 1,Electrónica,1177.93,4711.72
2025-04-24,1,Vendedor_1,6,2,Producto 6,Alimentos,676.08,1352.16
2025-04-24,3,Vendedor_1,12,5,Producto 12,Alimentos,1118.54,5592.7
2025-04-24,3,Vendedor_8,20,1,Producto 20,Ropa,2234.78,2234.78
2025-04-24,1,Vendedor_11,5,6,Producto 5,Ropa,1257.79,7546.74
2025-04-24,5,Vendedor_13,3,8,Producto 3,Deportes,1954.89,15639.12
2025-04-25,3,Vendedor_15,10,8,Producto 10,Electrónica,1792.69,14341.52
2025-04-25,1,Vendedor_3,16,3,Producto 16,Deportes,713.52,2140.56
2025-04-25,4,Vendedor_11,18,7,Producto 18,Electrónica,165.69,1159.83
2025-04-25,3,Vendedor_8,13,6,Producto 13,Deportes,2625.17,15751.02
2025-04-26,2,Vendedor_14,15,10,Producto 15,Deportes,2639.83,26398.3
2025-04-26,5,Vendedor_5,4,1,Producto 4,Ropa,2375.07,2375.07
2025-04-26,4,Vendedor_12,20,1,Producto 20,Ropa,1900.8,1900.8
2025-04-26,1,Vendedor_9,19,10,Producto 19,Alimentos,472.19,4721.9
2025-04-26,5,Vendedor_15,20,2,Producto 20,Ropa,1975.48,3950.96
2025-04-27,5,Vendedor_15,4,3,Producto 4,Ropa,2404.3,7212.9
2025-04-27,4,Vendedor_11,18,5,Producto 18,Electrónica,191.61,958.05
2025-04-27,4,Vendedor_12,11,2,Producto 11,Ropa,2502.25,5004.5
2025-04-27,2,Vendedor_5,14,5,Producto 14,Deportes,3009.63,15048.15
2025-04-27,1,Vendedor_14,11,8,Producto 11,Ropa,2077.52,16620.16
2025-04-27,4,Vendedor_2,16,4,Producto 16,Deportes,689.97,2759.88
2025-04-28,4,Vendedor_15,15,7,Producto 15,Deportes,2553.05,17871.35
2025-04-28,2,Vendedor_2,7,5,Producto 7,Electrónica,1656.44,8282.2
2025-04-28,1,Vendedor_1,19,11,Producto 19,Alimentos,525.35,5778.85
2025-04-28,3,Vendedor_11,19,6,Producto 19,Alimentos,514.97,3089.82
2025-04-28,3,Vendedor_11,6,2,Producto 6,Alimentos,680.85,1361.7
2025-04-28,5,Vendedor_12,4,5,Producto 4,Ropa,2647.08,13235.4
2025-04-29,1,Vendedor_4,8,3,Producto 8,Deportes,237.88,713.64
2025-04-30,3,Vendedor_1,17,3,Producto 17,Ropa,1344.1,4032.3
2025-04-30,5,Vendedor_15,10,8,Producto 10,Electrónica,2024.33,16194.64
2025-04-30,1,Vendedor_1,1,9,Producto 1,Electrónica,1263.14,11368.26
2025-04-30,2,Vendedor_12,4,6,Producto 4,Ropa,2823.4,16940.4
2025-05-01,3,Vendedor_8,9,8,Producto 9,Hogar,2849.46,22795.68
2025-05-01,4,Vendedor_2,15,7,Producto 15,Deportes,2453.75,17176.25
2025-05-01,1,Vendedor_5,17,9,Producto 17,Ropa,1537.2,13834.8
2025-05-02,3,Vendedor_8,14,10,Producto 14,Deportes,2739.31,27393.1
2025-05-02,3,Vendedor_2,4,11,Producto 4,Ropa,2297.17,25268.87
2025-05-02,1,Vendedor_5,12,2,Producto 12,Alimentos,1049.33,2098.66
2025-05-03,1,Vendedor_14,19,4,Producto 19,Alimentos,516.2,2064.8
2025-05-03,1,Vendedor_5,1,8,Producto 1,Electrónica,1145.09,9160.72
2025-05-04,4,Vendedor_7,8,7,Producto 8,Deportes,266.29,1864.03
2025-05-04,2,Vendedor_9,9,2,Producto 9,Hogar,2382.79,4765.58
2025-05-04,5,Vendedor_12,11,2,Producto 11,Ropa,2578.97,5157.94
2025-05-04,3,Vendedor_4,7,3,Producto 7,Electrónica,1682.07,5046.21
2025-05-05,1,Vendedor_4,14,9,Producto 14,Deportes,2657.81,23920.29
2025-05-05,2,Vendedor_6,7,7,Producto 7,Electrónica,1524.32,10670.24
2025-05-05,4,Vendedor_8,19,7,Producto 19,Alimentos,553.04,3871.28
2025-05-05,2,Vendedor_12,5,6,Producto 5,Ropa,1336.81,8020.86
2025-05-05,1,Vendedor_8,13,10,Producto 13,Deportes,3032.87,30328.7
2025-05-06,1,Vendedor_2,9,5,Producto 9,Hogar,2290.83,11454.15
2025-05-06,4,Vendedor_14,14,6,Producto 14,Deportes,2472.9,14837.4
2025-05-06,3,Vendedor_12,10,7,Producto 10,Electrónica,1796.98,12578.86
2025-05-06,5,Vendedor_7,12,6,Producto 12,Alimentos,1255.48,7532.88
2025-05-06,2,Vendedor_2,10,4,Producto 10,Electrónica,1953.84,7815.36
2025-05-07,4,Vendedor_8,14,9,Producto 14,Deportes,2435.68,21921.12
2025-05-07,5,Vendedor_8,16,7,Producto 16,Deportes,590.71,4134.97
2025-05-07,2,Vendedor_12,9,7,Producto 9,Hogar,2639.41,18475.87
2025-05-07,4,Vendedor_3,18,11,Producto 18,Electrónica,177.51,1952.61
2025-05-07,1,Vendedor_7,19,9,Producto 19,Alimentos,540.69,4866.21
2025-05-07,1,Vendedor_13,19,8,Producto 19,Alimentos,534.88,4279.04
2025-05-07,2,Vendedor_5,11,3,Producto 11,Ropa,2299.78,6899.34
2025-05-08,3,Vendedor_10,20,11,Producto 20,Ropa,1946.8,21414.8
2025-05-08,5,Vendedor_12,7,5,Producto 7,Electrónica,1815.98,9079.9
2025-05-09,1,Vendedor_9,2,2,Producto 2,Deportes,2795.89,5591.78
2025-05-09,1,Vendedor_11,3,9,Producto 3,Deportes,1899.96,17099.64
2025-05-09,5,Vendedor_4,4,6,Producto 4,Ropa,2647.09,15882.54
2025-05-10,4,Vendedor_15,10,6,Producto 10,Electrónica,1820.91,10925.46
2025-05-10,4,Vendedor_4,5,6,Producto 5,Ropa,1292.78,7756.68
2025-05-10,4,Vendedor_6,15,4,Producto 15,Deportes,2478.61,9914.44
2025-05-11,2,Vendedor_7,15,7,Producto 15,Deportes,2300.13,16100.91
2025-05-11,5,Vendedor_14,1,5,Producto 1,Electrónica,1255.2,6276.0
2025-05-11,4,Vendedor_7,1,6,Producto 1,Electrónica,1205.62,7233.72
2025-05-12,3,Vendedor_1,18,1,Producto 18,Electrónica,198.61,198.61
2025-05-12,5,Vendedor_3,7,1,Producto 7,Electrónica,1646.73,1646.73
2025-05-12,2,Vendedor_3,19,1,Producto 19,Alimentos,574.01,574.01
2025-05-12,1,Vendedor_12,17,4,Producto 17,Ropa,1613.19,6452.76
2025-05-12,2,Vendedor_12,1,10,Producto 1,Electrónica,1108.55,11085.5
2025-05-12,1,Vendedor_14,12,11,Producto 12,Alimentos,1066.91,11736.01
2025-05-12,5,Vendedor_7,1,10,Producto 1,Electrónica,1310.85,13108.5
2025-05-12,1,Vendedor_7,10,9,Producto 10,Electrónica,1952.4,17571.6
2025-05-12,2,Vendedor_8,8,6,Producto 8,Deportes,233.04,1398.24
2025-05-12,3,Vendedor_10,16,5,Producto 16,Deportes,667.41,3337.05
2025-05-13,4,Vendedor_15,11,4,Producto 11,Ropa,2166.42,8665.68
2025-05-13,5,Vendedor_11,4,1,Producto 4,Ropa,2351.44,2351.44
2025-05-13,4,Vendedor_7,17,3,Producto 17,Ropa,1329.43,3988.29
2025-05-13,1,Vendedor_7,7,10,Producto 7,Electrónica,1625.8,16258.0
2025-05-13,5,Vendedor_11,18,6,Producto 18,Electrónica,198.2,1189.2
2025-05-14,1,Vendedor_4,5,1,Producto 5,Ropa,1446.07,1446.07
2025-05-14,3,Vendedor_10,12,11,Producto 12,Alimentos,989.77,10887.47
2025-05-14,5,Vendedor_14,1,11,Producto 1,Electrónica,1172.93,12902.23
2025-05-14,3,Vendedor_10,17,1,Producto 17,Ropa,1284.87,1284.87
2025-05-14,5,Vendedor_3,3,5,Producto 3,Deportes,1874.06,9370.3
2025-05-14,2,Vendedor_4,3,11,Producto 3,Deportes,2138.38,23522.18
2025-05-15,4,Vendedor_1,8,7,Producto 8,Deportes,228.46,1599.22
2025-05-15,2,Vendedor_6,4,10,Producto 4,Ropa,2263.57,22635.7
2025-05-15,4,Vendedor_8,3,4,Producto 3,Deportes,2136.06,8544.24
2025-05-15,3,Vendedor_7,13,3,Producto 13,Deportes,3203.06,9609.18
2025-05-16,3,Vendedor_12,8,7,Producto 8,Deportes,262.58,1838.06
2025-05-16,4,Vendedor_7,7,2,Producto 7,Electrónica,1613.38,3226.76
2025-05-16,1,Vendedor_15,2,7,Producto 2,Deportes,2507.76,17554.32
2025-05-16,2,Vendedor_3,14,7,Producto 14,Deportes,2704.37,18930.59
2025-05-16,5,Vendedor_11,18,1,Producto 18,Electrónica,161.53,161.53
2025-05-16,3,Vendedor_3,18,4,Producto 18,Electrónica,185.25,741.0
2025-05-16,1,Vendedor_15,15,4,Producto 15,Deportes,2381.97,9527.88
2025-05-16,1,Vendedor_14,19,11,Producto 19,Alimentos,531.87,5850.57
2025-05-17,4,Vendedor_14,14,6,Producto 14,Deportes,2575.78,15454.68
2025-05-17,4,Vendedor_4,1,6,Producto 1,Electrónica,1292.91,7757.46
2025-05-17,1,Vendedor_5,13,8,Producto 13,Deportes,2771.02,22168.16
2025-05-17,4,Vendedor_2,13,4,Producto 13,Deportes,2630.78,10523.12
2025-05-17,4,Vendedor_15,3,6,Producto 3,Deportes,1948.46,11690.76
2025-05-18,4,Vendedor_15,12,1,Producto 12,Alimentos,1000.2,1000.2
2025-05-18,4,Vendedor_1,4,3,Producto 4,Ropa,2720.83,8162.49
2025-05-18,3,Vendedor_12,10,6,Producto 10,Electrónica,1957.19,11743.14
2025-05-18,2,Vendedor_3,12,4,Producto 12,Alimentos,1057.71,4230.84
2025-05-19,4,Vendedor_8,15,2,Producto 15,Deportes,2196.55,4393.1
2025-05-19,3,Vendedor_4,8,6,Producto 8,Deportes,260.23,1561.38
2025-05-19,5,Vendedor_14,16,5,Producto 16,Deportes,620.92,3104.6
2025-05-19,4,Vendedor_3,15,8,Producto 15,Deportes,2358.9,18871.2
2025-05-19,5,Vendedor_4,16,1,Producto 16,Deportes,580.49,580.49
2025-05-20,4,Vendedor_9,16,3,Producto 16,Deportes,574.28,1722.84
2025-05-20,2,Vendedor_5,15,1,Producto 15,Deportes,2173.41,2173.41
2025-05-21,3,Vendedor_11,6,11,Producto 6,Alimentos,696.39,7660.29
2025-05-21,1,Vendedor_6,20,2,Producto 20,Ropa,1858.64,3717.28
2025-05-21,5,Vendedor_6,4,5,Producto 4,Ropa,2551.48,12757.4
2025-05-21,4,Vendedor_14,6,8,Producto 6,Alimentos,800.25,6402.0
2025-05-21,5,Vendedor_12,4,9,Producto 4,Ropa,2493.08,22437.72
2025-05-21,3,Vendedor_13,13,4,Producto 13,Deportes,3199.87,12799.48
2025-05-21,1,Vendedor_1,6,9,Producto 6,Alimentos,748.5,6736.5
2025-05-21,5,Vendedor_13,11,11,Producto 11,Ropa,2370.61,26076.71
2025-05-21,1,Vendedor_12,19,8,Producto 19,Alimentos,543.28,4346.24
2025-05-22,1,Vendedor_1,17,11,Producto 17,Ropa,1529.39,16823.29
2025-05-22,4,Vendedor_10,7,2,Producto 7,Electrónica,1932.58,3865.16
2025-05-22,4,Vendedor_13,20,4,Producto 20,Ropa,1984.54,7938.16
2025-05-22,2,Vendedor_11,18,11,Producto 18,Electrónica,168.2,1850.2
2025-05-22,2,Vendedor_6,17,9,Producto 17,Ropa,1387.86,12490.74
2025-05-22,4,Vendedor_6,19,5,Producto 19,Alimentos,459.28,2296.4
2025-05-22,1,Vendedor_4,3,11,Producto 3,Deportes,2094.13,23035.43
2025-05-23,2,Vendedor_4,15,9,Producto 15,Deportes,2307.01,20763.09
2025-05-23,5,Vendedor_5,13,11,Producto 13,Deportes,2856.4,31420.4
2025-05-23,3,Vendedor_5,10,4,Producto 10,Electrónica,1756.76,7027.04
2025-05-23,1,Vendedor_4,10,3,Producto 10,Electrónica,1774.03,5322.09
2025-05-24,4,Vendedor_11,9,6,Producto 9,Hogar,2544.41,15266.46
2025-05-24,4,Vendedor_4,14,9,Producto 14,Deportes,2926.66,26339.94
2025-05-24,5,Vendedor_6,17,3,Producto 17,Ropa,1590.33,4770.99
2025-05-24,4,Vendedor_12,6,3,Producto 6,Alimentos,719.94,2159.82
2025-05-24,1,Vendedor_4,11,11,Producto 11,Ropa,2132.4,23456.4
2025-05-24,3,Vendedor_8,1,2,Producto 1,Electrónica,1148.41,2296.82
2025-05-24,1,Vendedor_4,5,6,Producto 5,Ropa,1399.14,8394.84
2025-05-24,4,Vendedor_7,1,6,Producto 1,Electrónica,1279.05,7674.3
2025-05-25,2,Vendedor_14,16,1,Producto 16,Deportes,565.67,565.67
2025-05-25,3,Vendedor_2,12,4,Producto 12,Alimentos,1034.1,4136.4
2025-05-25,5,Vendedor_2,12,5,Producto 12,Alimentos,1099.94,5499.7
2025-05-25,2,Vendedor_1,9,7,Producto 9,Hogar,2657.67,18603.69
2025-05-25,2,Vendedor_5,20,7,Producto 20,Ropa,1863.62,13045.34
2025-05-25,5,Vendedor_1,5,8,Producto 5,Ropa,1467.54,11740.32
2025-05-25,5,Vendedor_8,13,5,Producto 13,Deportes,3290.09,16450.45
2025-05-25,3,Vendedor_9,13,11,Producto 13,Deportes,2874.16,31615.76
2025-05-25,5,Vendedor_9,9,1,Producto 9,Hogar,2540.77,2540.77
2025-05-25,1,Vendedor_4,7,10,Producto 7,Electrónica,1590.1,15901.0
2025-05-26,1,Vendedor_15,6,4,Producto 6,Alimentos,798.04,3192.16
2025-05-26,3,Vendedor_15,12,5,Producto 12,Alimentos,1145.94,5729.7
2025-05-26,5,Vendedor_12,1,1,Producto 1,Electrónica,1306.75,1306.75
2025-05-26,5,Vendedor_15,11,8,Producto 11,Ropa,2067.09,16536.72
2025-05-26,2,Vendedor_13,3,3,Producto 3,Deportes,2200.02,6600.06
2025-05-26,1,Vendedor_12,15,2,Producto 15,Deportes,2326.16,4652.32
2025-05-26,5,Vendedor_13,11,6,Producto 11,Ropa,2555.31,15331.86
2025-05-27,3,Vendedor_12,10,6,Producto 10,Electrónica,2174.95,13049.7
2025-05-27,5,Vendedor_3,9,10,Producto 9,Hogar,2673.12,26731.2
2025-05-27,2,Vendedor_13,7,7,Producto 7,Electrónica,1723.32,12063.24
2025-05-27,4,Vendedor_12,15,4,Producto 15,Deportes,2620.77,10483.08
2025-05-27,3,Vendedor_10,19,10,Producto 19,Alimentos,577.18,5771.8
2025-05-27,1,Vendedor_2,19,9,Producto 19,Alimentos,492.63,4433.67
2025-05-27,2,Vendedor_15,15,4,Producto 15,Deportes,2227.74,8910.96
2025-05-27,5,Vendedor_7,14,2,Producto 14,Deportes,2703.97,5407.94
2025-05-27,5,Vendedor_4,10,5,Producto 10,Electrónica,1825.48,9127.4
2025-05-28,1,Vendedor_11,8,1,Producto 8,Deportes,237.1,237.1
2025-05-28,5,Vendedor_12,20,5,Producto 20,Ropa,2208.69,11043.45
2025-05-28,5,Vendedor_2,15,10,Producto 15,Deportes,2424.85,24248.5
2025-05-28,5,Vendedor_6,14,4,Producto 14,Deportes,3046.54,12186.16
2025-05-28,5,Vendedor_13,17,6,Producto 17,Ropa,1338.39,8030.34
2025-05-28,1,Vendedor_4,20,3,Producto 20,Ropa,2272.55,6817.65
2025-05-28,3,Vendedor_5,5,9,Producto 5,Ropa,1511.69,13605.21
2025-05-28,3,Vendedor_10,2,11,Producto 2,Deportes,2655.38,29209.18
2025-05-29,5,Vendedor_3,7,8,Producto 7,Electrónica,1532.66,12261.28
2025-05-29,1,Vendedor_4,17,11,Producto 17,Ropa,1624.24,17866.64
2025-05-29,5,Vendedor_9,1,6,Producto 1,Electrónica,1085.84,6515.04
2025-05-29,3,Vendedor_11,5,6,Producto 5,Ropa,1328.24,7969.44
2025-05-29,5,Vendedor_11,3,2,Producto 3,Deportes,2183.25,4366.5
2025-05-29,1,Vendedor_11,7,4,Producto 7,Electrónica,1689.71,6758.84
2025-05-29,4,Vendedor_14,6,1,Producto 6,Alimentos,743.64,743.64
2025-05-29,1,Vendedor_12,6,3,Producto 6,Alimentos,649.13,1947.39
2025-05-29,4,Vendedor_8,17,6,Producto 17,Ropa,1384.99,8309.94
2025-05-29,1,Vendedor_1,18,9,Producto 18,Electrónica,194.44,1749.96
2025-05-30,4,Vendedor_13,8,5,Producto 8,Deportes,255.8,1279.0
2025-05-30,4,Vendedor_15,18,7,Producto 18,Electrónica,180.32,1262.24
2025-05-30,3,Vendedor_1,2,3,Producto 2,Deportes,2729.13,8187.39
2025-05-31,5,Vendedor_4,19,1,Producto 19,Alimentos,541.25,541.25
2025-05-31,4,Vendedor_10,11,5,Producto 11,Ropa,2069.95,10349.75
2025-05-31,2,Vendedor_10,1,9,Producto 1,Electrónica,1130.39,10173.51
2025-05-31,4,Vendedor_15,13,10,Producto 13,Deportes,3274.23,32742.3
2025-05-31,2,Vendedor_11,13,6,Producto 13,Deportes,3164.62,18987.72
2025-06-01,4,Vendedor_11,11,1,Producto 11,Ropa,2267.06,2267.06
2025-06-01,1,Vendedor_6,17,8,Producto 17,Ropa,1598.26,12786.08
2025-06-02,2,Vendedor_12,1,7,Producto 1,Electrónica,1195.3,8367.1
2025-06-02,2,Vendedor_4,3,10,Producto 3,Deportes,2231.43,22314.3
2025-06-02,3,Vendedor_1,9,6,Producto 9,Hogar,2618.69,15712.14
2025-06-02,3,Vendedor_14,16,6,Producto 16,Deportes,616.07,3696.42
2025-06-02,5,Vendedor_2,18,2,Producto 18,Electrónica,179.84,359.68
2025-06-02,3,Vendedor_14,13,11,Producto 13,Deportes,2818.9,31007.9
2025-06-02,2,Vendedor_11,18,9,Producto 18,Electrónica,181.39,1632.51
2025-06-02,5,Vendedor_6,1,9,Producto 1,Electrónica,1048.68,9438.12
2025-06-02,4,Vendedor_10,14,6,Producto 14,Deportes,2997.17,17983.02
2025-06-03,3,Vendedor_1,15,1,Producto 15,Deportes,2290.73,2290.73
2025-06-03,1,Vendedor_8,11,3,Producto 11,Ropa,2511.25,7533.75
2025-06-03,5,Vendedor_3,9,11,Producto 9,Hogar,2312.86,25441.46
2025-06-03,1,Vendedor_12,14,10,Producto 14,Deportes,2782.57,27825.7
2025-06-03,3,Vendedor_5,5,2,Producto 5,Ropa,1481.65,2963.3
2025-06-03,4,Vendedor_3,13,10,Producto 13,Deportes,3286.43,32864.3
2025-06-03,3,Vendedor_2,6,2,Producto 6,Alimentos,689.78,1379.56
2025-06-03,5,Vendedor_11,8,2,Producto 8,Deportes,234.84,469.68
2025-06-03,3,Vendedor_2,8,5,Producto 8,Deportes,258.98,1294.9
2025-06-04,1,Vendedor_13,5,4,Producto 5,Ropa,1291.21,5164.84
2025-06-04,4,Vendedor_2,8,6,Producto 8,Deportes,246.52,1479.12
2025-06-04,2,Vendedor_1,19,2,Producto 19,Alimentos,547.4,1094.8
2025-06-04,5,Vendedor_9,2,5,Producto 2,Deportes,2629.78,13148.9
2025-06-04,2,Vendedor_11,17,9,Producto 17,Ropa,1308.84,11779.56
2025-06-04,2,Vendedor_12,20,7,Producto 20,Ropa,2130.72,14915.04
2025-06-05,1,Vendedor_13,5,8,Producto 5,Ropa,1393.07,11144.56
2025-06-05,2,Vendedor_13,6,2,Producto 6,Alimentos,679.39,1358.78
2025-06-06,5,Vendedor_4,17,3,Producto 17,Ropa,1388.55,4165.65
2025-06-06,2,Vendedor_14,5,7,Producto 5,Ropa,1456.3,10194.1
2025-06-06,4,Vendedor_2,19,9,Producto 19,Alimentos,511.48,4603.32
2025-06-06,1,Vendedor_3,11,8,Producto 11,Ropa,2562.13,20497.04
2025-06-06,5,Vendedor_9,18,3,Producto 18,Electrónica,181.11,543.33
2025-06-07,1,Vendedor_5,20,2,Producto 20,Ropa,1889.23,3778.46
2025-06-07,3,Vendedor_6,1,6,Producto 1,Electrónica,1039.23,6235.38
2025-06-07,3,Vendedor_10,7,1,Producto 7,Electrónica,1915.62,1915.62
2025-06-07,2,Vendedor_3,11,6,Producto 11,Ropa,2195.48,13172.88
2025-06-07,3,Vendedor_4,15,4,Producto 15,Deportes,2623.0,10492.0
2025-06-08,2,Vendedor_5,11,8,Producto 11,Ropa,2517.1,20136.8
2025-06-08,3,Vendedor_15,15,8,Producto 15,Deportes,2545.38,20363.04
2025-06-08,3,Vendedor_13,4,2,Producto 4,Ropa,2451.28,4902.56
2025-06-08,3,Vendedor_10,14,2,Producto 14,Deportes,2460.52,4921.04
2025-06-08,2,Vendedor_7,2,4,Producto 2,Deportes,2596.92,10387.68
2025-06-09,3,Vendedor_3,5,5,Producto 5,Ropa,1350.34,6751.7
2025-06-09,4,Vendedor_10,15,10,Producto 15,Deportes,2683.69,26836.9
2025-06-09,3,Vendedor_9,11,10,Producto 11,Ropa,2150.61,21506.1
2025-06-09,1,Vendedor_8,16,2,Producto 16,Deportes,652.73,1305.46
2025-06-09,2,Vendedor_12,7,10,Producto 7,Electrónica,1534.17,15341.7
2025-06-09,4,Vendedor_9,16,7,Producto 16,Deportes,714.34,5000.38
2025-06-09,4,Vendedor_9,4,10,Producto 4,Ropa,2562.95,25629.5
2025-06-09,1,Vendedor_4,5,1,Producto 5,Ropa,1449.54,1449.54
2025-06-09,1,Vendedor_5,9,7,Producto 9,Hogar,2863.68,20045.76
2025-06-09,4,Vendedor_6,11,1,Producto 11,Ropa,2135.65,2135.65
2025-06-10,3,Vendedor_15,20,10,Producto 20,Ropa,2177.6,21776.0
2025-06-11,4,Vendedor_9,16,3,Producto 16,Deportes,585.05,1755.15
2025-06-11,3,Vendedor_15,12,5,Producto 12,Alimentos,1182.11,5910.55
2025-06-11,2,Vendedor_11,15,11,Producto 15,Deportes,2134.18,23475.98
2025-06-11,3,Vendedor_15,1,1,Producto 1,Electrónica,1101.36,1101.36
2025-06-12,1,Vendedor_3,8,8,Producto 8,Deportes,260.36,2082.88
2025-06-12,1,Vendedor_2,11,3,Producto 11,Ropa,2581.74,7745.22
2025-06-12,2,Vendedor_10,14,8,Producto 14,Deportes,2852.88,22823.04
2025-06-12,1,Vendedor_2,5,8,Producto 5,Ropa,1251.87,10014.96
2025-06-12,3,Vendedor_11,19,7,Producto 19,Alimentos,574.29,4020.03
2025-06-13,4,Vendedor_9,4,8,Producto 4,Ropa,2769.71,22157.68
2025-06-13,5,Vendedor_12,6,6,Producto 6,Alimentos,706.87,4241.22
2025-06-13,5,Vendedor_8,13,9,Producto 13,Deportes,3270.59,29435.31
2025-06-13,1,Vendedor_5,18,9,Producto 18,Electrónica,185.18,1666.62
2025-06-13,5,Vendedor_5,15,11,Producto 15,Deportes,2316.24,25478.64
2025-06-13,2,Vendedor_14,6,6,Producto 6,Alimentos,669.86,4019.16
2025-06-13,1,Vendedor_3,19,8,Producto 19,Alimentos,513.59,4108.72
2025-06-13,5,Vendedor_10,13,9,Producto 13,Deportes,3320.66,29885.94
2025-06-13,2,Vendedor_14,7,4,Producto 7,Electrónica,1815.48,7261.92
2025-06-13,2,Vendedor_3,3,4,Producto 3,Deportes,2207.4,8829.6
2025-06-13,1,Vendedor_10,8,2,Producto 8,Deportes,264.02,528.04
2025-06-14,1,Vendedor_4,20,8,Producto 20,Ropa,2297.3,18378.4
2025-06-15,1,Vendedor_6,19,4,Producto 19,Alimentos,576.7,2306.8
2025-06-15,5,Vendedor_4,13,3,Producto 13,Deportes,3195.97,9587.91
2025-06-15,5,Vendedor_9,1,2,Producto 1,Electrónica,1055.91,2111.82
2025-06-15,5,Vendedor_15,5,8,Producto 5,Ropa,1449.14,11593.12
2025-06-15,2,Vendedor_6,2,9,Producto 2,Deportes,2601.08,23409.72
2025-06-15,2,Vendedor_1,7,6,Producto 7,Electrónica,1913.86,11483.16
2025-06-15,3,Vendedor_11,19,8,Producto 19,Alimentos,565.99,4527.92
2025-06-16,4,Vendedor_11,11,4,Producto 11,Ropa,2143.18,8572.72
2025-06-16,5,Vendedor_14,18,7,Producto 18,Electrónica,170.06,1190.42
2025-06-17,2,Vendedor_2,5,9,Producto 5,Ropa,1551.38,13962.42
2025-06-17,2,Vendedor_13,1,5,Producto 1,Electrónica,1297.82,6489.1
2025-06-17,1,Vendedor_3,15,2,Producto 15,Deportes,2463.62,4927.24
2025-06-17,3,Vendedor_14,9,8,Producto 9,Hogar,2745.76,21966.08
2025-06-17,3,Vendedor_9,5,1,Producto 5,Ropa,1473.95,1473.95
2025-06-17,3,Vendedor_10,2,11,Producto 2,Deportes,3151.35,34664.85
2025-06-17,3,Vendedor_3,9,11,Producto 9,Hogar,2606.95,28676.45
2025-06-17,4,Vendedor_1,9,10,Producto 9,Hogar,2538.62,25386.2
2025-06-17,1,Vendedor_9,11,6,Producto 11,Ropa,2238.89,13433.34
2025-06-18,1,Vendedor_11,17,2,Producto 17,Ropa,1573.07,3146.14
2025-06-18,1,Vendedor_15,19,2,Producto 19,Alimentos,466.87,933.74
2025-06-18,5,Vendedor_15,17,4,Producto 17,Ropa,1515.13,6060.52
2025-06-19,5,Vendedor_9,20,1,Producto 20,Ropa,2160.52,2160.52
2025-06-19,4,Vendedor_6,9,3,Producto 9,Hogar,2365.87,7097.61
2025-06-19,1,Vendedor_13,9,9,Producto 9,Hogar,2392.94,21536.46
2025-06-19,4,Vendedor_3,6,2,Producto 6,Alimentos,790.0,1580.0
2025-06-19,5,Vendedor_1,19,11,Producto 19,Alimentos,570.63,6276.93
2025-06-20,4,Vendedor_7,4,8,Producto 4,Ropa,2612.47,20899.76
2025-06-20,1,Vendedor_9,1,8,Producto 1,Electrónica,1239.13,9913.04
2025-06-20,4,Vendedor_11,12,8,Producto 12,Alimentos,1218.87,9750.96
2025-06-20,5,Vendedor_15,10,9,Producto 10,Electrónica,1942.41,17481.69
2025-06-20,1,Vendedor_9,19,4,Producto 19,Alimentos,459.34,1837.36
2025-06-20,1,Vendedor_6,1,8,Producto 1,Electrónica,1280.89,10247.12
2025-06-21,4,Vendedor_3,6,5,Producto 6,Alimentos,803.95,4019.75
2025-06-22,3,Vendedor_9,19,1,Producto 19,Alimentos,519.81,519.81
2025-06-22,1,Vendedor_9,15,9,Producto 15,Deportes,2406.62,21659.58
2025-06-22,1,Vendedor_12,4,11,Producto 4,Ropa,2807.58,30883.38
2025-06-22,3,Vendedor_12,17,7,Producto 17,Ropa,1367.36,9571.52
2025-06-22,3,Vendedor_15,2,2,Producto 2,Deportes,3116.66,6233.32
2025-06-22,4,Vendedor_2,12,2,Producto 12,Alimentos,1211.07,2422.14
2025-06-23,1,Vendedor_1,5,11,Producto 5,Ropa,1554.93,17104.23
2025-06-23,3,Vendedor_10,15,3,Producto 15,Deportes,2593.58,7780.74
2025-06-24,4,Vendedor_12,1,11,Producto 1,Electrónica,1146.14,12607.54
2025-06-24,4,Vendedor_9,9,3,Producto 9,Hogar,2489.75,7469.25
2025-06-24,2,Vendedor_13,13,7,Producto 13,Deportes,3016.07,21112.49
2025-06-24,4,Vendedor_13,20,2,Producto 20,Ropa,1927.91,3855.82
2025-06-24,5,Vendedor_5,1,8,Producto 1,Electrónica,1275.07,10200.56
2025-06-24,1,Vendedor_8,11,2,Producto 11,Ropa,2299.47,4598.94
2025-06-25,2,Vendedor_5,4,3,Producto 4,Ropa,2755.76,8267.28
2025-06-25,4,Vendedor_11,16,4,Producto 16,Deportes,575.73,2302.92
2025-06-25,4,Vendedor_1,8,4,Producto 8,Deportes,251.36,1005.44
2025-06-25,5,Vendedor_7,19,3,Producto 19,Alimentos,469.57,1408.71
2025-06-25,5,Vendedor_2,13,8,Producto 13,Deportes,2666.88,21335.04
2025-06-25,4,Vendedor_9,14,4,Producto 14,Deportes,2704.75,10819.0
2025-06-25,4,Vendedor_6,9,2,Producto 9,Hogar,2432.89,4865.78
2025-06-25,2,Vendedor_2,9,1,Producto 9,Hogar,2616.51,2616.51
2025-06-25,1,Vendedor_8,18,7,Producto 18,Electrónica,183.18,1282.26
2025-06-26,5,Vendedor_12,20,3,Producto 20,Ropa,2234.69,6704.07
2025-06-26,2,Vendedor_1,3,4,Producto 3,Deportes,1902.45,7609.8
2025-06-26,3,Vendedor_5,2,6,Producto 2,Deportes,3073.15,18438.9
2025-06-26,1,Vendedor_13,6,5,Producto 6,Alimentos,771.75,3858.75
2025-06-27,5,Vendedor_12,16,3,Producto 16,Deportes,646.39,1939.17
2025-06-27,5,Vendedor_1,2,8,Producto 2,Deportes,2582.24,20657.92
2025-06-27,5,Vendedor_15,5,3,Producto 5,Ropa,1441.69,4325.07
2025-06-27,5,Vendedor_1,19,2,Producto 19,Alimentos,567.22,1134.44
2025-06-27,3,Vendedor_14,11,4,Producto 11,Ropa,2113.97,8455.88
2025-06-27,5,Vendedor_11,8,11,Producto 8,Deportes,224.01,2464.11
2025-06-27,4,Vendedor_9,13,10,Producto 13,Deportes,2732.88,27328.8
2025-06-28,1,Vendedor_7,12,1,Producto 12,Alimentos,1212.55,1212.55
2025-06-28,3,Vendedor_9,3,6,Producto 3,Deportes,2180.64,13083.84
2025-06-28,1,Vendedor_13,5,5,Producto 5,Ropa,1445.28,7226.4
2025-06-28,2,Vendedor_12,11,9,Producto 11,Ropa,2210.36,19893.24
2025-06-29,2,Vendedor_8,19,5,Producto 19,Alimentos,461.71,2308.55
2025-06-29,3,Vendedor_15,15,8,Producto 15,Deportes,2411.0,19288.0
2025-06-29,4,Vendedor_12,20,9,Producto 20,Ropa,2224.5,20020.5
2025-06-29,4,Vendedor_3,17,2,Producto 17,Ropa,1354.11,2708.22
2025-06-30,5,Vendedor_7,6,9,Producto 6,Alimentos,783.3,7049.7
2025-07-01,5,Vendedor_11,15,11,Producto 15,Deportes,2437.32,26810.52
2025-07-01,1,Vendedor_1,15,10,Producto 15,Deportes,2548.35,25483.5
2025-07-01,4,Vendedor_11,20,11,Producto 20,Ropa,1998.94,21988.34
2025-07-01,5,Vendedor_1,15,6,Producto 15,Deportes,2486.89,14921.34
2025-07-01,4,Vendedor_6,11,6,Producto 11,Ropa,2063.18,12379.08
2025-07-01,3,Vendedor_5,19,5,Producto 19,Alimentos,467.58,2337.9
2025-07-01,5,Vendedor_8,6,4,Producto 6,Alimentos,764.26,3057.04
2025-07-02,1,Vendedor_15,3,5,Producto 3,Deportes,2099.07,10495.35
2025-07-02,4,Vendedor_3,13,2,Producto 13,Deportes,3289.24,6578.48
2025-07-02,5,Vendedor_6,5,10,Producto 5,Ropa,1481.62,14816.2
2025-07-03,1,Vendedor_13,8,3,Producto 8,Deportes,268.43,805.29
2025-07-03,2,Vendedor_12,8,8,Producto 8,Deportes,228.51,1828.08
2025-07-03,2,Vendedor_10,16,5,Producto 16,Deportes,571.44,2857.2
2025-07-03,2,Vendedor_10,17,9,Producto 17,Ropa,1614.53,14530.77
2025-07-03,2,Vendedor_13,13,1,Producto 13,Deportes,2957.59,2957.59
2025-07-04,2,Vendedor_7,12,10,Producto 12,Alimentos,1074.33,10743.3
2025-07-04,5,Vendedor_9,17,10,Producto 17,Ropa,1431.01,14310.1
2025-07-04,5,Vendedor_1,18,3,Producto 18,Electrónica,179.68,539.04
2025-07-04,3,Vendedor_8,15,8,Producto 15,Deportes,2580.49,20643.92
2025-07-04,4,Vendedor_3,2,10,Producto 2,Deportes,2899.35,28993.5
2025-07-04,3,Vendedor_12,12,9,Producto 12,Alimentos,1244.18,11197.62
2025-07-05,4,Vendedor_8,2,5,Producto 2,Deportes,2694.66,13473.3
2025-07-05,2,Vendedor_6,9,8,Producto 9,Hogar,2691.52,21532.16
2025-07-05,3,Vendedor_3,8,7,Producto 8,Deportes,244.57,1711.99
2025-07-05,3,Vendedor_12,20,10,Producto 20,Ropa,2285.67,22856.7
2025-07-05,5,Vendedor_9,8,7,Producto 8,Deportes,215.04,1505.28
2025-07-05,2,Vendedor_8,15,7,Producto 15,Deportes,2469.76,17288.32
2025-07-05,1,Vendedor_2,7,10,Producto 7,Electrónica,1760.55,17605.5
2025-07-05,5,Vendedor_14,15,9,Producto 15,Deportes,2173.55,19561.95
2025-07-05,5,Vendedor_3,10,2,Producto 10,Electrónica,2105.68,4211.36
2025-07-05,2,Vendedor_6,16,4,Producto 16,Deportes,695.46,2781.84
2025-07-05,3,Vendedor_8,8,9,Producto 8,Deportes,232.34,2091.06
2025-07-06,4,Vendedor_1,19,10,Producto 19,Alimentos,539.97,5399.7
2025-07-06,1,Vendedor_9,12,9,Producto 12,Alimentos,1243.69,11193.21
2025-07-06,4,Vendedor_12,13,5,Producto 13,Deportes,2894.2,14471.0
2025-07-06,4,Vendedor_2,20,4,Producto 20,Ropa,2091.94,8367.76
2025-07-06,4,Vendedor_4,14,11,Producto 14,Deportes,2581.9,28400.9
2025-07-07,1,Vendedor_7,19,2,Producto 19,Alimentos,544.06,1088.12
2025-07-07,1,Vendedor_3,3,9,Producto 3,Deportes,1999.56,17996.04
2025-07-07,3,Vendedor_13,14,6,Producto 14,Deportes,2647.96,15887.76
2025-07-07,3,Vendedor_12,10,10,Producto 10,Electrónica,1790.91,17909.1
2025-07-07,5,Vendedor_15,2,7,Producto 2,Deportes,2940.38,20582.66
2025-07-07,1,Vendedor_10,19,3,Producto 19,Alimentos,523.29,1569.87
2025-07-07,1,Vendedor_3,10,10,Producto 10,Electrónica,2094.88,20948.8
2025-07-07,1,Vendedor_8,13,7,Producto 13,Deportes,3090.37,21632.59
2025-07-09,2,Vendedor_8,4,5,Producto 4,Ropa,2325.63,11628.15
2025-07-09,4,Vendedor_6,8,6,Producto 8,Deportes,248.87,1493.22
2025-07-09,2,Vendedor_6,4,2,Producto 4,Ropa,2709.79,5419.58
2025-07-10,2,Vendedor_9,1,3,Producto 1,Electrónica,1242.87,3728.61
2025-07-10,4,Vendedor_7,2,1,Producto 2,Deportes,3082.75,3082.75
2025-07-10,5,Vendedor_3,8,2,Producto 8,Deportes,247.87,495.74
2025-07-10,5,Vendedor_14,11,9,Producto 11,Ropa,2178.95,19610.55
2025-07-10,3,Vendedor_5,16,8,Producto 16,Deportes,598.31,4786.48
2025-07-10,4,Vendedor_6,3,1,Producto 3,Deportes,1772.79,1772.79
2025-07-10,3,Vendedor_14,1,3,Producto 1,Electrónica,1148.14,3444.42
2025-07-11,5,Vendedor_15,18,8,Producto 18,Electrónica,195.08,1560.64
2025-07-11,2,Vendedor_13,11,8,Producto 11,Ropa,2180.97,17447.76
2025-07-12,3,Vendedor_15,13,3,Producto 13,Deportes,2961.38,8884.14
2025-07-12,2,Vendedor_9,17,7,Producto 17,Ropa,1389.05,9723.35
2025-07-12,5,Vendedor_11,5,11,Producto 5,Ropa,1466.61,16132.71
2025-07-12,2,Vendedor_14,4,6,Producto 4,Ropa,2834.16,17004.96
2025-07-12,5,Vendedor_8,10,1,Producto 10,Electrónica,1894.52,1894.52
2025-07-12,2,Vendedor_6,17,7,Producto 17,Ropa,1506.71,10546.97
2025-07-12,4,Vendedor_14,14,10,Producto 14,Deportes,2968.69,29686.9
2025-07-12,1,Vendedor_11,9,10,Producto 9,Hogar,2429.99,24299.9
2025-07-12,3,Vendedor_12,10,10,Producto 10,Electrónica,1804.62,18046.2
2025-07-12,4,Vendedor_2,3,9,Producto 3,Deportes,1838.1,16542.9
2025-07-13,2,Vendedor_3,20,11,Producto 20,Ropa,2355.17,25906.87
2025-07-14,4,Vendedor_10,9,6,Producto 9,Hogar,2847.01,17082.06
2025-07-14,5,Vendedor_6,16,8,Producto 16,Deportes,687.24,5497.92
2025-07-14,5,Vendedor_5,4,9,Producto 4,Ropa,2337.18,21034.62
2025-07-14,1,Vendedor_11,14,4,Producto 14,Deportes,2423.25,9693.0
2025-07-15,3,Vendedor_6,5,10,Producto 5,Ropa,1406.03,14060.3
2025-07-15,2,Vendedor_4,11,9,Producto 11,Ropa,2231.53,20083.77
2025-07-15,4,Vendedor_13,14,9,Producto 14,Deportes,2714.66,24431.94
2025-07-15,2,Vendedor_4,11,3,Producto 11,Ropa,2403.29,7209.87
2025-07-16,1,Vendedor_10,17,8,Producto 17,Ropa,1403.13,11225.04
2025-07-16,4,Vendedor_9,14,5,Producto 14,Deportes,2915.36,14576.8
2025-07-16,3,Vendedor_12,5,7,Producto 5,Ropa,1339.8,9378.6
2025-07-16,1,Vendedor_12,16,6,Producto 16,Deportes,643.94,3863.64
2025-07-16,3,Vendedor_11,5,11,Producto 5,Ropa,1350.12,14851.32
2025-07-16,4,Vendedor_9,6,9,Producto 6,Alimentos,775.42,6978.78
2025-07-17,5,Vendedor_4,11,7,Producto 11,Ropa,2097.73,14684.11
2025-07-17,1,Vendedor_4,2,9,Producto 2,Deportes,2832.06,25488.54
2025-07-17,4,Vendedor_5,8,6,Producto 8,Deportes,271.9,1631.4
2025-07-17,4,Vendedor_10,13,4,Producto 13,Deportes,3308.42,13233.68
2025-07-17,1,Vendedor_8,4,4,Producto 4,Ropa,2441.34,9765.36
2025-07-18,5,Vendedor_12,6,7,Producto 6,Alimentos,679.59,4757.13
2025-07-18,2,Vendedor_8,13,7,Producto 13,Deportes,2850.16,19951.12
2025-07-18,1,Vendedor_1,9,11,Producto 9,Hogar,2722.51,29947.61
2025-07-18,5,Vendedor_12,4,11,Producto 4,Ropa,2677.7,29454.7
2025-07-19,3,Vendedor_1,3,2,Producto 3,Deportes,2216.44,4432.88
2025-07-19,1,Vendedor_15,9,8,Producto 9,Hogar,2600.6,20804.8
2025-07-19,4,Vendedor_6,16,1,Producto 16,Deportes,642.46,642.46
2025-07-19,2,Vendedor_12,5,1,Producto 5,Ropa,1388.44,1388.44
2025-07-19,2,Vendedor_13,19,8,Producto 19,Alimentos,485.16,3881.28
2025-07-19,2,Vendedor_2,16,8,Producto 16,Deportes,674.35,5394.8
2025-07-19,5,Vendedor_7,4,2,Producto 4,Ropa,2678.82,5357.64
2025-07-20,4,Vendedor_1,5,8,Producto 5,Ropa,1520.52,12164.16
2025-07-20,2,Vendedor_2,10,9,Producto 10,Electrónica,1968.51,17716.59
2025-07-20,1,Vendedor_4,18,3,Producto 18,Electrónica,179.95,539.85
2025-07-20,4,Vendedor_2,6,3,Producto 6,Alimentos,733.4,2200.2
2025-07-20,2,Vendedor_3,5,11,Producto 5,Ropa,1454.43,15998.73
2025-07-20,4,Vendedor_15,4,1,Producto 4,Ropa,2647.5,2647.5
2025-07-20,4,Vendedor_9,3,6,Producto 3,Deportes,2084.83,12508.98
2025-07-21,3,Vendedor_8,1,10,Producto 1,Electrónica,1167.92,11679.2
2025-07-21,2,Vendedor_11,8,8,Producto 8,Deportes,245.71,1965.68
2025-07-21,5,Vendedor_5,17,6,Producto 17,Ropa,1583.35,9500.1
2025-07-21,3,Vendedor_7,13,4,Producto 13,Deportes,3291.82,13167.28
2025-07-21,2,Vendedor_5,1,8,Producto 1,Electrónica,1099.24,8793.92
2025-07-21,4,Vendedor_5,9,3,Producto 9,Hogar,2756.1,8268.3
2025-07-21,1,Vendedor_6,8,5,Producto 8,Deportes,250.37,1251.85
2025-07-21,3,Vendedor_6,1,1,Producto 1,Electrónica,1231.34,1231.34
2025-07-21,1,Vendedor_1,8,6,Producto 8,Deportes,246.65,1479.9
2025-07-22,2,Vendedor_14,4,9,Producto 4,Ropa,2759.99,24839.91
2025-07-22,5,Vendedor_3,13,7,Producto 13,Deportes,3016.02,21112.14
2025-07-22,2,Vendedor_7,20,8,Producto 20,Ropa,1884.2,15073.6
2025-07-22,2,Vendedor_5,9,1,Producto 9,Hogar,2674.43,2674.43
2025-07-22,2,Vendedor_3,8,8,Producto 8,Deportes,253.59,2028.72
2025-07-22,2,Vendedor_3,11,11,Producto 11,Ropa,2265.36,24918.96
2025-07-22,3,Vendedor_4,16,3,Producto 16,Deportes,652.5,1957.5
2025-07-22,4,Vendedor_1,4,7,Producto 4,Ropa,2326.42,16284.94
2025-07-22,1,Vendedor_4,7,11,Producto 7,Electrónica,1534.29,16877.19
2025-07-23,4,Vendedor_1,5,7,Producto 5,Ropa,1423.01,9961.07
2025-07-23,1,Vendedor_1,7,1,Producto 7,Electrónica,1632.14,1632.14
2025-07-23,3,Vendedor_3,1,11,Producto 1,Electrónica,1066.76,11734.36
2025-07-23,2,Vendedor_12,4,5,Producto 4,Ropa,2522.32,12611.6
2025-07-24,4,Vendedor_14,9,9,Producto 9,Hogar,2433.37,21900.33
2025-07-24,2,Vendedor_10,10,9,Producto 10,Electrónica,1747.93,15731.37
2025-07-25,3,Vendedor_4,5,2,Producto 5,Ropa,1483.34,2966.68
2025-07-25,3,Vendedor_1,16,8,Producto 16,Deportes,579.93,4639.44
2025-07-25,4,Vendedor_13,18,10,Producto 18,Electrónica,197.88,1978.8
2025-07-25,4,Vendedor_4,14,3,Producto 14,Deportes,2564.08,7692.24
2025-07-25,1,Vendedor_2,8,11,Producto 8,Deportes,262.14,2883.54
2025-07-26,2,Vendedor_11,16,4,Producto 16,Deportes,586.05,2344.2
2025-07-26,5,Vendedor_11,4,11,Producto 4,Ropa,2299.2,25291.2
2025-07-26,2,Vendedor_1,9,9,Producto 9,Hogar,2824.77,25422.93
2025-07-26,3,Vendedor_7,7,7,Producto 7,Electrónica,1929.96,13509.72
2025-07-26,1,Vendedor_14,19,5,Producto 19,Alimentos,575.4,2877.0
2025-07-27,5,Vendedor_3,9,5,Producto 9,Hogar,2790.22,13951.1
2025-07-27,3,Vendedor_5,7,3,Producto 7,Electrónica,1761.64,5284.92
2025-07-27,1,Vendedor_9,5,9,Producto 5,Ropa,1447.79,13030.11
2025-07-27,1,Vendedor_9,1,2,Producto 1,Electrónica,1069.05,2138.1
2025-07-27,5,Vendedor_14,10,10,Producto 10,Electrónica,2088.35,20883.5
2025-07-27,2,Vendedor_11,5,3,Producto 5,Ropa,1461.28,4383.84
2025-07-28,2,Vendedor_5,12,1,Producto 12,Alimentos,1018.13,1018.13
2025-07-28,1,Vendedor_15,1,9,Producto 1,Electrónica,1092.38,9831.42
2025-07-29,4,Vendedor_10,14,1,Producto 14,Deportes,2437.07,2437.07
2025-07-29,1,Vendedor_4,6,5,Producto 6,Alimentos,726.12,3630.6
2025-07-29,5,Vendedor_6,4,4,Producto 4,Ropa,2699.42,10797.68
2025-07-29,4,Vendedor_7,6,2,Producto 6,Alimentos,682.6,1365.2
2025-07-30,2,Vendedor_7,9,2,Producto 9,Hogar,2536.16,5072.32
2025-07-30,4,Vendedor_4,5,1,Producto 5,Ropa,1392.39,1392.39
2025-07-30,4,Vendedor_7,7,7,Producto 7,Electrónica,1893.93,13257.51
2025-07-31,1,Vendedor_7,6,2,Producto 6,Alimentos,706.92,1413.84
2025-07-31,2,Vendedor_7,20,8,Producto 20,Ropa,2300.13,18401.04
2025-07-31,4,Vendedor_14,16,7,Producto 16,Deportes,665.08,4655.56
2025-07-31,4,Vendedor_9,6,2,Producto 6,Alimentos,725.56,1451.12
2025-07-31,1,Vendedor_13,10,6,Producto 10,Electrónica,2091.48,12548.88
2025-07-31,5,Vendedor_6,7,7,Producto 7,Electrónica,1819.62,12737.34
2025-07-31,1,Vendedor_14,9,8,Producto 9,Hogar,2695.2,21561.6
2025-07-31,3,Vendedor_6,17,7,Producto 17,Ropa,1525.53,10678.71
2025-08-01,3,Vendedor_10,2,4,Producto 2,Deportes,2588.31,10353.24
2025-08-01,1,Vendedor_15,20,1,Producto 20,Ropa,2015.89,2015.89
2025-08-01,5,Vendedor_11,3,8,Producto 3,Deportes,1905.5,15244.0
2025-08-01,2,Vendedor_1,6,8,Producto 6,Alimentos,827.49,6619.92
2025-08-01,1,Vendedor_1,17,8,Producto 17,Ropa,1382.97,11063.76
2025-08-01,3,Vendedor_12,17,10,Producto 17,Ropa,1536.38,15363.8
2025-08-01,2,Vendedor_13,17,7,Producto 17,Ropa,1460.64,10224.48
2025-08-01,5,Vendedor_10,19,9,Producto 19,Alimentos,464.13,4177.17
2025-08-01,3,Vendedor_4,9,8,Producto 9,Hogar,2724.08,21792.64
2025-08-02,3,Vendedor_12,5,10,Producto 5,Ropa,1559.05,15590.5
2025-08-02,3,Vendedor_13,1,9,Producto 1,Electrónica,1237.73,11139.57
2025-08-02,4,Vendedor_2,9,7,Producto 9,Hogar,2736.55,19155.85
2025-08-02,3,Vendedor_11,6,10,Producto 6,Alimentos,696.91,6969.1
2025-08-03,3,Vendedor_10,14,7,Producto 14,Deportes,2686.34,18804.38
2025-08-03,2,Vendedor_5,13,8,Producto 13,Deportes,3231.4,25851.2
2025-08-03,3,Vendedor_6,16,3,Producto 16,Deportes,683.87,2051.61
2025-08-03,2,Vendedor_11,12,2,Producto 12,Alimentos,1195.6,2391.2
2025-08-03,3,Vendedor_12,13,9,Producto 13,Deportes,2667.26,24005.34
2025-08-03,4,Vendedor_10,15,1,Producto 15,Deportes,2403.66,2403.66
2025-08-04,3,Vendedor_9,16,1,Producto 16,Deportes,689.81,689.81
2025-08-04,1,Vendedor_4,4,4,Producto 4,Ropa,2841.33,11365.32
2025-08-04,5,Vendedor_14,11,8,Producto 11,Ropa,2107.4,16859.2
2025-08-04,5,Vendedor_4,17,9,Producto 17,Ropa,1525.33,13727.97
2025-08-05,1,Vendedor_10,3,5,Producto 3,Deportes,2118.62,10593.1
2025-08-05,2,Vendedor_6,16,9,Producto 16,Deportes,593.19,5338.71
2025-08-05,2,Vendedor_10,4,10,Producto 4,Ropa,2430.63,24306.3
2025-08-05,4,Vendedor_7,16,5,Producto 16,Deportes,616.45,3082.25
2025-08-05,1,Vendedor_4,17,3,Producto 17,Ropa,1623.54,4870.62
2025-08-05,1,Vendedor_13,7,1,Producto 7,Electrónica,1717.05,1717.05
2025-08-05,4,Vendedor_3,20,6,Producto 20,Ropa,2333.77,14002.62
2025-08-05,2,Vendedor_15,3,9,Producto 3,Deportes,2066.55,18598.95
2025-08-06,2,Vendedor_4,13,8,Producto 13,Deportes,2756.93,22055.44
2025-08-06,4,Vendedor_9,19,11,Producto 19,Alimentos,550.51,6055.61
2025-08-06,4,Vendedor_14,6,3,Producto 6,Alimentos,653.49,1960.47
2025-08-07,2,Vendedor_10,1,4,Producto 1,Electrónica,1066.17,4264.68
2025-08-07,5,Vendedor_13,6,10,Producto 6,Alimentos,821.95,8219.5
2025-08-07,5,Vendedor_7,9,4,Producto 9,Hogar,2499.96,9999.84
2025-08-08,1,Vendedor_13,14,11,Producto 14,Deportes,2877.56,31653.16
2025-08-08,5,Vendedor_9,13,2,Producto 13,Deportes,3108.21,6216.42
2025-08-08,5,Vendedor_1,4,3,Producto 4,Ropa,2376.44,7129.32
2025-08-08,4,Vendedor_14,17,8,Producto 17,Ropa,1341.37,10730.96
2025-08-08,2,Vendedor_8,3,8,Producto 3,Deportes,2156.07,17248.56
2025-08-08,4,Vendedor_9,19,9,Producto 19,Alimentos,507.28,4565.52
2025-08-08,2,Vendedor_8,13,4,Producto 13,Deportes,2747.68,10990.72
2025-08-08,5,Vendedor_1,5,6,Producto 5,Ropa,1410.77,8464.62
2025-08-08,3,Vendedor_13,12,4,Producto 12,Alimentos,1089.04,4356.16
2025-08-08,4,Vendedor_8,9,3,Producto 9,Hogar,2474.3,7422.9
2025-08-09,4,Vendedor_13,5,5,Producto 5,Ropa,1435.1,7175.5
2025-08-09,3,Vendedor_10,12,7,Producto 12,Alimentos,1028.7,7200.9
2025-08-09,4,Vendedor_3,14,6,Producto 14,Deportes,2694.07,16164.42
2025-08-09,2,Vendedor_2,15,10,Producto 15,Deportes,2569.29,25692.9
2025-08-09,2,Vendedor_13,16,4,Producto 16,Deportes,610.39,2441.56
2025-08-09,3,Vendedor_10,12,1,Producto 12,Alimentos,1180.66,1180.66
2025-08-09,3,Vendedor_15,18,10,Producto 18,Electrónica,200.49,2004.9
2025-08-10,2,Vendedor_3,20,1,Producto 20,Ropa,2219.7,2219.7
2025-08-10,2,Vendedor_5,2,5,Producto 2,Deportes,3076.83,15384.15
2025-08-10,3,Vendedor_6,4,6,Producto 4,Ropa,2533.77,15202.62
2025-08-10,5,Vendedor_12,12,7,Producto 12,Alimentos,1000.75,7005.25
2025-08-10,4,Vendedor_12,13,11,Producto 13,Deportes,2763.88,30402.68
2025-08-11,1,Vendedor_5,20,4,Producto 20,Ropa,2083.73,8334.92
2025-08-12,5,Vendedor_9,5,7,Producto 5,Ropa,1324.64,9272.48
2025-08-12,2,Vendedor_10,13,2,Producto 13,Deportes,2638.45,5276.9
2025-08-12,1,Vendedor_2,17,6,Producto 17,Ropa,1339.76,8038.56
2025-08-12,4,Vendedor_13,13,8,Producto 13,Deportes,2645.88,21167.04
2025-08-12,2,Vendedor_7,19,8,Producto 19,Alimentos,501.76,4014.08
2025-08-13,2,Vendedor_11,18,4,Producto 18,Electrónica,205.84,823.36
2025-08-13,5,Vendedor_7,3,1,Producto 3,Deportes,2239.83,2239.83
2025-08-13,1,Vendedor_15,6,9,Producto 6,Alimentos,770.02,6930.18
2025-08-13,1,Vendedor_12,19,2,Producto 19,Alimentos,461.1,922.2
2025-08-14,4,Vendedor_5,14,11,Producto 14,Deportes,2431.88,26750.68
2025-08-14,2,Vendedor_4,5,5,Producto 5,Ropa,1497.0,7485.0
2025-08-14,4,Vendedor_14,10,8,Producto 10,Electrónica,1882.12,15056.96
2025-08-14,3,Vendedor_5,4,6,Producto 4,Ropa,2699.0,16194.0
2025-08-14,5,Vendedor_11,7,1,Producto 7,Electrónica,1810.92,1810.92
2025-08-14,4,Vendedor_13,7,8,Producto 7,Electrónica,1878.76,15030.08
2025-08-14,1,Vendedor_12,4,5,Producto 4,Ropa,2794.22,13971.1
2025-08-14,1,Vendedor_6,2,4,Producto 2,Deportes,2819.14,11276.56
2025-08-14,5,Vendedor_7,1,4,Producto 1,Electrónica,1146.98,4587.92
2025-08-14,1,Vendedor_11,8,5,Producto 8,Deportes,234.94,1174.7
2025-08-14,2,Vendedor_14,19,8,Producto 19,Alimentos,533.64,4269.12
2025-08-15,1,Vendedor_15,10,3,Producto 10,Electrónica,1756.07,5268.21
2025-08-15,1,Vendedor_5,20,2,Producto 20,Ropa,1909.91,3819.82
2025-08-16,1,Vendedor_10,11,4,Producto 11,Ropa,2299.55,9198.2
2025-08-16,4,Vendedor_12,7,9,Producto 7,Electrónica,1804.05,16236.45
2025-08-16,5,Vendedor_8,10,9,Producto 10,Electrónica,1820.41,16383.69
2025-08-17,1,Vendedor_6,13,11,Producto 13,Deportes,3244.52,35689.72
2025-08-17,3,Vendedor_6,20,2,Producto 20,Ropa,2264.97,4529.94
2025-08-17,3,Vendedor_1,4,8,Producto 4,Ropa,2359.22,18873.76
2025-08-17,4,Vendedor_10,18,7,Producto 18,Electrónica,183.78,1286.46
2025-08-17,4,Vendedor_10,6,3,Producto 6,Alimentos,687.97,2063.91
2025-08-17,4,Vendedor_3,9,5,Producto 9,Hogar,2464.35,12321.75
2025-08-18,1,Vendedor_14,2,6,Producto 2,Deportes,2583.68,15502.08
2025-08-18,4,Vendedor_2,12,5,Producto 12,Alimentos,1248.33,6241.65
2025-08-18,3,Vendedor_14,7,8,Producto 7,Electrónica,1536.31,12290.48
2025-08-18,4,Vendedor_3,10,11,Producto 10,Electrónica,1783.86,19622.46
2025-08-19,4,Vendedor_3,17,5,Producto 17,Ropa,1313.55,6567.75
2025-08-19,1,Vendedor_2,11,10,Producto 11,Ropa,2481.9,24819.0
2025-08-19,3,Vendedor_15,16,7,Producto 16,Deportes,685.04,4795.28
2025-08-20,1,Vendedor_12,8,5,Producto 8,Deportes,225.57,1127.85
2025-08-20,3,Vendedor_2,7,8,Producto 7,Electrónica,1845.78,14766.24
2025-08-20,2,Vendedor_7,18,8,Producto 18,Electrónica,187.75,1502.0
2025-08-20,1,Vendedor_11,19,7,Producto 19,Alimentos,512.71,3588.97
2025-08-20,1,Vendedor_2,4,2,Producto 4,Ropa,2274.73,4549.46
2025-08-21,2,Vendedor_11,10,10,Producto 10,Electrónica,1737.92,17379.2
2025-08-21,4,Vendedor_14,19,8,Producto 19,Alimentos,564.35,4514.8
2025-08-21,1,Vendedor_7,10,4,Producto 10,Electrónica,1892.94,7571.76
2025-08-21,3,Vendedor_6,1,7,Producto 1,Electrónica,1279.38,8955.66
2025-08-21,1,Vendedor_11,10,9,Producto 10,Electrónica,1936.37,17427.33
2025-08-21,3,Vendedor_6,12,8,Producto 12,Alimentos,1189.91,9519.28
2025-08-21,5,Vendedor_7,10,6,Producto 10,Electrónica,2175.38,13052.28
2025-08-21,4,Vendedor_6,17,2,Producto 17,Ropa,1393.86,2787.72
2025-08-21,4,Vendedor_10,11,7,Producto 11,Ropa,2482.32,17376.24
2025-08-23,2,Vendedor_4,13,7,Producto 13,Deportes,2775.05,19425.35
2025-08-23,2,Vendedor_13,1,6,Producto 1,Electrónica,1306.98,7841.88
2025-08-23,3,Vendedor_5,17,4,Producto 17,Ropa,1316.09,5264.36
2025-08-23,3,Vendedor_2,9,3,Producto 9,Hogar,2816.73,8450.19
2025-08-23,1,Vendedor_13,11,1,Producto 11,Ropa,2264.31,2264.31
2025-08-23,4,Vendedor_8,4,11,Producto 4,Ropa,2766.96,30436.56
2025-08-23,5,Vendedor_12,15,2,Producto 15,Deportes,2609.74,5219.48
2025-08-23,5,Vendedor_6,15,11,Producto 15,Deportes,2635.19,28987.09
2025-08-23,5,Vendedor_9,11,2,Producto 11,Ropa,2085.04,4170.08
2025-08-24,1,Vendedor_5,4,6,Producto 4,Ropa,2326.3,13957.8
2025-08-24,3,Vendedor_7,5,3,Producto 5,Ropa,1299.19,3897.57
2025-08-24,4,Vendedor_1,10,3,Producto 10,Electrónica,1914.48,5743.44
2025-08-24,1,Vendedor_15,17,4,Producto 17,Ropa,1356.94,5427.76
2025-08-24,3,Vendedor_6,1,11,Producto 1,Electrónica,1087.04,11957.44
2025-08-24,3,Vendedor_15,12,6,Producto 12,Alimentos,1024.05,6144.3
2025-08-24,2,Vendedor_15,13,2,Producto 13,Deportes,3203.88,6407.76
2025-08-24,3,Vendedor_3,8,1,Producto 8,Deportes,271.94,271.94
2025-08-24,5,Vendedor_6,16,6,Producto 16,Deportes,674.88,4049.28
2025-08-24,1,Vendedor_3,14,11,Producto 14,Deportes,2958.3,32541.3
2025-08-24,2,Vendedor_6,4,11,Producto 4,Ropa,2801.44,30815.84
2025-08-25,2,Vendedor_6,9,4,Producto 9,Hogar,2848.45,11393.8
2025-08-25,2,Vendedor_9,11,3,Producto 11,Ropa,2078.17,6234.51
2025-08-25,4,Vendedor_15,1,11,Producto 1,Electrónica,1129.82,12428.02
2025-08-25,1,Vendedor_9,16,3,Producto 16,Deportes,566.37,1699.11
2025-08-25,4,Vendedor_7,1,6,Producto 1,Electrónica,1087.64,6525.84
2025-08-25,3,Vendedor_15,14,3,Producto 14,Deportes,2899.97,8699.91
2025-08-25,3,Vendedor_12,16,2,Producto 16,Deportes,573.69,1147.38
2025-08-26,5,Vendedor_4,4,5,Producto 4,Ropa,2477.92,12389.6
2025-08-26,2,Vendedor_1,11,11,Producto 11,Ropa,2320.66,25527.26
2025-08-26,5,Vendedor_10,14,4,Producto 14,Deportes,2885.58,11542.32
2025-08-26,5,Vendedor_2,3,6,Producto 3,Deportes,1913.28,11479.68
2025-08-27,5,Vendedor_11,17,3,Producto 17,Ropa,1521.54,4564.62
2025-08-27,4,Vendedor_7,19,3,Producto 19,Alimentos,522.85,1568.55
2025-08-27,1,Vendedor_7,16,11,Producto 16,Deportes,715.95,7875.45
2025-08-28,3,Vendedor_11,3,10,Producto 3,Deportes,1938.44,19384.4
2025-08-28,4,Vendedor_12,8,6,Producto 8,Deportes,220.86,1325.16
2025-08-28,4,Vendedor_4,11,5,Producto 11,Ropa,2255.69,11278.45
2025-08-28,5,Vendedor_7,2,3,Producto 2,Deportes,2615.35,7846.05
2025-08-29,1,Vendedor_3,2,1,Producto 2,Deportes,2693.77,2693.77
2025-08-29,4,Vendedor_11,17,9,Producto 17,Ropa,1338.1,12042.9
2025-08-29,4,Vendedor_2,17,6,Producto 17,Ropa,1341.69,8050.14
2025-08-29,3,Vendedor_2,11,10,Producto 11,Ropa,2332.72,23327.2
2025-08-29,5,Vendedor_6,7,7,Producto 7,Electrónica,1563.15,10942.05
2025-08-30,3,Vendedor_8,16,11,Producto 16,Deportes,685.6,7541.6
2025-08-30,2,Vendedor_8,11,4,Producto 11,Ropa,2312.68,9250.72
2025-08-30,3,Vendedor_1,5,10,Producto 5,Ropa,1516.0,15160.0
2025-08-30,5,Vendedor_2,8,1,Producto 8,Deportes,253.69,253.69
2025-08-30,2,Vendedor_11,7,6,Producto 7,Electrónica,1764.84,10589.04
2025-08-30,2,Vendedor_5,17,2,Producto 17,Ropa,1478.82,2957.64
2025-08-31,1,Vendedor_11,14,11,Producto 14,Deportes,2755.06,30305.66
2025-08-31,3,Vendedor_7,4,5,Producto 4,Ropa,2742.5,13712.5
2025-08-31,1,Vendedor_12,1,10,Producto 1,Electrónica,1240.85,12408.5
2025-08-31,2,Vendedor_10,18,5,Producto 18,Electrónica,180.85,904.25
2025-08-31,3,Vendedor_11,2,3,Producto 2,Deportes,3013.85,9041.55
2025-08-31,2,Vendedor_14,14,10,Producto 14,Deportes,2427.85,24278.5
2025-08-31,4,Vendedor_7,20,7,Producto 20,Ropa,1934.79,13543.53
2025-09-01,4,Vendedor_14,11,4,Producto 11,Ropa,2123.66,8494.64
2025-09-01,4,Vendedor_7,7,2,Producto 7,Electrónica,1637.57,3275.14
2025-09-01,4,Vendedor_9,10,1,Producto 10,Electrónica,1941.96,1941.96
2025-09-01,2,Vendedor_4,3,8,Producto 3,Deportes,1981.32,15850.56
2025-09-01,4,Vendedor_7,3,3,Producto 3,Deportes,1959.29,5877.87
2025-09-01,5,Vendedor_15,7,5,Producto 7,Electrónica,1720.48,8602.4
2025-09-01,4,Vendedor_11,2,4,Producto 2,Deportes,2904.27,11617.08
2025-09-02,5,Vendedor_1,15,1,Producto 15,Deportes,2310.04,2310.04
2025-09-02,1,Vendedor_4,12,10,Producto 12,Alimentos,1154.01,11540.1
2025-09-02,2,Vendedor_2,17,9,Producto 17,Ropa,1536.11,13824.99
2025-09-02,4,Vendedor_4,16,5,Producto 16,Deportes,581.69,2908.45
2025-09-02,1,Vendedor_4,15,1,Producto 15,Deportes,2270.25,2270.25
2025-09-03,4,Vendedor_13,20,11,Producto 20,Ropa,2116.61,23282.71
2025-09-03,3,Vendedor_3,5,7,Producto 5,Ropa,1403.5,9824.5
2025-09-04,1,Vendedor_4,4,8,Producto 4,Ropa,2653.2,21225.6
2025-09-04,5,Vendedor_3,7,6,Producto 7,Electrónica,1826.77,10960.62
2025-09-04,1,Vendedor_8,10,6,Producto 10,Electrónica,1722.61,10335.66
2025-09-05,1,Vendedor_13,4,9,Producto 4,Ropa,2782.92,25046.28
2025-09-05,5,Vendedor_14,18,10,Producto 18,Electrónica,190.41,1904.1
2025-09-05,2,Vendedor_6,19,5,Producto 19,Alimentos,476.21,2381.05
2025-09-05,5,Vendedor_2,11,4,Producto 11,Ropa,2597.43,10389.72
2025-09-05,4,Vendedor_1,5,11,Producto 5,Ropa,1331.54,14646.94
2025-09-05,2,Vendedor_6,4,6,Producto 4,Ropa,2425.46,14552.76
2025-09-06,2,Vendedor_11,1,7,Producto 1,Electrónica,1036.52,7255.64
2025-09-07,4,Vendedor_1,7,7,Producto 7,Electrónica,1877.11,13139.77
2025-09-07,1,Vendedor_11,19,3,Producto 19,Alimentos,466.37,1399.11
2025-09-07,1,Vendedor_4,14,10,Producto 14,Deportes,2647.59,26475.9
2025-09-07,3,Vendedor_11,4,9,Producto 4,Ropa,2496.58,22469.22
2025-09-07,1,Vendedor_11,4,11,Producto 4,Ropa,2655.17,29206.87
2025-09-08,1,Vendedor_15,8,1,Producto 8,Deportes,255.67,255.67
2025-09-08,2,Vendedor_7,15,1,Producto 15,Deportes,2644.24,2644.24
2025-09-08,4,Vendedor_5,7,6,Producto 7,Electrónica,1937.32,11623.92
2025-09-09,2,Vendedor_3,20,6,Producto 20,Ropa,2032.94,12197.64
2025-09-10,1,Vendedor_12,3,6,Producto 3,Deportes,1785.46,10712.76
2025-09-10,4,Vendedor_5,14,7,Producto 14,Deportes,2500.99,17506.93
2025-09-10,5,Vendedor_7,10,8,Producto 10,Electrónica,1744.35,13954.8
2025-09-10,2,Vendedor_10,17,8,Producto 17,Ropa,1505.15,12041.2
2025-09-11,2,Vendedor_15,5,5,Producto 5,Ropa,1552.66,7763.3
2025-09-11,2,Vendedor_11,8,7,Producto 8,Deportes,249.34,1745.38
2025-09-11,3,Vendedor_5,2,5,Producto 2,Deportes,2937.61,14688.05
2025-09-11,4,Vendedor_5,14,7,Producto 14,Deportes,2872.93,20110.51
2025-09-11,3,Vendedor_14,7,9,Producto 7,Electrónica,1730.28,15572.52
2025-09-12,1,Vendedor_1,18,6,Producto 18,Electrónica,202.99,1217.94
2025-09-12,1,Vendedor_2,10,4,Producto 10,Electrónica,1948.4,7793.6
2025-09-12,4,Vendedor_6,2,1,Producto 2,Deportes,3076.04,3076.04
2025-09-12,2,Vendedor_15,20,9,Producto 20,Ropa,2056.08,18504.72
2025-09-12,2,Vendedor_10,20,11,Producto 20,Ropa,2278.08,25058.88
2025-09-12,1,Vendedor_7,1,3,Producto 1,Electrónica,1305.6,3916.8
2025-09-13,4,Vendedor_7,19,10,Producto 19,Alimentos,456.42,4564.2
2025-09-13,5,Vendedor_1,1,1,Producto 1,Electrónica,1124.73,1124.73
2025-09-13,5,Vendedor_6,2,3,Producto 2,Deportes,2531.86,7595.58
2025-09-14,5,Vendedor_11,1,10,Producto 1,Electrónica,1147.26,11472.6
2025-09-14,2,Vendedor_12,3,11,Producto 3,Deportes,2203.13,24234.43
2025-09-14,4,Vendedor_12,4,1,Producto 4,Ropa,2466.07,2466.07
2025-09-14,2,Vendedor_10,4,10,Producto 4,Ropa,2815.06,28150.6
2025-09-14,3,Vendedor_6,18,11,Producto 18,Electrónica,181.93,2001.23
2025-09-15,1,Vendedor_11,5,2,Producto 5,Ropa,1478.11,2956.22
2025-09-15,4,Vendedor_13,5,2,Producto 5,Ropa,1289.95,2579.9
2025-09-15,2,Vendedor_12,14,7,Producto 14,Deportes,2658.2,18607.4
2025-09-15,3,Vendedor_15,3,8,Producto 3,Deportes,1771.2,14169.6
2025-09-15,4,Vendedor_3,9,4,Producto 9,Hogar,2251.07,9004.28
2025-09-16,3,Vendedor_10,3,7,Producto 3,Deportes,2149.71,15047.97
2025-09-16,1,Vendedor_11,15,10,Producto 15,Deportes,2347.3,23473.0
2025-09-16,4,Vendedor_1,3,6,Producto 3,Deportes,1891.06,11346.36
2025-09-16,5,Vendedor_5,14,10,Producto 14,Deportes,2607.28,26072.8
2025-09-16,1,Vendedor_6,19,3,Producto 19,Alimentos,552.64,1657.92
2025-09-17,2,Vendedor_14,16,4,Producto 16,Deportes,610.68,2442.72
2025-09-17,3,Vendedor_1,1,11,Producto 1,Electrónica,1195.47,13150.17
2025-09-17,2,Vendedor_7,14,10,Producto 14,Deportes,2618.58,26185.8
2025-09-17,4,Vendedor_2,16,11,Producto 16,Deportes,649.12,7140.32
2025-09-17,1,Vendedor_9,10,2,Producto 10,Electrónica,1787.61,3575.22
2025-09-17,1,Vendedor_1,17,3,Producto 17,Ropa,1470.57,4411.71
2025-09-18,1,Vendedor_1,15,7,Producto 15,Deportes,2640.36,18482.52
2025-09-19,5,Vendedor_10,7,6,Producto 7,Electrónica,1557.02,9342.12
2025-09-19,4,Vendedor_13,9,6,Producto 9,Hogar,2830.26,16981.56
2025-09-19,1,Vendedor_4,8,11,Producto 8,Deportes,245.89,2704.79
2025-09-19,2,Vendedor_13,19,11,Producto 19,Alimentos,555.53,6110.83
2025-09-20,5,Vendedor_1,18,7,Producto 18,Electrónica,179.59,1257.13
2025-09-20,3,Vendedor_2,20,7,Producto 20,Ropa,2165.43,15158.01
2025-09-20,3,Vendedor_9,20,6,Producto 20,Ropa,1989.7,11938.2
2025-09-20,3,Vendedor_6,2,6,Producto 2,Deportes,2996.82,17980.92
2025-09-20,2,Vendedor_4,8,1,Producto 8,Deportes,270.94,270.94
2025-09-21,2,Vendedor_5,6,2,Producto 6,Alimentos,706.43,1412.86
2025-09-21,3,Vendedor_7,8,8,Producto 8,Deportes,255.05,2040.4
2025-09-21,5,Vendedor_8,9,3,Producto 9,Hogar,2422.99,7268.97
2025-09-21,2,Vendedor_10,8,7,Producto 8,Deportes,240.77,1685.39
2025-09-22,5,Vendedor_12,7,7,Producto 7,Electrónica,1523.62,10665.34
2025-09-22,1,Vendedor_3,4,2,Producto 4,Ropa,2399.53,4799.06
2025-09-22,5,Vendedor_7,4,5,Producto 4,Ropa,2508.58,12542.9
2025-09-22,2,Vendedor_6,3,6,Producto 3,Deportes,1854.99,11129.94
2025-09-23,3,Vendedor_12,12,9,Producto 12,Alimentos,1076.27,9686.43
2025-09-23,2,Vendedor_3,11,10,Producto 11,Ropa,2521.31,25213.1
2025-09-23,4,Vendedor_8,18,5,Producto 18,Electrónica,198.54,992.7
2025-09-23,2,Vendedor_10,6,2,Producto 6,Alimentos,810.7,1621.4
2025-09-24,4,Vendedor_12,5,1,Producto 5,Ropa,1438.5,1438.5
2025-09-24,2,Vendedor_10,3,3,Producto 3,Deportes,1854.7,5564.1
2025-09-24,5,Vendedor_8,12,2,Producto 12,Alimentos,1081.57,2163.14
2025-09-24,5,Vendedor_1,10,7,Producto 10,Electrónica,1947.23,13630.61
2025-09-24,2,Vendedor_5,2,11,Producto 2,Deportes,2691.07,29601.77
2025-09-24,3,Vendedor_4,2,4,Producto 2,Deportes,2586.24,10344.96
2025-09-25,5,Vendedor_5,5,1,Producto 5,Ropa,1498.67,1498.67
2025-09-25,4,Vendedor_5,8,7,Producto 8,Deportes,260.54,1823.78
2025-09-25,1,Vendedor_5,6,8,Producto 6,Alimentos,693.82,5550.56
2025-09-26,2,Vendedor_12,18,11,Producto 18,Electrónica,172.53,1897.83
2025-09-26,2,Vendedor_2,12,6,Producto 12,Alimentos,1102.34,6614.04
2025-09-26,2,Vendedor_3,18,11,Producto 18,Electrónica,164.13,1805.43
2025-09-26,5,Vendedor_5,1,10,Producto 1,Electrónica,1148.38,11483.8
2025-09-26,2,Vendedor_10,18,9,Producto 18,Electrónica,178.57,1607.13
2025-09-27,2,Vendedor_10,17,11,Producto 17,Ropa,1469.06,16159.66
2025-09-27,5,Vendedor_1,12,8,Producto 12,Alimentos,998.13,7985.04
2025-09-27,2,Vendedor_7,11,8,Producto 11,Ropa,2374.6,18996.8
2025-09-27,4,Vendedor_15,15,7,Producto 15,Deportes,2470.53,17293.71
2025-09-27,2,Vendedor_14,2,8,Producto 2,Deportes,2808.6,22468.8
2025-09-27,4,Vendedor_15,4,4,Producto 4,Ropa,2660.85,10643.4
2025-09-27,4,Vendedor_12,6,8,Producto 6,Alimentos,686.37,5490.96
2025-09-28,2,Vendedor_13,2,11,Producto 2,Deportes,2696.09,29656.99
2025-09-28,2,Vendedor_10,5,4,Producto 5,Ropa,1360.32,5441.28
2025-09-28,2,Vendedor_5,12,10,Producto 12,Alimentos,992.96,9929.6
2025-09-28,3,Vendedor_13,8,9,Producto 8,Deportes,226.54,2038.86
2025-09-28,1,Vendedor_15,20,4,Producto 20,Ropa,2135.43,8541.72
2025-09-28,4,Vendedor_6,12,2,Producto 12,Alimentos,1143.86,2287.72
2025-09-28,3,Vendedor_12,14,6,Producto 14,Deportes,2980.72,17884.32
2025-09-28,5,Vendedor_14,12,6,Producto 12,Alimentos,1129.67,6778.02
2025-09-29,4,Vendedor_15,16,8,Producto 16,Deportes,663.41,5307.28
2025-09-29,4,Vendedor_2,14,5,Producto 14,Deportes,2969.46,14847.3
2025-09-29,4,Vendedor_9,10,9,Producto 10,Electrónica,1758.31,15824.79
2025-09-29,3,Vendedor_13,13,9,Producto 13,Deportes,3185.21,28666.89
2025-09-29,2,Vendedor_5,17,9,Producto 17,Ropa,1394.3,12548.7
2025-09-29,3,Vendedor_15,9,8,Producto 9,Hogar,2772.0,22176.0
2025-09-30,1,Vendedor_4,3,7,Producto 3,Deportes,2045.78,14320.46
2025-09-30,2,Vendedor_13,17,10,Producto 17,Ropa,1380.84,13808.4
2025-09-30,1,Vendedor_9,5,8,Producto 5,Ropa,1302.96,10423.68
2025-09-30,5,Vendedor_2,7,4,Producto 7,Electrónica,1786.52,7146.08
2025-09-30,4,Vendedor_3,16,2,Producto 16,Deportes,699.94,1399.88
2025-09-30,5,Vendedor_3,18,1,Producto 18,Electrónica,205.8,205.8
2025-09-30,4,Vendedor_5,8,5,Producto 8,Deportes,253.92,1269.6
2025-10-01,3,Vendedor_7,13,7,Producto 13,Deportes,2625.32,18377.24
2025-10-01,2,Vendedor_9,1,7,Producto 1,Electrónica,1147.69,8033.83
2025-10-01,1,Vendedor_5,17,11,Producto 17,Ropa,1438.03,15818.33
2025-10-01,4,Vendedor_13,20,3,Producto 20,Ropa,2361.49,7084.47
2025-10-02,3,Vendedor_3,5,9,Producto 5,Ropa,1310.59,11795.31
2025-10-02,5,Vendedor_3,16,10,Producto 16,Deportes,635.21,6352.1
2025-10-02,4,Vendedor_4,15,3,Producto 15,Deportes,2143.58,6430.74
2025-10-03,3,Vendedor_14,14,6,Producto 14,Deportes,2717.82,16306.92
2025-10-03,3,Vendedor_4,11,2,Producto 11,Ropa,2521.44,5042.88
2025-10-03,4,Vendedor_5,2,11,Producto 2,Deportes,2672.31,29395.41
2025-10-03,4,Vendedor_13,16,8,Producto 16,Deportes,692.01,5536.08
2025-10-03,2,Vendedor_15,11,8,Producto 11,Ropa,2352.99,18823.92
2025-10-04,1,Vendedor_3,11,2,Producto 11,Ropa,2392.8,4785.6
2025-10-04,5,Vendedor_2,10,6,Producto 10,Electrónica,1877.43,11264.58
2025-10-04,4,Vendedor_7,13,4,Producto 13,Deportes,2914.6,11658.4
2025-10-04,2,Vendedor_7,5,6,Producto 5,Ropa,1392.05,8352.3
2025-10-04,1,Vendedor_1,11,1,Producto 11,Ropa,2264.75,2264.75
2025-10-04,1,Vendedor_1,12,1,Producto 12,Alimentos,1005.68,1005.68
2025-10-04,4,Vendedor_7,13,6,Producto 13,Deportes,2828.21,16969.26
2025-10-06,1,Vendedor_5,12,5,Producto 12,Alimentos,1221.61,6108.05
2025-10-06,3,Vendedor_3,6,4,Producto 6,Alimentos,685.8,2743.2
2025-10-06,2,Vendedor_2,13,6,Producto 13,Deportes,3341.16,20046.96
2025-10-06,3,Vendedor_1,5,11,Producto 5,Ropa,1319.86,14518.46
2025-10-06,3,Vendedor_2,19,4,Producto 19,Alimentos,561.94,2247.76
2025-10-06,4,Vendedor_13,3,5,Producto 3,Deportes,2166.69,10833.45
2025-10-07,5,Vendedor_9,19,5,Producto 19,Alimentos,460.4,2302.0
2025-10-07,2,Vendedor_13,6,5,Producto 6,Alimentos,675.34,3376.7
2025-10-07,3,Vendedor_8,4,5,Producto 4,Ropa,2743.79,13718.95
2025-10-07,3,Vendedor_4,4,4,Producto 4,Ropa,2323.57,9294.28
2025-10-07,5,Vendedor_2,8,4,Producto 8,Deportes,215.75,863.0
2025-10-07,1,Vendedor_6,13,3,Producto 13,Deportes,3056.31,9168.93
2025-10-07,1,Vendedor_9,20,6,Producto 20,Ropa,2278.18,13669.08
2025-10-07,4,Vendedor_8,16,10,Producto 16,Deportes,611.62,6116.2
2025-10-07,4,Vendedor_13,13,5,Producto 13,Deportes,3075.84,15379.2
2025-10-08,3,Vendedor_1,5,7,Producto 5,Ropa,1508.04,10556.28
2025-10-08,2,Vendedor_5,1,10,Producto 1,Electrónica,1129.96,11299.6
2025-10-08,4,Vendedor_13,15,6,Producto 15,Deportes,2482.64,14895.84
2025-10-08,3,Vendedor_15,16,5,Producto 16,Deportes,639.03,3195.15
2025-10-08,2,Vendedor_7,9,5,Producto 9,Hogar,2644.44,13222.2
2025-10-08,2,Vendedor_14,4,10,Producto 4,Ropa,2774.09,27740.9
2025-10-08,3,Vendedor_14,10,4,Producto 10,Electrónica,1979.12,7916.48
2025-10-08,4,Vendedor_6,19,8,Producto 19,Alimentos,547.85,4382.8
2025-10-08,4,Vendedor_15,18,3,Producto 18,Electrónica,195.42,586.26
2025-10-08,5,Vendedor_6,13,11,Producto 13,Deportes,3303.87,36342.57
2025-10-09,4,Vendedor_5,10,8,Producto 10,Electrónica,1798.58,14388.64
2025-10-09,4,Vendedor_2,1,9,Producto 1,Electrónica,1284.26,11558.34
2025-10-10,4,Vendedor_14,5,5,Producto 5,Ropa,1408.09,7040.45
2025-10-10,1,Vendedor_10,17,7,Producto 17,Ropa,1364.57,9551.99
2025-10-10,1,Vendedor_3,17,10,Producto 17,Ropa,1566.77,15667.7
2025-10-10,3,Vendedor_11,20,1,Producto 20,Ropa,1913.03,1913.03
2025-10-10,2,Vendedor_15,3,10,Producto 3,Deportes,2162.41,21624.1
2025-10-10,1,Vendedor_9,13,9,Producto 13,Deportes,3200.14,28801.26
2025-10-10,4,Vendedor_2,20,3,Producto 20,Ropa,2213.24,6639.72
2025-10-10,2,Vendedor_10,15,3,Producto 15,Deportes,2397.52,7192.56
2025-10-10,3,Vendedor_14,2,4,Producto 2,Deportes,2894.85,11579.4
2025-10-11,1,Vendedor_10,7,3,Producto 7,Electrónica,1699.33,5097.99
2025-10-11,5,Vendedor_4,1,6,Producto 1,Electrónica,1262.18,7573.08
2025-10-11,5,Vendedor_4,20,9,Producto 20,Ropa,1932.98,17396.82
2025-10-12,2,Vendedor_9,11,2,Producto 11,Ropa,2269.65,4539.3
2025-10-12,4,Vendedor_6,14,9,Producto 14,Deportes,2514.32,22628.88
2025-10-12,4,Vendedor_3,12,4,Producto 12,Alimentos,1063.3,4253.2
2025-10-12,4,Vendedor_6,16,11,Producto 16,Deportes,573.34,6306.74
2025-10-12,2,Vendedor_3,9,1,Producto 9,Hogar,2694.7,2694.7
2025-10-12,4,Vendedor_11,8,11,Producto 8,Deportes,232.31,2555.41
2025-10-12,2,Vendedor_4,12,2,Producto 12,Alimentos,1237.42,2474.84
2025-10-12,5,Vendedor_14,4,11,Producto 4,Ropa,2729.28,30022.08
2025-10-12,2,Vendedor_4,5,5,Producto 5,Ropa,1315.72,6578.6
2025-10-13,5,Vendedor_15,10,1,Producto 10,Electrónica,1827.88,1827.88
2025-10-13,3,Vendedor_10,7,1,Producto 7,Electrónica,1714.42,1714.42
2025-10-13,5,Vendedor_4,6,2,Producto 6,Alimentos,648.57,1297.14
2025-10-13,1,Vendedor_7,13,3,Producto 13,Deportes,3160.93,9482.79
2025-10-13,5,Vendedor_13,2,11,Producto 2,Deportes,3094.98,34044.78
2025-10-13,3,Vendedor_2,8,8,Producto 8,Deportes,270.46,2163.68
2025-10-13,4,Vendedor_15,15,3,Producto 15,Deportes,2249.34,6748.02
2025-10-14,3,Vendedor_9,15,5,Producto 15,Deportes,2563.51,12817.55
2025-10-14,1,Vendedor_1,11,3,Producto 11,Ropa,2385.54,7156.62
2025-10-14,1,Vendedor_5,8,9,Producto 8,Deportes,249.75,2247.75
2025-10-14,4,Vendedor_10,20,11,Producto 20,Ropa,2314.32,25457.52
2025-10-14,3,Vendedor_13,7,8,Producto 7,Electrónica,1578.28,12626.24
2025-10-14,3,Vendedor_14,14,1,Producto 14,Deportes,2945.18,2945.18
2025-10-14,3,Vendedor_13,20,7,Producto 20,Ropa,2166.92,15168.44
2025-10-15,5,Vendedor_9,14,10,Producto 14,Deportes,3039.74,30397.4
2025-10-15,2,Vendedor_5,1,7,Producto 1,Electrónica,1031.78,7222.46
2025-10-15,3,Vendedor_3,20,2,Producto 20,Ropa,2286.55,4573.1
2025-10-15,4,Vendedor_1,18,11,Producto 18,Electrónica,168.76,1856.36
2025-10-15,4,Vendedor_7,17,1,Producto 17,Ropa,1484.46,1484.46
2025-10-15,1,Vendedor_9,8,8,Producto 8,Deportes,268.49,2147.92
2025-10-15,5,Vendedor_10,19,2,Producto 19,Alimentos,545.61,1091.22
2025-10-15,3,Vendedor_13,8,10,Producto 8,Deportes,271.33,2713.3
2025-10-15,2,Vendedor_7,6,10,Producto 6,Alimentos,789.16,7891.6
2025-10-16,5,Vendedor_1,7,10,Producto 7,Electrónica,1878.97,18789.7
2025-10-16,5,Vendedor_4,16,2,Producto 16,Deportes,715.3,1430.6
2025-10-16,3,Vendedor_3,7,7,Producto 7,Electrónica,1696.77,11877.39
2025-10-16,3,Vendedor_10,20,1,Producto 20,Ropa,2235.0,2235.0
2025-10-16,1,Vendedor_1,20,8,Producto 20,Ropa,2266.99,18135.92
2025-10-16,3,Vendedor_4,18,7,Producto 18,Electrónica,198.08,1386.56
2025-10-16,4,Vendedor_5,8,6,Producto 8,Deportes,227.59,1365.54
2025-10-16,3,Vendedor_9,3,10,Producto 3,Deportes,2154.71,21547.1
2025-10-16,4,Vendedor_6,20,4,Producto 20,Ropa,2360.2,9440.8
2025-10-16,4,Vendedor_9,15,7,Producto 15,Deportes,2402.36,16816.52
2025-10-17,1,Vendedor_7,4,6,Producto 4,Ropa,2677.69,16066.14
2025-10-17,2,Vendedor_2,19,3,Producto 19,Alimentos,545.31,1635.93
2025-10-17,2,Vendedor_13,1,11,Producto 1,Electrónica,1180.56,12986.16
2025-10-17,2,Vendedor_15,18,10,Producto 18,Electrónica,170.23,1702.3
2025-10-17,1,Vendedor_14,9,5,Producto 9,Hogar,2667.73,13338.65
2025-10-17,5,Vendedor_15,14,11,Producto 14,Deportes,2668.26,29350.86
2025-10-18,5,Vendedor_11,4,8,Producto 4,Ropa,2736.66,21893.28
2025-10-18,4,Vendedor_11,14,9,Producto 14,Deportes,2824.12,25417.08
2025-10-18,2,Vendedor_5,20,2,Producto 20,Ropa,1896.92,3793.84
2025-10-18,2,Vendedor_1,9,1,Producto 9,Hogar,2410.09,2410.09
2025-10-18,2,Vendedor_10,19,8,Producto 19,Alimentos,469.16,3753.28
2025-10-18,3,Vendedor_2,13,10,Producto 13,Deportes,3289.91,32899.1
2025-10-18,5,Vendedor_8,16,7,Producto 16,Deportes,704.42,4930.94
2025-10-18,4,Vendedor_10,18,7,Producto 18,Electrónica,164.62,1152.34
2025-10-18,3,Vendedor_14,9,10,Producto 9,Hogar,2348.98,23489.8
2025-10-18,5,Vendedor_7,4,11,Producto 4,Ropa,2738.0,30118.0
2025-10-19,4,Vendedor_10,12,6,Producto 12,Alimentos,1020.62,6123.72
2025-10-19,2,Vendedor_1,1,7,Producto 1,Electrónica,1145.78,8020.46
2025-10-19,1,Vendedor_14,4,8,Producto 4,Ropa,2311.6,18492.8
2025-10-19,1,Vendedor_4,19,7,Producto 19,Alimentos,578.51,4049.57
2025-10-19,4,Vendedor_12,7,1,Producto 7,Electrónica,1528.8,1528.8
2025-10-19,3,Vendedor_5,14,6,Producto 14,Deportes,2772.38,16634.28
2025-10-20,5,Vendedor_8,6,1,Producto 6,Alimentos,687.96,687.96
2025-10-21,4,Vendedor_13,8,6,Producto 8,Deportes,264.33,1585.98
2025-10-21,2,Vendedor_7,8,2,Producto 8,Deportes,235.85,471.7
2025-10-21,3,Vendedor_12,1,4,Producto 1,Electrónica,1171.39,4685.56
2025-10-21,5,Vendedor_5,16,6,Producto 16,Deportes,708.93,4253.58
2025-10-21,3,Vendedor_1,1,6,Producto 1,Electrónica,1251.59,7509.54
2025-10-21,1,Vendedor_2,2,9,Producto 2,Deportes,2716.27,24446.43
2025-10-22,4,Vendedor_3,5,7,Producto 5,Ropa,1420.83,9945.81
2025-10-22,3,Vendedor_9,2,1,Producto 2,Deportes,2912.36,2912.36
2025-10-22,2,Vendedor_4,14,9,Producto 14,Deportes,2802.95,25226.55
2025-10-22,4,Vendedor_7,15,8,Producto 15,Deportes,2295.38,18363.04
2025-10-22,3,Vendedor_7,19,1,Producto 19,Alimentos,512.03,512.03
2025-10-22,3,Vendedor_4,7,2,Producto 7,Electrónica,1735.09,3470.18
2025-10-23,2,Vendedor_4,19,4,Producto 19,Alimentos,518.97,2075.88
2025-10-23,4,Vendedor_12,12,11,Producto 12,Alimentos,1149.97,12649.67
2025-10-23,1,Vendedor_7,7,6,Producto 7,Electrónica,1937.68,11626.08
2025-10-23,5,Vendedor_3,5,8,Producto 5,Ropa,1224.5,9796.0
2025-10-23,5,Vendedor_9,10,10,Producto 10,Electrónica,2072.91,20729.1
2025-10-23,1,Vendedor_10,15,7,Producto 15,Deportes,2226.41,15584.87
2025-10-23,4,Vendedor_11,13,11,Producto 13,Deportes,3176.86,34945.46
2025-10-23,2,Vendedor_1,10,1,Producto 10,Electrónica,1989.05,1989.05
2025-10-23,3,Vendedor_15,12,8,Producto 12,Alimentos,1243.25,9946.0
2025-10-23,5,Vendedor_13,7,3,Producto 7,Electrónica,1825.82,5477.46
2025-10-23,5,Vendedor_5,19,5,Producto 19,Alimentos,480.35,2401.75
2025-10-24,3,Vendedor_4,1,1,Producto 1,Electrónica,1153.89,1153.89
2025-10-24,3,Vendedor_4,5,9,Producto 5,Ropa,1468.76,13218.84
2025-10-24,1,Vendedor_15,3,11,Producto 3,Deportes,2079.53,22874.83
2025-10-24,1,Vendedor_12,6,5,Producto 6,Alimentos,650.07,3250.35
2025-10-24,3,Vendedor_10,20,2,Producto 20,Ropa,2232.27,4464.54
2025-10-24,4,Vendedor_6,1,10,Producto 1,Electrónica,1257.2,12572.0
2025-10-25,1,Vendedor_8,12,11,Producto 12,Alimentos,1085.6,11941.6
2025-10-25,2,Vendedor_11,7,4,Producto 7,Electrónica,1627.26,6509.04
2025-10-25,4,Vendedor_6,14,11,Producto 14,Deportes,2443.66,26880.26
2025-10-25,2,Vendedor_6,18,5,Producto 18,Electrónica,204.2,1021.0
2025-10-25,3,Vendedor_15,18,5,Producto 18,Electrónica,199.6,998.0
2025-10-25,3,Vendedor_6,15,3,Producto 15,Deportes,2274.06,6822.18
2025-10-25,3,Vendedor_7,16,3,Producto 16,Deportes,655.88,1967.64
2025-10-25,1,Vendedor_6,6,4,Producto 6,Alimentos,743.97,2975.88
2025-10-25,4,Vendedor_9,15,5,Producto 15,Deportes,2185.14,10925.7
2025-10-25,5,Vendedor_4,15,11,Producto 15,Deportes,2466.11,27127.21
2025-10-26,1,Vendedor_8,3,5,Producto 3,Deportes,1827.12,9135.6
2025-10-26,5,Vendedor_3,7,7,Producto 7,Electrónica,1933.8,13536.6
2025-10-26,3,Vendedor_11,19,7,Producto 19,Alimentos,547.25,3830.75
2025-10-27,1,Vendedor_9,10,9,Producto 10,Electrónica,1981.47,17833.23
2025-10-27,5,Vendedor_13,16,4,Producto 16,Deportes,598.25,2393.0
2025-10-27,4,Vendedor_3,1,4,Producto 1,Electrónica,1226.4,4905.6
2025-10-27,2,Vendedor_6,12,11,Producto 12,Alimentos,1131.28,12444.08
2025-10-28,1,Vendedor_9,3,10,Producto 3,Deportes,1782.16,17821.6
2025-10-28,3,Vendedor_9,17,7,Producto 17,Ropa,1284.85,8993.95
2025-10-29,2,Vendedor_12,4,2,Producto 4,Ropa,2688.21,5376.42
2025-10-29,5,Vendedor_7,11,11,Producto 11,Ropa,2591.63,28507.93
2025-10-29,3,Vendedor_7,15,6,Producto 15,Deportes,2550.95,15305.7
2025-10-30,2,Vendedor_15,5,11,Producto 5,Ropa,1327.89,14606.79
2025-10-30,3,Vendedor_14,14,3,Producto 14,Deportes,2555.19,7665.57
2025-10-30,1,Vendedor_9,11,4,Producto 11,Ropa,2605.91,10423.64
2025-10-31,3,Vendedor_4,7,4,Producto 7,Electrónica,1720.76,6883.04
2025-10-31,3,Vendedor_10,6,10,Producto 6,Alimentos,803.23,8032.3
2025-10-31,5,Vendedor_1,19,2,Producto 19,Alimentos,464.6,929.2
2025-10-31,4,Vendedor_9,9,11,Producto 9,Hogar,2626.66,28893.26
2025-10-31,1,Vendedor_10,18,5,Producto 18,Electrónica,185.78,928.9
2025-10-31,5,Vendedor_13,17,6,Producto 17,Ropa,1541.8,9250.8
2025-11-01,1,Vendedor_11,20,11,Producto 20,Ropa,2049.16,22540.76
2025-11-01,2,Vendedor_10,11,7,Producto 11,Ropa,2349.94,16449.58
2025-11-01,3,Vendedor_9,19,9,Producto 19,Alimentos,511.75,4605.75
2025-11-01,1,Vendedor_13,12,3,Producto 12,Alimentos,1230.95,3692.85
2025-11-01,3,Vendedor_7,2,9,Producto 2,Deportes,2528.65,22757.85
2025-11-01,1,Vendedor_13,5,7,Producto 5,Ropa,1379.35,9655.45
2025-11-01,5,Vendedor_4,1,10,Producto 1,Electrónica,1041.31,10413.1
2025-11-01,1,Vendedor_3,3,7,Producto 3,Deportes,2072.42,14506.94
2025-11-01,2,Vendedor_9,8,3,Producto 8,Deportes,229.98,689.94
2025-11-02,4,Vendedor_6,3,4,Producto 3,Deportes,2060.96,8243.84
2025-11-02,1,Vendedor_2,8,7,Producto 8,Deportes,269.29,1885.03
2025-11-02,2,Vendedor_8,1,7,Producto 1,Electrónica,1206.89,8448.23
2025-11-02,1,Vendedor_10,9,2,Producto 9,Hogar,2402.65,4805.3
2025-11-03,3,Vendedor_2,2,11,Producto 2,Deportes,2895.92,31855.12
2025-11-03,1,Vendedor_14,12,10,Producto 12,Alimentos,1254.06,12540.6
2025-11-03,3,Vendedor_3,9,8,Producto 9,Hogar,2579.77,20638.16
2025-11-03,4,Vendedor_8,8,6,Producto 8,Deportes,226.99,1361.94
2025-11-03,1,Vendedor_11,2,11,Producto 2,Deportes,2829.91,31129.01
2025-11-04,3,Vendedor_7,1,8,Producto 1,Electrónica,1045.91,8367.28
2025-11-04,2,Vendedor_7,11,9,Producto 11,Ropa,2436.75,21930.75
2025-11-04,3,Vendedor_9,15,5,Producto 15,Deportes,2382.41,11912.05
2025-11-04,1,Vendedor_15,19,4,Producto 19,Alimentos,550.46,2201.84
2025-11-04,1,Vendedor_13,1,6,Producto 1,Electrónica,1272.25,7633.5
2025-11-05,3,Vendedor_8,5,11,Producto 5,Ropa,1535.26,16887.86
2025-11-05,3,Vendedor_11,11,11,Producto 11,Ropa,2297.51,25272.61
2025-11-05,2,Vendedor_14,19,10,Producto 19,Alimentos,512.05,5120.5
2025-11-05,4,Vendedor_14,6,2,Producto 6,Alimentos,778.61,1557.22
2025-11-05,5,Vendedor_1,5,4,Producto 5,Ropa,1488.96,5955.84
2025-11-05,1,Vendedor_10,20,5,Producto 20,Ropa,1911.57,9557.85
2025-11-05,4,Vendedor_10,4,6,Producto 4,Ropa,2357.97,14147.82
2025-11-06,1,Vendedor_15,18,2,Producto 18,Electrónica,177.52,355.04
2025-11-06,5,Vendedor_1,3,8,Producto 3,Deportes,1878.07,15024.56
2025-11-06,3,Vendedor_1,13,8,Producto 13,Deportes,2742.61,21940.88
2025-11-06,4,Vendedor_13,13,8,Producto 13,Deportes,2875.58,23004.64
2025-11-07,3,Vendedor_7,2,9,Producto 2,Deportes,2934.11,26406.99
2025-11-07,1,Vendedor_11,3,9,Producto 3,Deportes,2021.24,18191.16
2025-11-07,1,Vendedor_3,10,6,Producto 10,Electrónica,1752.12,10512.72
2025-11-07,3,Vendedor_10,17,3,Producto 17,Ropa,1445.45,4336.35
2025-11-08,1,Vendedor_14,1,1,Producto 1,Electrónica,1313.49,1313.49
2025-11-08,1,Vendedor_11,13,8,Producto 13,Deportes,2972.74,23781.92
2025-11-08,2,Vendedor_2,4,4,Producto 4,Ropa,2475.84,9903.36
2025-11-09,5,Vendedor_4,19,6,Producto 19,Alimentos,570.64,3423.84
2025-11-09,5,Vendedor_13,6,4,Producto 6,Alimentos,737.3,2949.2
2025-11-09,2,Vendedor_10,8,10,Producto 8,Deportes,223.81,2238.1
2025-11-10,4,Vendedor_1,9,11,Producto 9,Hogar,2700.98,29710.78
2025-11-10,4,Vendedor_5,18,8,Producto 18,Electrónica,171.25,1370.0
2025-11-10,3,Vendedor_7,1,11,Producto 1,Electrónica,1300.33,14303.63
2025-11-10,1,Vendedor_6,12,9,Producto 12,Alimentos,1177.52,10597.68
2025-11-10,4,Vendedor_14,2,7,Producto 2,Deportes,2686.43,18805.01
2025-11-10,2,Vendedor_13,4,11,Producto 4,Ropa,2638.19,29020.09
2025-11-10,3,Vendedor_5,3,7,Producto 3,Deportes,2051.86,14363.02
2025-11-10,5,Vendedor_9,18,1,Producto 18,Electrónica,171.88,171.88
2025-11-11,3,Vendedor_3,6,10,Producto 6,Alimentos,806.89,8068.9
2025-11-11,3,Vendedor_15,18,6,Producto 18,Electrónica,170.45,1022.7
2025-11-11,4,Vendedor_11,2,4,Producto 2,Deportes,2752.07,11008.28
2025-11-11,3,Vendedor_6,14,8,Producto 14,Deportes,2779.6,22236.8
2025-11-13,1,Vendedor_12,14,11,Producto 14,Deportes,2465.01,27115.11
2025-11-13,5,Vendedor_2,6,2,Producto 6,Alimentos,782.56,1565.12
2025-11-13,2,Vendedor_11,14,2,Producto 14,Deportes,2880.88,5761.76
2025-11-14,2,Vendedor_3,13,3,Producto 13,Deportes,2813.28,8439.84
2025-11-14,3,Vendedor_9,5,7,Producto 5,Ropa,1362.97,9540.79
2025-11-14,5,Vendedor_11,19,9,Producto 19,Alimentos,516.25,4646.25
2025-11-14,1,Vendedor_12,11,9,Producto 11,Ropa,2360.08,21240.72
2025-11-15,5,Vendedor_2,18,8,Producto 18,Electrónica,187.01,1496.08
2025-11-15,2,Vendedor_7,11,9,Producto 11,Ropa,2577.53,23197.77
2025-11-15,4,Vendedor_1,9,2,Producto 9,Hogar,2532.66,5065.32
2025-11-16,2,Vendedor_14,17,8,Producto 17,Ropa,1620.9,12967.2
2025-11-16,5,Vendedor_2,16,8,Producto 16,Deportes,643.93,5151.44
2025-11-16,5,Vendedor_12,3,11,Producto 3,Deportes,1769.59,19465.49
2025-11-17,3,Vendedor_14,4,8,Producto 4,Ropa,2410.57,19284.56
2025-11-17,2,Vendedor_6,9,6,Producto 9,Hogar,2726.34,16358.04
2025-11-17,5,Vendedor_8,9,9,Producto 9,Hogar,2425.83,21832.47
2025-11-17,2,Vendedor_10,7,6,Producto 7,Electrónica,1682.85,10097.1
2025-11-17,2,Vendedor_4,3,9,Producto 3,Deportes,2197.21,19774.89
2025-11-17,1,Vendedor_5,3,1,Producto 3,Deportes,2091.86,2091.86
2025-11-17,5,Vendedor_15,3,2,Producto 3,Deportes,1877.11,3754.22
2025-11-17,3,Vendedor_1,18,4,Producto 18,Electrónica,201.79,807.16
2025-11-17,4,Vendedor_9,1,1,Producto 1,Electrónica,1225.12,1225.12
2025-11-17,5,Vendedor_4,14,9,Producto 14,Deportes,2856.99,25712.91
2025-11-17,4,Vendedor_4,4,11,Producto 4,Ropa,2331.63,25647.93
2025-11-18,3,Vendedor_4,15,11,Producto 15,Deportes,2202.45,24226.95
2025-11-18,4,Vendedor_1,2,7,Producto 2,Deportes,2689.0,18823.0
2025-11-18,4,Vendedor_1,14,9,Producto 14,Deportes,2476.76,22290.84
2025-11-18,3,Vendedor_11,2,4,Producto 2,Deportes,2602.19,10408.76
2025-11-18,3,Vendedor_2,18,3,Producto 18,Electrónica,165.05,495.15
2025-11-19,4,Vendedor_6,1,6,Producto 1,Electrónica,1286.08,7716.48
2025-11-19,3,Vendedor_12,6,1,Producto 6,Alimentos,754.1,754.1
2025-11-19,3,Vendedor_11,18,9,Producto 18,Electrónica,189.51,1705.59
2025-11-19,4,Vendedor_2,12,7,Producto 12,Alimentos,1050.86,7356.02
2025-11-19,5,Vendedor_11,4,7,Producto 4,Ropa,2361.5,16530.5
2025-11-19,3,Vendedor_3,16,10,Producto 16,Deportes,636.1,6361.0
2025-11-20,4,Vendedor_13,16,5,Producto 16,Deportes,622.91,3114.55
2025-11-20,4,Vendedor_1,1,1,Producto 1,Electrónica,1130.29,1130.29
2025-11-20,3,Vendedor_8,20,9,Producto 20,Ropa,2351.0,21159.0
2025-11-20,5,Vendedor_12,9,8,Producto 9,Hogar,2523.32,20186.56
2025-11-20,2,Vendedor_11,1,1,Producto 1,Electrónica,1113.19,1113.19
2025-11-20,1,Vendedor_4,18,4,Producto 18,Electrónica,189.24,756.96
2025-11-21,5,Vendedor_1,17,7,Producto 17,Ropa,1321.78,9252.46
2025-11-21,3,Vendedor_8,13,8,Producto 13,Deportes,2748.21,21985.68
2025-11-21,5,Vendedor_5,8,10,Producto 8,Deportes,234.33,2343.3
2025-11-21,5,Vendedor_5,2,4,Producto 2,Deportes,2832.26,11329.04
2025-11-21,3,Vendedor_14,11,2,Producto 11,Ropa,2128.65,4257.3
2025-11-22,5,Vendedor_7,1,6,Producto 1,Electrónica,1244.68,7468.08
2025-11-22,1,Vendedor_5,4,10,Producto 4,Ropa,2331.34,23313.4
2025-11-22,5,Vendedor_15,16,2,Producto 16,Deportes,658.25,1316.5
2025-11-22,3,Vendedor_13,13,3,Producto 13,Deportes,3132.14,9396.42
2025-11-22,2,Vendedor_11,20,4,Producto 20,Ropa,1885.62,7542.48
2025-11-22,5,Vendedor_6,4,6,Producto 4,Ropa,2495.16,14970.96
2025-11-23,1,Vendedor_12,5,10,Producto 5,Ropa,1372.32,13723.2
2025-11-23,1,Vendedor_15,15,6,Producto 15,Deportes,2160.21,12961.26
2025-11-23,4,Vendedor_4,8,9,Producto 8,Deportes,269.88,2428.92
2025-11-23,5,Vendedor_12,8,1,Producto 8,Deportes,234.31,234.31
2025-11-24,4,Vendedor_11,10,10,Producto 10,Electrónica,1866.03,18660.3
2025-11-24,3,Vendedor_14,8,1,Producto 8,Deportes,234.51,234.51
2025-11-24,3,Vendedor_10,1,4,Producto 1,Electrónica,1205.39,4821.56
2025-11-24,2,Vendedor_11,19,10,Producto 19,Alimentos,504.41,5044.1
2025-11-25,5,Vendedor_1,20,3,Producto 20,Ropa,2288.18,6864.54
2025-11-25,1,Vendedor_14,7,6,Producto 7,Electrónica,1524.68,9148.08
2025-11-25,5,Vendedor_4,5,2,Producto 5,Ropa,1346.55,2693.1
2025-11-25,2,Vendedor_10,7,11,Producto 7,Electrónica,1854.37,20398.07
2025-11-25,2,Vendedor_11,1,6,Producto 1,Electrónica,1191.16,7146.96
2025-11-25,4,Vendedor_6,16,3,Producto 16,Deportes,604.94,1814.82
2025-11-26,2,Vendedor_12,1,10,Producto 1,Electrónica,1241.5,12415.0
2025-11-26,2,Vendedor_2,15,5,Producto 15,Deportes,2498.02,12490.1
2025-11-26,1,Vendedor_12,3,9,Producto 3,Deportes,1997.99,17981.91
2025-11-26,4,Vendedor_7,13,8,Producto 13,Deportes,3334.53,26676.24
2025-11-27,2,Vendedor_6,18,5,Producto 18,Electrónica,195.56,977.8
2025-11-27,1,Vendedor_7,10,11,Producto 10,Electrónica,1874.04,20614.44
2025-11-27,5,Vendedor_14,3,10,Producto 3,Deportes,2110.89,21108.9
2025-11-27,1,Vendedor_5,11,4,Producto 11,Ropa,2165.87,8663.48
2025-11-28,1,Vendedor_11,12,4,Producto 12,Alimentos,1215.69,4862.76
2025-11-28,1,Vendedor_12,1,4,Producto 1,Electrónica,1047.12,4188.48
2025-11-28,1,Vendedor_3,18,4,Producto 18,Electrónica,195.44,781.76
2025-11-28,5,Vendedor_13,11,10,Producto 11,Ropa,2340.7,23407.0
2025-11-28,1,Vendedor_6,5,4,Producto 5,Ropa,1395.89,5583.56
2025-11-28,3,Vendedor_6,12,1,Producto 12,Alimentos,1071.35,1071.35
2025-11-28,1,Vendedor_6,4,2,Producto 4,Ropa,2664.31,5328.62
2025-11-29,1,Vendedor_11,9,4,Producto 9,Hogar,2762.8,11051.2
2025-11-29,5,Vendedor_1,16,10,Producto 16,Deportes,615.43,6154.3
2025-11-29,5,Vendedor_4,9,10,Producto 9,Hogar,2615.71,26157.1
2025-11-29,2,Vendedor_11,20,7,Producto 20,Ropa,1899.72,13298.04
2025-11-29,3,Vendedor_9,17,4,Producto 17,Ropa,1364.79,5459.16
2025-11-29,5,Vendedor_12,12,6,Producto 12,Alimentos,1252.83,7516.98
2025-11-29,2,Vendedor_11,2,10,Producto 2,Deportes,2722.78,27227.8
2025-11-29,2,Vendedor_13,9,8,Producto 9,Hogar,2746.76,21974.08
2025-11-30,5,Vendedor_4,2,9,Producto 2,Deportes,3033.41,27300.69
2025-11-30,4,Vendedor_13,15,5,Producto 15,Deportes,2179.15,10895.75
2025-11-30,2,Vendedor_10,19,7,Producto 19,Alimentos,545.09,3815.63
2025-11-30,2,Vendedor_7,9,9,Producto 9,Hogar,2712.36,24411.24
2025-11-30,3,Vendedor_3,7,8,Producto 7,Electrónica,1820.9,14567.2
2025-11-30,2,Vendedor_1,11,2,Producto 11,Ropa,2279.66,4559.32
2025-11-30,5,Vendedor_13,14,4,Producto 14,Deportes,2447.89,9791.56
2025-12-01,2,Vendedor_3,8,4,Producto 8,Deportes,228.57,914.28
2025-12-01,3,Vendedor_2,15,6,Producto 15,Deportes,2266.46,13598.76
2025-12-01,4,Vendedor_11,13,2,Producto 13,Deportes,3304.36,6608.72
2025-12-01,5,Vendedor_1,10,5,Producto 10,Electrónica,2064.88,10324.4
2025-12-01,2,Vendedor_12,17,10,Producto 17,Ropa,1571.82,15718.2
2025-12-02,5,Vendedor_4,6,7,Producto 6,Alimentos,709.1,4963.7
2025-12-02,3,Vendedor_10,8,7,Producto 8,Deportes,258.89,1812.23
2025-12-03,5,Vendedor_4,19,8,Producto 19,Alimentos,537.36,4298.88
2025-12-03,3,Vendedor_9,15,11,Producto 15,Deportes,2559.03,28149.33
2025-12-03,2,Vendedor_9,16,10,Producto 16,Deportes,680.51,6805.1
2025-12-03,3,Vendedor_15,2,3,Producto 2,Deportes,2981.76,8945.28
2025-12-03,2,Vendedor_13,6,3,Producto 6,Alimentos,738.99,2216.97
2025-12-04,3,Vendedor_9,1,7,Producto 1,Electrónica,1305.25,9136.75
2025-12-04,4,Vendedor_8,2,1,Producto 2,Deportes,3001.24,3001.24
2025-12-04,5,Vendedor_9,20,9,Producto 20,Ropa,2146.03,19314.27
2025-12-04,4,Vendedor_7,19,1,Producto 19,Alimentos,464.19,464.19
2025-12-04,1,Vendedor_4,7,1,Producto 7,Electrónica,1712.21,1712.21
2025-12-04,1,Vendedor_14,5,11,Producto 5,Ropa,1368.44,15052.84
2025-12-05,3,Vendedor_7,20,6,Producto 20,Ropa,2094.55,12567.3
2025-12-05,1,Vendedor_12,1,3,Producto 1,Electrónica,1138.57,3415.71
2025-12-05,2,Vendedor_1,13,8,Producto 13,Deportes,3161.9,25295.2
2025-12-05,2,Vendedor_1,15,10,Producto 15,Deportes,2342.21,23422.1
2025-12-05,4,Vendedor_11,3,1,Producto 3,Deportes,1877.48,1877.48
2025-12-05,4,Vendedor_14,5,3,Producto 5,Ropa,1297.12,3891.36
2025-12-05,2,Vendedor_8,10,2,Producto 10,Electrónica,2012.15,4024.3
2025-12-06,1,Vendedor_14,13,3,Producto 13,Deportes,3223.24,9669.72
2025-12-06,4,Vendedor_1,3,10,Producto 3,Deportes,1934.4,19344.0
2025-12-06,3,Vendedor_1,2,3,Producto 2,Deportes,2686.27,8058.81
2025-12-07,3,Vendedor_9,5,6,Producto 5,Ropa,1552.77,9316.62
2025-12-07,2,Vendedor_14,9,2,Producto 9,Hogar,2664.84,5329.68
2025-12-08,2,Vendedor_12,11,5,Producto 11,Ropa,2245.66,11228.3
2025-12-08,5,Vendedor_10,6,5,Producto 6,Alimentos,809.64,4048.2
2025-12-08,3,Vendedor_1,12,2,Producto 12,Alimentos,1211.13,2422.26
2025-12-08,4,Vendedor_11,11,7,Producto 11,Ropa,2156.92,15098.44
2025-12-08,1,Vendedor_12,15,4,Producto 15,Deportes,2652.04,10608.16
2025-12-09,1,Vendedor_5,10,3,Producto 10,Electrónica,1923.57,5770.71
2025-12-09,3,Vendedor_15,4,2,Producto 4,Ropa,2576.83,5153.66
2025-12-09,5,Vendedor_15,17,4,Producto 17,Ropa,1543.77,6175.08
2025-12-09,1,Vendedor_7,6,7,Producto 6,Alimentos,802.06,5614.42
2025-12-10,3,Vendedor_9,10,7,Producto 10,Electrónica,2190.53,15333.71
2025-12-10,3,Vendedor_15,15,11,Producto 15,Deportes,2328.22,25610.42
2025-12-10,4,Vendedor_7,4,10,Producto 4,Ropa,2639.99,26399.9
2025-12-10,4,Vendedor_7,10,11,Producto 10,Electrónica,1740.85,19149.35
2025-12-10,2,Vendedor_14,14,6,Producto 14,Deportes,2692.52,16155.12
2025-12-11,5,Vendedor_14,10,8,Producto 10,Electrónica,1746.6,13972.8
2025-12-11,2,Vendedor_14,13,9,Producto 13,Deportes,3214.71,28932.39
2025-12-11,3,Vendedor_11,4,4,Producto 4,Ropa,2410.52,9642.08
2025-12-11,1,Vendedor_4,8,8,Producto 8,Deportes,258.53,2068.24
2025-12-11,4,Vendedor_4,3,4,Producto 3,Deportes,2216.68,8866.72
2025-12-12,5,Vendedor_6,3,9,Producto 3,Deportes,1926.58,17339.22
2025-12-12,4,Vendedor_5,1,2,Producto 1,Electrónica,1294.34,2588.68
2025-12-12,4,Vendedor_5,8,2,Producto 8,Deportes,263.8,527.6
2025-12-13,3,Vendedor_7,19,11,Producto 19,Alimentos,496.94,5466.34
2025-12-13,4,Vendedor_2,13,9,Producto 13,Deportes,2884.87,25963.83
2025-12-14,3,Vendedor_8,9,4,Producto 9,Hogar,2474.47,9897.88
2025-12-15,4,Vendedor_3,6,11,Producto 6,Alimentos,695.58,7651.38
2025-12-15,3,Vendedor_2,6,10,Producto 6,Alimentos,738.27,7382.7
2025-12-15,1,Vendedor_9,3,11,Producto 3,Deportes,2182.92,24012.12
2025-12-15,5,Vendedor_7,7,10,Producto 7,Electrónica,1887.89,18878.9
2025-12-15,4,Vendedor_8,16,10,Producto 16,Deportes,666.81,6668.1
2025-12-15,5,Vendedor_1,16,3,Producto 16,Deportes,579.27,1737.81
2025-12-15,3,Vendedor_7,15,5,Producto 15,Deportes,2120.75,10603.75
2025-12-15,3,Vendedor_3,12,10,Producto 12,Alimentos,1119.54,11195.4
2025-12-15,4,Vendedor_6,14,2,Producto 14,Deportes,3000.59,6001.18
2025-12-16,2,Vendedor_1,4,8,Producto 4,Ropa,2844.19,22753.52
2025-12-16,2,Vendedor_7,13,2,Producto 13,Deportes,2822.83,5645.66
2025-12-16,1,Vendedor_12,20,7,Producto 20,Ropa,2347.31,16431.17
2025-12-16,4,Vendedor_4,17,10,Producto 17,Ropa,1628.1,16281.0
2025-12-16,1,Vendedor_4,7,7,Producto 7,Electrónica,1843.18,12902.26
2025-12-16,5,Vendedor_11,8,8,Producto 8,Deportes,225.38,1803.04
2025-12-16,1,Vendedor_13,10,8,Producto 10,Electrónica,1833.11,14664.88
2025-12-17,1,Vendedor_15,3,6,Producto 3,Deportes,2118.9,12713.4
2025-12-17,1,Vendedor_1,9,3,Producto 9,Hogar,2531.82,7595.46
2025-12-17,1,Vendedor_6,1,5,Producto 1,Electrónica,1298.54,6492.7
2025-12-17,5,Vendedor_3,11,5,Producto 11,Ropa,2242.23,11211.15
2025-12-17,2,Vendedor_11,12,11,Producto 12,Alimentos,1134.22,12476.42
2025-12-17,3,Vendedor_2,18,7,Producto 18,Electrónica,201.35,1409.45
2025-12-17,3,Vendedor_12,7,11,Producto 7,Electrónica,1682.13,18503.43
2025-12-17,2,Vendedor_8,12,9,Producto 12,Alimentos,1251.38,11262.42
2025-12-17,1,Vendedor_7,18,6,Producto 18,Electrónica,177.26,1063.56
2025-12-17,2,Vendedor_15,16,11,Producto 16,Deportes,695.48,7650.28
2025-12-17,5,Vendedor_1,6,3,Producto 6,Alimentos,726.05,2178.15
2025-12-17,4,Vendedor_3,11,7,Producto 11,Ropa,2556.31,17894.17
2025-12-18,5,Vendedor_10,6,10,Producto 6,Alimentos,725.46,7254.6
2025-12-18,2,Vendedor_6,3,4,Producto 3,Deportes,1904.59,7618.36
2025-12-18,1,Vendedor_4,6,11,Producto 6,Alimentos,702.38,7726.18
2025-12-19,2,Vendedor_3,15,2,Producto 15,Deportes,2457.06,4914.12
2025-12-19,4,Vendedor_15,5,6,Producto 5,Ropa,1288.03,7728.18
2025-12-19,1,Vendedor_12,4,10,Producto 4,Ropa,2244.66,22446.6
2025-12-19,1,Vendedor_14,17,4,Producto 17,Ropa,1333.27,5333.08
2025-12-20,4,Vendedor_6,19,3,Producto 19,Alimentos,569.68,1709.04
2025-12-20,2,Vendedor_7,2,5,Producto 2,Deportes,3182.71,15913.55
2025-12-20,4,Vendedor_7,11,9,Producto 11,Ropa,2615.09,23535.81
2025-12-20,2,Vendedor_12,6,8,Producto 6,Alimentos,767.68,6141.44
2025-12-20,2,Vendedor_14,5,2,Producto 5,Ropa,1555.28,3110.56
2025-12-20,4,Vendedor_11,5,8,Producto 5,Ropa,1485.61,11884.88
2025-12-20,3,Vendedor_1,14,5,Producto 14,Deportes,3024.71,15123.55
2025-12-21,3,Vendedor_15,20,6,Producto 20,Ropa,2028.92,12173.52
2025-12-21,2,Vendedor_13,4,10,Producto 4,Ropa,2267.59,22675.9
2025-12-21,5,Vendedor_8,15,11,Producto 15,Deportes,2281.73,25099.03
2025-12-21,4,Vendedor_5,2,7,Producto 2,Deportes,2728.66,19100.62
2025-12-21,2,Vendedor_4,9,9,Producto 9,Hogar,2863.83,25774.47
2025-12-21,4,Vendedor_15,8,11,Producto 8,Deportes,232.71,2559.81
2025-12-21,1,Vendedor_14,19,6,Producto 19,Alimentos,568.33,3409.98
2025-12-21,3,Vendedor_2,4,7,Producto 4,Ropa,2833.29,19833.03
2025-12-21,5,Vendedor_1,15,9,Producto 15,Deportes,2670.07,24030.63
2025-12-21,1,Vendedor_6,13,1,Producto 13,Deportes,2944.12,2944.12
2025-12-21,4,Vendedor_8,11,3,Producto 11,Ropa,2318.71,6956.13
2025-12-21,1,Vendedor_12,13,10,Producto 13,Deportes,3016.04,30160.4
2025-12-21,2,Vendedor_2,7,5,Producto 7,Electrónica,1634.12,8170.6
2025-12-22,4,Vendedor_2,5,4,Producto 5,Ropa,1262.36,5049.44
2025-12-22,4,Vendedor_14,2,1,Producto 2,Deportes,3063.76,3063.76
2025-12-22,4,Vendedor_3,18,5,Producto 18,Electrónica,204.2,1021.0
2025-12-22,3,Vendedor_9,14,3,Producto 14,Deportes,3009.9,9029.7
2025-12-22,5,Vendedor_1,20,3,Producto 20,Ropa,1880.88,5642.64
2025-12-22,1,Vendedor_14,1,9,Producto 1,Electrónica,1201.63,10814.67
2025-12-22,1,Vendedor_2,20,7,Producto 20,Ropa,2117.86,14825.02
2025-12-22,1,Vendedor_6,2,7,Producto 2,Deportes,2863.11,20041.77
2025-12-23,5,Vendedor_6,15,9,Producto 15,Deportes,2485.79,22372.11
2025-12-23,2,Vendedor_13,14,5,Producto 14,Deportes,2906.19,14530.95
2025-12-23,4,Vendedor_12,5,7,Producto 5,Ropa,1491.55,10440.85
2025-12-23,2,Vendedor_6,17,9,Producto 17,Ropa,1471.66,13244.94
2025-12-23,4,Vendedor_12,4,5,Producto 4,Ropa,2647.96,13239.8
2025-12-23,4,Vendedor_4,2,6,Producto 2,Deportes,2668.05,16008.3
2025-12-23,4,Vendedor_7,20,9,Producto 20,Ropa,1867.0,16803.0
2025-12-23,3,Vendedor_1,9,7,Producto 9,Hogar,2317.37,16221.59
2025-12-24,5,Vendedor_5,9,7,Producto 9,Hogar,2363.83,16546.81
2025-12-24,5,Vendedor_1,16,10,Producto 16,Deportes,593.79,5937.9
2025-12-24,2,Vendedor_4,12,8,Producto 12,Alimentos,1003.21,8025.68
2025-12-24,3,Vendedor_1,17,1,Producto 17,Ropa,1304.0,1304.0
2025-12-24,5,Vendedor_8,19,6,Producto 19,Alimentos,570.81,3424.86
2025-12-24,2,Vendedor_13,10,3,Producto 10,Electrónica,2114.73,6344.19
2025-12-25,3,Vendedor_4,1,11,Producto 1,Electrónica,1127.65,12404.15
2025-12-25,3,Vendedor_11,20,1,Producto 20,Ropa,2127.91,2127.91
2025-12-26,3,Vendedor_10,3,3,Producto 3,Deportes,2213.41,6640.23
2025-12-26,3,Vendedor_1,6,10,Producto 6,Alimentos,721.61,7216.1
2025-12-26,3,Vendedor_14,9,1,Producto 9,Hogar,2724.27,2724.27
2025-12-26,2,Vendedor_5,9,8,Producto 9,Hogar,2516.57,20132.56
2025-12-26,4,Vendedor_10,15,11,Producto 15,Deportes,2130.82,23439.02
2025-12-26,4,Vendedor_1,12,4,Producto 12,Alimentos,1136.5,4546.0
2025-12-27,4,Vendedor_14,17,5,Producto 17,Ropa,1379.32,6896.6
2025-12-27,1,Vendedor_6,5,6,Producto 5,Ropa,1325.63,7953.78
2025-12-27,5,Vendedor_2,20,5,Producto 20,Ropa,1880.83,9404.15
2025-12-27,1,Vendedor_4,18,1,Producto 18,Electrónica,192.55,192.55
2025-12-27,1,Vendedor_12,14,5,Producto 14,Deportes,2431.93,12159.65
2025-12-27,5,Vendedor_12,12,11,Producto 12,Alimentos,1118.55,12304.05
2025-12-28,2,Vendedor_3,19,7,Producto 19,Alimentos,520.6,3644.2
2025-12-28,2,Vendedor_1,19,10,Producto 19,Alimentos,564.56,5645.6
2025-12-28,4,Vendedor_6,6,5,Producto 6,Alimentos,672.16,3360.8
2025-12-29,2,Vendedor_8,15,1,Producto 15,Deportes,2121.36,2121.36
2025-12-29,3,Vendedor_11,4,4,Producto 4,Ropa,2637.54,10550.16
2025-12-29,2,Vendedor_11,2,8,Producto 2,Deportes,3075.31,24602.48
2025-12-29,3,Vendedor_13,12,4,Producto 12,Alimentos,1057.25,4229.0
2025-12-29,1,Vendedor_12,7,3,Producto 7,Electrónica,1775.23,5325.69
2025-12-29,4,Vendedor_2,2,1,Producto 2,Deportes,3009.29,3009.29
2025-12-30,2,Vendedor_4,8,11,Producto 8,Deportes,251.09,2761.99
2025-12-30,3,Vendedor_3,16,1,Producto 16,Deportes,650.72,650.72
2025-12-30,5,Vendedor_9,15,2,Producto 15,Deportes,2517.52,5035.04
2025-12-30,1,Vendedor_1,15,9,Producto 15,Deportes,2480.24,22322.16
2025-12-30,5,Vendedor_14,7,1,Producto 7,Electrónica,1790.38,1790.38
2025-12-30,5,Vendedor_12,6,7,Producto 6,Alimentos,769.02,5383.14
2025-12-31,2,Vendedor_6,19,2,Producto 19,Alimentos,516.97,1033.94
2025-12-31,3,Vendedor_7,13,9,Producto 13,Deportes,3141.51,28273.59
2025-12-31,1,Vendedor_9,9,3,Producto 9,Hogar,2642.86,7928.58
2025-12-31,3,Vendedor_7,15,6,Producto 15,Deportes,2547.62,15285.72
2025-12-31,2,Vendedor_7,8,3,Producto 8,Deportes,260.58,781.74
