tmb_FechaCarga,tmb_MonedaDest,tmb_MonedaOrig,tmb_PrecioLimpio
20260923,MXP,EUR,19.935626
20260923,MXP,GBP,23.187456
20260923,MXP,USD,17.5112
20260922,MXP,EUR,19.79405
20260922,MXP,GBP,23.07059
20260922,MXP,USD,17.2904
20260921,MXP,EUR,19.748977
20260921,MXP,GBP,23.027123
20260921,MXP,USD,17.2262
20260918,MXP,EUR,19.796745
20260918,MXP,GBP,23.083144
20260918,MXP,USD,17.2333
20260917,MXP,EUR,19.710991
20260917,MXP,GBP,22.936496
20260917,MXP,USD,17.1706
20260915,MXP,EUR,19.79392
20260915,MXP,GBP,23.110209
20260915,MXP,USD,17.1517
20260914,MXP,EUR,19.801027
20260914,MXP,GBP,23.149222
20260914,MXP,USD,17.1482
20260911,MXP,EUR,19.679841
20260911,MXP,GBP,22.956844
20260911,MXP,USD,16.9705
20260910,MXP,EUR,19.736536
20260910,MXP,GBP,22.963919
20260910,MXP,USD,16.9996
20260909,MXP,EUR,19.661749
20260909,MXP,GBP,22.898988
20260909,MXP,USD,16.9046
20260908,MXP,EUR,19.659756
20260908,MXP,GBP,22.901286
20260908,MXP,USD,16.9138
20260907,MXP,EUR,19.678371
20260907,MXP,GBP,22.92509
20260907,MXP,USD,16.932
20260904,MXP,EUR,19.61744
20260904,MXP,GBP,22.835214
20260904,MXP,USD,16.8912
20260903,MXP,EUR,19.685339
20260903,MXP,GBP,22.896534
20260903,MXP,USD,16.9278
20260902,MXP,EUR,19.674686
20260902,MXP,GBP,22.90145
20260902,MXP,USD,16.9785
20260901,MXP,EUR,19.706014
20260901,MXP,GBP,22.973072
20260901,MXP,USD,17.0026
20260831,MXP,EUR,19.741622
20260831,MXP,GBP,23.043478
20260831,MXP,USD,16.9971
20260828,MXP,EUR,19.732737
20260828,MXP,GBP,23.05714
20260828,MXP,USD,17.0308
20260827,MXP,EUR,19.7706
20260827,MXP,GBP,23.061307
20260827,MXP,USD,16.9712
20260826,MXP,EUR,19.760732
20260826,MXP,GBP,23.050354
20260826,MXP,USD,16.9569
20260825,MXP,EUR,19.785246
20260825,MXP,GBP,23.133479
20260825,MXP,USD,16.9445
20260824,MXP,EUR,19.777289
20260824,MXP,GBP,23.112505
20260824,MXP,USD,16.9602
20260821,MXP,EUR,19.761227
20260821,MXP,GBP,23.091996
20260821,MXP,USD,16.9203
20260820,MXP,EUR,19.802735
20260820,MXP,GBP,23.111961
20260820,MXP,USD,16.9573
20260819,MXP,EUR,19.789392
20260819,MXP,GBP,23.060086
20260819,MXP,USD,16.9466
20260818,MXP,EUR,19.754002
20260818,MXP,GBP,23.094692
20260818,MXP,USD,17.0661
20260817,MXP,EUR,19.724876
20260817,MXP,GBP,23.070413
20260817,MXP,USD,17.0343
20260814,MXP,EUR,19.701238
20260814,MXP,GBP,23.049477
20260814,MXP,USD,17.0308
20260813,MXP,EUR,19.649842
20260813,MXP,GBP,22.986873
20260813,MXP,USD,17.0431
20260812,MXP,EUR,19.66406
20260812,MXP,GBP,23.025178
20260812,MXP,USD,17.0658
20260811,MXP,EUR,19.724217
20260811,MXP,GBP,23.081939
20260811,MXP,USD,17.0876
20260810,MXP,EUR,19.784604
20260810,MXP,GBP,23.155469
20260810,MXP,USD,17.1414
20260807,MXP,EUR,19.814677
20260807,MXP,GBP,23.132691
20260807,MXP,USD,17.1385
20260806,MXP,EUR,19.830853
20260806,MXP,GBP,23.155786
20260806,MXP,USD,17.2098
20260805,MXP,EUR,19.918305
20260805,MXP,GBP,23.218481
20260805,MXP,USD,17.2423
20260804,MXP,EUR,19.900546
20260804,MXP,GBP,23.215003
20260804,MXP,USD,17.2583
20260803,MXP,EUR,19.94004
20260803,MXP,GBP,23.268848
20260803,MXP,USD,17.3241
20260731,MXP,EUR,19.922269
20260731,MXP,GBP,23.300672
20260731,MXP,USD,17.3207
20260730,MXP,EUR,19.994178
20260730,MXP,GBP,23.354573
20260730,MXP,USD,17.3395
20260729,MXP,EUR,19.99054
20260729,MXP,GBP,23.304989
20260729,MXP,USD,17.4628
20260728,MXP,EUR,19.859695
20260728,MXP,GBP,23.173276
20260728,MXP,USD,17.4399
20260727,MXP,EUR,19.838462
20260727,MXP,GBP,23.191824
20260727,MXP,USD,17.4473
20260724,MXP,EUR,19.879877
20260724,MXP,GBP,23.291986
20260724,MXP,USD,17.4845
20260723,MXP,EUR,19.942107
20260723,MXP,GBP,23.341449
20260723,MXP,USD,17.5269
20260722,MXP,EUR,19.853876
20260722,MXP,GBP,23.268419
20260722,MXP,USD,17.3989
20260721,MXP,EUR,19.83519
20260721,MXP,GBP,23.276316
20260721,MXP,USD,17.397
20260720,MXP,EUR,19.896262
20260720,MXP,GBP,23.415927
20260720,MXP,USD,17.4284
20260717,MXP,EUR,20.049293
20260717,MXP,GBP,23.584601
20260717,MXP,USD,17.5233
20260716,MXP,EUR,19.931991
20260716,MXP,GBP,23.475678
20260716,MXP,USD,17.4223
20260715,MXP,EUR,19.931377
20260715,MXP,GBP,23.531865
20260715,MXP,USD,17.3853
20260714,MXP,EUR,19.908901
20260714,MXP,GBP,23.338774
20260714,MXP,USD,17.4326
20260713,MXP,EUR,19.948446
20260713,MXP,GBP,23.400682
20260713,MXP,USD,17.524
20260710,MXP,EUR,19.952771
20260710,MXP,GBP,23.418639
20260710,MXP,USD,17.4779
20260709,MXP,EUR,20.050998
20260709,MXP,GBP,23.524121
20260709,MXP,USD,17.5455
20260708,MXP,EUR,20.058156
20260708,MXP,GBP,23.524924
20260708,MXP,USD,17.5533
20260707,MXP,EUR,19.994325
20260707,MXP,GBP,23.399981
20260707,MXP,USD,17.5143
20260706,MXP,EUR,19.893803
20260706,MXP,GBP,23.286076
20260706,MXP,USD,17.3874
20260703,MXP,EUR,19.987155
20260703,MXP,GBP,23.337564
20260703,MXP,USD,17.4774
20260702,MXP,EUR,19.979069
20260702,MXP,GBP,23.326384
20260702,MXP,USD,17.4795
20260701,MXP,EUR,19.969316
20260701,MXP,GBP,23.301776
20260701,MXP,USD,17.5485
20260630,MXP,EUR,20.0009
20260630,MXP,GBP,23.218892
20260630,MXP,USD,17.4986
20260629,MXP,EUR,19.962739
20260629,MXP,GBP,23.16887
20260629,MXP,USD,17.4721
20260626,MXP,EUR,19.934703
20260626,MXP,GBP,23.103992
20260626,MXP,USD,17.505
20260625,MXP,EUR,19.885664
20260625,MXP,GBP,23.080893
20260625,MXP,USD,17.4842
20260624,MXP,EUR,20.010326
20260624,MXP,GBP,23.194237
20260624,MXP,USD,17.6248
20260623,MXP,EUR,19.991765
20260623,MXP,GBP,23.183174
20260623,MXP,USD,17.569
20260622,MXP,EUR,19.849567
20260622,MXP,GBP,23.015942
20260622,MXP,USD,17.3738
20260619,MXP,EUR,19.893073
20260619,MXP,GBP,22.938753
20260619,MXP,USD,17.3345
20260618,MXP,EUR,19.894314
20260618,MXP,GBP,22.918644
20260618,MXP,USD,17.3613
20260617,MXP,EUR,19.92775
20260617,MXP,GBP,23.030617
20260617,MXP,USD,17.3345
20260616,MXP,EUR,19.98561
20260616,MXP,GBP,23.111383
20260616,MXP,USD,17.2171
20260615,MXP,EUR,19.950876
20260615,MXP,GBP,23.091189
20260615,MXP,USD,17.2213
20260612,MXP,EUR,19.93919
20260612,MXP,GBP,23.108026
20260612,MXP,USD,17.2313
20260611,MXP,EUR,19.964165
20260611,MXP,GBP,23.132327
20260611,MXP,USD,17.2417
20260610,MXP,EUR,20.089251
20260610,MXP,GBP,23.275428
20260610,MXP,USD,17.4061
20260609,MXP,EUR,20.133224
20260609,MXP,GBP,23.337723
20260609,MXP,USD,17.4442
20260608,MXP,EUR,20.137335
20260608,MXP,GBP,23.300121
20260608,MXP,USD,17.4644
20260605,MXP,EUR,20.145776
20260605,MXP,GBP,23.313008
20260605,MXP,USD,17.4793
20260604,MXP,EUR,20.075807
20260604,MXP,GBP,23.21013
20260604,MXP,USD,17.2881
20260603,MXP,EUR,20.111962
20260603,MXP,GBP,23.270351
20260603,MXP,USD,17.3394
20260602,MXP,EUR,20.110433
20260602,MXP,GBP,23.283544
20260602,MXP,USD,17.2874
20260601,MXP,EUR,20.192463
20260601,MXP,GBP,23.364893
20260601,MXP,USD,17.3594
20260529,MXP,EUR,20.237631
20260529,MXP,GBP,23.364051
20260529,MXP,USD,17.3401
20260528,MXP,EUR,20.169286
20260528,MXP,GBP,23.272385
20260528,MXP,USD,17.3164
20260527,MXP,EUR,20.181549
20260527,MXP,GBP,23.307961
20260527,MXP,USD,17.3545
20260526,MXP,EUR,20.117436
20260526,MXP,GBP,23.259064
20260526,MXP,USD,17.2949
20260525,MXP,EUR,20.119413
20260525,MXP,GBP,23.344022
20260525,MXP,USD,17.281
20260522,MXP,EUR,20.102226
20260522,MXP,GBP,23.278677
20260522,MXP,USD,17.3198
20260521,MXP,EUR,20.100031
20260521,MXP,GBP,23.237579
20260521,MXP,USD,17.2963
20260520,MXP,EUR,20.101556
20260520,MXP,GBP,23.230531
20260520,MXP,USD,17.2872
20260519,MXP,EUR,20.192459
20260519,MXP,GBP,23.314592
20260519,MXP,USD,17.3983
20260518,MXP,EUR,20.133733
20260518,MXP,GBP,23.207703
20260518,MXP,USD,17.2792
20260515,MXP,EUR,20.154068
20260515,MXP,GBP,23.098009
20260515,MXP,USD,17.3428
20260514,MXP,EUR,20.107768
20260514,MXP,GBP,23.087377
20260514,MXP,USD,17.2281
20260513,MXP,EUR,20.1186
20260513,MXP,GBP,23.232593
20260513,MXP,USD,17.1807
20260512,MXP,EUR,20.219567
20260512,MXP,GBP,23.317949
20260512,MXP,USD,17.2228
20260511,MXP,EUR,20.256703
20260511,MXP,GBP,23.422288
20260511,MXP,USD,17.1995
20260508,MXP,EUR,20.252966
20260508,MXP,GBP,23.432026
20260508,MXP,USD,17.1934
20260507,MXP,EUR,20.264661
20260507,MXP,GBP,23.421497
20260507,MXP,USD,17.2693
20260506,MXP,EUR,20.253395
20260506,MXP,GBP,23.434277
20260506,MXP,USD,17.2406
20260505,MXP,EUR,20.323855
20260505,MXP,GBP,23.533488
20260505,MXP,USD,17.3775
20260504,MXP,EUR,20.483787
20260504,MXP,GBP,23.71121
20260504,MXP,USD,17.5165
20260430,MXP,EUR,20.490902
20260430,MXP,GBP,23.727871
20260430,MXP,USD,17.4688
20260429,MXP,EUR,20.471474
20260429,MXP,GBP,23.628146
20260429,MXP,USD,17.5322
20260428,MXP,EUR,20.359894
20260428,MXP,GBP,23.501815
20260428,MXP,USD,17.3875
20260427,MXP,EUR,20.374263
20260427,MXP,GBP,23.521418
20260427,MXP,USD,17.3827
20260424,MXP,EUR,20.383335
20260424,MXP,GBP,23.540518
20260424,MXP,USD,17.3949
20260423,MXP,EUR,20.357945
20260423,MXP,GBP,23.459451
20260423,MXP,USD,17.4193
20260422,MXP,EUR,20.303307
20260422,MXP,GBP,23.421956
20260422,MXP,USD,17.3451
20260421,MXP,EUR,20.362886
20260421,MXP,GBP,23.410058
20260421,MXP,USD,17.3678
20260420,MXP,EUR,20.39202
20260420,MXP,GBP,23.413788
20260420,MXP,USD,17.3019
20260417,MXP,EUR,20.382378
20260417,MXP,GBP,23.412285
20260417,MXP,USD,17.3187
20260416,MXP,EUR,20.326551
20260416,MXP,GBP,23.343089
20260416,MXP,USD,17.2522
20260415,MXP,EUR,20.368917
20260415,MXP,GBP,23.410076
20260415,MXP,USD,17.2596
20260414,MXP,EUR,20.355242
20260414,MXP,GBP,23.411444
20260414,MXP,USD,17.2619
20260413,MXP,EUR,20.345816
20260413,MXP,GBP,23.365444
20260413,MXP,USD,17.2994
20260410,MXP,EUR,20.31038
20260410,MXP,GBP,23.325565
20260410,MXP,USD,17.3186
20260409,MXP,EUR,20.312955
20260409,MXP,GBP,23.324316
20260409,MXP,USD,17.3615
20260408,MXP,EUR,20.338088
20260408,MXP,GBP,23.370002
20260408,MXP,USD,17.4299
20260407,MXP,EUR,20.528925
20260407,MXP,GBP,23.526618
20260407,MXP,USD,17.7065
20260406,MXP,EUR,20.509221
20260406,MXP,GBP,23.513595
20260406,MXP,USD,17.7669
20260401,MXP,EUR,20.658025
20260401,MXP,GBP,23.717053
20260401,MXP,USD,17.8317
20260331,MXP,EUR,20.644453
20260331,MXP,GBP,23.646924
20260331,MXP,USD,17.9252
20260330,MXP,EUR,20.771603
20260330,MXP,GBP,23.89819
20260330,MXP,USD,18.1253
20260327,MXP,EUR,20.8794
20260327,MXP,GBP,24.060168
20260327,MXP,USD,18.1292
20260326,MXP,EUR,20.685832
20260326,MXP,GBP,23.900674
20260326,MXP,USD,17.9549
20260325,MXP,EUR,20.544989
20260325,MXP,GBP,23.748803
20260325,MXP,USD,17.7694
20260324,MXP,EUR,20.616319
20260324,MXP,GBP,23.813308
20260324,MXP,USD,17.7957
20260323,MXP,EUR,20.64803
20260323,MXP,GBP,23.879563
20260323,MXP,USD,17.7801
20260320,MXP,EUR,20.754105
20260320,MXP,GBP,23.941224
20260320,MXP,USD,17.9557
20260319,MXP,EUR,20.553988
20260319,MXP,GBP,23.826944
20260319,MXP,USD,17.7396
20260318,MXP,EUR,20.445204
20260318,MXP,GBP,23.667353
20260318,MXP,USD,17.8265
20260317,MXP,EUR,20.376876
20260317,MXP,GBP,23.588299
20260317,MXP,USD,17.6645
20260313,MXP,EUR,20.499448
20260313,MXP,GBP,23.740104
20260313,MXP,USD,17.9489
20260312,MXP,EUR,20.547519
20260312,MXP,GBP,23.816705
20260312,MXP,USD,17.8449
20260311,MXP,EUR,20.448377
20260311,MXP,GBP,23.708446
20260311,MXP,USD,17.6698
20260310,MXP,EUR,20.427615
20260310,MXP,GBP,23.601794
20260310,MXP,USD,17.5903
20260309,MXP,EUR,20.518807
20260309,MXP,GBP,23.733171
20260309,MXP,USD,17.6711
20260306,MXP,EUR,20.657285
20260306,MXP,GBP,23.837854
20260306,MXP,USD,17.8034
20260305,MXP,EUR,20.589248
20260305,MXP,GBP,23.697179
20260305,MXP,USD,17.79
20260304,MXP,EUR,20.439778
20260304,MXP,GBP,23.486317
20260304,MXP,USD,17.5592
20260303,MXP,EUR,20.482382
20260303,MXP,GBP,23.556468
20260303,MXP,USD,17.6367
20260302,MXP,EUR,20.242815
20260302,MXP,GBP,23.210701
20260302,MXP,USD,17.2853
20260227,MXP,EUR,20.345586
20260227,MXP,GBP,23.171601
20260227,MXP,USD,17.2318
20260226,MXP,EUR,20.284942
20260226,MXP,GBP,23.191748
20260226,MXP,USD,17.195
20260225,MXP,EUR,20.256617
20260225,MXP,GBP,23.249821
20260225,MXP,USD,17.1579
20260224,MXP,EUR,20.230786
20260224,MXP,GBP,23.190099
20260224,MXP,USD,17.1753
20260223,MXP,EUR,20.359958
20260223,MXP,GBP,23.290836
20260223,MXP,USD,17.2659
20260220,MXP,EUR,20.186915
20260220,MXP,GBP,23.108697
20260220,MXP,USD,17.1366
20260219,MXP,EUR,20.323564
20260219,MXP,GBP,23.239888
20260219,MXP,USD,17.2768
20260218,MXP,EUR,20.311241
20260218,MXP,GBP,23.26565
20260218,MXP,USD,17.2319
20260217,MXP,EUR,20.293337
20260217,MXP,GBP,23.229222
20260217,MXP,USD,17.1288
20260216,MXP,EUR,20.340042
20260216,MXP,GBP,23.390885
20260216,MXP,USD,17.1588
20260213,MXP,EUR,20.344284
20260213,MXP,GBP,23.389969
20260213,MXP,USD,17.1443
20260212,MXP,EUR,20.426371
20260212,MXP,GBP,23.445576
20260212,MXP,USD,17.2084
20260211,MXP,EUR,20.417352
20260211,MXP,GBP,23.431706
20260211,MXP,USD,17.1856
20260210,MXP,EUR,20.448104
20260210,MXP,GBP,23.460695
20260210,MXP,USD,17.1804
20260209,MXP,EUR,20.503856
20260209,MXP,GBP,23.560394
20260209,MXP,USD,17.2005
20260206,MXP,EUR,20.399511
20260206,MXP,GBP,23.500136
20260206,MXP,USD,17.2592
20260205,MXP,EUR,20.529128
20260205,MXP,GBP,23.582483
20260205,MXP,USD,17.4079
20260204,MXP,EUR,20.461967
20260204,MXP,GBP,23.673462
20260204,MXP,USD,17.3267
20260203,MXP,EUR,20.388257
20260203,MXP,GBP,23.624497
20260203,MXP,USD,17.2599
20260130,MXP,EUR,20.726435
20260130,MXP,GBP,23.902119
20260130,MXP,USD,17.4201
20260129,MXP,EUR,20.595517
20260129,MXP,GBP,23.769891
20260129,MXP,USD,17.2333
20260128,MXP,EUR,20.560636
20260128,MXP,GBP,23.751095
20260128,MXP,USD,17.2178
20260127,MXP,EUR,20.655046
20260127,MXP,GBP,23.768959
20260127,MXP,USD,17.242
20260126,MXP,EUR,20.633577
20260126,MXP,GBP,23.764492
20260126,MXP,USD,17.3698
20260123,MXP,EUR,20.518201
20260123,MXP,GBP,23.663492
20260123,MXP,USD,17.3677
20260122,MXP,EUR,20.527873
20260122,MXP,GBP,23.58079
20260122,MXP,USD,17.4802
20260121,MXP,EUR,20.44177
20260121,MXP,GBP,23.470942
20260121,MXP,USD,17.4843
20260120,MXP,EUR,20.62144
20260120,MXP,GBP,23.6408
20260120,MXP,USD,17.6056
20260119,MXP,EUR,20.470268
20260119,MXP,GBP,23.60393
20260119,MXP,USD,17.5801
20260116,MXP,EUR,20.463764
20260116,MXP,GBP,23.614547
20260116,MXP,USD,17.6465
20260115,MXP,EUR,20.497712
20260115,MXP,GBP,23.624392
20260115,MXP,USD,17.6499
20260114,MXP,EUR,20.730577
20260114,MXP,GBP,23.926337
20260114,MXP,USD,17.8136
20260113,MXP,EUR,20.786252
20260113,MXP,GBP,23.971361
20260113,MXP,USD,17.8438
20260112,MXP,EUR,20.913919
20260112,MXP,GBP,24.126777
20260112,MXP,USD,17.9188
20260109,MXP,EUR,20.92391
20260109,MXP,GBP,24.109705
20260109,MXP,USD,17.9836
20260108,MXP,EUR,20.952068
20260108,MXP,GBP,24.155125
20260108,MXP,USD,17.9846
20260107,MXP,EUR,20.987684
20260107,MXP,GBP,24.190222
20260107,MXP,USD,17.9666
20260106,MXP,EUR,21.009619
20260106,MXP,GBP,24.263504
20260106,MXP,USD,17.9723
20260105,MXP,EUR,20.998718
20260105,MXP,GBP,24.250502
20260105,MXP,USD,17.9063
20260102,MXP,EUR,20.996329
20260102,MXP,GBP,24.104452
20260102,MXP,USD,17.9142
20251231,MXP,EUR,21.145894
20251231,MXP,GBP,24.216258
20251231,MXP,USD,18.008
20251230,MXP,EUR,21.139784
20251230,MXP,GBP,24.233279
20251230,MXP,USD,17.9959
20251229,MXP,EUR,21.144978
20251229,MXP,GBP,24.270547
20251229,MXP,USD,17.9682
20251226,MXP,EUR,21.073472
20251226,MXP,GBP,24.157357
20251226,MXP,USD,17.893
20251224,MXP,EUR,21.138141
20251224,MXP,GBP,24.226822
20251224,MXP,USD,17.9418
20251223,MXP,EUR,21.122511
20251223,MXP,GBP,24.180677
20251223,MXP,USD,17.9156
20251222,MXP,EUR,21.138279
20251222,MXP,GBP,24.199638
20251222,MXP,USD,17.9816
20251219,MXP,EUR,21.103406
20251219,MXP,GBP,24.104797
20251219,MXP,USD,17.9994
20251218,MXP,EUR,21.107861
20251218,MXP,GBP,24.097284
20251218,MXP,USD,18.0032
20251217,MXP,EUR,21.159088
20251217,MXP,GBP,24.100993
20251217,MXP,USD,18.0154
20251216,MXP,EUR,21.108463
20251216,MXP,GBP,24.102674
20251216,MXP,USD,17.9509
20251215,MXP,EUR,21.125213
20251215,MXP,GBP,24.04447
20251215,MXP,USD,17.9812
20251211,MXP,EUR,21.174462
20251211,MXP,GBP,24.14849
20251211,MXP,USD,18.0354
20251210,MXP,EUR,21.230679
20251210,MXP,GBP,24.298051
20251210,MXP,USD,18.1824
20251209,MXP,EUR,21.153542
20251209,MXP,GBP,24.197047
20251209,MXP,USD,18.1919
20251208,MXP,EUR,21.248946
20251208,MXP,GBP,24.329638
20251208,MXP,USD,18.2559
20251205,MXP,EUR,21.16795
20251205,MXP,GBP,24.244394
20251205,MXP,USD,18.1824
20251204,MXP,EUR,21.251064
20251204,MXP,GBP,24.326133
20251204,MXP,USD,18.2389
20251203,MXP,EUR,21.340843
20251203,MXP,GBP,24.408882
20251203,MXP,USD,18.2838
20251202,MXP,EUR,21.248038
20251202,MXP,GBP,24.151306
20251202,MXP,USD,18.2826
20251201,MXP,EUR,21.255512
20251201,MXP,GBP,24.193399
20251201,MXP,USD,18.3103
20251128,MXP,EUR,21.226207
20251128,MXP,GBP,24.232125
20251128,MXP,USD,18.2953
20251127,MXP,EUR,21.275897
20251127,MXP,GBP,24.288846
20251127,MXP,USD,18.3492
20251126,MXP,EUR,21.26562
20251126,MXP,GBP,24.273963
20251126,MXP,USD,18.3435
20251125,MXP,EUR,21.29418
20251125,MXP,GBP,24.289723
20251125,MXP,USD,18.3832
20251124,MXP,EUR,21.342142
20251124,MXP,GBP,24.271862
20251124,MXP,USD,18.5133
20251121,MXP,EUR,21.283293
20251121,MXP,GBP,24.219578
20251121,MXP,USD,18.4847
20251120,MXP,EUR,21.218379
20251120,MXP,GBP,24.067795
20251120,MXP,USD,18.3892
20251119,MXP,EUR,21.150707
20251119,MXP,GBP,23.951412
20251119,MXP,USD,18.3592
20251118,MXP,EUR,21.247566
20251118,MXP,GBP,24.125862
20251118,MXP,USD,18.339
20251114,MXP,EUR,21.273706
20251114,MXP,GBP,24.105388
20251114,MXP,USD,18.3102
20251113,MXP,EUR,21.317981
20251113,MXP,GBP,24.166059
20251113,MXP,USD,18.3215
20251112,MXP,EUR,21.213966
20251112,MXP,GBP,24.039181
20251112,MXP,USD,18.31
20251111,MXP,EUR,21.217928
20251111,MXP,GBP,24.116277
20251111,MXP,USD,18.315
20251110,MXP,EUR,21.249927
20251110,MXP,GBP,24.225772
20251110,MXP,USD,18.3807
20251107,MXP,EUR,21.335716
20251107,MXP,GBP,24.287038
20251107,MXP,USD,18.4573
20251106,MXP,EUR,21.432018
20251106,MXP,GBP,24.38193
20251106,MXP,USD,18.5647
20251105,MXP,EUR,21.353863
20251105,MXP,GBP,24.253975
20251105,MXP,USD,18.5904
20251104,MXP,EUR,21.415567
20251104,MXP,GBP,24.281184
20251104,MXP,USD,18.6563
20251103,MXP,EUR,21.294375
20251103,MXP,GBP,24.286114
20251103,MXP,USD,18.4847
20251031,MXP,EUR,21.431569
20251031,MXP,GBP,24.383867
20251031,MXP,USD,18.5796
20251030,MXP,EUR,21.448454
20251030,MXP,GBP,24.378956
20251030,MXP,USD,18.5476
20251029,MXP,EUR,21.42404
20251029,MXP,GBP,24.371034
20251029,MXP,USD,18.4706
20251028,MXP,EUR,21.478237
20251028,MXP,GBP,24.465052
20251028,MXP,USD,18.4315
20251027,MXP,EUR,21.426867
20251027,MXP,GBP,24.532119
20251027,MXP,USD,18.3961
20251024,MXP,EUR,21.448853
20251024,MXP,GBP,24.548793
20251024,MXP,USD,18.4411
20251023,MXP,EUR,21.367874
20251023,MXP,GBP,24.507024
20251023,MXP,USD,18.3952
20251022,MXP,EUR,21.410624
20251022,MXP,GBP,24.639947
20251022,MXP,USD,18.4479
20251021,MXP,EUR,21.390052
20251021,MXP,GBP,24.655732
20251021,MXP,USD,18.4397
20251020,MXP,EUR,21.432353
20251020,MXP,GBP,24.68286
20251020,MXP,USD,18.4111
20251017,MXP,EUR,21.461014
20251017,MXP,GBP,24.7105
20251017,MXP,USD,18.3899
20251016,MXP,EUR,21.543079
20251016,MXP,GBP,24.759428
20251016,MXP,USD,18.4318
20251015,MXP,EUR,21.510079
20251015,MXP,GBP,24.739952
20251015,MXP,USD,18.4723
20251014,MXP,EUR,21.477594
20251014,MXP,GBP,24.66162
20251014,MXP,USD,18.5064
20251013,MXP,EUR,21.36137
20251013,MXP,GBP,24.623004
20251013,MXP,USD,18.4691
20251010,MXP,EUR,21.532362
20251010,MXP,GBP,24.753186
20251010,MXP,USD,18.5424
20251009,MXP,EUR,21.253638
20251009,MXP,GBP,24.448119
20251009,MXP,USD,18.3855
20251008,MXP,EUR,21.309213
20251008,MXP,GBP,24.554438
20251008,MXP,USD,18.3242
20251007,MXP,EUR,21.430522
20251007,MXP,GBP,24.687277
20251007,MXP,USD,18.3945
20251006,MXP,EUR,21.48664
20251006,MXP,GBP,24.735038
20251006,MXP,USD,18.3474
20251003,MXP,EUR,21.597648
20251003,MXP,GBP,24.800858
20251003,MXP,USD,18.3935
20251002,MXP,EUR,21.591571
20251002,MXP,GBP,24.768996
20251002,MXP,USD,18.4252
20251001,MXP,EUR,21.549114
20251001,MXP,GBP,24.760864
20251001,MXP,USD,18.3686
20250930,MXP,EUR,21.519773
20250930,MXP,GBP,24.656165
20250930,MXP,USD,18.3147
20250929,MXP,EUR,21.53943
20250929,MXP,GBP,24.676437
20250929,MXP,USD,18.3666
20250926,MXP,EUR,21.49245
20250926,MXP,GBP,24.617356
20250926,MXP,USD,18.3602
20250925,MXP,EUR,21.578914
20250925,MXP,GBP,24.680395
20250925,MXP,USD,18.5052
20250924,MXP,EUR,21.631239
20250924,MXP,GBP,24.779585
20250924,MXP,USD,18.4276
20250923,MXP,EUR,21.675687
20250923,MXP,GBP,24.807711
20250923,MXP,USD,18.3428
20250922,MXP,EUR,21.654224
20250922,MXP,GBP,24.804448
20250922,MXP,USD,18.3526
20250919,MXP,EUR,21.601988
20250919,MXP,GBP,24.772054
20250919,MXP,USD,18.3878
20250918,MXP,EUR,21.659581
20250918,MXP,GBP,24.90192
20250918,MXP,USD,18.3805
20250917,MXP,EUR,21.661763
20250917,MXP,GBP,24.979234
20250917,MXP,USD,18.3186
20250915,MXP,EUR,21.60192
20250915,MXP,GBP,24.986668
20250915,MXP,USD,18.3604
20250912,MXP,EUR,21.650003
20250912,MXP,GBP,25.017731
20250912,MXP,USD,18.4483
20250911,MXP,EUR,21.694196
20250911,MXP,GBP,25.096879
20250911,MXP,USD,18.4828
20250910,MXP,EUR,21.752166
20250910,MXP,GBP,25.154282
20250910,MXP,USD,18.5908
20250909,MXP,EUR,21.808859
20250909,MXP,GBP,25.186423
20250909,MXP,USD,18.6297
20250908,MXP,EUR,21.947287
20250908,MXP,GBP,25.282557
20250908,MXP,USD,18.6587
20250905,MXP,EUR,21.929417
20250905,MXP,GBP,25.270846
20250905,MXP,USD,18.7143
20250904,MXP,EUR,21.835154
20250904,MXP,GBP,25.179324
20250904,MXP,USD,18.7402
20250903,MXP,EUR,21.823086
20250903,MXP,GBP,25.156066
20250903,MXP,USD,18.7194
20250902,MXP,EUR,21.793354
20250902,MXP,GBP,25.069424
20250902,MXP,USD,18.7204
20250901,MXP,EUR,21.834448
20250901,MXP,GBP,25.257284
20250901,MXP,USD,18.6428
20250829,MXP,EUR,21.832089
20250829,MXP,GBP,25.202356
20250829,MXP,USD,18.6615
20250828,MXP,EUR,21.780727
20250828,MXP,GBP,25.190697
20250828,MXP,USD,18.6439
20250827,MXP,EUR,21.707646
20250827,MXP,GBP,25.186728
20250827,MXP,USD,18.6596
20250826,MXP,EUR,21.727574
20250826,MXP,GBP,25.159373
20250826,MXP,USD,18.6663
20250825,MXP,EUR,21.700599
20250825,MXP,GBP,25.148201
20250825,MXP,USD,18.6913
20250822,MXP,EUR,21.791573
20250822,MXP,GBP,25.136544
20250822,MXP,USD,18.5935
20250821,MXP,EUR,21.777924
20250821,MXP,GBP,25.170961
20250821,MXP,USD,18.7668
20250820,MXP,EUR,21.856609
20250820,MXP,GBP,25.234611
20250820,MXP,USD,18.7562
20250819,MXP,EUR,21.915918
20250819,MXP,GBP,25.383061
20250819,MXP,USD,18.8176
20250818,MXP,EUR,21.912391
20250818,MXP,GBP,25.365223
20250818,MXP,USD,18.7807
20250815,MXP,EUR,21.929078
20250815,MXP,GBP,25.404634
20250815,MXP,USD,18.7412
20250814,MXP,EUR,21.917711
20250814,MXP,GBP,25.471084
20250814,MXP,USD,18.8159
20250813,MXP,EUR,21.808102
20250813,MXP,GBP,25.303131
20250813,MXP,USD,18.6402
20250812,MXP,EUR,21.691581
20250812,MXP,GBP,25.075035
20250812,MXP,USD,18.5803
20250811,MXP,EUR,21.67814
20250811,MXP,GBP,25.081636
20250811,MXP,USD,18.68
20250808,MXP,EUR,21.65762
20250808,MXP,GBP,25.019823
20250808,MXP,USD,18.6014
20250807,MXP,EUR,21.720259
20250807,MXP,GBP,25.053432
20250807,MXP,USD,18.6368
20250806,MXP,EUR,21.698573
20250806,MXP,GBP,24.863918
20250806,MXP,USD,18.6142
20250805,MXP,EUR,21.686184
20250805,MXP,GBP,24.914716
20250805,MXP,USD,18.7378
20250804,MXP,EUR,21.872448
20250804,MXP,GBP,25.102701
20250804,MXP,USD,18.9069
20250801,MXP,EUR,21.854101
20250801,MXP,GBP,25.049117
20250801,MXP,USD,18.8886
20250731,MXP,EUR,21.596313
20250731,MXP,GBP,24.969911
20250731,MXP,USD,18.868
20250730,MXP,EUR,21.542837
20250730,MXP,GBP,24.978528
20250730,MXP,USD,18.8567
20250729,MXP,EUR,21.658228
20250729,MXP,GBP,25.046515
20250729,MXP,USD,18.7509
20250728,MXP,EUR,21.750543
20250728,MXP,GBP,25.057592
20250728,MXP,USD,18.7634
20250725,MXP,EUR,21.779625
20250725,MXP,GBP,24.919624
20250725,MXP,USD,18.5469
20250724,MXP,EUR,21.817671
20250724,MXP,GBP,25.063824
20250724,MXP,USD,18.5548
20250723,MXP,EUR,21.81971
20250723,MXP,GBP,25.171385
20250723,MXP,USD,18.5329
20250722,MXP,EUR,21.901867
20250722,MXP,GBP,25.219484
20250722,MXP,USD,18.6383
20250721,MXP,EUR,21.815527
20250721,MXP,GBP,25.163418
20250721,MXP,USD,18.6617
20250718,MXP,EUR,21.770338
20250718,MXP,GBP,25.125095
20250718,MXP,USD,18.7312
20250717,MXP,EUR,21.753306
20250717,MXP,GBP,25.165195
20250717,MXP,USD,18.7569
20250716,MXP,EUR,21.790267
20250716,MXP,GBP,25.127489
20250716,MXP,USD,18.7274
20250715,MXP,EUR,21.83169
20250715,MXP,GBP,25.190837
20250715,MXP,USD,18.8188
20250714,MXP,EUR,21.854293
20250714,MXP,GBP,25.147831
20250714,MXP,USD,18.7293
20250711,MXP,EUR,21.790643
20250711,MXP,GBP,25.163405
20250711,MXP,USD,18.6444
20250710,MXP,EUR,21.773396
20250710,MXP,GBP,25.274303
20250710,MXP,USD,18.6169
20250709,MXP,EUR,21.830622
20250709,MXP,GBP,25.32531
20250709,MXP,USD,18.6284
20250708,MXP,EUR,21.799967
20250708,MXP,GBP,25.267785
20250708,MXP,USD,18.5943
20250707,MXP,EUR,21.850173
20250707,MXP,GBP,25.371007
20250707,MXP,USD,18.6435
20250704,MXP,EUR,21.937404
20250704,MXP,GBP,25.431413
20250704,MXP,USD,18.6297
20250703,MXP,EUR,21.923309
20250703,MXP,GBP,25.464594
20250703,MXP,USD,18.6629
20250702,MXP,EUR,22.15105
20250702,MXP,GBP,25.589366
20250702,MXP,USD,18.7681
20250701,MXP,EUR,22.086305
20250701,MXP,GBP,25.735982
20250701,MXP,USD,18.7307
20250630,MXP,EUR,22.01932
20250630,MXP,GBP,25.710475
20250630,MXP,USD,18.7654
20250627,MXP,EUR,22.070148
20250627,MXP,GBP,25.841661
20250627,MXP,USD,18.8529
20250626,MXP,EUR,22.080209
20250626,MXP,GBP,25.903597
20250626,MXP,USD,18.8623
20250625,MXP,EUR,22.063958
20250625,MXP,GBP,25.861148
20250625,MXP,USD,18.9244
20250624,MXP,EUR,22.056571
20250624,MXP,GBP,25.869406
20250624,MXP,USD,18.993
20250623,MXP,EUR,22.16931
20250623,MXP,GBP,25.899772
20250623,MXP,USD,19.1453
20250620,MXP,EUR,22.086664
20250620,MXP,GBP,25.781354
20250620,MXP,USD,19.1683
20250619,MXP,EUR,21.892137
20250619,MXP,GBP,25.646189
20250619,MXP,USD,19.0416
20250618,MXP,EUR,21.840372
20250618,MXP,GBP,25.522799
20250618,MXP,USD,19.0355
20250617,MXP,EUR,21.835292
20250617,MXP,GBP,25.528868
20250617,MXP,USD,19.0145
20250616,MXP,EUR,21.853069
20250616,MXP,GBP,25.670335
20250616,MXP,USD,18.9114
20250613,MXP,EUR,21.872397
20250613,MXP,GBP,25.701994
20250613,MXP,USD,18.9396
20250612,MXP,EUR,21.90295
20250612,MXP,GBP,25.737291
20250612,MXP,USD,18.921
20250611,MXP,EUR,21.728602
20250611,MXP,GBP,25.617155
20250611,MXP,USD,18.9224
20250610,MXP,EUR,21.787633
20250610,MXP,GBP,25.74591
20250610,MXP,USD,19.0668
20250609,MXP,EUR,21.752143
20250609,MXP,GBP,25.816724
20250609,MXP,USD,19.0424
20250606,MXP,EUR,21.772514
20250606,MXP,GBP,25.850562
20250606,MXP,USD,19.1054
20250605,MXP,EUR,21.902012
20250605,MXP,GBP,25.991355
20250605,MXP,USD,19.1493
20250604,MXP,EUR,21.911648
20250604,MXP,GBP,26.007933
20250604,MXP,USD,19.1997
20250603,MXP,EUR,21.868054
20250603,MXP,GBP,25.996785
20250603,MXP,USD,19.2348
20250602,MXP,EUR,21.974171
20250602,MXP,GBP,26.008068
20250602,MXP,USD,19.1998
20250530,MXP,EUR,22.01412
20250530,MXP,GBP,26.153162
20250530,MXP,USD,19.3957
20250529,MXP,EUR,21.950521
20250529,MXP,GBP,26.059083
20250529,MXP,USD,19.3116
20250528,MXP,EUR,21.919932
20250528,MXP,GBP,26.141634
20250528,MXP,USD,19.4145
20250527,MXP,EUR,21.829048
20250527,MXP,GBP,26.019903
20250527,MXP,USD,19.2683
20250526,MXP,EUR,21.900063
20250526,MXP,GBP,26.091565
20250526,MXP,USD,19.2359
20250523,MXP,EUR,21.862185
20250523,MXP,GBP,26.04106
20250523,MXP,USD,19.2398
20250522,MXP,EUR,21.782118
20250522,MXP,GBP,25.912001
20250522,MXP,USD,19.3121
20250521,MXP,EUR,21.923818
20250521,MXP,GBP,25.987011
20250521,MXP,USD,19.3716
20250520,MXP,EUR,21.743954
20250520,MXP,GBP,25.80438
20250520,MXP,USD,19.2757
20250519,MXP,EUR,21.713523
20250519,MXP,GBP,25.809321
20250519,MXP,USD,19.3198
20250516,MXP,EUR,21.714179
20250516,MXP,GBP,25.855453
20250516,MXP,USD,19.4746
20250515,MXP,EUR,21.812907
20250515,MXP,GBP,25.950407
20250515,MXP,USD,19.5028
20250514,MXP,EUR,21.655807
20250514,MXP,GBP,25.711039
20250514,MXP,USD,19.3892
20250513,MXP,EUR,21.701289
20250513,MXP,GBP,25.803784
20250513,MXP,USD,19.3926
20250512,MXP,EUR,21.744646
20250512,MXP,GBP,25.83402
20250512,MXP,USD,19.6039
20250509,MXP,EUR,21.91097
20250509,MXP,GBP,25.910434
20250509,MXP,USD,19.4669
20250508,MXP,EUR,21.932564
20250508,MXP,GBP,25.87227
20250508,MXP,USD,19.5373
20250507,MXP,EUR,22.168354
20250507,MXP,GBP,26.070739
20250507,MXP,USD,19.605
20250506,MXP,EUR,22.36204
20250506,MXP,GBP,26.302856
20250506,MXP,USD,19.6598
20250505,MXP,EUR,22.258897
20250505,MXP,GBP,26.149494
20250505,MXP,USD,19.6694
20250502,MXP,EUR,22.154145
20250502,MXP,GBP,26.021899
20250502,MXP,USD,19.5985
20250430,MXP,EUR,22.285953
20250430,MXP,GBP,26.187098
20250430,MXP,USD,19.6136
20250429,MXP,EUR,22.280844
20250429,MXP,GBP,26.238012
20250429,MXP,USD,19.5755
20250428,MXP,EUR,22.36148
20250428,MXP,GBP,26.310443
20250428,MXP,USD,19.5784
20250425,MXP,EUR,22.180261
20250425,MXP,GBP,26.003713
20250425,MXP,USD,19.5223
20250424,MXP,EUR,22.291866
20250424,MXP,GBP,26.116016
20250424,MXP,USD,19.5809
20250423,MXP,EUR,22.258765
20250423,MXP,GBP,26.066973
20250423,MXP,USD,19.6502
20250422,MXP,EUR,22.446684
20250422,MXP,GBP,26.20136
20250422,MXP,USD,19.653
20250421,MXP,EUR,22.702768
20250421,MXP,GBP,26.372528
20250421,MXP,USD,19.7141
20250416,MXP,EUR,22.728971
20250416,MXP,GBP,26.424973
20250416,MXP,USD,19.9622
20250415,MXP,EUR,22.707358
20250415,MXP,GBP,26.61835
20250415,MXP,USD,20.1235
20250414,MXP,EUR,22.825838
20250414,MXP,GBP,26.515726
20250414,MXP,USD,20.1029
20250411,MXP,EUR,23.014859
20250411,MXP,GBP,26.531742
20250411,MXP,USD,20.2935
20250410,MXP,EUR,22.892362
20250410,MXP,GBP,26.502006
20250410,MXP,USD,20.4396
20250409,MXP,EUR,22.180166
20250409,MXP,GBP,25.963746
20250409,MXP,USD,20.2818
20250408,MXP,EUR,22.799654
20250408,MXP,GBP,26.582604
20250408,MXP,USD,20.8083
20250407,MXP,EUR,22.59021
20250407,MXP,GBP,26.314212
20250407,MXP,USD,20.6889
20250404,MXP,EUR,22.396897
20250404,MXP,GBP,26.345628
20250404,MXP,USD,20.465
20250403,MXP,EUR,21.985614
20250403,MXP,GBP,26.085967
20250403,MXP,USD,19.9434
20250402,MXP,EUR,22.195349
20250402,MXP,GBP,26.554438
20250402,MXP,USD,20.4556
20250401,MXP,EUR,21.938399
20250401,MXP,GBP,26.268322
20250401,MXP,USD,20.3331
20250331,MXP,EUR,22.097232
20250331,MXP,GBP,26.414376
20250331,MXP,USD,20.4604
20250328,MXP,EUR,22.102305
20250328,MXP,GBP,26.430708
20250328,MXP,USD,20.4169
20250327,MXP,EUR,21.917585
20250327,MXP,GBP,26.293193
20250327,MXP,USD,20.3044
20250326,MXP,EUR,21.650286
20250326,MXP,GBP,25.952576
20250326,MXP,USD,20.137
20250325,MXP,EUR,21.666569
20250325,MXP,GBP,25.984639
20250325,MXP,USD,20.07
20250324,MXP,EUR,21.666415
20250324,MXP,GBP,25.916843
20250324,MXP,USD,20.0587
20250321,MXP,EUR,21.895161
20250321,MXP,GBP,26.146668
20250321,MXP,USD,20.2405
20250320,MXP,EUR,21.867741
20250320,MXP,GBP,26.124027
20250320,MXP,USD,20.1481
20250319,MXP,EUR,21.855842
20250319,MXP,GBP,26.065187
20250319,MXP,USD,20.054
20250318,MXP,EUR,21.821629
20250318,MXP,GBP,25.927191
20250318,MXP,USD,19.9348
20250314,MXP,EUR,21.683072
20250314,MXP,GBP,25.771436
20250314,MXP,USD,19.9238
20250313,MXP,EUR,21.800169
20250313,MXP,GBP,26.010103
20250313,MXP,USD,20.0951
20250312,MXP,EUR,21.976702
20250312,MXP,GBP,26.167037
20250312,MXP,USD,20.1797
20250311,MXP,EUR,22.120942
20250311,MXP,GBP,26.237398
20250311,MXP,USD,20.2582
20250310,MXP,EUR,22.055415
20250310,MXP,GBP,26.220534
20250310,MXP,USD,20.3623
20250307,MXP,EUR,21.975725
20250307,MXP,GBP,26.184199
20250307,MXP,USD,20.2672
20250306,MXP,EUR,21.886956
20250306,MXP,GBP,26.127564
20250306,MXP,USD,20.2657
20250305,MXP,EUR,21.96397
20250305,MXP,GBP,26.25212
20250305,MXP,USD,20.3568
20250304,MXP,EUR,21.991835
20250304,MXP,GBP,26.527293
20250304,MXP,USD,20.7431
20250303,MXP,EUR,21.691327
20250303,MXP,GBP,26.286481
20250303,MXP,USD,20.7176
20250228,MXP,EUR,21.403386
20250228,MXP,GBP,25.912069
20250228,MXP,USD,20.5782
20250227,MXP,EUR,21.296659
20250227,MXP,GBP,25.808974
20250227,MXP,USD,20.4687
20250226,MXP,EUR,21.427714
20250226,MXP,GBP,25.909343
20250226,MXP,USD,20.4268
20250225,MXP,EUR,21.50112
20250225,MXP,GBP,25.919789
20250225,MXP,USD,20.4568
20250224,MXP,EUR,21.398514
20250224,MXP,GBP,25.805692
20250224,MXP,USD,20.4272
20250221,MXP,EUR,21.355165
20250221,MXP,GBP,25.782756
20250221,MXP,USD,20.4131
20250220,MXP,EUR,21.323467
20250220,MXP,GBP,25.730341
20250220,MXP,USD,20.3129
20250219,MXP,EUR,21.314454
20250219,MXP,GBP,25.725777
20250219,MXP,USD,20.4465
20250218,MXP,EUR,21.174344
20250218,MXP,GBP,25.540178
20250218,MXP,USD,20.2732
20250217,MXP,EUR,21.278074
20250217,MXP,GBP,25.634583
20250217,MXP,USD,20.3006
20250214,MXP,EUR,21.312094
20250214,MXP,GBP,25.568827
20250214,MXP,USD,20.304
20250213,MXP,EUR,21.380056
20250213,MXP,GBP,25.678388
20250213,MXP,USD,20.478
20250212,MXP,EUR,21.309163
20250212,MXP,GBP,25.52486
20250212,MXP,USD,20.5093
20250211,MXP,EUR,21.273476
20250211,MXP,GBP,25.548722
20250211,MXP,USD,20.5392
20250210,MXP,EUR,21.231286
20250210,MXP,GBP,25.475493
20250210,MXP,USD,20.5979
20250207,MXP,EUR,21.21374
20250207,MXP,GBP,25.483997
20250207,MXP,USD,20.545
20250206,MXP,EUR,21.253049
20250206,MXP,GBP,25.446561
20250206,MXP,USD,20.4612
20250205,MXP,EUR,21.390574
20250205,MXP,GBP,25.704261
20250205,MXP,USD,20.556
20250204,MXP,EUR,21.340212
20250204,MXP,GBP,25.655954
20250204,MXP,USD,20.556
20250131,MXP,EUR,21.50424
20250131,MXP,GBP,25.701653
20250131,MXP,USD,20.6871
20250130,MXP,EUR,21.300567
20250130,MXP,GBP,25.448341
20250130,MXP,USD,20.4273
20250129,MXP,EUR,21.397501
20250129,MXP,GBP,25.561387
20250129,MXP,USD,20.537
20250128,MXP,EUR,21.431645
20250128,MXP,GBP,25.558161
20250128,MXP,USD,20.5402
20250127,MXP,EUR,21.745535
20250127,MXP,GBP,25.88696
20250127,MXP,USD,20.7278
20250124,MXP,EUR,21.284666
20250124,MXP,GBP,25.3144
20250124,MXP,USD,20.2856
20250123,MXP,EUR,21.177374
20250123,MXP,GBP,25.114937
20250123,MXP,USD,20.3228
20250122,MXP,EUR,21.335177
20250122,MXP,GBP,25.237941
20250122,MXP,USD,20.4762
20250121,MXP,EUR,21.505594
20250121,MXP,GBP,25.445836
20250121,MXP,USD,20.6457
20250120,MXP,EUR,21.372575
20250120,MXP,GBP,25.297668
20250120,MXP,USD,20.518
20250117,MXP,EUR,21.360125
20250117,MXP,GBP,25.292889
20250117,MXP,USD,20.7753
20250116,MXP,EUR,21.446384
20250116,MXP,GBP,25.469588
20250116,MXP,USD,20.8187
20250115,MXP,EUR,21.091901
20250115,MXP,GBP,25.062129
20250115,MXP,USD,20.4915
20250114,MXP,EUR,21.143954
20250114,MXP,GBP,25.046906
20250114,MXP,USD,20.5311
20250113,MXP,EUR,21.156622
20250113,MXP,GBP,25.216355
20250113,MXP,USD,20.7235
20250110,MXP,EUR,21.211442
20250110,MXP,GBP,25.280004
20250110,MXP,USD,20.7052
20250109,MXP,EUR,21.111096
20250109,MXP,GBP,25.231235
20250109,MXP,USD,20.4982
20250108,MXP,EUR,21.049309
20250108,MXP,GBP,25.231618
20250108,MXP,USD,20.4164
20250107,MXP,EUR,21.016695
20250107,MXP,GBP,25.34972
20250107,MXP,USD,20.2952
20250106,MXP,EUR,21.096597
20250106,MXP,GBP,25.411361
20250106,MXP,USD,20.3096
20250103,MXP,EUR,21.293606
20250103,MXP,GBP,25.688558
20250103,MXP,USD,20.6724
20250102,MXP,EUR,21.137055
20250102,MXP,GBP,25.505085
20250102,MXP,USD,20.6185
20241231,MXP,EUR,21.623199
20241231,MXP,GBP,26.155832
20241231,MXP,USD,20.8829
20241230,MXP,EUR,21.475953
20241230,MXP,GBP,25.910161
20241230,MXP,USD,20.6579
20241227,MXP,EUR,21.189878
20241227,MXP,GBP,25.564602
20241227,MXP,USD,20.3192
20241226,MXP,EUR,21.051997
20241226,MXP,GBP,25.311906
20241226,MXP,USD,20.2083
20241224,MXP,EUR,20.990911
20241224,MXP,GBP,25.309868
20241224,MXP,USD,20.1962
20241223,MXP,EUR,21.059252
20241223,MXP,GBP,25.35583
20241223,MXP,USD,20.224
20241220,MXP,EUR,20.92472
20241220,MXP,GBP,25.240087
20241220,MXP,USD,20.0342
20241219,MXP,EUR,21.033192
20241219,MXP,GBP,25.384175
20241219,MXP,USD,20.2984
20241218,MXP,EUR,21.137987
20241218,MXP,GBP,25.656497
20241218,MXP,USD,20.372
20241217,MXP,EUR,21.209215
20241217,MXP,GBP,25.702411
20241217,MXP,USD,20.2214
20241216,MXP,EUR,21.150895
20241216,MXP,GBP,25.525172
20241216,MXP,USD,20.1255
20241213,MXP,EUR,21.126454
20241213,MXP,GBP,25.398643
20241213,MXP,USD,20.1281
20241211,MXP,EUR,21.101257
20241211,MXP,GBP,25.631215
20241211,MXP,USD,20.1108
20241210,MXP,EUR,21.235021
20241210,MXP,GBP,25.765417
20241210,MXP,USD,20.171
20241209,MXP,EUR,21.321512
20241209,MXP,GBP,25.76157
20241209,MXP,USD,20.2004
20241206,MXP,EUR,21.299241
20241206,MXP,GBP,25.699338
20241206,MXP,USD,20.1793
20241205,MXP,EUR,21.391303
20241205,MXP,GBP,25.775646
20241205,MXP,USD,20.2043
20241204,MXP,EUR,21.341495
20241204,MXP,GBP,25.781107
20241204,MXP,USD,20.3001
20241203,MXP,EUR,21.367027
20241203,MXP,GBP,25.766948
20241203,MXP,USD,20.3418
20241202,MXP,EUR,21.394897
20241202,MXP,GBP,25.797669
20241202,MXP,USD,20.3926
20241129,MXP,EUR,21.509466
20241129,MXP,GBP,25.875904
20241129,MXP,USD,20.3611
20241128,MXP,EUR,21.56692
20241128,MXP,GBP,25.92566
20241128,MXP,USD,20.43
20241127,MXP,EUR,21.773247
20241127,MXP,GBP,26.122948
20241127,MXP,USD,20.6147
20241126,MXP,EUR,21.668009
20241126,MXP,GBP,25.956921
20241126,MXP,USD,20.6894
20241125,MXP,EUR,21.308621
20241125,MXP,GBP,25.505246
20241125,MXP,USD,20.2833
20241122,MXP,EUR,21.334117
20241122,MXP,GBP,25.667129
20241122,MXP,USD,20.4919
20241121,MXP,EUR,21.432477
20241121,MXP,GBP,25.762702
20241121,MXP,USD,20.4401
20241120,MXP,EUR,21.418688
20241120,MXP,GBP,25.701634
20241120,MXP,USD,20.3223
20241119,MXP,EUR,21.306327
20241119,MXP,GBP,25.497005
20241119,MXP,USD,20.1136
20241115,MXP,EUR,21.476584
20241115,MXP,GBP,25.703604
20241115,MXP,USD,20.3811
20241114,MXP,EUR,21.541365
20241114,MXP,GBP,25.909476
20241114,MXP,USD,20.4261
20241113,MXP,EUR,21.677069
20241113,MXP,GBP,26.067258
20241113,MXP,USD,20.5149
20241112,MXP,EUR,21.938317
20241112,MXP,GBP,26.328657
20241112,MXP,USD,20.6702
20241111,MXP,EUR,21.735574
20241111,MXP,GBP,26.246933
20241111,MXP,USD,20.4042
20241108,MXP,EUR,21.635699
20241108,MXP,GBP,26.076556
20241108,MXP,USD,20.1948
20241107,MXP,EUR,21.422586
20241107,MXP,GBP,25.758569
20241107,MXP,USD,19.867
20241106,MXP,EUR,21.64921
20241106,MXP,GBP,25.994983
20241106,MXP,USD,20.166
20241105,MXP,EUR,21.946129
20241105,MXP,GBP,26.139586
20241105,MXP,USD,20.0788
20241104,MXP,EUR,21.921483
20241104,MXP,GBP,26.100832
20241104,MXP,USD,20.1512
20241101,MXP,EUR,21.970927
20241101,MXP,GBP,26.19864
20241101,MXP,USD,20.2768
20241031,MXP,EUR,21.748847
20241031,MXP,GBP,25.807057
20241031,MXP,USD,20.0109
20241030,MXP,EUR,21.905076
20241030,MXP,GBP,26.158844
20241030,MXP,USD,20.1695
20241029,MXP,EUR,21.718374
20241029,MXP,GBP,26.118888
20241029,MXP,USD,20.0845
20241028,MXP,EUR,21.663282
20241028,MXP,GBP,25.988136
20241028,MXP,USD,20.0317
20241025,MXP,EUR,21.556887
20241025,MXP,GBP,25.880055
20241025,MXP,USD,19.9684
20241024,MXP,EUR,21.497641
20241024,MXP,GBP,25.757656
20241024,MXP,USD,19.851
20241023,MXP,EUR,21.382511
20241023,MXP,GBP,25.638595
20241023,MXP,USD,19.8234
20241022,MXP,EUR,21.532653
20241022,MXP,GBP,25.893232
20241022,MXP,USD,19.9478
20241021,MXP,EUR,21.604827
20241021,MXP,GBP,25.933593
20241021,MXP,USD,19.9758
20241018,MXP,EUR,21.603156
20241018,MXP,GBP,25.934327
20241018,MXP,USD,19.886
20241017,MXP,EUR,21.525828
20241017,MXP,GBP,25.869781
20241017,MXP,USD,19.8807
20241016,MXP,EUR,21.650506
20241016,MXP,GBP,25.887894
20241016,MXP,USD,19.9406
20241015,MXP,EUR,21.446415
20241015,MXP,GBP,25.744572
20241015,MXP,USD,19.6982
20241014,MXP,EUR,21.147666
20241014,MXP,GBP,25.321544
20241014,MXP,USD,19.3953
20241011,MXP,EUR,21.087442
20241011,MXP,GBP,25.197511
20241011,MXP,USD,19.287
20241010,MXP,EUR,21.315605
20241010,MXP,GBP,25.450271
20241010,MXP,USD,19.4939
20241009,MXP,EUR,21.319356
20241009,MXP,GBP,25.462982
20241009,MXP,USD,19.4902
20241008,MXP,EUR,21.234327
20241008,MXP,GBP,25.339018
20241008,MXP,USD,19.3435
20241007,MXP,EUR,21.180371
20241007,MXP,GBP,25.255655
20241007,MXP,USD,19.3049
20241004,MXP,EUR,21.139312
20241004,MXP,GBP,25.279923
20241004,MXP,USD,19.2587
20241003,MXP,EUR,21.358004
20241003,MXP,GBP,25.41136
20241003,MXP,USD,19.3662
20241002,MXP,EUR,21.45393
20241002,MXP,GBP,25.76821
20241002,MXP,USD,19.4162
20240930,MXP,EUR,21.980322
20240930,MXP,GBP,26.409075
20240930,MXP,USD,19.6921
20240927,MXP,EUR,21.981145
20240927,MXP,GBP,26.334658
20240927,MXP,USD,19.6902
20240926,MXP,EUR,21.935022
20240926,MXP,GBP,26.322603
20240926,MXP,USD,19.6225
20240925,MXP,EUR,21.852446
20240925,MXP,GBP,26.153606
20240925,MXP,USD,19.64
20240924,MXP,EUR,21.61211
20240924,MXP,GBP,25.941687
20240924,MXP,USD,19.3371
20240923,MXP,EUR,21.571749
20240923,MXP,GBP,25.906091
20240923,MXP,USD,19.4104
20240920,MXP,EUR,21.662463
20240920,MXP,GBP,25.842979
20240920,MXP,USD,19.4082
20240919,MXP,EUR,21.524528
20240919,MXP,GBP,25.610584
20240919,MXP,USD,19.2829
20240918,MXP,EUR,21.428038
20240918,MXP,GBP,25.44504
20240918,MXP,USD,19.2941
20240917,MXP,EUR,21.27687
20240917,MXP,GBP,25.194798
20240917,MXP,USD,19.1399
20240913,MXP,EUR,21.284521
20240913,MXP,GBP,25.215756
20240913,MXP,USD,19.2142
20240912,MXP,EUR,21.556921
20240912,MXP,GBP,25.540974
20240912,MXP,USD,19.4724
20240911,MXP,EUR,21.8055
20240911,MXP,GBP,25.817652
20240911,MXP,USD,19.7935
20240910,MXP,EUR,22.153452
20240910,MXP,GBP,26.2882
20240910,MXP,USD,20.0911
20240909,MXP,EUR,21.957892
20240909,MXP,GBP,26.006311
20240909,MXP,USD,19.8939
20240906,MXP,EUR,22.175216
20240906,MXP,GBP,26.266879
20240906,MXP,USD,19.9984
20240905,MXP,EUR,22.131284
20240905,MXP,GBP,26.251188
20240905,MXP,USD,19.9318
20240904,MXP,EUR,22.093289
20240904,MXP,GBP,26.213791
20240904,MXP,USD,19.9443
20240903,MXP,EUR,21.940676
20240903,MXP,GBP,26.048022
20240903,MXP,USD,19.8711
20240902,MXP,EUR,21.914381
20240902,MXP,GBP,26.020729
20240902,MXP,USD,19.7944
20240830,MXP,EUR,21.814829
20240830,MXP,GBP,25.897229
20240830,MXP,USD,19.7027
20240829,MXP,EUR,21.966916
20240829,MXP,GBP,26.114183
20240829,MXP,USD,19.8338
20240828,MXP,EUR,21.828803
20240828,MXP,GBP,25.89659
20240828,MXP,USD,19.6417
20240827,MXP,EUR,22.046165
20240827,MXP,GBP,26.142528
20240827,MXP,USD,19.7131
20240826,MXP,EUR,21.606689
20240826,MXP,GBP,25.528392
20240826,MXP,USD,19.3617
20240823,MXP,EUR,21.344205
20240823,MXP,GBP,25.190978
20240823,MXP,USD,19.0718
20240822,MXP,EUR,21.638358
20240822,MXP,GBP,25.487428
20240822,MXP,USD,19.4791
20240821,MXP,EUR,21.572615
20240821,MXP,GBP,25.319423
20240821,MXP,USD,19.3433
20240820,MXP,EUR,21.131049
20240820,MXP,GBP,24.756407
20240820,MXP,USD,18.9959
20240819,MXP,EUR,20.724483
20240819,MXP,GBP,24.289352
20240819,MXP,USD,18.6985
20240816,MXP,EUR,20.537992
20240816,MXP,GBP,24.114827
20240816,MXP,USD,18.6294
20240815,MXP,EUR,20.46459
20240815,MXP,GBP,23.971233
20240815,MXP,USD,18.6474
20240814,MXP,EUR,20.736868
20240814,MXP,GBP,24.154558
20240814,MXP,USD,18.8303
20240813,MXP,EUR,20.895219
20240813,MXP,GBP,24.446647
20240813,MXP,USD,19.0017
20240812,MXP,EUR,20.862112
20240812,MXP,GBP,24.367907
20240812,MXP,USD,19.0844
20240809,MXP,EUR,20.558335
20240809,MXP,GBP,24.027559
20240809,MXP,USD,18.8289
20240808,MXP,EUR,20.706527
20240808,MXP,GBP,24.174844
20240808,MXP,USD,18.9681
20240807,MXP,EUR,21.067499
20240807,MXP,GBP,24.472513
20240807,MXP,USD,19.2864
20240806,MXP,EUR,21.339628
20240806,MXP,GBP,24.780066
20240806,MXP,USD,19.5257
20240805,MXP,EUR,21.256422
20240805,MXP,GBP,24.779913
20240805,MXP,USD,19.3972
20240802,MXP,EUR,20.910969
20240802,MXP,GBP,24.546076
20240802,MXP,USD,19.1624
20240801,MXP,EUR,20.254158
20240801,MXP,GBP,23.918472
20240801,MXP,USD,18.7721
20240731,MXP,EUR,20.159824
20240731,MXP,GBP,23.925351
20240731,MXP,USD,18.632
20240730,MXP,EUR,20.277509
20240730,MXP,GBP,24.067996
20240730,MXP,USD,18.7555
20240729,MXP,EUR,20.154721
20240729,MXP,GBP,23.953292
20240729,MXP,USD,18.6204
20240726,MXP,EUR,20.023249
20240726,MXP,GBP,23.741297
20240726,MXP,USD,18.4427
20240725,MXP,EUR,20.011628
20240725,MXP,GBP,23.713179
20240725,MXP,USD,18.4524
20240724,MXP,EUR,19.911785
20240724,MXP,GBP,23.703466
20240724,MXP,USD,18.3705
20240723,MXP,EUR,19.715182
20240723,MXP,GBP,23.444378
20240723,MXP,USD,18.169
20240722,MXP,EUR,19.532158
20240722,MXP,GBP,23.197446
20240722,MXP,USD,17.9408
20240719,MXP,EUR,19.671952
20240719,MXP,GBP,23.346334
20240719,MXP,USD,18.0825
20240718,MXP,EUR,19.591499
20240718,MXP,GBP,23.275355
20240718,MXP,USD,17.9788
20240717,MXP,EUR,19.377717
20240717,MXP,GBP,23.049127
20240717,MXP,USD,17.7192
20240716,MXP,EUR,19.233616
20240716,MXP,GBP,22.892069
20240716,MXP,USD,17.6439
20240715,MXP,EUR,19.361965
20240715,MXP,GBP,23.03842
20240715,MXP,USD,17.7649
20240712,MXP,EUR,19.218881
20240712,MXP,GBP,22.882557
20240712,MXP,USD,17.6223
20240711,MXP,EUR,19.325685
20240711,MXP,GBP,22.966722
20240711,MXP,USD,17.7871
20240710,MXP,EUR,19.284067
20240710,MXP,GBP,22.875891
20240710,MXP,USD,17.8078
20240709,MXP,EUR,19.372524
20240709,MXP,GBP,22.911494
20240709,MXP,USD,17.9143
20240708,MXP,EUR,19.473526
20240708,MXP,GBP,23.044431
20240708,MXP,USD,17.9894
20240705,MXP,EUR,19.602849
20240705,MXP,GBP,23.176207
20240705,MXP,USD,18.0838
20240704,MXP,EUR,19.558702
20240704,MXP,GBP,23.082108
20240704,MXP,USD,18.0873
20240703,MXP,EUR,19.614033
20240703,MXP,GBP,23.170383
20240703,MXP,USD,18.1864
20240702,MXP,EUR,19.63262
20240702,MXP,GBP,23.176941
20240702,MXP,USD,18.2697
20240701,MXP,EUR,19.7211
20240701,MXP,GBP,23.218533
20240701,MXP,USD,18.364
20240628,MXP,EUR,19.599149
20240628,MXP,GBP,23.111928
20240628,MXP,USD,18.2862
20240627,MXP,EUR,19.702939
20240627,MXP,GBP,23.266874
20240627,MXP,USD,18.4088
20240626,MXP,EUR,19.615443
20240626,MXP,GBP,23.18556
20240626,MXP,USD,18.3648
20240625,MXP,EUR,19.426238
20240625,MXP,GBP,23.004922
20240625,MXP,USD,18.1291
20240624,MXP,EUR,19.293129
20240624,MXP,GBP,22.79646
20240624,MXP,USD,17.9705
20240621,MXP,EUR,19.369898
20240621,MXP,GBP,22.915423
20240621,MXP,USD,18.1171
20240620,MXP,EUR,19.666646
20240620,MXP,GBP,23.263619
20240620,MXP,USD,18.3706
20240619,MXP,EUR,19.825752
20240619,MXP,GBP,23.468186
20240619,MXP,USD,18.452
20240618,MXP,EUR,19.773092
20240618,MXP,GBP,23.4
20240618,MXP,USD,18.4107
20240617,MXP,EUR,19.904027
20240617,MXP,GBP,23.559178
20240617,MXP,USD,18.5447
20240614,MXP,EUR,19.766702
20240614,MXP,GBP,23.429801
20240614,MXP,USD,18.4632
20240613,MXP,EUR,19.842064
20240613,MXP,GBP,23.581049
20240613,MXP,USD,18.4732
20240612,MXP,EUR,20.271723
20240612,MXP,GBP,24.007726
20240612,MXP,USD,18.7597
20240611,MXP,EUR,19.859702
20240611,MXP,GBP,23.558197
20240611,MXP,USD,18.4879
20240610,MXP,EUR,19.687842
20240610,MXP,GBP,23.287904
20240610,MXP,USD,18.293
20240607,MXP,EUR,19.832742
20240607,MXP,GBP,23.359327
20240607,MXP,USD,18.3628
20240606,MXP,EUR,19.478352
20240606,MXP,GBP,22.877986
20240606,MXP,USD,17.8881
20240605,MXP,EUR,19.065276
20240605,MXP,GBP,22.428095
20240605,MXP,USD,17.5329
20240604,MXP,EUR,19.458275
20240604,MXP,GBP,22.840815
20240604,MXP,USD,17.8828
20240603,MXP,EUR,19.30836
20240603,MXP,GBP,22.67582
20240603,MXP,USD,17.7141
20240531,MXP,EUR,18.423223
20240531,MXP,GBP,21.609003
20240531,MXP,USD,16.9682
20240530,MXP,EUR,18.412291
20240530,MXP,GBP,21.644219
20240530,MXP,USD,17.0012
20240529,MXP,EUR,18.315547
20240529,MXP,GBP,21.538818
20240529,MXP,USD,16.9557
20240528,MXP,EUR,18.252634
20240528,MXP,GBP,21.448943
20240528,MXP,USD,16.8049
20240527,MXP,EUR,18.091457
20240527,MXP,GBP,21.275787
20240527,MXP,USD,16.6588
20240524,MXP,EUR,18.112373
20240524,MXP,GBP,21.268411
20240524,MXP,USD,16.6942
20240523,MXP,EUR,18.088365
20240523,MXP,GBP,21.240034
20240523,MXP,USD,16.733
20240522,MXP,EUR,18.041268
20240522,MXP,GBP,21.201817
20240522,MXP,USD,16.674
20240521,MXP,EUR,18.05903
20240521,MXP,GBP,21.150101
20240521,MXP,USD,16.6366
20240520,MXP,EUR,17.974319
20240520,MXP,GBP,21.033065
20240520,MXP,USD,16.5517
20240517,MXP,EUR,18.052304
20240517,MXP,GBP,21.097543
20240517,MXP,USD,16.6044
20240516,MXP,EUR,18.128955
20240516,MXP,GBP,21.134173
20240516,MXP,USD,16.6818
20240515,MXP,EUR,18.157306
20240515,MXP,GBP,21.161685
20240515,MXP,USD,16.6864
20240514,MXP,EUR,18.225618
20240514,MXP,GBP,21.206935
20240514,MXP,USD,16.8436
20240513,MXP,EUR,18.138791
20240513,MXP,GBP,21.107843
20240513,MXP,USD,16.8123
20240510,MXP,EUR,18.080264
20240510,MXP,GBP,21.026783
20240510,MXP,USD,16.7845
20240509,MXP,EUR,18.105782
20240509,MXP,GBP,21.029373
20240509,MXP,USD,16.7926
20240508,MXP,EUR,18.155075
20240508,MXP,GBP,21.115306
20240508,MXP,USD,16.8963
20240507,MXP,EUR,18.183095
20240507,MXP,GBP,21.14458
20240507,MXP,USD,16.9035
20240506,MXP,EUR,18.177784
20240506,MXP,GBP,21.202905
20240506,MXP,USD,16.8813
20240503,MXP,EUR,18.259068
20240503,MXP,GBP,21.285142
20240503,MXP,USD,16.9623
20240502,MXP,EUR,18.229679
20240502,MXP,GBP,21.304771
20240502,MXP,USD,16.9942
20240430,MXP,EUR,18.308549
20240430,MXP,GBP,21.444466
20240430,MXP,USD,17.1268
20240429,MXP,EUR,18.245534
20240429,MXP,GBP,21.37778
20240429,MXP,USD,17.0185
20240426,MXP,EUR,18.346862
20240426,MXP,GBP,21.429821
20240426,MXP,USD,17.1466
20240425,MXP,EUR,18.468472
20240425,MXP,GBP,21.539369
20240425,MXP,USD,17.2136
20240424,MXP,EUR,18.264055
20240424,MXP,GBP,21.275186
20240424,MXP,USD,17.07
20240423,MXP,EUR,18.152206
20240423,MXP,GBP,21.115389
20240423,MXP,USD,16.9615
20240422,MXP,EUR,18.255499
20240422,MXP,GBP,21.171683
20240422,MXP,USD,17.1389
20240419,MXP,EUR,18.237738
20240419,MXP,GBP,21.176666
20240419,MXP,USD,17.1166
20240418,MXP,EUR,18.155045
20240418,MXP,GBP,21.212449
20240418,MXP,USD,17.0566
20240417,MXP,EUR,18.118282
20240417,MXP,GBP,21.141974
20240417,MXP,USD,16.9774
20240416,MXP,EUR,18.107645
20240416,MXP,GBP,21.193905
20240416,MXP,USD,17.0465
20240415,MXP,EUR,17.77156
20240415,MXP,GBP,20.818782
20240415,MXP,USD,16.7246
20240412,MXP,EUR,17.717057
20240412,MXP,GBP,20.729032
20240412,MXP,USD,16.6545
20240411,MXP,EUR,17.633363
20240411,MXP,GBP,20.642802
20240411,MXP,USD,16.436
20240410,MXP,EUR,17.663388
20240410,MXP,GBP,20.619497
20240410,MXP,USD,16.441
20240409,MXP,EUR,17.812151
20240409,MXP,GBP,20.795746
20240409,MXP,USD,16.4069
20240408,MXP,EUR,17.73523
20240408,MXP,GBP,20.67422
20240408,MXP,USD,16.3368
20240405,MXP,EUR,17.835233
20240405,MXP,GBP,20.797202
20240405,MXP,USD,16.46
20240404,MXP,EUR,17.988413
20240404,MXP,GBP,20.984814
20240404,MXP,USD,16.6052
20240403,MXP,EUR,17.922136
20240403,MXP,GBP,20.925444
20240403,MXP,USD,16.5425
20240402,MXP,EUR,17.831229
20240402,MXP,GBP,20.831246
20240402,MXP,USD,16.561
20240401,MXP,EUR,17.866898
20240401,MXP,GBP,20.874651
20240401,MXP,USD,16.6312
20240327,MXP,EUR,17.914
20240327,MXP,GBP,20.9085
20240327,MXP,USD,16.5625
20240326,MXP,EUR,18.037574
20240326,MXP,GBP,21.027595
20240326,MXP,USD,16.6575
20240325,MXP,EUR,18.081912
20240325,MXP,GBP,21.081254
20240325,MXP,USD,16.6815
20240322,MXP,EUR,18.116528
20240322,MXP,GBP,21.11527
20240322,MXP,USD,16.7668
20240321,MXP,EUR,18.171695
20240321,MXP,GBP,21.175204
20240321,MXP,USD,16.7373
20240320,MXP,EUR,18.205131
20240320,MXP,GBP,21.311293
20240320,MXP,USD,16.6729
20240319,MXP,EUR,18.274773
20240319,MXP,GBP,21.397082
20240319,MXP,USD,16.8183
20240315,MXP,EUR,18.196246
20240315,MXP,GBP,21.285898
20240315,MXP,USD,16.7099
20240314,MXP,EUR,18.179948
20240314,MXP,GBP,21.291597
20240314,MXP,USD,16.6934
20240313,MXP,EUR,18.255117
20240313,MXP,GBP,21.33849
20240313,MXP,USD,16.6759
20240312,MXP,EUR,18.355126
20240312,MXP,GBP,21.492457
20240312,MXP,USD,16.7995
20240311,MXP,EUR,18.356848
20240311,MXP,GBP,21.521184
20240311,MXP,USD,16.8003
20240308,MXP,EUR,18.392666
20240308,MXP,GBP,21.611341
20240308,MXP,USD,16.8077
20240307,MXP,EUR,18.460681
20240307,MXP,GBP,21.595227
20240307,MXP,USD,16.866
20240306,MXP,EUR,18.404543
20240306,MXP,GBP,21.518425
20240306,MXP,USD,16.8911
20240305,MXP,EUR,18.395489
20240305,MXP,GBP,21.529324
20240305,MXP,USD,16.9489
20240304,MXP,EUR,18.415543
20240304,MXP,GBP,21.528044
20240304,MXP,USD,16.9619
20240301,MXP,EUR,18.454851
20240301,MXP,GBP,21.553917
20240301,MXP,USD,17.0232
20240229,MXP,EUR,18.456163
20240229,MXP,GBP,21.571131
20240229,MXP,USD,17.0543
20240228,MXP,EUR,18.538699
20240228,MXP,GBP,21.652172
20240228,MXP,USD,17.1116
20240227,MXP,EUR,18.496965
20240227,MXP,GBP,21.628126
20240227,MXP,USD,17.0589
20240226,MXP,EUR,18.536018
20240226,MXP,GBP,21.665942
20240226,MXP,USD,17.0894
20240223,MXP,EUR,18.529509
20240223,MXP,GBP,21.69937
20240223,MXP,USD,17.1205
20240222,MXP,EUR,18.518794
20240222,MXP,GBP,21.6603
20240222,MXP,USD,17.1106
20240221,MXP,EUR,18.441146
20240221,MXP,GBP,21.536265
20240221,MXP,USD,17.0483
20240220,MXP,EUR,18.449183
20240220,MXP,GBP,21.544554
20240220,MXP,USD,17.0731
20240219,MXP,EUR,18.36776
20240219,MXP,GBP,21.465978
20240219,MXP,USD,17.0419
20240216,MXP,EUR,18.372003
20240216,MXP,GBP,21.489413
20240216,MXP,USD,17.049
20240215,MXP,EUR,18.356191
20240215,MXP,GBP,21.471238
20240215,MXP,USD,17.0454
20240214,MXP,EUR,18.348
20240214,MXP,GBP,21.484672
20240214,MXP,USD,17.1029
20240213,MXP,EUR,18.431197
20240213,MXP,GBP,21.661521
20240213,MXP,USD,17.2238
20240212,MXP,EUR,18.414001
20240212,MXP,GBP,21.585448
20240212,MXP,USD,17.0967
20240209,MXP,EUR,18.426745
20240209,MXP,GBP,21.581319
20240209,MXP,USD,17.0887
20240208,MXP,EUR,18.496573
20240208,MXP,GBP,21.654851
20240208,MXP,USD,17.1646
20240207,MXP,EUR,18.392097
20240207,MXP,GBP,21.559881
20240207,MXP,USD,17.0724
20240206,MXP,EUR,18.335192
20240206,MXP,GBP,21.482885
20240206,MXP,USD,17.056
20240202,MXP,EUR,18.50665
20240202,MXP,GBP,21.671959
20240202,MXP,USD,17.1469
20240201,MXP,EUR,18.581879
20240201,MXP,GBP,21.78398
20240201,MXP,USD,17.0915
20240131,MXP,EUR,18.608803
20240131,MXP,GBP,21.8145
20240131,MXP,USD,17.1336
20240130,MXP,EUR,18.600978
20240130,MXP,GBP,21.771727
20240130,MXP,USD,17.1485
20240129,MXP,EUR,18.634384
20240129,MXP,GBP,21.862638
20240129,MXP,USD,17.2174
20240126,MXP,EUR,18.614424
20240126,MXP,GBP,21.77753
20240126,MXP,USD,17.1443
20240125,MXP,EUR,18.649307
20240125,MXP,GBP,21.856458
20240125,MXP,USD,17.2105
20240124,MXP,EUR,18.741297
20240124,MXP,GBP,21.902428
20240124,MXP,USD,17.2128
20240123,MXP,EUR,18.781263
20240123,MXP,GBP,21.959963
20240123,MXP,USD,17.3179
20240122,MXP,EUR,18.704675
20240122,MXP,GBP,21.832137
20240122,MXP,USD,17.1839
20240119,MXP,EUR,18.621734
20240119,MXP,GBP,21.708518
20240119,MXP,USD,17.0967
20240118,MXP,EUR,18.671887
20240118,MXP,GBP,21.807361
20240118,MXP,USD,17.1901
20240117,MXP,EUR,18.736337
20240117,MXP,GBP,21.845554
20240117,MXP,USD,17.2304
20240116,MXP,EUR,18.691298
20240116,MXP,GBP,21.713693
20240116,MXP,USD,17.1874
20240115,MXP,EUR,18.497014
20240115,MXP,GBP,21.497647
20240115,MXP,USD,16.8907
20240112,MXP,EUR,18.473561
20240112,MXP,GBP,21.496011
20240112,MXP,USD,16.8616
20240111,MXP,EUR,18.584619
20240111,MXP,GBP,21.593493
20240111,MXP,USD,16.9228
20240110,MXP,EUR,18.638359
20240110,MXP,GBP,21.649049
20240110,MXP,USD,16.9903
20240109,MXP,EUR,18.52957
20240109,MXP,GBP,21.54207
20240109,MXP,USD,16.9576
20240108,MXP,EUR,18.42376
20240108,MXP,GBP,21.443685
20240108,MXP,USD,16.81
20240105,MXP,EUR,18.476974
20240105,MXP,GBP,21.477963
20240105,MXP,USD,16.8832
20240104,MXP,EUR,18.646292
20240104,MXP,GBP,21.60269
20240104,MXP,USD,17.0348
20240103,MXP,EUR,18.602037
20240103,MXP,GBP,21.577444
20240103,MXP,USD,17.0364
20240102,MXP,EUR,18.658076
20240102,MXP,GBP,21.508676
20240102,MXP,USD,17.044
20231229,MXP,EUR,18.745548
20231229,MXP,GBP,21.621387
20231229,MXP,USD,16.9666
20231228,MXP,EUR,18.756981
20231228,MXP,GBP,21.572375
20231228,MXP,USD,16.9501
20231227,MXP,EUR,18.785721
20231227,MXP,GBP,21.647663
20231227,MXP,USD,16.9195
20231226,MXP,EUR,18.716636
20231226,MXP,GBP,21.561836
20231226,MXP,USD,16.9458
20231222,MXP,EUR,18.724289
20231222,MXP,GBP,21.591986
20231222,MXP,USD,16.9989
20231221,MXP,EUR,18.749391
20231221,MXP,GBP,21.623675
20231221,MXP,USD,17.048
20231220,MXP,EUR,18.720875
20231220,MXP,GBP,21.622645
20231220,MXP,USD,17.1045
20231219,MXP,EUR,18.7323
20231219,MXP,GBP,21.713827
20231219,MXP,USD,17.0666
20231218,MXP,EUR,18.742226
20231218,MXP,GBP,21.702257
20231218,MXP,USD,17.1695
20231215,MXP,EUR,18.771644
20231215,MXP,GBP,21.856921
20231215,MXP,USD,17.2217
20231214,MXP,EUR,18.912286
20231214,MXP,GBP,21.947336
20231214,MXP,USD,17.2055
20231213,MXP,EUR,18.749502
20231213,MXP,GBP,21.739502
20231213,MXP,USD,17.2235
20231211,MXP,EUR,18.726203
20231211,MXP,GBP,21.846956
20231211,MXP,USD,17.4003
20231208,MXP,EUR,18.678162
20231208,MXP,GBP,21.787428
20231208,MXP,USD,17.3605
20231207,MXP,EUR,18.883975
20231207,MXP,GBP,22.019645
20231207,MXP,USD,17.4884
20231206,MXP,EUR,18.620894
20231206,MXP,GBP,21.718603
20231206,MXP,USD,17.2912
20231205,MXP,EUR,18.750681
20231205,MXP,GBP,21.877822
20231205,MXP,USD,17.3875
20231204,MXP,EUR,18.945336
20231204,MXP,GBP,22.083073
20231204,MXP,USD,17.495
20231201,MXP,EUR,18.702341
20231201,MXP,GBP,21.847764
20231201,MXP,USD,17.2023
20231130,MXP,EUR,18.967806
20231130,MXP,GBP,21.999281
20231130,MXP,USD,17.3873
20231129,MXP,EUR,18.945126
20231129,MXP,GBP,21.91894
20231129,MXP,USD,17.2495
20231128,MXP,EUR,18.841102
20231128,MXP,GBP,21.768133
20231128,MXP,USD,17.1423
20231127,MXP,EUR,18.773016
20231127,MXP,GBP,21.644103
20231127,MXP,USD,17.1357
20231124,MXP,EUR,18.745334
20231124,MXP,GBP,21.590579
20231124,MXP,USD,17.1245
20231123,MXP,EUR,18.743658
20231123,MXP,GBP,21.546438
20231123,MXP,USD,17.1897
20231122,MXP,EUR,18.709161
20231122,MXP,GBP,21.47067
20231122,MXP,USD,17.1896
20231121,MXP,EUR,18.77652
20231121,MXP,GBP,21.573664
20231121,MXP,USD,17.2025
20231117,MXP,EUR,18.805544
20231117,MXP,GBP,21.477157
20231117,MXP,USD,17.2528
20231116,MXP,EUR,18.737239
20231116,MXP,GBP,21.432339
20231116,MXP,USD,17.2598
20231115,MXP,EUR,18.78375
20231115,MXP,GBP,21.505108
20231115,MXP,USD,17.317
20231114,MXP,EUR,18.885167
20231114,MXP,GBP,21.692258
20231114,MXP,USD,17.3545
20231113,MXP,EUR,18.827075
20231113,MXP,GBP,21.596062
20231113,MXP,USD,17.5921
20231110,MXP,EUR,18.846193
20231110,MXP,GBP,21.561305
20231110,MXP,USD,17.6479
20231109,MXP,EUR,19.005255
20231109,MXP,GBP,21.771947
20231109,MXP,USD,17.8152
20231108,MXP,EUR,18.784074
20231108,MXP,GBP,21.558016
20231108,MXP,USD,17.5511
20231107,MXP,EUR,18.6956
20231107,MXP,GBP,21.494278
20231107,MXP,USD,17.4807
20231106,MXP,EUR,18.803247
20231106,MXP,GBP,21.65775
20231106,MXP,USD,17.5338
20231103,MXP,EUR,18.732331
20231103,MXP,GBP,21.608595
20231103,MXP,USD,17.4636
20231101,MXP,EUR,18.819072
20231101,MXP,GBP,21.632673
20231101,MXP,USD,17.8076
20231031,MXP,EUR,19.108833
20231031,MXP,GBP,21.879352
20231031,MXP,USD,18.0255
20231030,MXP,EUR,19.169312
20231030,MXP,GBP,21.977814
20231030,MXP,USD,18.0553
20231027,MXP,EUR,19.142256
20231027,MXP,GBP,21.96587
20231027,MXP,USD,18.1117
20231026,MXP,EUR,19.173074
20231026,MXP,GBP,22.014707
20231026,MXP,USD,18.1632
20231025,MXP,EUR,19.361527
20231025,MXP,GBP,22.191199
20231025,MXP,USD,18.3209
20231024,MXP,EUR,19.310584
20231024,MXP,GBP,22.176554
20231024,MXP,USD,18.2313
20231023,MXP,EUR,19.373186
20231023,MXP,GBP,22.241471
20231023,MXP,USD,18.1652
20231020,MXP,EUR,19.316336
20231020,MXP,GBP,22.172858
20231020,MXP,USD,18.235
20231019,MXP,EUR,19.370534
20231019,MXP,GBP,22.226334
20231019,MXP,USD,18.2948
20231018,MXP,EUR,19.220756
20231018,MXP,GBP,22.148895
20231018,MXP,USD,18.2438
20231017,MXP,EUR,19.054145
20231017,MXP,GBP,21.950272
20231017,MXP,USD,18.0164
20231016,MXP,EUR,18.904613
20231016,MXP,GBP,21.868901
20231016,MXP,USD,17.9004
20231013,MXP,EUR,18.995792
20231013,MXP,GBP,21.936359
20231013,MXP,USD,18.068
20231012,MXP,EUR,18.947586
20231012,MXP,GBP,21.907303
20231012,MXP,USD,17.9922
20231011,MXP,EUR,18.930959
20231011,MXP,GBP,21.958271
20231011,MXP,USD,17.8392
20231010,MXP,EUR,19.009358
20231010,MXP,GBP,22.021932
20231010,MXP,USD,17.9266
20231009,MXP,EUR,19.200934
20231009,MXP,GBP,22.239114
20231009,MXP,USD,18.1655
20231006,MXP,EUR,19.256626
20231006,MXP,GBP,22.263599
20231006,MXP,USD,18.1855
20231005,MXP,EUR,19.258846
20231005,MXP,GBP,22.259656
20231005,MXP,USD,18.2531
20231004,MXP,EUR,18.921334
20231004,MXP,GBP,21.863173
20231004,MXP,USD,17.9929
20231003,MXP,EUR,18.825201
20231003,MXP,GBP,21.714056
20231003,MXP,USD,17.9767
20231002,MXP,EUR,18.522098
20231002,MXP,GBP,21.368517
20231002,MXP,USD,17.6687
20230929,MXP,EUR,18.447432
20230929,MXP,GBP,21.269881
20230929,MXP,USD,17.4279
20230928,MXP,EUR,18.540422
20230928,MXP,GBP,21.410953
20230928,MXP,USD,17.5514
20230927,MXP,EUR,18.581253
20230927,MXP,GBP,21.471472
20230927,MXP,USD,17.688
20230926,MXP,EUR,18.5372
20230926,MXP,GBP,21.316649
20230926,MXP,USD,17.5359
20230925,MXP,EUR,18.441179
20230925,MXP,GBP,21.262671
20230925,MXP,USD,17.4113
20230922,MXP,EUR,18.294307
20230922,MXP,GBP,21.03335
20230922,MXP,USD,17.1834
20230921,MXP,EUR,18.367997
20230921,MXP,GBP,21.184025
20230921,MXP,USD,17.234
20230920,MXP,EUR,18.217937
20230920,MXP,GBP,21.091043
20230920,MXP,USD,17.0916
20230919,MXP,EUR,18.234176
20230919,MXP,GBP,21.161102
20230919,MXP,USD,17.0716
20230918,MXP,EUR,18.302022
20230918,MXP,GBP,21.205651
20230918,MXP,USD,17.1255
20230915,MXP,EUR,18.202487
20230915,MXP,GBP,21.144906
20230915,MXP,USD,17.0723
20230914,MXP,EUR,18.214639
20230914,MXP,GBP,21.235419
20230914,MXP,USD,17.115
20230913,MXP,EUR,18.404745
20230913,MXP,GBP,21.416162
20230913,MXP,USD,17.1494
20230912,MXP,EUR,18.505058
20230912,MXP,GBP,21.546092
20230912,MXP,USD,17.2493
20230911,MXP,EUR,18.602005
20230911,MXP,GBP,21.653008
20230911,MXP,USD,17.3058
20230908,MXP,EUR,18.838898
20230908,MXP,GBP,21.932667
20230908,MXP,USD,17.6081
20230907,MXP,EUR,18.814576
20230907,MXP,GBP,21.939502
20230907,MXP,USD,17.5903
20230906,MXP,EUR,18.846011
20230906,MXP,GBP,21.971785
20230906,MXP,USD,17.5704
20230905,MXP,EUR,18.688339
20230905,MXP,GBP,21.896303
20230905,MXP,USD,17.4299
20230904,MXP,EUR,18.531539
20230904,MXP,GBP,21.681077
20230904,MXP,USD,17.1636
20230901,MXP,EUR,18.412836
20230901,MXP,GBP,21.511409
20230901,MXP,USD,17.0861
20230831,MXP,EUR,18.508303
20230831,MXP,GBP,21.608938
20230831,MXP,USD,17.0552
20230830,MXP,EUR,18.30418
20230830,MXP,GBP,21.312421
20230830,MXP,USD,16.759
20230829,MXP,EUR,18.278263
20230829,MXP,GBP,21.244031
20230829,MXP,USD,16.7937
20230828,MXP,EUR,18.144166
20230828,MXP,GBP,21.139681
20230828,MXP,USD,16.7722
20230825,MXP,EUR,18.099679
20230825,MXP,GBP,21.092826
20230825,MXP,USD,16.7543
20230824,MXP,EUR,18.177684
20230824,MXP,GBP,21.18739
20230824,MXP,USD,16.8234
20230823,MXP,EUR,18.246673
20230823,MXP,GBP,21.362543
20230823,MXP,USD,16.7971
20230822,MXP,EUR,18.349371
20230822,MXP,GBP,21.538425
20230822,MXP,USD,16.9181
20230821,MXP,EUR,18.530937
20230821,MXP,GBP,21.698517
20230821,MXP,USD,17.0071
20230818,MXP,EUR,18.528644
20230818,MXP,GBP,21.706492
20230818,MXP,USD,17.0394
20230817,MXP,EUR,18.613109
20230817,MXP,GBP,21.822599
20230817,MXP,USD,17.1218
20230816,MXP,EUR,18.641925
20230816,MXP,GBP,21.804624
20230816,MXP,USD,17.142
20230815,MXP,EUR,18.673799
20230815,MXP,GBP,21.748983
20230815,MXP,USD,17.1225
20230814,MXP,EUR,18.592528
20230814,MXP,GBP,21.621648
20230814,MXP,USD,17.0511
20230811,MXP,EUR,18.62403
20230811,MXP,GBP,21.603814
20230811,MXP,USD,17.0129
20230810,MXP,EUR,18.710249
20230810,MXP,GBP,21.601145
20230810,MXP,USD,17.0403
20230809,MXP,EUR,18.726972
20230809,MXP,GBP,21.707931
20230809,MXP,USD,17.0633
20230808,MXP,EUR,18.739276
20230808,MXP,GBP,21.796089
20230808,MXP,USD,17.101
20230807,MXP,EUR,18.752467
20230807,MXP,GBP,21.787558
20230807,MXP,USD,17.0415
20230804,MXP,EUR,18.807612
20230804,MXP,GBP,21.776721
20230804,MXP,USD,17.0885
20230803,MXP,EUR,18.916595
20230803,MXP,GBP,21.957856
20230803,MXP,USD,17.2849
20230802,MXP,EUR,18.628124
20230802,MXP,GBP,21.651633
20230802,MXP,USD,17.0291
20230801,MXP,EUR,18.515982
20230801,MXP,GBP,21.537339
20230801,MXP,USD,16.8603
20230731,MXP,EUR,18.462155
20230731,MXP,GBP,21.543088
20230731,MXP,USD,16.7442
20230728,MXP,EUR,18.37654
20230728,MXP,GBP,21.435979
20230728,MXP,USD,16.6726
20230727,MXP,EUR,18.516354
20230727,MXP,GBP,21.584131
20230727,MXP,USD,16.8837
20230726,MXP,EUR,18.683545
20230726,MXP,GBP,21.800546
20230726,MXP,USD,16.8396
20230725,MXP,EUR,18.711522
20230725,MXP,GBP,21.838273
20230725,MXP,USD,16.9289
20230724,MXP,EUR,18.620001
20230724,MXP,GBP,21.574929
20230724,MXP,USD,16.8324
20230721,MXP,EUR,18.9053
20230721,MXP,GBP,21.845773
20230721,MXP,USD,16.992
20230720,MXP,EUR,18.801837
20230720,MXP,GBP,21.729709
20230720,MXP,USD,16.8899
20230719,MXP,EUR,18.729167
20230719,MXP,GBP,21.626972
20230719,MXP,USD,16.7165
20230718,MXP,EUR,18.80734
20230718,MXP,GBP,21.842241
20230718,MXP,USD,16.7489
20230717,MXP,EUR,18.819537
20230717,MXP,GBP,21.891134
20230717,MXP,USD,16.7389
20230714,MXP,EUR,18.790408
20230714,MXP,GBP,21.914619
20230714,MXP,USD,16.7383
20230713,MXP,EUR,18.90189
20230713,MXP,GBP,22.115615
20230713,MXP,USD,16.8391
20230712,MXP,EUR,18.805364
20230712,MXP,GBP,21.940443
20230712,MXP,USD,16.887
20230711,MXP,EUR,18.770485
20230711,MXP,GBP,22.05338
20230711,MXP,USD,17.054
20230710,MXP,EUR,18.761424
20230710,MXP,GBP,21.944913
20230710,MXP,USD,17.0605
20230707,MXP,EUR,18.80397
20230707,MXP,GBP,22.000552
20230707,MXP,USD,17.1444
20230706,MXP,EUR,18.768191
20230706,MXP,GBP,21.96229
20230706,MXP,USD,17.2375
20230705,MXP,EUR,18.470507
20230705,MXP,GBP,21.611293
20230705,MXP,USD,17.0141
20230704,MXP,EUR,18.560557
20230704,MXP,GBP,21.687803
20230704,MXP,USD,17.0562
20230703,MXP,EUR,18.604169
20230703,MXP,GBP,21.640349
20230703,MXP,USD,17.0524
20230630,MXP,EUR,18.675687
20230630,MXP,GBP,21.76163
20230630,MXP,USD,17.1156
20230629,MXP,EUR,18.601039
20230629,MXP,GBP,21.587799
20230629,MXP,USD,17.1162
20230628,MXP,EUR,18.64554
20230628,MXP,GBP,21.594834
20230628,MXP,USD,17.0825
20230627,MXP,EUR,18.719894
20230627,MXP,GBP,21.777406
20230627,MXP,USD,17.0763
20230626,MXP,EUR,18.685646
20230626,MXP,GBP,21.778809
20230626,MXP,USD,17.1318
20230623,MXP,EUR,18.708217
20230623,MXP,GBP,21.847141
20230623,MXP,USD,17.1761
20230622,MXP,EUR,18.823543
20230622,MXP,GBP,21.894952
20230622,MXP,USD,17.1779
20230621,MXP,EUR,18.81662
20230621,MXP,GBP,21.880229
20230621,MXP,USD,17.1247
20230620,MXP,EUR,18.782826
20230620,MXP,GBP,21.967239
20230620,MXP,USD,17.213
20230619,MXP,EUR,18.653356
20230619,MXP,GBP,21.83344
20230619,MXP,USD,17.0834
20230616,MXP,EUR,18.654848
20230616,MXP,GBP,21.871171
20230616,MXP,USD,17.0582
20230615,MXP,EUR,18.738926
20230615,MXP,GBP,21.878911
20230615,MXP,USD,17.1163
20230614,MXP,EUR,18.535323
20230614,MXP,GBP,21.672193
20230614,MXP,USD,17.1227
20230613,MXP,EUR,18.567327
20230613,MXP,GBP,21.693712
20230613,MXP,USD,17.2063
20230612,MXP,EUR,18.584239
20230612,MXP,GBP,21.610355
20230612,MXP,USD,17.2724
20230609,MXP,EUR,18.560062
20230609,MXP,GBP,21.725954
20230609,MXP,USD,17.2716
20230608,MXP,EUR,18.747606
20230608,MXP,GBP,21.839752
20230608,MXP,USD,17.3911
20230607,MXP,EUR,18.567285
20230607,MXP,GBP,21.579097
20230607,MXP,USD,17.3591
20230606,MXP,EUR,18.598856
20230606,MXP,GBP,21.615036
20230606,MXP,USD,17.3943
20230605,MXP,EUR,18.71468
20230605,MXP,GBP,21.715605
20230605,MXP,USD,17.4675
20230602,MXP,EUR,18.794147
20230602,MXP,GBP,21.852504
20230602,MXP,USD,17.5515
20230601,MXP,EUR,18.896996
20230601,MXP,GBP,22.001427
20230601,MXP,USD,17.559
20230531,MXP,EUR,18.856932
20230531,MXP,GBP,21.920598
20230531,MXP,USD,17.6886
20230530,MXP,EUR,18.950253
20230530,MXP,GBP,21.911102
20230530,MXP,USD,17.661
20230529,MXP,EUR,18.832803
20230529,MXP,GBP,21.731257
20230529,MXP,USD,17.5876
20230526,MXP,EUR,18.906752
20230526,MXP,GBP,21.765056
20230526,MXP,USD,17.6221
20230525,MXP,EUR,19.133623
20230525,MXP,GBP,21.980825
20230525,MXP,USD,17.8452
20230524,MXP,EUR,19.151869
20230524,MXP,GBP,22.021987
20230524,MXP,USD,17.8157
20230523,MXP,EUR,19.356234
20230523,MXP,GBP,22.307835
20230523,MXP,USD,17.9757
20230522,MXP,EUR,19.353096
20230522,MXP,GBP,22.254905
20230522,MXP,USD,17.9013
20230519,MXP,EUR,19.18492
20230519,MXP,GBP,22.10251
20230519,MXP,USD,17.7523
20230518,MXP,EUR,19.070365
20230518,MXP,GBP,21.965518
20230518,MXP,USD,17.702
20230517,MXP,EUR,19.055428
20230517,MXP,GBP,21.961186
20230517,MXP,USD,17.5788
20230516,MXP,EUR,18.997958
20230516,MXP,GBP,21.827656
20230516,MXP,USD,17.4887
20230515,MXP,EUR,18.952518
20230515,MXP,GBP,21.838255
20230515,MXP,USD,17.426
20230512,MXP,EUR,19.077491
20230512,MXP,GBP,21.889372
20230512,MXP,USD,17.5797
20230511,MXP,EUR,19.199182
20230511,MXP,GBP,22.00422
20230511,MXP,USD,17.5865
20230510,MXP,EUR,19.281537
20230510,MXP,GBP,22.168984
20230510,MXP,USD,17.5582
20230509,MXP,EUR,19.467865
20230509,MXP,GBP,22.412241
20230509,MXP,USD,17.7586
20230508,MXP,EUR,19.58665
20230508,MXP,GBP,22.459122
20230508,MXP,USD,17.8028
20230505,MXP,EUR,19.589563
20230505,MXP,GBP,22.463645
20230505,MXP,USD,17.7796
20230504,MXP,EUR,19.723422
20230504,MXP,GBP,22.515208
20230504,MXP,USD,17.9076
20230503,MXP,EUR,19.812622
20230503,MXP,GBP,22.500491
20230503,MXP,USD,17.9251
20230502,MXP,EUR,19.779332
20230502,MXP,GBP,22.420221
20230502,MXP,USD,17.9714
20230428,MXP,EUR,19.852677
20230428,MXP,GBP,22.598576
20230428,MXP,USD,17.9882
20230427,MXP,EUR,19.895373
20230427,MXP,GBP,22.540088
20230427,MXP,USD,18.0465
20230426,MXP,EUR,20.02687
20230426,MXP,GBP,22.618476
20230426,MXP,USD,18.1485
20230425,MXP,EUR,19.848241
20230425,MXP,GBP,22.440978
20230425,MXP,USD,18.0932
20230424,MXP,EUR,19.853799
20230424,MXP,GBP,22.43979
20230424,MXP,USD,17.977
20230421,MXP,EUR,19.767863
20230421,MXP,GBP,22.382964
20230421,MXP,USD,17.9855
20230420,MXP,EUR,19.742099
20230420,MXP,GBP,22.392644
20230420,MXP,USD,18.0063
20230419,MXP,EUR,19.767631
20230419,MXP,GBP,22.445438
20230419,MXP,USD,18.0444
20230418,MXP,EUR,19.795524
20230418,MXP,GBP,22.419951
20230418,MXP,USD,18.0435
20230417,MXP,EUR,19.703922
20230417,MXP,GBP,22.315306
20230417,MXP,USD,18.0282
20230414,MXP,EUR,19.820489
20230414,MXP,GBP,22.382884
20230414,MXP,USD,18.026
20230413,MXP,EUR,19.887141
20230413,MXP,GBP,22.54879
20230413,MXP,USD,18.0023
20230412,MXP,EUR,19.882922
20230412,MXP,GBP,22.588915
20230412,MXP,USD,18.0943
20230411,MXP,EUR,19.848756
20230411,MXP,GBP,22.597636
20230411,MXP,USD,18.1865
20230410,MXP,EUR,19.732018
20230410,MXP,GBP,22.496898
20230410,MXP,USD,18.1661
20230405,MXP,EUR,19.960763
20230405,MXP,GBP,22.810067
20230405,MXP,USD,18.3059
20230404,MXP,EUR,19.866027
20230404,MXP,GBP,22.662719
20230404,MXP,USD,18.1309
20230403,MXP,EUR,19.689584
20230403,MXP,GBP,22.423847
20230403,MXP,USD,18.0539
20230331,MXP,EUR,19.577037
20230331,MXP,GBP,22.268339
20230331,MXP,USD,18.0201
20230330,MXP,EUR,19.736971
20230330,MXP,GBP,22.422373
20230330,MXP,USD,18.0957
20230329,MXP,EUR,19.618892
20230329,MXP,GBP,22.283901
20230329,MXP,USD,18.0986
20230328,MXP,EUR,19.77061
20230328,MXP,GBP,22.496437
20230328,MXP,USD,18.2268
20230327,MXP,EUR,19.815411
20230327,MXP,GBP,22.553642
20230327,MXP,USD,18.3527
20230324,MXP,EUR,19.853707
20230324,MXP,GBP,22.560537
20230324,MXP,USD,18.4514
20230323,MXP,EUR,20.177477
20230323,MXP,GBP,22.876483
20230323,MXP,USD,18.6139
20230322,MXP,EUR,20.171742
20230322,MXP,GBP,22.791376
20230322,MXP,USD,18.5658
20230321,MXP,EUR,20.053386
20230321,MXP,GBP,22.752539
20230321,MXP,USD,18.6214
20230317,MXP,EUR,20.186258
20230317,MXP,GBP,23.04134
20230317,MXP,USD,18.9329
20230316,MXP,EUR,19.886691
20230316,MXP,GBP,22.703549
20230316,MXP,USD,18.7354
20230315,MXP,EUR,20.078502
20230315,MXP,GBP,22.886808
20230315,MXP,USD,18.9751
20230314,MXP,EUR,19.985491
20230314,MXP,GBP,22.657169
20230314,MXP,USD,18.605
20230313,MXP,EUR,20.361463
20230313,MXP,GBP,23.122509
20230313,MXP,USD,18.9762
20230310,MXP,EUR,19.704214
20230310,MXP,GBP,22.275295
20230310,MXP,USD,18.5103
20230309,MXP,EUR,19.144696
20230309,MXP,GBP,21.559267
20230309,MXP,USD,18.1003
20230308,MXP,EUR,18.96919
20230308,MXP,GBP,21.302328
20230308,MXP,USD,17.9888
20230307,MXP,EUR,19.140513
20230307,MXP,GBP,21.460281
20230307,MXP,USD,18.1375
20230306,MXP,EUR,19.234522
20230306,MXP,GBP,21.654152
20230306,MXP,USD,18.0166
20230303,MXP,EUR,19.110255
20230303,MXP,GBP,21.645949
20230303,MXP,USD,17.9709
20230302,MXP,EUR,19.199048
20230302,MXP,GBP,21.651725
20230302,MXP,USD,18.1277
20230301,MXP,EUR,19.334986
20230301,MXP,GBP,21.801545
20230301,MXP,USD,18.143
20230228,MXP,EUR,19.434897
20230228,MXP,GBP,22.18919
20230228,MXP,USD,18.3253
20230227,MXP,EUR,19.503586
20230227,MXP,GBP,22.170563
20230227,MXP,USD,18.3866
20230224,MXP,EUR,19.413629
20230224,MXP,GBP,21.981321
20230224,MXP,USD,18.3998
20230223,MXP,EUR,19.465479
20230223,MXP,GBP,22.07595
20230223,MXP,USD,18.3706
20230222,MXP,EUR,19.480398
20230222,MXP,GBP,22.12011
20230222,MXP,USD,18.376
20230221,MXP,EUR,19.651452
20230221,MXP,GBP,22.346629
20230221,MXP,USD,18.4538
20230220,MXP,EUR,19.660767
20230220,MXP,GBP,22.152627
20230220,MXP,USD,18.3969
20230217,MXP,EUR,19.644024
20230217,MXP,GBP,22.121229
20230217,MXP,USD,18.3632
20230216,MXP,EUR,19.776179
20230216,MXP,GBP,22.22554
20230216,MXP,USD,18.4997
20230215,MXP,EUR,19.862752
20230215,MXP,GBP,22.357227
20230215,MXP,USD,18.5946
20230214,MXP,EUR,19.879797
20230214,MXP,GBP,22.540187
20230214,MXP,USD,18.5135
20230213,MXP,EUR,19.933834
20230213,MXP,GBP,22.566711
20230213,MXP,USD,18.6002
20230210,MXP,EUR,19.921643
20230210,MXP,GBP,22.488826
20230210,MXP,USD,18.6637
20230209,MXP,EUR,20.157052
20230209,MXP,GBP,22.749433
20230209,MXP,USD,18.7717
20230208,MXP,EUR,20.316064
20230208,MXP,GBP,22.870609
20230208,MXP,USD,18.9436
20230207,MXP,EUR,20.273197
20230207,MXP,GBP,22.762672
20230207,MXP,USD,18.9098
20230203,MXP,EUR,20.49779
20230203,MXP,GBP,22.872167
20230203,MXP,USD,18.9724
20230202,MXP,EUR,20.376808
20230202,MXP,GBP,22.848251
20230202,MXP,USD,18.6806
20230201,MXP,EUR,20.490491
20230201,MXP,GBP,23.09156
20230201,MXP,USD,18.6591
20230131,MXP,EUR,20.458212
20230131,MXP,GBP,23.185157
20230131,MXP,USD,18.839
20230130,MXP,EUR,20.373012
20230130,MXP,GBP,23.192653
20230130,MXP,USD,18.7787
20230127,MXP,EUR,20.397191
20230127,MXP,GBP,23.2572
20230127,MXP,USD,18.7664
20230126,MXP,EUR,20.473944
20230126,MXP,GBP,23.327584
20230126,MXP,USD,18.805
20230125,MXP,EUR,20.513494
20230125,MXP,GBP,23.305823
20230125,MXP,USD,18.7973
20230124,MXP,EUR,20.475931
20230124,MXP,GBP,23.209305
20230124,MXP,USD,18.812
20230123,MXP,EUR,20.42835
20230123,MXP,GBP,23.27022
20230123,MXP,USD,18.8141
20230120,MXP,EUR,20.488445
20230120,MXP,GBP,23.402951
20230120,MXP,USD,18.8764
20230119,MXP,EUR,20.56782
20230119,MXP,GBP,23.532534
20230119,MXP,USD,18.9924
20230118,MXP,EUR,20.348762
20230118,MXP,GBP,23.260046
20230118,MXP,USD,18.8493
20230117,MXP,EUR,20.1701
20230117,MXP,GBP,22.935678
20230117,MXP,USD,18.6864
20230116,MXP,EUR,20.331213
20230116,MXP,GBP,22.914903
20230116,MXP,USD,18.7904
20230113,MXP,EUR,20.325925
20230113,MXP,GBP,22.95372
20230113,MXP,USD,18.7699
20230112,MXP,EUR,20.443992
20230112,MXP,GBP,23.029864
20230112,MXP,USD,18.8476
20230111,MXP,EUR,20.393775
20230111,MXP,GBP,23.031587
20230111,MXP,USD,18.9498
20230110,MXP,EUR,20.471836
20230110,MXP,GBP,23.186166
20230110,MXP,USD,19.0613
20230109,MXP,EUR,20.539478
20230109,MXP,GBP,23.310886
20230109,MXP,USD,19.1065
20230106,MXP,EUR,20.393691
20230106,MXP,GBP,23.173517
20230106,MXP,USD,19.158
20230105,MXP,EUR,20.355246
20230105,MXP,GBP,23.035313
20230105,MXP,USD,19.3298
20230104,MXP,EUR,20.57211
20230104,MXP,GBP,23.391681
20230104,MXP,USD,19.3985
20230103,MXP,EUR,20.485282
20230103,MXP,GBP,23.233272
20230103,MXP,USD,19.3861
20230102,MXP,EUR,20.756775
20230102,MXP,GBP,23.461885
20230102,MXP,USD,19.4753
20221230,MXP,EUR,20.809168
20221230,MXP,GBP,23.463354
20221230,MXP,USD,19.5089
20221229,MXP,EUR,20.72032
20221229,MXP,GBP,23.419774
20221229,MXP,USD,19.4065
20221228,MXP,EUR,20.618745
20221228,MXP,GBP,23.358006
20221228,MXP,USD,19.4205
20221227,MXP,EUR,20.716356
20221227,MXP,GBP,23.417347
20221227,MXP,USD,19.4666
20221226,MXP,EUR,20.583401
20221226,MXP,GBP,23.354318
20221226,MXP,USD,19.3635
20221223,MXP,EUR,20.570091
20221223,MXP,GBP,23.320517
20221223,MXP,USD,19.3692
20221222,MXP,EUR,20.743133
20221222,MXP,GBP,23.559859
20221222,MXP,USD,19.581
20221221,MXP,EUR,20.854096
20221221,MXP,GBP,23.737244
20221221,MXP,USD,19.6468
20221220,MXP,EUR,21.011206
20221220,MXP,GBP,24.07159
20221220,MXP,USD,19.7827
20221219,MXP,EUR,20.9729
20221219,MXP,GBP,24.015791
20221219,MXP,USD,19.7783
20221216,MXP,EUR,21.018634
20221216,MXP,GBP,24.127806
20221216,MXP,USD,19.8289
20221215,MXP,EUR,20.980156
20221215,MXP,GBP,24.057376
20221215,MXP,USD,19.7321
20221214,MXP,EUR,20.985273
20221214,MXP,GBP,24.4082
20221214,MXP,USD,19.6777
20221213,MXP,EUR,20.812057
20221213,MXP,GBP,24.209315
20221213,MXP,USD,19.5694
20221209,MXP,EUR,20.860595
20221209,MXP,GBP,24.272421
20221209,MXP,USD,19.7787
20221208,MXP,EUR,20.713727
20221208,MXP,GBP,24.014153
20221208,MXP,USD,19.6162
20221207,MXP,EUR,20.673258
20221207,MXP,GBP,24.013924
20221207,MXP,USD,19.6626
20221206,MXP,EUR,20.701103
20221206,MXP,GBP,24.023823
20221206,MXP,USD,19.7841
20221205,MXP,EUR,20.698963
20221205,MXP,GBP,24.012838
20221205,MXP,USD,19.7255
20221202,MXP,EUR,20.460491
20221202,MXP,GBP,23.862805
20221202,MXP,USD,19.4196
20221201,MXP,EUR,20.162211
20221201,MXP,GBP,23.497016
20221201,MXP,USD,19.1656
20221130,MXP,EUR,19.886378
20221130,MXP,GBP,22.998843
20221130,MXP,USD,19.3081
20221129,MXP,EUR,19.867664
20221129,MXP,GBP,22.992666
20221129,MXP,USD,19.2367
20221128,MXP,EUR,19.953813
20221128,MXP,GBP,23.066993
20221128,MXP,USD,19.3005
20221125,MXP,EUR,20.110258
20221125,MXP,GBP,23.358947
20221125,MXP,USD,19.3145
20221124,MXP,EUR,20.187299
20221124,MXP,GBP,23.491582
20221124,MXP,USD,19.3857
20221123,MXP,EUR,20.126409
20221123,MXP,GBP,23.353371
20221123,MXP,USD,19.3579
20221122,MXP,EUR,20.014253
20221122,MXP,GBP,23.10317
20221122,MXP,USD,19.4332
20221118,MXP,EUR,20.079674
20221118,MXP,GBP,23.11939
20221118,MXP,USD,19.4354
20221117,MXP,EUR,20.118445
20221117,MXP,GBP,23.008447
20221117,MXP,USD,19.4156
20221116,MXP,EUR,20.063714
20221116,MXP,GBP,22.99795
20221116,MXP,USD,19.3106
20221115,MXP,EUR,20.050126
20221115,MXP,GBP,22.969708
20221115,MXP,USD,19.3478
20221114,MXP,EUR,20.023323
20221114,MXP,GBP,22.78226
20221114,MXP,USD,19.3406
20221111,MXP,EUR,20.195652
20221111,MXP,GBP,23.103868
20221111,MXP,USD,19.492
20221110,MXP,EUR,19.711942
20221110,MXP,GBP,22.64356
20221110,MXP,USD,19.3634
20221109,MXP,EUR,19.607121
20221109,MXP,GBP,22.23787
20221109,MXP,USD,19.6032
20221108,MXP,EUR,19.676256
20221108,MXP,GBP,22.534324
20221108,MXP,USD,19.5356
20221107,MXP,EUR,19.500941
20221107,MXP,GBP,22.430021
20221107,MXP,USD,19.4494
20221104,MXP,EUR,19.440048
20221104,MXP,GBP,22.199073
20221104,MXP,USD,19.5191
20221103,MXP,EUR,19.163363
20221103,MXP,GBP,21.939034
20221103,MXP,USD,19.6507
20221101,MXP,EUR,19.479614
20221101,MXP,GBP,22.64372
20221101,MXP,USD,19.7202
20221031,MXP,EUR,19.589415
20221031,MXP,GBP,22.781845
20221031,MXP,USD,19.8103
20221028,MXP,EUR,19.722936
20221028,MXP,GBP,22.999526
20221028,MXP,USD,19.8101
20221027,MXP,EUR,19.786611
20221027,MXP,GBP,22.960938
20221027,MXP,USD,19.8581
20221026,MXP,EUR,20.120991
20221026,MXP,GBP,23.203015
20221026,MXP,USD,19.9613
20221025,MXP,EUR,19.807751
20221025,MXP,GBP,22.813697
20221025,MXP,USD,19.8873
20221024,MXP,EUR,19.682383
20221024,MXP,GBP,22.482338
20221024,MXP,USD,19.9285
20221021,MXP,EUR,19.621528
20221021,MXP,GBP,22.473159
20221021,MXP,USD,19.9345
20221020,MXP,EUR,19.626044
20221020,MXP,GBP,22.500408
20221020,MXP,USD,20.0583
20221019,MXP,EUR,19.651986
20221019,MXP,GBP,22.546362
20221019,MXP,USD,20.1208
20221018,MXP,EUR,19.75439
20221018,MXP,GBP,22.698347
20221018,MXP,USD,20.0542
20221017,MXP,EUR,19.704159
20221017,MXP,GBP,22.736578
20221017,MXP,USD,20.0093
20221014,MXP,EUR,19.524625
20221014,MXP,GBP,22.438069
20221014,MXP,USD,20.0788
20221013,MXP,EUR,19.5499
20221013,MXP,GBP,22.615072
20221013,MXP,USD,19.9815
20221012,MXP,EUR,19.403115
20221012,MXP,GBP,22.194427
20221012,MXP,USD,20.0094
20221011,MXP,EUR,19.517962
20221011,MXP,GBP,22.139928
20221011,MXP,USD,20.1071
20221010,MXP,EUR,19.384379
20221010,MXP,GBP,22.088814
20221010,MXP,USD,19.9736
20221007,MXP,EUR,19.503406
20221007,MXP,GBP,22.187453
20221007,MXP,USD,20.0302
20221006,MXP,EUR,19.715572
20221006,MXP,GBP,22.448982
20221006,MXP,USD,20.1282
20221005,MXP,EUR,19.814219
20221005,MXP,GBP,22.72406
20221005,MXP,USD,20.0265
20221004,MXP,EUR,19.95991
20221004,MXP,GBP,22.911869
20221004,MXP,USD,19.9659
20221003,MXP,EUR,19.672327
20221003,MXP,GBP,22.662849
20221003,MXP,USD,20.037
20220930,MXP,EUR,19.720533
20220930,MXP,GBP,22.470901
20220930,MXP,USD,20.1271
20220929,MXP,EUR,19.780824
20220929,MXP,GBP,22.341694
20220929,MXP,USD,20.2041
20220928,MXP,EUR,19.61948
20220928,MXP,GBP,21.947317
20220928,MXP,USD,20.137
20220927,MXP,EUR,19.532698
20220927,MXP,GBP,21.832349
20220927,MXP,USD,20.3508
20220926,MXP,EUR,19.632159
20220926,MXP,GBP,21.837206
20220926,MXP,USD,20.4172
20220923,MXP,EUR,19.574847
20220923,MXP,GBP,21.954178
20220923,MXP,USD,20.2324
20220922,MXP,EUR,19.606947
20220922,MXP,GBP,22.439992
20220922,MXP,USD,19.944
20220921,MXP,EUR,19.712557
20220921,MXP,GBP,22.585626
20220921,MXP,USD,19.8966
20220920,MXP,EUR,19.922847
20220920,MXP,GBP,22.72073
20220920,MXP,USD,19.9848
20220919,MXP,EUR,19.980541
20220919,MXP,GBP,22.787166
20220919,MXP,USD,19.9546
20220915,MXP,EUR,20.067334
20220915,MXP,GBP,23.027627
20220915,MXP,USD,20.0834
20220914,MXP,EUR,19.923373
20220914,MXP,GBP,23.039967
20220914,MXP,USD,19.9653
20220913,MXP,EUR,20.028751
20220913,MXP,GBP,23.089564
20220913,MXP,USD,20.0709
20220912,MXP,EUR,20.113203
20220912,MXP,GBP,23.216575
20220912,MXP,USD,19.8806
20220909,MXP,EUR,19.977536
20220909,MXP,GBP,23.052839
20220909,MXP,USD,19.892
20220908,MXP,EUR,19.943632
20220908,MXP,GBP,22.951554
20220908,MXP,USD,19.9596
20220907,MXP,EUR,19.968991
20220907,MXP,GBP,23.007761
20220907,MXP,USD,20.005
20220906,MXP,EUR,19.963497
20220906,MXP,GBP,23.216882
20220906,MXP,USD,20.1448
20220905,MXP,EUR,19.859879
20220905,MXP,GBP,23.03534
20220905,MXP,USD,20.0029
20220902,MXP,EUR,19.888845
20220902,MXP,GBP,22.978462
20220902,MXP,USD,19.9587
20220901,MXP,EUR,20.075077
20220901,MXP,GBP,23.291732
20220901,MXP,USD,20.1861
20220831,MXP,EUR,20.256002
20220831,MXP,GBP,23.446685
20220831,MXP,USD,20.1432
20220830,MXP,EUR,20.199642
20220830,MXP,GBP,23.502098
20220830,MXP,USD,20.1553
20220829,MXP,EUR,19.99509
20220829,MXP,GBP,23.41916
20220829,MXP,USD,20.0121
20220826,MXP,EUR,19.907469
20220826,MXP,GBP,23.46216
20220826,MXP,USD,19.9814
20220825,MXP,EUR,19.865027
20220825,MXP,GBP,23.56644
20220825,MXP,USD,19.9268
20220824,MXP,EUR,19.840517
20220824,MXP,GBP,23.471516
20220824,MXP,USD,19.9122
20220823,MXP,EUR,19.927089
20220823,MXP,GBP,23.643665
20220823,MXP,USD,20.0031
20220822,MXP,EUR,20.022488
20220822,MXP,GBP,23.691605
20220822,MXP,USD,20.1545
20220819,MXP,EUR,20.274493
20220819,MXP,GBP,23.868283
20220819,MXP,USD,20.2068
20220818,MXP,EUR,20.311059
20220818,MXP,GBP,24.018249
20220818,MXP,USD,20.1259
20220817,MXP,EUR,20.356123
20220817,MXP,GBP,24.114289
20220817,MXP,USD,19.9903
20220816,MXP,EUR,20.242492
20220816,MXP,GBP,24.065266
20220816,MXP,USD,19.9051
20220815,MXP,EUR,20.186247
20220815,MXP,GBP,23.960538
20220815,MXP,USD,19.8752
20220812,MXP,EUR,20.373528
20220812,MXP,GBP,24.094765
20220812,MXP,USD,19.8466
20220811,MXP,EUR,20.607953
20220811,MXP,GBP,24.348672
20220811,MXP,USD,19.9612
20220810,MXP,EUR,20.642107
20220810,MXP,GBP,24.491467
20220810,MXP,USD,20.0331
20220809,MXP,EUR,20.685324
20220809,MXP,GBP,24.462425
20220809,MXP,USD,20.2688
20220808,MXP,EUR,20.642224
20220808,MXP,GBP,24.461866
20220808,MXP,USD,20.2633
20220805,MXP,EUR,20.78215
20220805,MXP,GBP,24.639441
20220805,MXP,USD,20.4197
20220804,MXP,EUR,20.847799
20220804,MXP,GBP,24.762482
20220804,MXP,USD,20.3413
20220803,MXP,EUR,20.777217
20220803,MXP,GBP,24.853267
20220803,MXP,USD,20.4621
20220802,MXP,EUR,21.108385
20220802,MXP,GBP,25.253915
20220802,MXP,USD,20.7484
20220801,MXP,EUR,20.882183
20220801,MXP,GBP,24.955573
20220801,MXP,USD,20.3669
20220729,MXP,EUR,20.753562
20220729,MXP,GBP,24.766012
20220729,MXP,USD,20.3626
20220728,MXP,EUR,20.653713
20220728,MXP,GBP,24.659847
20220728,MXP,USD,20.2945
20220727,MXP,EUR,20.753852
20220727,MXP,GBP,24.754215
20220727,MXP,USD,20.3529
20220726,MXP,EUR,20.72006
20220726,MXP,GBP,24.619272
20220726,MXP,USD,20.4683
20220725,MXP,EUR,20.899697
20220725,MXP,GBP,24.636542
20220725,MXP,USD,20.4478
20220722,MXP,EUR,20.988693
20220722,MXP,GBP,24.662692
20220722,MXP,USD,20.5711
20220721,MXP,EUR,21.080377
20220721,MXP,GBP,24.743697
20220721,MXP,USD,20.6792
20220720,MXP,EUR,20.922895
20220720,MXP,GBP,24.602956
20220720,MXP,USD,20.559
20220719,MXP,EUR,20.97938
20220719,MXP,GBP,24.597787
20220719,MXP,USD,20.5067
20220718,MXP,EUR,20.778683
20220718,MXP,GBP,24.469532
20220718,MXP,USD,20.4706
20220715,MXP,EUR,20.696156
20220715,MXP,GBP,24.344684
20220715,MXP,USD,20.5319
20220714,MXP,EUR,20.886835
20220714,MXP,GBP,24.641655
20220714,MXP,USD,20.8254
20220713,MXP,EUR,20.80882
20220713,MXP,GBP,24.623356
20220713,MXP,USD,20.6806
20220712,MXP,EUR,20.927928
20220712,MXP,GBP,24.788105
20220712,MXP,USD,20.8321
20220711,MXP,EUR,20.865148
20220711,MXP,GBP,24.664004
20220711,MXP,USD,20.7304
20220708,MXP,EUR,20.797589
20220708,MXP,GBP,24.584441
20220708,MXP,USD,20.4419
20220707,MXP,EUR,20.834058
20220707,MXP,GBP,24.642765
20220707,MXP,USD,20.51
20220706,MXP,EUR,21.066831
20220706,MXP,GBP,24.677627
20220706,MXP,USD,20.6923
20220705,MXP,EUR,21.115913
20220705,MXP,GBP,24.590305
20220705,MXP,USD,20.5768
20220704,MXP,EUR,21.167282
20220704,MXP,GBP,24.583161
20220704,MXP,USD,20.3024
20220701,MXP,EUR,21.095779
20220701,MXP,GBP,24.482558
20220701,MXP,USD,20.2377
20220630,MXP,EUR,21.049443
20220630,MXP,GBP,24.459356
20220630,MXP,USD,20.1353
20220629,MXP,EUR,21.011469
20220629,MXP,GBP,24.387259
20220629,MXP,USD,20.124
20220628,MXP,EUR,21.194796
20220628,MXP,GBP,24.539265
20220628,MXP,USD,20.1414
20220627,MXP,EUR,21.083011
20220627,MXP,GBP,24.45441
20220627,MXP,USD,19.9197
20220624,MXP,EUR,20.962674
20220624,MXP,GBP,24.383924
20220624,MXP,USD,19.8736
20220623,MXP,EUR,21.044315
20220623,MXP,GBP,24.508706
20220623,MXP,USD,20.0022
20220622,MXP,EUR,21.151743
20220622,MXP,GBP,24.549595
20220622,MXP,USD,20.0168
20220621,MXP,EUR,21.215061
20220621,MXP,GBP,24.733603
20220621,MXP,USD,20.1463
20220620,MXP,EUR,21.294558
20220620,MXP,GBP,24.822011
20220620,MXP,USD,20.2786
20220617,MXP,EUR,21.360568
20220617,MXP,GBP,24.863297
20220617,MXP,USD,20.3589
20220616,MXP,EUR,21.597854
20220616,MXP,GBP,25.232732
20220616,MXP,USD,20.4264
20220615,MXP,EUR,21.30284
20220615,MXP,GBP,24.778373
20220615,MXP,USD,20.4383
20220614,MXP,EUR,21.485285
20220614,MXP,GBP,24.705704
20220614,MXP,USD,20.6371
20220613,MXP,EUR,21.324879
20220613,MXP,GBP,24.834181
20220613,MXP,USD,20.4565
20220610,MXP,EUR,21.022956
20220610,MXP,GBP,24.606369
20220610,MXP,USD,19.98
20220609,MXP,EUR,20.901406
20220609,MXP,GBP,24.598035
20220609,MXP,USD,19.6682
20220608,MXP,EUR,20.97432
20220608,MXP,GBP,24.543438
20220608,MXP,USD,19.5729
20220607,MXP,EUR,20.965193
20220607,MXP,GBP,24.648013
20220607,MXP,USD,19.579
20220606,MXP,EUR,20.965586
20220606,MXP,GBP,24.580782
20220606,MXP,USD,19.6105
20220603,MXP,EUR,20.976575
20220603,MXP,GBP,24.460604
20220603,MXP,USD,19.5677
20220602,MXP,EUR,21.006677
20220602,MXP,GBP,24.580325
20220602,MXP,USD,19.5602
20220601,MXP,EUR,20.975292
20220601,MXP,GBP,24.593745
20220601,MXP,USD,19.6868
20220531,MXP,EUR,21.086123
20220531,MXP,GBP,24.799793
20220531,MXP,USD,19.6855
20220530,MXP,EUR,21.066855
20220530,MXP,GBP,24.729075
20220530,MXP,USD,19.5371
20220527,MXP,EUR,21.043549
20220527,MXP,GBP,24.7521
20220527,MXP,USD,19.6064
20220526,MXP,EUR,21.199015
20220526,MXP,GBP,24.904887
20220526,MXP,USD,19.7752
20220525,MXP,EUR,21.161548
20220525,MXP,GBP,24.921103
20220525,MXP,USD,19.7975
20220524,MXP,EUR,21.315938
20220524,MXP,GBP,24.865623
20220524,MXP,USD,19.875
20220523,MXP,EUR,21.262817
20220523,MXP,GBP,25.011102
20220523,MXP,USD,19.8848
20220520,MXP,EUR,20.971369
20220520,MXP,GBP,24.802696
20220520,MXP,USD,19.8875
20220519,MXP,EUR,21.088968
20220519,MXP,GBP,24.874551
20220519,MXP,USD,19.9084
20220518,MXP,EUR,21.003842
20220518,MXP,GBP,24.756471
20220518,MXP,USD,20.0514
20220517,MXP,EUR,21.048516
20220517,MXP,GBP,24.910456
20220517,MXP,USD,19.9635
20220516,MXP,EUR,20.919287
20220516,MXP,GBP,24.686454
20220516,MXP,USD,20.0434
20220513,MXP,EUR,20.889199
20220513,MXP,GBP,24.580304
20220513,MXP,USD,20.0877
20220512,MXP,EUR,21.079784
20220512,MXP,GBP,24.748572
20220512,MXP,USD,20.3257
20220511,MXP,EUR,21.349685
20220511,MXP,GBP,24.866211
20220511,MXP,USD,20.2857
20220510,MXP,EUR,21.44052
20220510,MXP,GBP,25.06619
20220510,MXP,USD,20.3575
20220509,MXP,EUR,21.492472
20220509,MXP,GBP,25.107953
20220509,MXP,USD,20.3402
20220506,MXP,EUR,21.230478
20220506,MXP,GBP,24.82258
20220506,MXP,USD,20.1294
20220505,MXP,EUR,21.354275
20220505,MXP,GBP,25.074716
20220505,MXP,USD,20.3026
20220504,MXP,EUR,21.306733
20220504,MXP,GBP,25.23755
20220504,MXP,USD,20.0808
20220503,MXP,EUR,21.338021
20220503,MXP,GBP,25.323664
20220503,MXP,USD,20.2727
20220502,MXP,EUR,21.5042
20220502,MXP,GBP,25.56467
20220502,MXP,USD,20.4919
20220429,MXP,EUR,21.462257
20220429,MXP,GBP,25.54861
20220429,MXP,USD,20.3453
20220428,MXP,EUR,21.499483
20220428,MXP,GBP,25.504027
20220428,MXP,USD,20.4679
20220427,MXP,EUR,21.545285
20220427,MXP,GBP,25.586684
20220427,MXP,USD,20.4008
20220426,MXP,EUR,21.677372
20220426,MXP,GBP,25.632041
20220426,MXP,USD,20.3639
20220425,MXP,EUR,21.635607
20220425,MXP,GBP,25.724725
20220425,MXP,USD,20.2032
20220422,MXP,EUR,21.83707
20220422,MXP,GBP,25.961377
20220422,MXP,USD,20.242
20220421,MXP,EUR,21.899958
20220421,MXP,GBP,26.323996
20220421,MXP,USD,20.2057
20220420,MXP,EUR,21.701673
20220420,MXP,GBP,26.135293
20220420,MXP,USD,20.0163
20220419,MXP,EUR,21.661573
20220419,MXP,GBP,26.096272
20220419,MXP,USD,20.0756
20220418,MXP,EUR,21.43682
20220418,MXP,GBP,25.86414
20220418,MXP,USD,19.8802
20220413,MXP,EUR,21.525224
20220413,MXP,GBP,25.919649
20220413,MXP,USD,19.7724
20220412,MXP,EUR,21.466242
20220412,MXP,GBP,25.777341
20220412,MXP,USD,19.8211
20220411,MXP,EUR,21.693767
20220411,MXP,GBP,25.96558
20220411,MXP,USD,19.9199
20220408,MXP,EUR,21.806465
20220408,MXP,GBP,26.119668
20220408,MXP,USD,20.0335
20220407,MXP,EUR,21.839375
20220407,MXP,GBP,26.2448
20220407,MXP,USD,20.0748
20220406,MXP,EUR,21.984347
20220406,MXP,GBP,26.358839
20220406,MXP,USD,20.1682
20220405,MXP,EUR,21.768016
20220405,MXP,GBP,26.113635
20220405,MXP,USD,19.9615
20220404,MXP,EUR,21.73048
20220404,MXP,GBP,25.977153
20220404,MXP,USD,19.8072
20220401,MXP,EUR,21.937242
20220401,MXP,GBP,26.039739
20220401,MXP,USD,19.8572
20220331,MXP,EUR,22.121887
20220331,MXP,GBP,26.18166
20220331,MXP,USD,19.8911
20220330,MXP,EUR,22.156875
20220330,MXP,GBP,26.091386
20220330,MXP,USD,19.8663
20220329,MXP,EUR,22.122556
20220329,MXP,GBP,26.133876
20220329,MXP,USD,19.9518
20220328,MXP,EUR,22.087716
20220328,MXP,GBP,26.323523
20220328,MXP,USD,20.1035
20220325,MXP,EUR,21.97492
20220325,MXP,GBP,26.3893
20220325,MXP,USD,20.0063
20220324,MXP,EUR,22.10681
20220324,MXP,GBP,26.51108
20220324,MXP,USD,20.0971
20220323,MXP,EUR,22.216454
20220323,MXP,GBP,26.666801
20220323,MXP,USD,20.1876
20220322,MXP,EUR,22.36831
20220322,MXP,GBP,26.886362
20220322,MXP,USD,20.2786
20220318,MXP,EUR,22.513698
20220318,MXP,GBP,26.85061
20220318,MXP,USD,20.3707
20220317,MXP,EUR,22.752438
20220317,MXP,GBP,26.9636
20220317,MXP,USD,20.5023
20220316,MXP,EUR,22.762309
20220316,MXP,GBP,27.105583
20220316,MXP,USD,20.6087
20220315,MXP,EUR,22.811375
20220315,MXP,GBP,27.171434
20220315,MXP,USD,20.8266
20220314,MXP,EUR,22.894907
20220314,MXP,GBP,27.189923
20220314,MXP,USD,20.9105
20220311,MXP,EUR,22.849359
20220311,MXP,GBP,27.309287
20220311,MXP,USD,20.9435
20220310,MXP,EUR,23.018637
20220310,MXP,GBP,27.445942
20220310,MXP,USD,20.9527
20220309,MXP,EUR,23.124768
20220309,MXP,GBP,27.518227
20220309,MXP,USD,20.8764
20220308,MXP,EUR,23.267565
20220308,MXP,GBP,27.966082
20220308,MXP,USD,21.3327
20220307,MXP,EUR,23.130247
20220307,MXP,GBP,27.941744
20220307,MXP,USD,21.3182
20220304,MXP,EUR,22.80723
20220304,MXP,GBP,27.624632
20220304,MXP,USD,20.8953
20220303,MXP,EUR,22.839498
20220303,MXP,GBP,27.54372
20220303,MXP,USD,20.6552
20220302,MXP,EUR,22.936472
20220302,MXP,GBP,27.575912
20220302,MXP,USD,20.6152
20220301,MXP,EUR,22.957538
20220301,MXP,GBP,27.480719
20220301,MXP,USD,20.6397
20220228,MXP,EUR,23.042229
20220228,MXP,GBP,27.532268
20220228,MXP,USD,20.5212
20220225,MXP,EUR,22.951522
20220225,MXP,GBP,27.327471
20220225,MXP,USD,20.3769
20220224,MXP,EUR,23.041754
20220224,MXP,GBP,27.562794
20220224,MXP,USD,20.5923
20220223,MXP,EUR,22.914197
20220223,MXP,GBP,27.433192
20220223,MXP,USD,20.2646
20220222,MXP,EUR,23.007891
20220222,MXP,GBP,27.589974
20220222,MXP,USD,20.2972
20220221,MXP,EUR,22.989232
20220221,MXP,GBP,27.632372
20220221,MXP,USD,20.3112
20220218,MXP,EUR,22.992536
20220218,MXP,GBP,27.601785
20220218,MXP,USD,20.2917
20220217,MXP,EUR,23.086989
20220217,MXP,GBP,27.674319
20220217,MXP,USD,20.3159
20220216,MXP,EUR,23.07671
20220216,MXP,GBP,27.553267
20220216,MXP,USD,20.2605
20220215,MXP,EUR,23.162924
20220215,MXP,GBP,27.598561
20220215,MXP,USD,20.389
20220214,MXP,EUR,23.107447
20220214,MXP,GBP,27.658953
20220214,MXP,USD,20.4563
20220211,MXP,EUR,23.28287
20220211,MXP,GBP,27.833054
20220211,MXP,USD,20.5425
20220210,MXP,EUR,23.509827
20220210,MXP,GBP,27.874032
20220210,MXP,USD,20.5326
20220209,MXP,EUR,23.413755
20220209,MXP,GBP,27.720908
20220209,MXP,USD,20.4809
20220208,MXP,EUR,23.533503
20220208,MXP,GBP,27.920854
20220208,MXP,USD,20.6172
20220204,MXP,EUR,23.662225
20220204,MXP,GBP,27.965563
20220204,MXP,USD,20.6693
20220203,MXP,EUR,23.525217
20220203,MXP,GBP,27.960309
20220203,MXP,USD,20.5757
20220202,MXP,EUR,23.232898
20220202,MXP,GBP,27.902905
20220202,MXP,USD,20.541
20220201,MXP,EUR,23.174316
20220201,MXP,GBP,27.837815
20220201,MXP,USD,20.5939
20220131,MXP,EUR,23.106591
20220131,MXP,GBP,27.658029
20220131,MXP,USD,20.6134
20220128,MXP,EUR,23.245684
20220128,MXP,GBP,27.920903
20220128,MXP,USD,20.8575
20220127,MXP,EUR,23.171906
20220127,MXP,GBP,27.815864
20220127,MXP,USD,20.7969
20220126,MXP,EUR,23.325556
20220126,MXP,GBP,27.908573
20220126,MXP,USD,20.7283
20220125,MXP,EUR,23.312215
20220125,MXP,GBP,27.878368
20220125,MXP,USD,20.6239
20220124,MXP,EUR,23.371032
20220124,MXP,GBP,27.834838
20220124,MXP,USD,20.6467
20220121,MXP,EUR,23.190077
20220121,MXP,GBP,27.713185
20220121,MXP,USD,20.448
20220120,MXP,EUR,23.19334
20220120,MXP,GBP,27.909918
20220120,MXP,USD,20.5024
20220119,MXP,EUR,23.214622
20220119,MXP,GBP,27.867361
20220119,MXP,USD,20.4516
20220118,MXP,EUR,23.1167
20220118,MXP,GBP,27.74698
20220118,MXP,USD,20.4067
20220117,MXP,EUR,23.148501
20220117,MXP,GBP,27.694994
20220117,MXP,USD,20.2968
20220114,MXP,EUR,23.191149
20220114,MXP,GBP,27.78551
20220114,MXP,USD,20.3155
20220113,MXP,EUR,23.282089
20220113,MXP,GBP,27.869848
20220113,MXP,USD,20.3133
20220112,MXP,EUR,23.30673
20220112,MXP,GBP,27.914536
20220112,MXP,USD,20.357
20220111,MXP,EUR,23.194356
20220111,MXP,GBP,27.80813
20220111,MXP,USD,20.4059
20220110,MXP,EUR,23.087144
20220110,MXP,GBP,27.670726
20220110,MXP,USD,20.3896
20220107,MXP,EUR,23.142361
20220107,MXP,GBP,27.695257
20220107,MXP,USD,20.3709
20220106,MXP,EUR,23.144445
20220106,MXP,GBP,27.734569
20220106,MXP,USD,20.5054
20220105,MXP,EUR,23.258151
20220105,MXP,GBP,27.879136
20220105,MXP,USD,20.5606
20220104,MXP,EUR,23.185461
20220104,MXP,GBP,27.799335
20220104,MXP,USD,20.5381
20220103,MXP,EUR,23.193655
20220103,MXP,GBP,27.684737
20220103,MXP,USD,20.5308
20211231,MXP,EUR,23.322154
20211231,MXP,GBP,27.780485
20211231,MXP,USD,20.5075
20211230,MXP,EUR,23.185926
20211230,MXP,GBP,27.65443
20211230,MXP,USD,20.4696
20211229,MXP,EUR,23.326426
20211229,MXP,GBP,27.738561
20211229,MXP,USD,20.5646
20211228,MXP,EUR,23.369162
20211228,MXP,GBP,27.755597
20211228,MXP,USD,20.6761
20211227,MXP,EUR,23.466
20211227,MXP,GBP,27.849041
20211227,MXP,USD,20.7187
20211224,MXP,EUR,23.312234
20211224,MXP,GBP,27.617823
20211224,MXP,USD,20.6157
20211223,MXP,EUR,23.382155
20211223,MXP,GBP,27.684573
20211223,MXP,USD,20.6301
20211222,MXP,EUR,23.503962
20211222,MXP,GBP,27.709912
20211222,MXP,USD,20.7394
20211221,MXP,EUR,23.487109
20211221,MXP,GBP,27.612067
20211221,MXP,USD,20.8173
20211220,MXP,EUR,23.393145
20211220,MXP,GBP,27.393331
20211220,MXP,USD,20.7478
20211217,MXP,EUR,23.388632
20211217,MXP,GBP,27.542755
20211217,MXP,USD,20.7862
20211216,MXP,EUR,23.572831
20211216,MXP,GBP,27.703895
20211216,MXP,USD,20.8167
20211215,MXP,EUR,23.791288
20211215,MXP,GBP,27.938538
20211215,MXP,USD,21.1056
20211214,MXP,EUR,23.938011
20211214,MXP,GBP,28.113394
20211214,MXP,USD,21.265
20211213,MXP,EUR,23.702251
20211213,MXP,GBP,27.754501
20211213,MXP,USD,20.9959
20211210,MXP,EUR,23.661537
20211210,MXP,GBP,27.730978
20211210,MXP,USD,20.9172
20211209,MXP,EUR,23.696424
20211209,MXP,GBP,27.726466
20211209,MXP,USD,20.9898
20211208,MXP,EUR,23.794454
20211208,MXP,GBP,27.745336
20211208,MXP,USD,20.9652
20211207,MXP,EUR,23.677029
20211207,MXP,GBP,27.835436
20211207,MXP,USD,21.0285
20211206,MXP,EUR,23.932593
20211206,MXP,GBP,28.133211
20211206,MXP,USD,21.2206
20211203,MXP,EUR,24.17759
20211203,MXP,GBP,28.278077
20211203,MXP,USD,21.3734
20211202,MXP,EUR,24.112667
20211202,MXP,GBP,28.384718
20211202,MXP,USD,21.3443
20211201,MXP,EUR,24.193255
20211201,MXP,GBP,28.387195
20211201,MXP,USD,21.3759
20211130,MXP,EUR,24.177374
20211130,MXP,GBP,28.419471
20211130,MXP,USD,21.4681
20211129,MXP,EUR,24.437297
20211129,MXP,GBP,28.813652
20211129,MXP,USD,21.6758
20211126,MXP,EUR,24.706789
20211126,MXP,GBP,29.118236
20211126,MXP,USD,21.8335
20211125,MXP,EUR,24.163647
20211125,MXP,GBP,28.719603
20211125,MXP,USD,21.5564
20211124,MXP,EUR,24.020875
20211124,MXP,GBP,28.575177
20211124,MXP,USD,21.4472
20211123,MXP,EUR,23.880938
20211123,MXP,GBP,28.404507
20211123,MXP,USD,21.2275
20211122,MXP,EUR,23.567095
20211122,MXP,GBP,28.087699
20211122,MXP,USD,20.9821
20211119,MXP,EUR,23.506069
20211119,MXP,GBP,27.999467
20211119,MXP,USD,20.8221
20211118,MXP,EUR,23.609845
20211118,MXP,GBP,28.024112
20211118,MXP,USD,20.7632
20211117,MXP,EUR,23.385704
20211117,MXP,GBP,27.8729
20211117,MXP,USD,20.6688
20211116,MXP,EUR,23.434682
20211116,MXP,GBP,27.808265
20211116,MXP,USD,20.7084
20211112,MXP,EUR,23.519595
20211112,MXP,GBP,27.573446
20211112,MXP,USD,20.5519
20211111,MXP,EUR,23.615273
20211111,MXP,GBP,27.573503
20211111,MXP,USD,20.6319
20211110,MXP,EUR,23.665204
20211110,MXP,GBP,27.642354
20211110,MXP,USD,20.6071
20211109,MXP,EUR,23.565269
20211109,MXP,GBP,27.564302
20211109,MXP,USD,20.3254
20211108,MXP,EUR,23.552441
20211108,MXP,GBP,27.548978
20211108,MXP,USD,20.3231
20211105,MXP,EUR,23.526122
20211105,MXP,GBP,27.44443
20211105,MXP,USD,20.339
20211104,MXP,EUR,23.749519
20211104,MXP,GBP,27.748541
20211104,MXP,USD,20.5499
20211103,MXP,EUR,23.891839
20211103,MXP,GBP,28.163039
20211103,MXP,USD,20.584
20211101,MXP,EUR,24.166235
20211101,MXP,GBP,28.446714
20211101,MXP,USD,20.8195
20211029,MXP,EUR,23.817362
20211029,MXP,GBP,28.212435
20211029,MXP,USD,20.581
20211028,MXP,EUR,23.83536
20211028,MXP,GBP,28.1265
20211028,MXP,USD,20.4
20211027,MXP,EUR,23.541311
20211027,MXP,GBP,27.874816
20211027,MXP,USD,20.2785
20211026,MXP,EUR,23.424621
20211026,MXP,GBP,27.805577
20211026,MXP,USD,20.198
20211025,MXP,EUR,23.414131
20211025,MXP,GBP,27.765091
20211025,MXP,USD,20.162
20211022,MXP,EUR,23.484347
20211022,MXP,GBP,27.765076
20211022,MXP,USD,20.1825
20211021,MXP,EUR,23.602385
20211021,MXP,GBP,27.988049
20211021,MXP,USD,20.304
20211020,MXP,EUR,23.514545
20211020,MXP,GBP,27.906742
20211020,MXP,USD,20.1755
20211019,MXP,EUR,23.561688
20211019,MXP,GBP,27.930914
20211019,MXP,USD,20.242
20211018,MXP,EUR,23.653634
20211018,MXP,GBP,27.971797
20211018,MXP,USD,20.3735
20211015,MXP,EUR,23.597027
20211015,MXP,GBP,27.955523
20211015,MXP,USD,20.3335
20211014,MXP,EUR,23.846964
20211014,MXP,GBP,28.13876
20211014,MXP,USD,20.5595
20211013,MXP,EUR,23.884478
20211013,MXP,GBP,28.118905
20211013,MXP,USD,20.6105
20211012,MXP,EUR,23.918996
20211012,MXP,GBP,28.199706
20211012,MXP,USD,20.745
20211011,MXP,EUR,24.063989
20211011,MXP,GBP,28.330536
20211011,MXP,USD,20.8175
20211008,MXP,EUR,23.977826
20211008,MXP,GBP,28.213532
20211008,MXP,USD,20.7125
20211007,MXP,EUR,23.86701
20211007,MXP,GBP,28.136513
20211007,MXP,USD,20.6605
20211006,MXP,EUR,23.780044
20211006,MXP,GBP,27.959215
20211006,MXP,USD,20.587
20211005,MXP,EUR,23.841551
20211005,MXP,GBP,28.017817
20211005,MXP,USD,20.5575
20211004,MXP,EUR,23.837337
20211004,MXP,GBP,27.91823
20211004,MXP,USD,20.507
20211001,MXP,EUR,23.684404
20211001,MXP,GBP,27.68099
20211001,MXP,USD,20.422
20210930,MXP,EUR,23.90244
20210930,MXP,GBP,27.807973
20210930,MXP,USD,20.626
20210929,MXP,EUR,23.831535
20210929,MXP,GBP,27.600636
20210929,MXP,USD,20.54
20210928,MXP,EUR,23.763429
20210928,MXP,GBP,27.541675
20210928,MXP,USD,20.3515
20210927,MXP,EUR,23.525776
20210927,MXP,GBP,27.564367
20210927,MXP,USD,20.1075
20210924,MXP,EUR,23.515184
20210924,MXP,GBP,27.418
20210924,MXP,USD,20.071
20210923,MXP,EUR,23.529656
20210923,MXP,GBP,27.505511
20210923,MXP,USD,20.0295
20210922,MXP,EUR,23.447802
20210922,MXP,GBP,27.305958
20210922,MXP,USD,20.058
20210921,MXP,EUR,23.591793
20210921,MXP,GBP,27.490564
20210921,MXP,USD,20.1175
20210920,MXP,EUR,23.65636
20210920,MXP,GBP,27.535196
20210920,MXP,USD,20.176
20210917,MXP,EUR,23.478172
20210917,MXP,GBP,27.502298
20210917,MXP,USD,20.0155
20210915,MXP,EUR,23.460725
20210915,MXP,GBP,27.484096
20210915,MXP,USD,19.8685
20210914,MXP,EUR,23.516223
20210914,MXP,GBP,27.511282
20210914,MXP,USD,19.9155
20210913,MXP,EUR,23.472844
20210913,MXP,GBP,27.50462
20210913,MXP,USD,19.8855
20210910,MXP,EUR,23.479762
20210910,MXP,GBP,27.512784
20210910,MXP,USD,19.872
20210909,MXP,EUR,23.590213
20210909,MXP,GBP,27.593379
20210909,MXP,USD,19.941
20210908,MXP,EUR,23.576685
20210908,MXP,GBP,27.475571
20210908,MXP,USD,19.938
20210907,MXP,EUR,23.609078
20210907,MXP,GBP,27.477491
20210907,MXP,USD,19.93
20210906,MXP,EUR,23.629208
20210906,MXP,GBP,27.544008
20210906,MXP,USD,19.9075
20210903,MXP,EUR,23.665282
20210903,MXP,GBP,27.623073
20210903,MXP,USD,19.9035
20210902,MXP,EUR,23.709815
20210902,MXP,GBP,27.631323
20210902,MXP,USD,19.967
20210901,MXP,EUR,23.662782
20210901,MXP,GBP,27.523873
20210901,MXP,USD,19.9745
20210831,MXP,EUR,23.700485
20210831,MXP,GBP,27.634671
20210831,MXP,USD,20.0775
20210830,MXP,EUR,23.756489
20210830,MXP,GBP,27.707517
20210830,MXP,USD,20.1275
20210827,MXP,EUR,23.810897
20210827,MXP,GBP,27.796205
20210827,MXP,USD,20.189
20210826,MXP,EUR,23.924554
20210826,MXP,GBP,27.879919
20210826,MXP,USD,20.357
20210825,MXP,EUR,23.843598
20210825,MXP,GBP,27.873231
20210825,MXP,USD,20.2545
20210824,MXP,EUR,23.759371
20210824,MXP,GBP,27.75346
20210824,MXP,USD,20.213
20210823,MXP,EUR,23.886622
20210823,MXP,GBP,27.915516
20210823,MXP,USD,20.3325
20210820,MXP,EUR,23.840826
20210820,MXP,GBP,27.764361
20210820,MXP,USD,20.382
20210819,MXP,EUR,23.586114
20210819,MXP,GBP,27.553502
20210819,MXP,USD,20.2005
20210818,MXP,EUR,23.421829
20210818,MXP,GBP,27.523614
20210818,MXP,USD,19.999
20210817,MXP,EUR,23.442495
20210817,MXP,GBP,27.497039
20210817,MXP,USD,20.0175
20210816,MXP,EUR,23.445021
20210816,MXP,GBP,27.552454
20210816,MXP,USD,19.91
20210813,MXP,EUR,23.449454
20210813,MXP,GBP,27.570558
20210813,MXP,USD,19.88
20210812,MXP,EUR,23.389258
20210812,MXP,GBP,27.515427
20210812,MXP,USD,19.938
20210811,MXP,EUR,23.388207
20210811,MXP,GBP,27.624909
20210811,MXP,USD,19.9235
20210810,MXP,EUR,23.545972
20210810,MXP,GBP,27.801402
20210810,MXP,USD,20.087
20210809,MXP,EUR,23.561252
20210809,MXP,GBP,27.799498
20210809,MXP,USD,20.0675
20210806,MXP,EUR,23.610418
20210806,MXP,GBP,27.861757
20210806,MXP,USD,20.082
20210805,MXP,EUR,23.576326
20210805,MXP,GBP,27.751538
20210805,MXP,USD,19.92
20210804,MXP,EUR,23.646432
20210804,MXP,GBP,27.741803
20210804,MXP,USD,19.9725
20210803,MXP,EUR,23.603027
20210803,MXP,GBP,27.685593
20210803,MXP,USD,19.8955
20210802,MXP,EUR,23.642925
20210802,MXP,GBP,27.666044
20210802,MXP,USD,19.9115
20210730,MXP,EUR,23.59977
20210730,MXP,GBP,27.676212
20210730,MXP,USD,19.9045
20210729,MXP,EUR,23.601842
20210729,MXP,GBP,27.72636
20210729,MXP,USD,19.8485
20210728,MXP,EUR,23.574032
20210728,MXP,GBP,27.695496
20210728,MXP,USD,19.9105
20210727,MXP,EUR,23.61307
20210727,MXP,GBP,27.734498
20210727,MXP,USD,19.973
20210726,MXP,EUR,23.637572
20210726,MXP,GBP,27.671825
20210726,MXP,USD,20.031
20210723,MXP,EUR,23.617576
20210723,MXP,GBP,27.591957
20210723,MXP,USD,20.0625
20210722,MXP,EUR,23.659955
20210722,MXP,GBP,27.685694
20210722,MXP,USD,20.0985
20210721,MXP,EUR,23.83516
20210721,MXP,GBP,27.707692
20210721,MXP,USD,20.201
20210720,MXP,EUR,23.715065
20210720,MXP,GBP,27.424379
20210720,MXP,USD,20.1265
20210719,MXP,EUR,23.678585
20210719,MXP,GBP,27.426237
20210719,MXP,USD,20.0785
20210716,MXP,EUR,23.461541
20210716,MXP,GBP,27.354567
20210716,MXP,USD,19.8675
20210715,MXP,EUR,23.572085
20210715,MXP,GBP,27.573959
20210715,MXP,USD,19.9645
20210714,MXP,EUR,23.514695
20210714,MXP,GBP,27.531533
20210714,MXP,USD,19.8755
20210713,MXP,EUR,23.627282
20210713,MXP,GBP,27.71388
20210713,MXP,USD,20.052
20210712,MXP,EUR,23.557696
20210712,MXP,GBP,27.564759
20210712,MXP,USD,19.8665
20210709,MXP,EUR,23.57682
20210709,MXP,GBP,27.57412
20210709,MXP,USD,19.8525
20210708,MXP,EUR,23.677632
20210708,MXP,GBP,27.549255
20210708,MXP,USD,19.998
20210707,MXP,EUR,23.557285
20210707,MXP,GBP,27.539206
20210707,MXP,USD,19.9545
20210706,MXP,EUR,23.697661
20210706,MXP,GBP,27.660956
20210706,MXP,USD,20.042
20210705,MXP,EUR,23.552844
20210705,MXP,GBP,27.490876
20210705,MXP,USD,19.844
20210702,MXP,EUR,23.460861
20210702,MXP,GBP,27.353377
20210702,MXP,USD,19.769
20210701,MXP,EUR,23.693882
20210701,MXP,GBP,27.521317
20210701,MXP,USD,20.0075
20210630,MXP,EUR,23.634936
20210630,MXP,GBP,27.541199
20210630,MXP,USD,19.935
20210629,MXP,EUR,23.571906
20210629,MXP,GBP,27.433398
20210629,MXP,USD,19.8075
20210628,MXP,EUR,23.611511
20210628,MXP,GBP,27.48191
20210628,MXP,USD,19.8025
20210625,MXP,EUR,23.709481
20210625,MXP,GBP,27.572296
20210625,MXP,USD,19.8705
20210624,MXP,EUR,23.703915
20210624,MXP,GBP,27.670451
20210624,MXP,USD,19.8675
20210623,MXP,EUR,24.087267
20210623,MXP,GBP,28.194024
20210623,MXP,USD,20.1905
20210622,MXP,EUR,24.314826
20210622,MXP,GBP,28.401259
20210622,MXP,USD,20.371
20210621,MXP,EUR,24.422626
20210621,MXP,GBP,28.563823
20210621,MXP,USD,20.506
20210618,MXP,EUR,24.481564
20210618,MXP,GBP,28.496872
20210618,MXP,USD,20.623
20210617,MXP,EUR,24.369829
20210617,MXP,GBP,28.487732
20210617,MXP,USD,20.4565
20210616,MXP,EUR,24.397515
20210616,MXP,GBP,28.429571
20210616,MXP,USD,20.3025
20210615,MXP,EUR,24.323179
20210615,MXP,GBP,28.250315
20210615,MXP,USD,20.062
20210614,MXP,EUR,24.206524
20210614,MXP,GBP,28.181838
20210614,MXP,USD,19.9765
20210611,MXP,EUR,24.071883
20210611,MXP,GBP,28.059828
20210611,MXP,USD,19.89
20210610,MXP,EUR,23.974436
20210610,MXP,GBP,27.913051
20210610,MXP,USD,19.698
20210609,MXP,EUR,24.025901
20210609,MXP,GBP,27.843945
20210609,MXP,USD,19.7265
20210608,MXP,EUR,24.014939
20210608,MXP,GBP,27.926891
20210608,MXP,USD,19.7175
20210607,MXP,EUR,24.177197
20210607,MXP,GBP,28.120499
20210607,MXP,USD,19.8255
20210604,MXP,EUR,24.255176
20210604,MXP,GBP,28.235907
20210604,MXP,USD,19.9385
20210603,MXP,EUR,24.426615
20210603,MXP,GBP,28.39599
20210603,MXP,USD,20.144
20210602,MXP,EUR,24.303779
20210602,MXP,GBP,28.200983
20210602,MXP,USD,19.904
20210601,MXP,EUR,24.406873
20210601,MXP,GBP,28.262932
20210601,MXP,USD,19.959
20210531,MXP,EUR,24.381154
20210531,MXP,GBP,28.340137
20210531,MXP,USD,19.9445
20210528,MXP,EUR,24.288944
20210528,MXP,GBP,28.264068
20210528,MXP,USD,19.9155
20210527,MXP,EUR,24.380312
20210527,MXP,GBP,28.402394
20210527,MXP,USD,19.9855
20210526,MXP,EUR,24.254316
20210526,MXP,GBP,28.096436
20210526,MXP,USD,19.892
20210525,MXP,EUR,24.398327
20210525,MXP,GBP,28.170351
20210525,MXP,USD,19.9105
20210524,MXP,EUR,24.271869
20210524,MXP,GBP,28.137187
20210524,MXP,USD,19.873
20210521,MXP,EUR,24.335821
20210521,MXP,GBP,28.280576
20210521,MXP,USD,19.9785
20210520,MXP,EUR,24.306015
20210520,MXP,GBP,28.219786
20210520,MXP,USD,19.892
20210519,MXP,EUR,24.288837
20210519,MXP,GBP,28.150226
20210519,MXP,USD,19.9555
20210518,MXP,EUR,24.265182
20210518,MXP,GBP,28.157073
20210518,MXP,USD,19.8415
20210517,MXP,EUR,24.042218
20210517,MXP,GBP,27.968326
20210517,MXP,USD,19.774
20210514,MXP,EUR,24.115546
20210514,MXP,GBP,28.001766
20210514,MXP,USD,19.858
20210513,MXP,EUR,24.085592
20210513,MXP,GBP,28.005782
20210513,MXP,USD,19.945
20210512,MXP,EUR,24.282201
20210512,MXP,GBP,28.261412
20210512,MXP,USD,20.102
20210511,MXP,EUR,24.272415
20210511,MXP,GBP,28.278211
20210511,MXP,USD,19.974
20210510,MXP,EUR,24.19283
20210510,MXP,GBP,28.15691
20210510,MXP,USD,19.92
20210507,MXP,EUR,24.251326
20210507,MXP,GBP,27.903307
20210507,MXP,USD,19.9345
20210506,MXP,EUR,24.247427
20210506,MXP,GBP,27.93029
20210506,MXP,USD,20.114
20210505,MXP,EUR,24.313613
20210505,MXP,GBP,28.179337
20210505,MXP,USD,20.2605
20210504,MXP,EUR,24.329472
20210504,MXP,GBP,28.139645
20210504,MXP,USD,20.256
20210503,MXP,EUR,24.353422
20210503,MXP,GBP,28.082313
20210503,MXP,USD,20.1835
20210430,MXP,EUR,24.407298
20210430,MXP,GBP,28.074321
20210430,MXP,USD,20.271
20210429,MXP,EUR,24.295047
20210429,MXP,GBP,27.947529
20210429,MXP,USD,20.0355
20210428,MXP,EUR,24.092594
20210428,MXP,GBP,27.708123
20210428,MXP,USD,19.871
20210427,MXP,EUR,24.253958
20210427,MXP,GBP,27.892655
20210427,MXP,USD,20.0645
20210426,MXP,EUR,24.017736
20210426,MXP,GBP,27.621796
20210426,MXP,USD,19.8625
20210423,MXP,EUR,23.976018
20210423,MXP,GBP,27.514325
20210423,MXP,USD,19.828
20210422,MXP,EUR,23.94096
20210422,MXP,GBP,27.588506
20210422,MXP,USD,19.9375
20210421,MXP,EUR,23.937099
20210421,MXP,GBP,27.712054
20210421,MXP,USD,19.8995
20210420,MXP,EUR,24.025123
20210420,MXP,GBP,27.818595
20210420,MXP,USD,19.971
20210419,MXP,EUR,23.861085
20210419,MXP,GBP,27.727782
20210419,MXP,USD,19.819
20210416,MXP,EUR,23.858565
20210416,MXP,GBP,27.549185
20210416,MXP,USD,19.917
20210415,MXP,EUR,23.907888
20210415,MXP,GBP,27.533341
20210415,MXP,USD,19.964
20210414,MXP,EUR,24.071277
20210414,MXP,GBP,27.707829
20210414,MXP,USD,20.108
20210413,MXP,EUR,24.003515
20210413,MXP,GBP,27.628182
20210413,MXP,USD,20.0925
20210412,MXP,EUR,24.01082
20210412,MXP,GBP,27.718544
20210412,MXP,USD,20.167
20210409,MXP,EUR,23.982943
20210409,MXP,GBP,27.635049
20210409,MXP,USD,20.1495
20210408,MXP,EUR,23.952948
20210408,MXP,GBP,27.612426
20210408,MXP,USD,20.1015
20210407,MXP,EUR,24.009665
20210407,MXP,GBP,27.790387
20210407,MXP,USD,20.234
20210406,MXP,EUR,23.976098
20210406,MXP,GBP,27.918269
20210406,MXP,USD,20.1955
20210405,MXP,EUR,24.046779
20210405,MXP,GBP,28.308211
20210405,MXP,USD,20.3605
20210331,MXP,EUR,24.02561
20210331,MXP,GBP,28.20651
20210331,MXP,USD,20.4395
20210330,MXP,EUR,24.126206
20210330,MXP,GBP,28.255678
20210330,MXP,USD,20.5855
20210329,MXP,EUR,24.28297
20210329,MXP,GBP,28.404079
20210329,MXP,USD,20.6365
20210326,MXP,EUR,24.273195
20210326,MXP,GBP,28.371536
20210326,MXP,USD,20.574
20210325,MXP,EUR,24.38226
20210325,MXP,GBP,28.465136
20210325,MXP,USD,20.72
20210324,MXP,EUR,24.746742
20210324,MXP,GBP,28.672865
20210324,MXP,USD,20.9505
20210323,MXP,EUR,24.61155
20210323,MXP,GBP,28.563878
20210323,MXP,USD,20.7745
20210322,MXP,EUR,24.539223
20210322,MXP,GBP,28.493736
20210322,MXP,USD,20.559
20210319,MXP,EUR,24.430086
20210319,MXP,GBP,28.445829
20210319,MXP,USD,20.52
20210318,MXP,EUR,24.395692
20210318,MXP,GBP,28.515584
20210318,MXP,USD,20.4765
20210317,MXP,EUR,24.40733
20210317,MXP,GBP,28.455519
20210317,MXP,USD,20.3785
20210316,MXP,EUR,24.518348
20210316,MXP,GBP,28.622931
20210316,MXP,USD,20.595
20210312,MXP,EUR,24.735625
20210312,MXP,GBP,28.825087
20210312,MXP,USD,20.701
20210311,MXP,EUR,24.751207
20210311,MXP,GBP,28.895012
20210311,MXP,USD,20.657
20210310,MXP,EUR,24.912211
20210310,MXP,GBP,29.113342
20210310,MXP,USD,20.896
20210309,MXP,EUR,25.200821
20210309,MXP,GBP,29.42832
20210309,MXP,USD,21.1745
20210308,MXP,EUR,25.401615
20210308,MXP,GBP,29.64093
20210308,MXP,USD,21.4215
20210305,MXP,EUR,25.345748
20210305,MXP,GBP,29.446996
20210305,MXP,USD,21.2775
20210304,MXP,EUR,25.26263
20210304,MXP,GBP,29.322446
20210304,MXP,USD,21.112
20210303,MXP,EUR,25.244043
20210303,MXP,GBP,29.198395
20210303,MXP,USD,20.9225
20210302,MXP,EUR,24.890266
20210302,MXP,GBP,28.764374
20210302,MXP,USD,20.596
20210301,MXP,EUR,24.875421
20210301,MXP,GBP,28.754419
20210301,MXP,USD,20.6495
20210226,MXP,EUR,25.406549
20210226,MXP,GBP,29.269919
20210226,MXP,USD,20.934
20210225,MXP,EUR,25.363763
20210225,MXP,GBP,29.214157
20210225,MXP,USD,20.813
20210224,MXP,EUR,24.791639
20210224,MXP,GBP,28.823229
20210224,MXP,USD,20.408
20210223,MXP,EUR,24.946018
20210223,MXP,GBP,28.978206
20210223,MXP,USD,20.541
20210222,MXP,EUR,25.217077
20210222,MXP,GBP,29.173936
20210222,MXP,USD,20.7275
20210219,MXP,EUR,24.800241
20210219,MXP,GBP,28.684244
20210219,MXP,USD,20.469
20210218,MXP,EUR,24.569812
20210218,MXP,GBP,28.412192
20210218,MXP,USD,20.33
20210217,MXP,EUR,24.317148
20210217,MXP,GBP,28.000972
20210217,MXP,USD,20.202
20210216,MXP,EUR,24.430503
20210216,MXP,GBP,28.051209
20210216,MXP,USD,20.1655
20210215,MXP,EUR,24.204388
20210215,MXP,GBP,27.745957
20210215,MXP,USD,19.9525
20210212,MXP,EUR,24.176481
20210212,MXP,GBP,27.636668
20210212,MXP,USD,19.955
20210211,MXP,EUR,24.217126
20210211,MXP,GBP,27.557924
20210211,MXP,USD,19.963
20210210,MXP,EUR,24.277012
20210210,MXP,GBP,27.703827
20210210,MXP,USD,20.0165
20210209,MXP,EUR,24.350313
20210209,MXP,GBP,27.75759
20210209,MXP,USD,20.096
20210208,MXP,EUR,24.2438
20210208,MXP,GBP,27.640569
20210208,MXP,USD,20.111
20210205,MXP,EUR,24.247169
20210205,MXP,GBP,27.641018
20210205,MXP,USD,20.1355
20210204,MXP,EUR,24.434819
20210204,MXP,GBP,27.921288
20210204,MXP,USD,20.4185
20210203,MXP,EUR,24.295887
20210203,MXP,GBP,27.56539
20210203,MXP,USD,20.207
20210202,MXP,EUR,24.208075
20210202,MXP,GBP,27.496784
20210202,MXP,USD,20.139
20210129,MXP,EUR,24.961245
20210129,MXP,GBP,28.21344
20210129,MXP,USD,20.551
20210128,MXP,EUR,24.471267
20210128,MXP,GBP,27.721459
20210128,MXP,USD,20.175
20210127,MXP,EUR,24.518205
20210127,MXP,GBP,27.736377
20210127,MXP,USD,20.2655
20210126,MXP,EUR,24.304053
20210126,MXP,GBP,27.43585
20210126,MXP,USD,19.9795
20210125,MXP,EUR,24.411102
20210125,MXP,GBP,27.476567
20210125,MXP,USD,20.108
20210122,MXP,EUR,24.268129
20210122,MXP,GBP,27.289178
20210122,MXP,USD,19.9475
20210121,MXP,EUR,23.968291
20210121,MXP,GBP,27.051541
20210121,MXP,USD,19.714
20210120,MXP,EUR,23.757107
20210120,MXP,GBP,26.771884
20210120,MXP,USD,19.621
20210119,MXP,EUR,23.874047
20210119,MXP,GBP,26.838985
20210119,MXP,USD,19.6875
20210118,MXP,EUR,23.815773
20210118,MXP,GBP,26.789172
20210118,MXP,USD,19.7175
20210115,MXP,EUR,23.902809
20210115,MXP,GBP,26.880495
20210115,MXP,USD,19.792
20210114,MXP,EUR,23.98888
20210114,MXP,GBP,27.014245
20210114,MXP,USD,19.735
20210113,MXP,EUR,24.139395
20210113,MXP,GBP,27.069433
20210113,MXP,USD,19.858
20210112,MXP,EUR,24.171928
20210112,MXP,GBP,27.069945
20210112,MXP,USD,19.8155
20210111,MXP,EUR,24.37704
20210111,MXP,GBP,27.104416
20210111,MXP,USD,20.0395
20210108,MXP,EUR,24.48678
20210108,MXP,GBP,27.188076
20210108,MXP,USD,20.0465
20210107,MXP,EUR,24.614234
20210107,MXP,GBP,27.226121
20210107,MXP,USD,20.0605
20210106,MXP,EUR,24.220667
20210106,MXP,GBP,26.76208
20210106,MXP,USD,19.678
20210105,MXP,EUR,24.428977
20210105,MXP,GBP,27.065655
20210105,MXP,USD,19.8545
20210104,MXP,EUR,24.388056
20210104,MXP,GBP,27.004851
20210104,MXP,USD,19.907
20201231,MXP,EUR,24.342602
20201231,MXP,GBP,27.187944
20201231,MXP,USD,19.8975
20201230,MXP,EUR,24.442632
20201230,MXP,GBP,27.070445
20201230,MXP,USD,19.885
20201229,MXP,EUR,24.383625
20201229,MXP,GBP,26.866794
20201229,MXP,USD,19.905
20201228,MXP,EUR,24.48105
20201228,MXP,GBP,26.969235
20201228,MXP,USD,20.05
20201224,MXP,EUR,24.258674
20201224,MXP,GBP,26.957302
20201224,MXP,USD,19.916
20201223,MXP,EUR,24.434073
20201223,MXP,GBP,27.045885
20201223,MXP,USD,20.06
20201222,MXP,EUR,24.485586
20201222,MXP,GBP,26.891967
20201222,MXP,USD,20.137
20201221,MXP,EUR,24.386611
20201221,MXP,GBP,26.798102
20201221,MXP,USD,19.905
20201218,MXP,EUR,24.4312
20201218,MXP,GBP,26.956938
20201218,MXP,USD,19.9585
20201217,MXP,EUR,24.316201
20201217,MXP,GBP,26.92638
20201217,MXP,USD,19.8265
20201216,MXP,EUR,24.265763
20201216,MXP,GBP,26.880753
20201216,MXP,USD,19.939
20201215,MXP,EUR,24.190283
20201215,MXP,GBP,26.714789
20201215,MXP,USD,19.9015
20201214,MXP,EUR,24.556783
20201214,MXP,GBP,26.942517
20201214,MXP,USD,20.218
20201211,MXP,EUR,24.356978
20201211,MXP,GBP,26.582214
20201211,MXP,USD,20.1015
20201210,MXP,EUR,24.291874
20201210,MXP,GBP,26.609237
20201210,MXP,USD,20.0205
20201209,MXP,EUR,23.996248
20201209,MXP,GBP,26.624538
20201209,MXP,USD,19.8735
20201208,MXP,EUR,23.969782
20201208,MXP,GBP,26.451213
20201208,MXP,USD,19.804
20201207,MXP,EUR,24.053739
20201207,MXP,GBP,26.594955
20201207,MXP,USD,19.8455
20201204,MXP,EUR,23.973764
20201204,MXP,GBP,26.546322
20201204,MXP,USD,19.751
20201203,MXP,EUR,24.158269
20201203,MXP,GBP,26.758435
20201203,MXP,USD,19.894
20201202,MXP,EUR,24.223595
20201202,MXP,GBP,26.747053
20201202,MXP,USD,20.0195
20201201,MXP,EUR,24.144585
20201201,MXP,GBP,26.883643
20201201,MXP,USD,20.037
20201130,MXP,EUR,24.113032
20201130,MXP,GBP,26.902554
20201130,MXP,USD,20.1555
20201127,MXP,EUR,23.988732
20201127,MXP,GBP,26.692143
20201127,MXP,USD,20.0625
20201126,MXP,EUR,23.894311
20201126,MXP,GBP,26.789467
20201126,MXP,USD,20.0565
20201125,MXP,EUR,23.796053
20201125,MXP,GBP,26.72686
20201125,MXP,USD,19.9715
20201124,MXP,EUR,23.794519
20201124,MXP,GBP,26.737066
20201124,MXP,USD,20.024
20201123,MXP,EUR,23.842328
20201123,MXP,GBP,26.82892
20201123,MXP,USD,20.132
20201120,MXP,EUR,23.816612
20201120,MXP,GBP,26.672547
20201120,MXP,USD,20.084
20201119,MXP,EUR,23.889904
20201119,MXP,GBP,26.66035
20201119,MXP,USD,20.1195
20201118,MXP,EUR,24.023935
20201118,MXP,GBP,26.895679
20201118,MXP,USD,20.252
20201117,MXP,EUR,24.039183
20201117,MXP,GBP,26.862972
20201117,MXP,USD,20.264
20201113,MXP,EUR,24.153243
20201113,MXP,GBP,26.896828
20201113,MXP,USD,20.4135
20201112,MXP,EUR,24.299851
20201112,MXP,GBP,26.998348
20201112,MXP,USD,20.5835
20201111,MXP,EUR,24.150829
20201111,MXP,GBP,27.107624
20201111,MXP,USD,20.512
20201110,MXP,EUR,23.982597
20201110,MXP,GBP,26.902885
20201110,MXP,USD,20.301
20201109,MXP,EUR,24.015579
20201109,MXP,GBP,26.732466
20201109,MXP,USD,20.298
20201106,MXP,EUR,24.432249
20201106,MXP,GBP,27.061494
20201106,MXP,USD,20.565
20201105,MXP,EUR,24.545504
20201105,MXP,GBP,27.249863
20201105,MXP,USD,20.731
20201104,MXP,EUR,24.587707
20201104,MXP,GBP,27.266998
20201104,MXP,USD,20.973
20201103,MXP,EUR,24.906006
20201103,MXP,GBP,27.719111
20201103,MXP,USD,21.279
20201030,MXP,EUR,24.773018
20201030,MXP,GBP,27.439429
20201030,MXP,USD,21.2125
20201029,MXP,EUR,24.93333
20201029,MXP,GBP,27.61803
20201029,MXP,USD,21.358
20201028,MXP,EUR,24.967186
20201028,MXP,GBP,27.594315
20201028,MXP,USD,21.255
20201027,MXP,EUR,24.759941
20201027,MXP,GBP,27.369284
20201027,MXP,USD,20.967
20201026,MXP,EUR,24.717364
20201026,MXP,GBP,27.255673
20201026,MXP,USD,20.9345
20201023,MXP,EUR,24.752105
20201023,MXP,GBP,27.205619
20201023,MXP,USD,20.872
20201022,MXP,EUR,24.820164
20201022,MXP,GBP,27.463276
20201022,MXP,USD,21.002
20201021,MXP,EUR,25.01709
20201021,MXP,GBP,27.753626
20201021,MXP,USD,21.091
20201020,MXP,EUR,24.943025
20201020,MXP,GBP,27.293374
20201020,MXP,USD,21.089
20201019,MXP,EUR,25.010501
20201019,MXP,GBP,27.516793
20201019,MXP,USD,21.2575
20201016,MXP,EUR,24.72122
20201016,MXP,GBP,27.274781
20201016,MXP,USD,21.095
20201015,MXP,EUR,24.93907
20201015,MXP,GBP,27.507054
20201015,MXP,USD,21.32
20201014,MXP,EUR,25.037757
20201014,MXP,GBP,27.754283
20201014,MXP,USD,21.306
20201013,MXP,EUR,25.120442
20201013,MXP,GBP,27.666779
20201013,MXP,USD,21.38
20201012,MXP,EUR,25.060711
20201012,MXP,GBP,27.721574
20201012,MXP,USD,21.219
20201009,MXP,EUR,25.048538
20201009,MXP,GBP,27.616602
20201009,MXP,USD,21.18
20201008,MXP,EUR,25.189658
20201008,MXP,GBP,27.710004
20201008,MXP,USD,21.4225
20201007,MXP,EUR,25.261767
20201007,MXP,GBP,27.721838
20201007,MXP,USD,21.4665
20201006,MXP,EUR,25.455523
20201006,MXP,GBP,27.954166
20201006,MXP,USD,21.6615
20201005,MXP,EUR,25.224085
20201005,MXP,GBP,27.783645
20201005,MXP,USD,21.419
20201002,MXP,EUR,25.373685
20201002,MXP,GBP,28.014183
20201002,MXP,USD,21.661
20201001,MXP,EUR,25.664164
20201001,MXP,GBP,28.16524
20201001,MXP,USD,21.853
20200930,MXP,EUR,25.926571
20200930,MXP,GBP,28.583892
20200930,MXP,USD,22.1075
20200929,MXP,EUR,26.322465
20200929,MXP,GBP,28.83855
20200929,MXP,USD,22.425
20200928,MXP,EUR,26.260843
20200928,MXP,GBP,28.901548
20200928,MXP,USD,22.5125
20200925,MXP,EUR,26.0028
20200925,MXP,GBP,28.481164
20200925,MXP,USD,22.368
20200924,MXP,EUR,25.795992
20200924,MXP,GBP,28.173225
20200924,MXP,USD,22.114
20200923,MXP,EUR,26.007511
20200923,MXP,GBP,28.361586
20200923,MXP,USD,22.3135
20200922,MXP,EUR,25.459296
20200922,MXP,GBP,27.691718
20200922,MXP,USD,21.748
20200921,MXP,EUR,25.148552
20200921,MXP,GBP,27.374494
20200921,MXP,USD,21.393
20200918,MXP,EUR,25.002648
20200918,MXP,GBP,27.273783
20200918,MXP,USD,21.0975
20200917,MXP,EUR,24.723211
20200917,MXP,GBP,27.069718
20200917,MXP,USD,20.8855
20200915,MXP,EUR,24.987441
20200915,MXP,GBP,27.185229
20200915,MXP,USD,21.082
20200914,MXP,EUR,25.028624
20200914,MXP,GBP,27.122264
20200914,MXP,USD,21.0945
20200911,MXP,EUR,25.18194
20200911,MXP,GBP,27.229702
20200911,MXP,USD,21.2865
20200910,MXP,EUR,25.324556
20200910,MXP,GBP,27.407609
20200910,MXP,USD,21.4415
20200909,MXP,EUR,25.294103
20200909,MXP,GBP,27.854679
20200909,MXP,USD,21.4275
20200908,MXP,EUR,25.648584
20200908,MXP,GBP,28.284205
20200908,MXP,USD,21.773
20200907,MXP,EUR,25.520338
20200907,MXP,GBP,28.448817
20200907,MXP,USD,21.6045
20200904,MXP,EUR,25.504537
20200904,MXP,GBP,28.599268
20200904,MXP,USD,21.521
20200903,MXP,EUR,25.733158
20200903,MXP,GBP,28.807235
20200903,MXP,USD,21.702
20200902,MXP,EUR,25.736627
20200902,MXP,GBP,28.992745
20200902,MXP,USD,21.7655
20200901,MXP,EUR,25.966786
20200901,MXP,GBP,29.174732
20200901,MXP,USD,21.808
20200831,MXP,EUR,26.170172
20200831,MXP,GBP,29.294707
20200831,MXP,USD,21.8805
20200828,MXP,EUR,25.888892
20200828,MXP,GBP,29.048506
20200828,MXP,USD,21.7755
20200827,MXP,EUR,26.198879
20200827,MXP,GBP,29.25965
20200827,MXP,USD,22.1555
20200826,MXP,EUR,25.955131
20200826,MXP,GBP,28.976659
20200826,MXP,USD,21.967
20200825,MXP,EUR,25.979437
20200825,MXP,GBP,28.863347
20200825,MXP,USD,21.956
20200824,MXP,EUR,25.954793
20200824,MXP,GBP,28.740211
20200824,MXP,USD,22.0105
20200821,MXP,EUR,25.899426
20200821,MXP,GBP,28.764422
20200821,MXP,USD,21.971
20200820,MXP,EUR,26.244477
20200820,MXP,GBP,29.251553
20200820,MXP,USD,22.1435
20200819,MXP,EUR,26.183057
20200819,MXP,GBP,28.960795
20200819,MXP,USD,22.0805
20200818,MXP,EUR,26.440455
20200818,MXP,GBP,29.33103
20200818,MXP,USD,22.15
20200817,MXP,EUR,26.299881
20200817,MXP,GBP,29.039464
20200817,MXP,USD,22.165
20200814,MXP,EUR,26.04766
20200814,MXP,GBP,28.803473
20200814,MXP,USD,22.0025
20200813,MXP,EUR,26.18112
20200813,MXP,GBP,28.959854
20200813,MXP,USD,22.1855
20200812,MXP,EUR,26.314851
20200812,MXP,GBP,29.092838
20200812,MXP,USD,22.331
20200811,MXP,EUR,26.270685
20200811,MXP,GBP,29.21438
20200811,MXP,USD,22.3685
20200810,MXP,EUR,26.401737
20200810,MXP,GBP,29.381726
20200810,MXP,USD,22.482
20200807,MXP,EUR,26.401175
20200807,MXP,GBP,29.247107
20200807,MXP,USD,22.409
20200806,MXP,EUR,26.558851
20200806,MXP,GBP,29.417854
20200806,MXP,USD,22.371
20200805,MXP,EUR,26.514741
20200805,MXP,GBP,29.322592
20200805,MXP,USD,22.3555
20200804,MXP,EUR,26.869877
20200804,MXP,GBP,29.778284
20200804,MXP,USD,22.802
20200803,MXP,EUR,26.654029
20200803,MXP,GBP,29.633366
20200803,MXP,USD,22.665
20200731,MXP,EUR,26.283518
20200731,MXP,GBP,29.166628
20200731,MXP,USD,22.2205
20200730,MXP,EUR,26.135185
20200730,MXP,GBP,28.894611
20200730,MXP,USD,22.0755
20200729,MXP,EUR,25.889252
20200729,MXP,GBP,28.518368
20200729,MXP,USD,22.01
20200728,MXP,EUR,25.678646
20200728,MXP,GBP,28.355386
20200728,MXP,USD,21.9045
20200727,MXP,EUR,25.870563
20200727,MXP,GBP,28.339836
20200727,MXP,USD,22.0175
20200724,MXP,EUR,25.912779
20200724,MXP,GBP,28.480464
20200724,MXP,USD,22.2695
20200723,MXP,EUR,26.088906
20200723,MXP,GBP,28.637344
20200723,MXP,USD,22.473
20200722,MXP,EUR,25.875804
20200722,MXP,GBP,28.489318
20200722,MXP,USD,22.3665
20200721,MXP,EUR,25.69618
20200721,MXP,GBP,28.428014
20200721,MXP,USD,22.2825
20200720,MXP,EUR,25.743356
20200720,MXP,GBP,28.491586
20200720,MXP,USD,22.499
20200717,MXP,EUR,25.769871
20200717,MXP,GBP,28.312844
20200717,MXP,USD,22.534
20200716,MXP,EUR,25.550987
20200716,MXP,GBP,28.175907
20200716,MXP,USD,22.4545
20200715,MXP,EUR,25.501535
20200715,MXP,GBP,28.130825
20200715,MXP,USD,22.358
20200714,MXP,EUR,25.589818
20200714,MXP,GBP,28.202032
20200714,MXP,USD,22.461
20200713,MXP,EUR,25.595933
20200713,MXP,GBP,28.341081
20200713,MXP,USD,22.5475
20200710,MXP,EUR,25.373618
20200710,MXP,GBP,28.355974
20200710,MXP,USD,22.4575
20200709,MXP,EUR,25.522747
20200709,MXP,GBP,28.519043
20200709,MXP,USD,22.5965
20200708,MXP,EUR,25.758217
20200708,MXP,GBP,28.675669
20200708,MXP,USD,22.7215
20200707,MXP,EUR,25.606783
20200707,MXP,GBP,28.48604
20200707,MXP,USD,22.689
20200706,MXP,EUR,25.305419
20200706,MXP,GBP,27.949903
20200706,MXP,USD,22.3635
20200703,MXP,EUR,25.176436
20200703,MXP,GBP,27.936003
20200703,MXP,USD,22.39
20200702,MXP,EUR,25.2164
20200702,MXP,GBP,27.978576
20200702,MXP,USD,22.4475
20200701,MXP,EUR,25.656576
20200701,MXP,GBP,28.444814
20200701,MXP,USD,22.817
20200630,MXP,EUR,25.810392
20200630,MXP,GBP,28.407866
20200630,MXP,USD,22.9865
20200629,MXP,EUR,25.939212
20200629,MXP,GBP,28.367419
20200629,MXP,USD,23.093
20200626,MXP,EUR,25.809124
20200626,MXP,GBP,28.377163
20200626,MXP,USD,22.9905
20200625,MXP,EUR,25.467583
20200625,MXP,GBP,28.172143
20200625,MXP,USD,22.7085
20200624,MXP,EUR,25.641799
20200624,MXP,GBP,28.292761
20200624,MXP,USD,22.7745
20200623,MXP,EUR,25.342883
20200623,MXP,GBP,28.044107
20200623,MXP,USD,22.4075
20200622,MXP,EUR,25.277011
20200622,MXP,GBP,27.998892
20200622,MXP,USD,22.4485
20200619,MXP,EUR,25.288203
20200619,MXP,GBP,27.930739
20200619,MXP,USD,22.605
20200618,MXP,EUR,25.534589
20200618,MXP,GBP,28.296059
20200618,MXP,USD,22.7845
20200617,MXP,EUR,25.053557
20200617,MXP,GBP,27.977218
20200617,MXP,USD,22.3095
20200616,MXP,EUR,25.099954
20200616,MXP,GBP,28.002794
20200616,MXP,USD,22.2695
20200615,MXP,EUR,25.127178
20200615,MXP,GBP,27.945004
20200615,MXP,USD,22.205
20200612,MXP,EUR,25.111372
20200612,MXP,GBP,27.927839
20200612,MXP,USD,22.353
20200611,MXP,EUR,25.691695
20200611,MXP,GBP,28.626408
20200611,MXP,USD,22.732
20200610,MXP,EUR,24.889428
20200610,MXP,GBP,27.895171
20200610,MXP,USD,21.852
20200609,MXP,EUR,24.804387
20200609,MXP,GBP,27.859556
20200609,MXP,USD,21.8695
20200608,MXP,EUR,24.402511
20200608,MXP,GBP,27.464675
20200608,MXP,USD,21.5875
20200605,MXP,EUR,24.442486
20200605,MXP,GBP,27.41825
20200605,MXP,USD,21.642
20200604,MXP,EUR,24.825216
20200604,MXP,GBP,27.587438
20200604,MXP,USD,21.8705
20200603,MXP,EUR,24.471318
20200603,MXP,GBP,27.408822
20200603,MXP,USD,21.7755
20200602,MXP,EUR,24.304128
20200602,MXP,GBP,27.281253
20200602,MXP,USD,21.7545
20200601,MXP,EUR,24.562203
20200601,MXP,GBP,27.563942
20200601,MXP,USD,22.0635
20200529,MXP,EUR,24.683031
20200529,MXP,GBP,27.447282
20200529,MXP,USD,22.185
20200528,MXP,EUR,24.589858
20200528,MXP,GBP,27.366179
20200528,MXP,USD,22.175
20200527,MXP,EUR,24.504904
20200527,MXP,GBP,27.322562
20200527,MXP,USD,22.3005
20200526,MXP,EUR,24.390199
20200526,MXP,GBP,27.3817
20200526,MXP,USD,22.184
20200525,MXP,EUR,24.641538
20200525,MXP,GBP,27.566035
20200525,MXP,USD,22.609
20200522,MXP,EUR,24.839305
20200522,MXP,GBP,27.749791
20200522,MXP,USD,22.7915
20200521,MXP,EUR,25.136454
20200521,MXP,GBP,28.070608
20200521,MXP,USD,22.941
20200520,MXP,EUR,25.360688
20200520,MXP,GBP,28.238046
20200520,MXP,USD,23.0835
20200519,MXP,EUR,25.781063
20200519,MXP,GBP,28.917445
20200519,MXP,USD,23.5465
20200518,MXP,EUR,25.896372
20200518,MXP,GBP,28.930875
20200518,MXP,USD,23.7255
20200515,MXP,EUR,25.954378
20200515,MXP,GBP,29.080182
20200515,MXP,USD,23.9985
20200514,MXP,EUR,25.931374
20200514,MXP,GBP,29.327163
20200514,MXP,USD,24.0495
20200513,MXP,EUR,26.35008
20200513,MXP,GBP,29.763631
20200513,MXP,USD,24.3565
20200512,MXP,EUR,26.253532
20200512,MXP,GBP,29.705278
20200512,MXP,USD,24.189
20200511,MXP,EUR,25.849839
20200511,MXP,GBP,29.495528
20200511,MXP,USD,23.914
20200508,MXP,EUR,25.735861
20200508,MXP,GBP,29.457509
20200508,MXP,USD,23.735
20200507,MXP,EUR,26.045191
20200507,MXP,GBP,29.728471
20200507,MXP,USD,24.058
20200506,MXP,EUR,26.20539
20200506,MXP,GBP,29.944659
20200506,MXP,USD,24.2575
20200505,MXP,EUR,25.914901
20200505,MXP,GBP,29.734919
20200505,MXP,USD,23.8825
20200504,MXP,EUR,26.433357
20200504,MXP,GBP,30.147052
20200504,MXP,USD,24.233
20200430,MXP,EUR,26.313518
20200430,MXP,GBP,30.302126
20200430,MXP,USD,24.035
20200429,MXP,EUR,25.884743
20200429,MXP,GBP,29.643625
20200429,MXP,USD,23.813
20200428,MXP,EUR,26.285439
20200428,MXP,GBP,30.163732
20200428,MXP,USD,24.262
20200427,MXP,EUR,26.825217
20200427,MXP,GBP,30.762454
20200427,MXP,USD,24.7625
20200424,MXP,EUR,27.026854
20200424,MXP,GBP,30.916438
20200424,MXP,USD,25.0295
20200423,MXP,EUR,26.608833
20200423,MXP,GBP,30.471763
20200423,MXP,USD,24.6675
20200422,MXP,EUR,26.592167
20200422,MXP,GBP,30.270265
20200422,MXP,USD,24.578
20200421,MXP,EUR,26.582517
20200421,MXP,GBP,30.087823
20200421,MXP,USD,24.4955
20200420,MXP,EUR,26.278437
20200420,MXP,GBP,30.109398
20200420,MXP,USD,24.193
20200417,MXP,EUR,25.835737
20200417,MXP,GBP,29.682464
20200417,MXP,USD,23.7745
20200416,MXP,EUR,26.23026
20200416,MXP,GBP,30.126705
20200416,MXP,USD,24.1865
20200415,MXP,EUR,26.216845
20200415,MXP,GBP,30.128785
20200415,MXP,USD,24.007
20200414,MXP,EUR,25.798366
20200414,MXP,GBP,29.665078
20200414,MXP,USD,23.4915
20200413,MXP,EUR,25.818426
20200413,MXP,GBP,29.619738
20200413,MXP,USD,23.64
20200408,MXP,EUR,26.045242
20200408,MXP,GBP,29.714615
20200408,MXP,USD,23.975
20200407,MXP,EUR,26.325087
20200407,MXP,GBP,29.799061
20200407,MXP,USD,24.1415
20200406,MXP,EUR,26.776181
20200406,MXP,GBP,30.505875
20200406,MXP,USD,24.7985
20200403,MXP,EUR,26.870093
20200403,MXP,GBP,30.483349
20200403,MXP,USD,24.859
20200402,MXP,EUR,26.464239
20200402,MXP,GBP,30.235783
20200402,MXP,USD,24.3955
20200401,MXP,EUR,26.648224
20200401,MXP,GBP,30.167571
20200401,MXP,USD,24.3385
20200331,MXP,EUR,26.017904
20200331,MXP,GBP,29.413605
20200331,MXP,USD,23.713
20200330,MXP,EUR,26.547625
20200330,MXP,GBP,29.81983
20200330,MXP,USD,24.025
20200327,MXP,EUR,26.172548
20200327,MXP,GBP,29.329993
20200327,MXP,USD,23.528
20200326,MXP,EUR,25.476707
20200326,MXP,GBP,28.170948
20200326,MXP,USD,23.0475
20200325,MXP,EUR,26.095814
20200325,MXP,GBP,28.493652
20200325,MXP,USD,23.9785
20200324,MXP,EUR,26.852041
20200324,MXP,GBP,29.275802
20200324,MXP,USD,24.923
20200323,MXP,EUR,26.978071
20200323,MXP,GBP,28.870232
20200323,MXP,USD,25.145
20200320,MXP,EUR,26.166365
20200320,MXP,GBP,28.425808
20200320,MXP,USD,24.5325
20200319,MXP,EUR,25.739334
20200319,MXP,GBP,27.795119
20200319,MXP,USD,24.1005
20200318,MXP,EUR,26.030627
20200318,MXP,GBP,27.63678
20200318,MXP,USD,23.8835
20200317,MXP,EUR,25.399441
20200317,MXP,GBP,27.886492
20200317,MXP,USD,23.0925
20200313,MXP,EUR,24.308576
20200313,MXP,GBP,27.032994
20200313,MXP,USD,21.874
20200312,MXP,EUR,24.211524
20200312,MXP,GBP,27.279511
20200312,MXP,USD,21.659
20200311,MXP,EUR,24.052073
20200311,MXP,GBP,27.349552
20200311,MXP,USD,21.336
20200310,MXP,EUR,23.559381
20200310,MXP,GBP,26.904592
20200310,MXP,USD,20.849
20200309,MXP,EUR,24.09767
20200309,MXP,GBP,27.578689
20200309,MXP,USD,21.046
20200306,MXP,EUR,22.829257
20200306,MXP,GBP,26.258358
20200306,MXP,USD,20.177
20200305,MXP,EUR,22.272697
20200305,MXP,GBP,25.747305
20200305,MXP,USD,19.889
20200304,MXP,EUR,21.783293
20200304,MXP,GBP,25.161419
20200304,MXP,USD,19.555
20200303,MXP,EUR,21.679215
20200303,MXP,GBP,24.848838
20200303,MXP,USD,19.398
20200302,MXP,EUR,21.785994
20200302,MXP,GBP,24.936755
20200302,MXP,USD,19.5215
20200228,MXP,EUR,21.678134
20200228,MXP,GBP,25.212044
20200228,MXP,USD,19.737
20200227,MXP,EUR,21.292516
20200227,MXP,GBP,24.986621
20200227,MXP,USD,19.3815
20200226,MXP,EUR,20.945926
20200226,MXP,GBP,24.822364
20200226,MXP,USD,19.2235
20200225,MXP,EUR,20.812942
20200225,MXP,GBP,24.87356
20200225,MXP,USD,19.1313
20200224,MXP,EUR,20.651592
20200224,MXP,GBP,24.593389
20200224,MXP,USD,19.0425
20200221,MXP,EUR,20.507254
20200221,MXP,GBP,24.50594
20200221,MXP,USD,18.8885
20200220,MXP,EUR,20.314607
20200220,MXP,GBP,24.250059
20200220,MXP,USD,18.8255
20200219,MXP,EUR,20.040463
20200219,MXP,GBP,23.982095
20200219,MXP,USD,18.562
20200218,MXP,EUR,20.05888
20200218,MXP,GBP,24.156321
20200218,MXP,USD,18.5825
20200217,MXP,EUR,20.102101
20200217,MXP,GBP,24.125852
20200217,MXP,USD,18.5555
20200214,MXP,EUR,20.119352
20200214,MXP,GBP,24.190936
20200214,MXP,USD,18.562
20200213,MXP,EUR,20.149392
20200213,MXP,GBP,24.254165
20200213,MXP,USD,18.582
20200212,MXP,EUR,20.241107
20200212,MXP,GBP,24.13549
20200212,MXP,USD,18.6245
20200211,MXP,EUR,20.380224
20200211,MXP,GBP,24.188113
20200211,MXP,USD,18.6615
20200210,MXP,EUR,20.421741
20200210,MXP,GBP,24.166838
20200210,MXP,USD,18.7115
20200207,MXP,EUR,20.576838
20200207,MXP,GBP,24.227507
20200207,MXP,USD,18.7985
20200206,MXP,EUR,20.489888
20200206,MXP,GBP,24.123857
20200206,MXP,USD,18.6645
20200205,MXP,EUR,20.460459
20200205,MXP,GBP,24.165763
20200205,MXP,USD,18.6055
20200204,MXP,EUR,20.641406
20200204,MXP,GBP,24.367466
20200204,MXP,USD,18.691
20200131,MXP,EUR,20.903632
20200131,MXP,GBP,24.868114
20200131,MXP,USD,18.8695
20200130,MXP,EUR,20.758915
20200130,MXP,GBP,24.620172
20200130,MXP,USD,18.817
20200129,MXP,EUR,20.581064
20200129,MXP,GBP,24.318841
20200129,MXP,USD,18.6795
20200128,MXP,EUR,20.638532
20200128,MXP,GBP,24.368164
20200128,MXP,USD,18.7325
20200127,MXP,EUR,20.830705
20200127,MXP,GBP,24.675007
20200127,MXP,USD,18.9095
20200124,MXP,EUR,20.733969
20200124,MXP,GBP,24.587866
20200124,MXP,USD,18.7995
20200123,MXP,EUR,20.737907
20200123,MXP,GBP,24.604859
20200123,MXP,USD,18.758
20200122,MXP,EUR,20.708589
20200122,MXP,GBP,24.520789
20200122,MXP,USD,18.669
20200121,MXP,EUR,20.828653
20200121,MXP,GBP,24.499694
20200121,MXP,USD,18.773
20200120,MXP,EUR,20.709143
20200120,MXP,GBP,24.275961
20200120,MXP,USD,18.6695
20200117,MXP,EUR,20.74391
20200117,MXP,GBP,24.338985
20200117,MXP,USD,18.7
20200116,MXP,EUR,20.931583
20200116,MXP,GBP,24.565227
20200116,MXP,USD,18.798
20200115,MXP,EUR,20.97187
20200115,MXP,GBP,24.495549
20200115,MXP,USD,18.808
20200114,MXP,EUR,20.916226
20200114,MXP,GBP,24.482293
20200114,MXP,USD,18.7935
20200113,MXP,EUR,20.923673
20200113,MXP,GBP,24.416753
20200113,MXP,USD,18.785
20200110,MXP,EUR,20.897673
20200110,MXP,GBP,24.541896
20200110,MXP,USD,18.7895
20200109,MXP,EUR,20.936089
20200109,MXP,GBP,24.615999
20200109,MXP,USD,18.852
20200108,MXP,EUR,20.890176
20200108,MXP,GBP,24.631466
20200108,MXP,USD,18.8005
20200107,MXP,EUR,21.04532
20200107,MXP,GBP,24.774416
20200107,MXP,USD,18.8815
20200106,MXP,EUR,21.108663
20200106,MXP,GBP,24.82701
20200106,MXP,USD,18.8605
20200103,MXP,EUR,21.140901
20200103,MXP,GBP,24.749247
20200103,MXP,USD,18.9265
20200102,MXP,EUR,21.046803
20200102,MXP,GBP,24.756267
20200102,MXP,USD,18.849
20191231,MXP,EUR,21.223669
20191231,MXP,GBP,25.041093
20191231,MXP,USD,18.9075
20191230,MXP,EUR,21.226283
20191230,MXP,GBP,24.849427
20191230,MXP,USD,18.9495
20191227,MXP,EUR,21.079613
20191227,MXP,GBP,24.676744
20191227,MXP,USD,18.848
20191226,MXP,EUR,21.024086
20191226,MXP,GBP,24.625618
20191226,MXP,USD,18.9355
20191224,MXP,EUR,21.042731
20191224,MXP,GBP,24.59683
20191224,MXP,USD,18.9805
20191223,MXP,EUR,21.003879
20191223,MXP,GBP,24.499949
20191223,MXP,USD,18.9335
20191220,MXP,EUR,20.976666
20191220,MXP,GBP,24.648754
20191220,MXP,USD,18.938
20191219,MXP,EUR,21.087612
20191219,MXP,GBP,24.67313
20191219,MXP,USD,18.956
20191218,MXP,EUR,21.077048
20191218,MXP,GBP,24.806667
20191218,MXP,USD,18.961
20191217,MXP,EUR,21.085563
20191217,MXP,GBP,25.223585
20191217,MXP,USD,18.921
20191216,MXP,EUR,21.064852
20191216,MXP,GBP,25.24239
20191216,MXP,USD,18.9415
20191213,MXP,EUR,21.200981
20191213,MXP,GBP,25.076408
20191213,MXP,USD,19.0485
20191211,MXP,EUR,21.20427
20191211,MXP,GBP,25.147694
20191211,MXP,USD,19.115
20191210,MXP,EUR,21.284371
20191210,MXP,GBP,25.287703
20191210,MXP,USD,19.2375
20191209,MXP,EUR,21.255961
20191209,MXP,GBP,25.249962
20191209,MXP,USD,19.2205
20191206,MXP,EUR,21.427389
20191206,MXP,GBP,25.389063
20191206,MXP,USD,19.297
20191205,MXP,EUR,21.44867
20191205,MXP,GBP,25.3713
20191205,MXP,USD,19.3615
20191204,MXP,EUR,21.563639
20191204,MXP,GBP,25.281776
20191204,MXP,USD,19.4565
20191107,MXP,EUR,21.170055
20191107,MXP,GBP,24.584591
20191107,MXP,USD,19.129
20191101,MXP,EUR,21.327643
20191101,MXP,GBP,24.750919
20191101,MXP,USD,19.1245
20191031,MXP,EUR,21.431537
20191031,MXP,GBP,24.879859
20191031,MXP,USD,19.2375
20191030,MXP,EUR,21.241144
20191030,MXP,GBP,24.595914
20191030,MXP,USD,19.1155
20190930,MXP,EUR,21.513903
20190930,MXP,GBP,24.321909
20190930,MXP,USD,19.733
20190927,MXP,EUR,21.514156
20190927,MXP,GBP,24.273836
20190927,MXP,USD,19.698
20190923,MXP,EUR,21.466149
20190923,MXP,GBP,24.312587
20190923,MXP,USD,19.4828
20190920,MXP,EUR,21.488547
20190920,MXP,GBP,24.377755
20190920,MXP,USD,19.4625
20190919,MXP,EUR,21.437126
20190919,MXP,GBP,24.239706
20190919,MXP,USD,19.4353
20190918,MXP,EUR,21.472531
20190918,MXP,GBP,24.243629
20190918,MXP,USD,19.3918
20190917,MXP,EUR,21.320236
20190917,MXP,GBP,24.087476
20190917,MXP,USD,19.3785
20190913,MXP,EUR,21.482124
20190913,MXP,GBP,23.950161
20190913,MXP,USD,19.418
20190912,MXP,EUR,21.376246
20190912,MXP,GBP,23.935182
20190912,MXP,USD,19.4153
20190911,MXP,EUR,21.583969
20190911,MXP,GBP,24.133539
20190911,MXP,USD,19.5445
20190910,MXP,EUR,21.571773
20190910,MXP,GBP,24.108125
20190910,MXP,USD,19.5255
20190909,MXP,EUR,21.601179
20190909,MXP,GBP,24.05529
20190909,MXP,USD,19.5858
20190906,MXP,EUR,21.567135
20190906,MXP,GBP,24.100076
20190906,MXP,USD,19.5443
20190905,MXP,EUR,21.728034
20190905,MXP,GBP,24.126398
20190905,MXP,USD,19.691
20190904,MXP,EUR,21.692306
20190904,MXP,GBP,23.890387
20190904,MXP,USD,19.767
20190903,MXP,EUR,21.947836
20190903,MXP,GBP,24.149044
20190903,MXP,USD,20.0108
20190902,MXP,EUR,22.143568
20190902,MXP,GBP,24.494733
20190902,MXP,USD,20.147
20190830,MXP,EUR,22.066029
20190830,MXP,GBP,24.402739
20190830,MXP,USD,20.0318
20190829,MXP,EUR,22.318937
20190829,MXP,GBP,24.602713
20190829,MXP,USD,20.148
20190828,MXP,EUR,22.248617
20190828,MXP,GBP,24.535924
20190828,MXP,USD,20.0818
20190827,MXP,EUR,22.188883
20190827,MXP,GBP,24.596314
20190827,MXP,USD,20.0035
20190826,MXP,EUR,22.089362
20190826,MXP,GBP,24.319665
20190826,MXP,USD,19.9048
20190823,MXP,EUR,22.169874
20190823,MXP,GBP,24.442754
20190823,MXP,USD,19.894
20190822,MXP,EUR,21.946756
20190822,MXP,GBP,24.269237
20190822,MXP,USD,19.7995
20190821,MXP,EUR,21.846072
20190821,MXP,GBP,23.891565
20190821,MXP,USD,19.706
20190820,MXP,EUR,21.910546
20190820,MXP,GBP,24.018885
20190820,MXP,USD,19.741
20190819,MXP,EUR,21.977601
20190819,MXP,GBP,24.064878
20190819,MXP,USD,19.8318
20190816,MXP,EUR,21.786857
20190816,MXP,GBP,23.859766
20190816,MXP,USD,19.6393
20190815,MXP,EUR,21.797062
20190815,MXP,GBP,23.7655
20190815,MXP,USD,19.6255
20190814,MXP,EUR,21.941561
20190814,MXP,GBP,23.756069
20190814,MXP,USD,19.7015
20190813,MXP,EUR,21.670359
20190813,MXP,GBP,23.379085
20190813,MXP,USD,19.3953
20190812,MXP,EUR,21.953229
20190812,MXP,GBP,23.629382
20190812,MXP,USD,19.581
20190809,MXP,EUR,21.759811
20190809,MXP,GBP,23.408399
20190809,MXP,USD,19.418
20190808,MXP,EUR,21.771448
20190808,MXP,GBP,23.617627
20190808,MXP,USD,19.464
20190807,MXP,EUR,22.042799
20190807,MXP,GBP,23.871817
20190807,MXP,USD,19.6565
20190806,MXP,EUR,21.919296
20190806,MXP,GBP,23.785382
20190806,MXP,USD,19.5708
20190805,MXP,EUR,22.00857
20190805,MXP,GBP,23.854405
20190805,MXP,USD,19.647
20190802,MXP,EUR,21.47123
20190802,MXP,GBP,23.496426
20190802,MXP,USD,19.3243
20190801,MXP,EUR,21.302707
20190801,MXP,GBP,23.349936
20190801,MXP,USD,19.2228
20190731,MXP,EUR,21.341898
20190731,MXP,GBP,23.462671
20190731,MXP,USD,19.1665
20190730,MXP,EUR,21.274503
20190730,MXP,GBP,23.190857
20190730,MXP,USD,19.0683
20190729,MXP,EUR,21.246344
20190729,MXP,GBP,23.299213
20190729,MXP,USD,19.061
20190726,MXP,EUR,21.198924
20190726,MXP,GBP,23.594892
20190726,MXP,USD,19.0535
20190725,MXP,EUR,21.229554
20190725,MXP,GBP,23.719211
20190725,MXP,USD,19.0485
20190724,MXP,EUR,21.245595
20190724,MXP,GBP,23.809719
20190724,MXP,USD,19.0783
20190723,MXP,EUR,21.371929
20190723,MXP,GBP,23.849438
20190723,MXP,USD,19.1685
20190722,MXP,EUR,21.380599
20190722,MXP,GBP,23.803808
20190722,MXP,USD,19.0728
20190719,MXP,EUR,21.329791
20190719,MXP,GBP,23.760274
20190719,MXP,USD,19.0105
20190718,MXP,EUR,21.356957
20190718,MXP,GBP,23.770173
20190718,MXP,USD,18.957
20190717,MXP,EUR,21.388223
20190717,MXP,GBP,23.701813
20190717,MXP,USD,19.0575
20190716,MXP,EUR,21.393769
20190716,MXP,GBP,23.683655
20190716,MXP,USD,19.0905
20190715,MXP,EUR,21.358652
20190715,MXP,GBP,23.750816
20190715,MXP,USD,18.9703
20190712,MXP,EUR,21.416021
20190712,MXP,GBP,23.88497
20190712,MXP,USD,18.9993
20190711,MXP,EUR,21.488154
20190711,MXP,GBP,23.907432
20190711,MXP,USD,19.087
20190710,MXP,EUR,21.574256
20190710,MXP,GBP,23.976304
20190710,MXP,USD,19.1703
20190709,MXP,EUR,21.421066
20190709,MXP,GBP,23.825384
20190709,MXP,USD,19.1123
20190708,MXP,EUR,21.204144
20190708,MXP,GBP,23.665532
20190708,MXP,USD,18.912
20190705,MXP,EUR,21.336716
20190705,MXP,GBP,23.81701
20190705,MXP,USD,19.0133
20190704,MXP,EUR,21.450341
20190704,MXP,GBP,23.920319
20190704,MXP,USD,19.007
20190703,MXP,EUR,21.453576
20190703,MXP,GBP,23.923657
20190703,MXP,USD,19.0225
20190702,MXP,EUR,21.524372
20190702,MXP,GBP,24.025477
20190702,MXP,USD,19.0633
20190701,MXP,EUR,21.573352
20190701,MXP,GBP,24.156899
20190701,MXP,USD,19.116
20190628,MXP,EUR,21.846708
20190628,MXP,GBP,24.419618
20190628,MXP,USD,19.1865
20190627,MXP,EUR,21.77358
20190627,MXP,GBP,24.246894
20190627,MXP,USD,19.1433
20190626,MXP,EUR,21.745694
20190626,MXP,GBP,24.266425
20190626,MXP,USD,19.1255
20190625,MXP,EUR,21.864024
20190625,MXP,GBP,24.405493
20190625,MXP,USD,19.2245
20190624,MXP,EUR,21.871109
20190624,MXP,GBP,24.444566
20190624,MXP,USD,19.1835
20190621,MXP,EUR,21.74885
20190621,MXP,GBP,24.364021
20190621,MXP,USD,19.1308
20190620,MXP,EUR,21.448979
20190620,MXP,GBP,24.124633
20190620,MXP,USD,18.9898
20190619,MXP,EUR,21.430668
20190619,MXP,GBP,24.140829
20190619,MXP,USD,19.0588
20190618,MXP,EUR,21.461624
20190618,MXP,GBP,23.991864
20190618,MXP,USD,19.1613
20190617,MXP,EUR,21.525423
20190617,MXP,GBP,24.061391
20190617,MXP,USD,19.19
20190614,MXP,EUR,21.455647
20190614,MXP,GBP,24.089628
20190614,MXP,USD,19.1423
20190613,MXP,EUR,21.597368
20190613,MXP,GBP,24.283865
20190613,MXP,USD,19.1483
20190612,MXP,EUR,21.663637
20190612,MXP,GBP,24.354678
20190612,MXP,USD,19.1943
20190611,MXP,EUR,21.694538
20190611,MXP,GBP,24.355633
20190611,MXP,USD,19.1445
20190610,MXP,EUR,21.696679
20190610,MXP,GBP,24.329311
20190610,MXP,USD,19.1743
20190607,MXP,EUR,22.200711
20190607,MXP,GBP,24.945929
20190607,MXP,USD,19.5808
20190606,MXP,EUR,22.145728
20190606,MXP,GBP,24.932485
20190606,MXP,USD,19.6458
20190605,MXP,EUR,21.923422
20190605,MXP,GBP,24.782829
20190605,MXP,USD,19.5248
20190604,MXP,EUR,21.966594
20190604,MXP,GBP,24.800762
20190604,MXP,USD,19.5528
20190603,MXP,EUR,22.37385
20190603,MXP,GBP,25.17729
20190603,MXP,USD,19.8755
20190531,MXP,EUR,21.913036
20190531,MXP,GBP,24.784379
20190531,MXP,USD,19.66
20190530,MXP,EUR,21.267229
20190530,MXP,GBP,24.083559
20190530,MXP,USD,19.1003
20190529,MXP,EUR,21.335059
20190529,MXP,GBP,24.192401
20190529,MXP,USD,19.1638
20190528,MXP,EUR,21.438095
20190528,MXP,GBP,24.29798
20190528,MXP,USD,19.2003
20190527,MXP,EUR,21.346247
20190527,MXP,GBP,24.169033
20190527,MXP,USD,19.06
20190524,MXP,EUR,21.365419
20190524,MXP,GBP,24.233257
20190524,MXP,USD,19.0618
20190523,MXP,EUR,21.356906
20190523,MXP,GBP,24.169865
20190523,MXP,USD,19.0968
20190522,MXP,EUR,21.1785
20190522,MXP,GBP,24.042972
20190522,MXP,USD,18.9763
20190521,MXP,EUR,21.227537
20190521,MXP,GBP,24.169667
20190521,MXP,USD,19.0245
20190520,MXP,EUR,21.296209
20190520,MXP,GBP,24.267264
20190520,MXP,USD,19.0698
20190517,MXP,EUR,21.370684
20190517,MXP,GBP,24.369339
20190517,MXP,USD,19.1485
20190516,MXP,EUR,21.335655
20190516,MXP,GBP,24.43273
20190516,MXP,USD,19.1
20190515,MXP,EUR,21.33645
20190515,MXP,GBP,24.463976
20190515,MXP,USD,19.047
20190514,MXP,EUR,21.50063
20190514,MXP,GBP,24.759221
20190514,MXP,USD,19.185
20190513,MXP,EUR,21.549888
20190513,MXP,GBP,24.873742
20190513,MXP,USD,19.1853
20190510,MXP,EUR,21.419424
20190510,MXP,GBP,24.808173
20190510,MXP,USD,19.07
20190509,MXP,EUR,21.553784
20190509,MXP,GBP,25.010388
20190509,MXP,USD,19.2033
20190508,MXP,EUR,21.391666
20190508,MXP,GBP,24.854851
20190508,MXP,USD,19.1125
20190507,MXP,EUR,21.310607
20190507,MXP,GBP,24.897464
20190507,MXP,USD,19.0588
20190506,MXP,EUR,21.234503
20190506,MXP,GBP,24.8273
20190506,MXP,USD,18.9543
20190503,MXP,EUR,21.219347
20190503,MXP,GBP,24.953679
20190503,MXP,USD,18.956
20190502,MXP,EUR,21.368654
20190502,MXP,GBP,24.912761
20190502,MXP,USD,19.121
20190430,MXP,EUR,21.232037
20190430,MXP,GBP,24.701411
20190430,MXP,USD,18.9428
20190429,MXP,EUR,21.259209
20190429,MXP,GBP,24.589823
20190429,MXP,USD,19.0103
20190426,MXP,EUR,21.119318
20190426,MXP,GBP,24.47353
20190426,MXP,USD,18.9343
20190425,MXP,EUR,21.195032
20190425,MXP,GBP,24.556008
20190425,MXP,USD,19.0423
20190424,MXP,EUR,21.25974
20190424,MXP,GBP,24.624312
20190424,MXP,USD,19.079
20190423,MXP,EUR,21.248123
20190423,MXP,GBP,24.513629
20190423,MXP,USD,18.947
20190422,MXP,EUR,21.22171
20190422,MXP,GBP,24.469479
20190422,MXP,USD,18.8495
20190417,MXP,EUR,21.262836
20190417,MXP,GBP,24.539398
20190417,MXP,USD,18.82
20190416,MXP,EUR,21.305341
20190416,MXP,GBP,24.632749
20190416,MXP,USD,18.8735
20190415,MXP,EUR,21.346669
20190415,MXP,GBP,24.732731
20190415,MXP,USD,18.885
20190412,MXP,EUR,21.181478
20190412,MXP,GBP,24.523879
20190412,MXP,USD,18.7513
20190411,MXP,EUR,21.223906
20190411,MXP,GBP,24.616827
20190411,MXP,USD,18.8548
20190410,MXP,EUR,21.236215
20190410,MXP,GBP,24.649497
20190410,MXP,USD,18.8423
20190409,MXP,EUR,21.329558
20190409,MXP,GBP,24.690757
20190409,MXP,USD,18.931
20190408,MXP,EUR,21.360025
20190408,MXP,GBP,24.782684
20190408,MXP,USD,18.9673
20190405,MXP,EUR,21.39984
20190405,MXP,GBP,24.864924
20190405,MXP,USD,19.0755
20190404,MXP,EUR,21.498844
20190404,MXP,GBP,25.053418
20190404,MXP,USD,19.1518
20190403,MXP,EUR,21.593755
20190403,MXP,GBP,25.295679
20190403,MXP,USD,19.2158
20190402,MXP,EUR,21.532343
20190402,MXP,GBP,25.048524
20190402,MXP,USD,19.2193
20190401,MXP,EUR,21.503982
20190401,MXP,GBP,25.157203
20190401,MXP,USD,19.182
20190329,MXP,EUR,21.788953
20190329,MXP,GBP,25.23105
20190329,MXP,USD,19.4085
20190328,MXP,EUR,21.750919
20190328,MXP,GBP,25.301308
20190328,MXP,USD,19.3798
20190327,MXP,EUR,21.725859
20190327,MXP,GBP,25.585788
20190327,MXP,USD,19.3093
20190326,MXP,EUR,21.514768
20190326,MXP,GBP,25.205878
20190326,MXP,USD,19.0903
20190325,MXP,EUR,21.551482
20190325,MXP,GBP,25.130849
20190325,MXP,USD,19.0443
20190322,MXP,EUR,21.606522
20190322,MXP,GBP,25.237876
20190322,MXP,USD,19.1225
20190321,MXP,EUR,21.45164
20190321,MXP,GBP,24.721897
20190321,MXP,USD,18.876
20190320,MXP,EUR,21.484754
20190320,MXP,GBP,24.844972
20190320,MXP,USD,18.8248
20190319,MXP,EUR,21.600232
20190319,MXP,GBP,25.239097
20190319,MXP,USD,19.0168
20190315,MXP,EUR,21.77164
20190315,MXP,GBP,25.555996
20190315,MXP,USD,19.2295
20190314,MXP,EUR,21.83643
20190314,MXP,GBP,25.554555
20190314,MXP,USD,19.32
20190313,MXP,EUR,21.865941
20190313,MXP,GBP,25.570874
20190313,MXP,USD,19.2915
20190312,MXP,EUR,21.801455
20190312,MXP,GBP,25.237988
20190312,MXP,USD,19.301
20190311,MXP,EUR,21.811967
20190311,MXP,GBP,25.476866
20190311,MXP,USD,19.391
20190308,MXP,EUR,21.914583
20190308,MXP,GBP,25.368851
20190308,MXP,USD,19.4935
20190307,MXP,EUR,21.934197
20190307,MXP,GBP,25.641382
20190307,MXP,USD,19.6095
20190306,MXP,EUR,21.889298
20190306,MXP,GBP,25.494437
20190306,MXP,USD,19.3565
20190305,MXP,EUR,21.776763
20190305,MXP,GBP,25.368508
20190305,MXP,USD,19.2638
20190304,MXP,EUR,21.894508
20190304,MXP,GBP,25.444888
20190304,MXP,USD,19.3218
20190301,MXP,EUR,21.91992
20190301,MXP,GBP,25.458048
20190301,MXP,USD,19.3025
20190228,MXP,EUR,21.957506
20190228,MXP,GBP,25.636215
20190228,MXP,USD,19.2855
20190227,MXP,EUR,21.817325
20190227,MXP,GBP,25.536047
20190227,MXP,USD,19.1885
20190226,MXP,EUR,21.822747
20190226,MXP,GBP,25.417596
20190226,MXP,USD,19.152
20190225,MXP,EUR,21.752553
20190225,MXP,GBP,25.075396
20190225,MXP,USD,19.1408
20190222,MXP,EUR,21.674432
20190222,MXP,GBP,24.964994
20190222,MXP,USD,19.12
20190221,MXP,EUR,21.866748
20190221,MXP,GBP,25.149702
20190221,MXP,USD,19.2888
20190220,MXP,EUR,21.785583
20190220,MXP,GBP,25.065742
20190220,MXP,USD,19.1935
20190219,MXP,EUR,21.720233
20190219,MXP,GBP,25.025058
20190219,MXP,USD,19.1528
20190218,MXP,EUR,21.771472
20190218,MXP,GBP,24.880573
20190218,MXP,USD,19.2455
20190215,MXP,EUR,21.767333
20190215,MXP,GBP,24.835244
20190215,MXP,USD,19.2708
20190214,MXP,EUR,21.776014
20190214,MXP,GBP,24.667588
20190214,MXP,USD,19.2708
20190213,MXP,EUR,21.885405
20190213,MXP,GBP,24.953477
20190213,MXP,USD,19.4183
20190212,MXP,EUR,21.855958
20190212,MXP,GBP,24.876694
20190212,MXP,USD,19.2895
20190211,MXP,EUR,21.759948
20190211,MXP,GBP,24.822061
20190211,MXP,USD,19.301
20190208,MXP,EUR,21.582365
20190208,MXP,GBP,24.649077
20190208,MXP,USD,19.0598
20190207,MXP,EUR,21.713507
20190207,MXP,GBP,24.78962
20190207,MXP,USD,19.13
20190206,MXP,EUR,21.690843
20190206,MXP,GBP,24.697931
20190206,MXP,USD,19.0865
20190205,MXP,EUR,21.733387
20190205,MXP,GBP,24.678285
20190205,MXP,USD,19.0485
20190201,MXP,EUR,21.914398
20190201,MXP,GBP,25.015652
20190201,MXP,USD,19.12
20190131,MXP,EUR,21.945325
20190131,MXP,GBP,25.155087
20190131,MXP,USD,19.1228
20190130,MXP,EUR,21.916164
20190130,MXP,GBP,25.015159
20190130,MXP,USD,19.0708
20190129,MXP,EUR,21.752771
20190129,MXP,GBP,24.930881
20190129,MXP,USD,19.0363
20190128,MXP,EUR,21.776397
20190128,MXP,GBP,25.071058
20190128,MXP,USD,19.0553
20190125,MXP,EUR,21.698384
20190125,MXP,GBP,25.087788
20190125,MXP,USD,19.0095
20190124,MXP,EUR,21.482357
20190124,MXP,GBP,24.817455
20190124,MXP,USD,19.0143
20190123,MXP,EUR,21.673821
20190123,MXP,GBP,24.873138
20190123,MXP,USD,19.038
20190122,MXP,EUR,21.784017
20190122,MXP,GBP,24.845616
20190122,MXP,USD,19.171
20190121,MXP,EUR,21.791294
20190121,MXP,GBP,24.705692
20190121,MXP,USD,19.1673
20190118,MXP,EUR,21.737904
20190118,MXP,GBP,24.608442
20190118,MXP,USD,19.1178
20190117,MXP,EUR,21.605275
20190117,MXP,GBP,24.643378
20190117,MXP,USD,18.9703
20190116,MXP,EUR,21.560263
20190116,MXP,GBP,24.34456
20190116,MXP,USD,18.915
20190115,MXP,EUR,21.644417
20190115,MXP,GBP,24.360884
20190115,MXP,USD,18.983
20190114,MXP,EUR,21.774902
20190114,MXP,GBP,24.434801
20190114,MXP,USD,18.9925
20190111,MXP,EUR,21.9442
20190111,MXP,GBP,24.586615
20190111,MXP,USD,19.141
20190110,MXP,EUR,22.013313
20190110,MXP,GBP,24.398718
20190110,MXP,USD,19.1445
20190109,MXP,EUR,22.185066
20190109,MXP,GBP,24.588161
20190109,MXP,USD,19.217
20190108,MXP,EUR,22.149953
20190108,MXP,GBP,24.622126
20190108,MXP,USD,19.3593
20190107,MXP,EUR,22.215653
20190107,MXP,GBP,24.715141
20190107,MXP,USD,19.3533
20190104,MXP,EUR,22.122443
20190104,MXP,GBP,24.722666
20190104,MXP,USD,19.4048
20190103,MXP,EUR,22.313602
20190103,MXP,GBP,24.743603
20190103,MXP,USD,19.5888
20190102,MXP,EUR,22.174685
20190102,MXP,GBP,24.647433
20190102,MXP,USD,19.5475
20181231,MXP,EUR,22.452717
20181231,MXP,GBP,25.029065
20181231,MXP,USD,19.6368
20181228,MXP,EUR,22.522776
20181228,MXP,GBP,24.989209
20181228,MXP,USD,19.6843
20181227,MXP,EUR,22.490016
20181227,MXP,GBP,24.844419
20181227,MXP,USD,19.6445
20181226,MXP,EUR,22.603386
20181226,MXP,GBP,25.186242
20181226,MXP,USD,19.914
20181224,MXP,EUR,22.666246
20181224,MXP,GBP,25.296609
20181224,MXP,USD,19.8818
20181221,MXP,EUR,22.696299
20181221,MXP,GBP,25.220205
20181221,MXP,USD,19.9598
20181220,MXP,EUR,22.838471
20181220,MXP,GBP,25.229872
20181220,MXP,USD,19.9115
20181219,MXP,EUR,22.844043
20181219,MXP,GBP,25.362162
20181219,MXP,USD,20.0968
20181218,MXP,EUR,22.858445
20181218,MXP,GBP,25.438637
20181218,MXP,USD,20.1263
20181217,MXP,EUR,22.828018
20181217,MXP,GBP,25.400456
20181217,MXP,USD,20.1128
20181214,MXP,EUR,22.888987
20181214,MXP,GBP,25.473262
20181214,MXP,USD,20.245
20181213,MXP,EUR,23.073758
20181213,MXP,GBP,25.703617
20181213,MXP,USD,20.2998
20181211,MXP,EUR,22.864382
20181211,MXP,GBP,25.289117
20181211,MXP,USD,20.1893
20181210,MXP,EUR,23.069637
20181210,MXP,GBP,25.521281
20181210,MXP,USD,20.3203
20181207,MXP,EUR,23.142983
20181207,MXP,GBP,25.841298
20181207,MXP,USD,20.2653
20181206,MXP,EUR,23.158023
20181206,MXP,GBP,26.013593
20181206,MXP,USD,20.3605
20181205,MXP,EUR,23.273686
20181205,MXP,GBP,26.131973
20181205,MXP,USD,20.519
20181204,MXP,EUR,23.256662
20181204,MXP,GBP,26.074937
20181204,MXP,USD,20.504
20181203,MXP,EUR,23.114087
20181203,MXP,GBP,25.936471
20181203,MXP,USD,20.3783
20181130,MXP,EUR,23.095411
20181130,MXP,GBP,26.014078
20181130,MXP,USD,20.396
20181129,MXP,EUR,23.06456
20181129,MXP,GBP,25.888771
20181129,MXP,USD,20.2525
20181128,MXP,EUR,23.024922
20181128,MXP,GBP,25.978055
20181128,MXP,USD,20.2408
20181127,MXP,EUR,23.120286
20181127,MXP,GBP,26.065073
20181127,MXP,USD,20.4713
20181126,MXP,EUR,23.366175
20181126,MXP,GBP,26.423979
20181126,MXP,USD,20.626
20181123,MXP,EUR,23.13664
20181123,MXP,GBP,26.161223
20181123,MXP,USD,20.4225
20181122,MXP,EUR,23.165141
20181122,MXP,GBP,26.152826
20181122,MXP,USD,20.3105
20181121,MXP,EUR,23.057274
20181121,MXP,GBP,25.876679
20181121,MXP,USD,20.247
20181120,MXP,EUR,23.201858
20181120,MXP,GBP,26.09434
20181120,MXP,USD,20.4125
20181116,MXP,EUR,22.962926
20181116,MXP,GBP,25.818451
20181116,MXP,USD,20.1235
20181115,MXP,EUR,23.003856
20181115,MXP,GBP,25.926728
20181115,MXP,USD,20.2695
20181114,MXP,EUR,23.080308
20181114,MXP,GBP,26.534517
20181114,MXP,USD,20.3548
20181113,MXP,EUR,23.113722
20181113,MXP,GBP,26.572012
20181113,MXP,USD,20.5118
20181112,MXP,EUR,22.860678
20181112,MXP,GBP,26.142638
20181112,MXP,USD,20.3405
20181109,MXP,EUR,22.886489
20181109,MXP,GBP,26.196824
20181109,MXP,USD,20.191
20181108,MXP,EUR,22.952623
20181108,MXP,GBP,26.374335
20181108,MXP,USD,20.211
20181107,MXP,EUR,22.769565
20181107,MXP,GBP,26.133385
20181107,MXP,USD,19.8748
20181106,MXP,EUR,22.563909
20181106,MXP,GBP,25.885185
20181106,MXP,USD,19.7695
20181105,MXP,EUR,22.745509
20181105,MXP,GBP,25.998863
20181105,MXP,USD,19.9225
20181101,MXP,EUR,22.955976
20181101,MXP,GBP,26.178958
20181101,MXP,USD,20.1183
20181031,MXP,EUR,22.988323
20181031,MXP,GBP,25.932185
20181031,MXP,USD,20.3095
20181030,MXP,EUR,22.725737
20181030,MXP,GBP,25.455029
20181030,MXP,USD,20.0315
20181029,MXP,EUR,22.757958
20181029,MXP,GBP,25.592582
20181029,MXP,USD,19.9903
20181026,MXP,EUR,22.167579
20181026,MXP,GBP,24.926143
20181026,MXP,USD,19.4265
20181025,MXP,EUR,22.091388
20181025,MXP,GBP,24.91323
20181025,MXP,USD,19.4475
20181024,MXP,EUR,22.273732
20181024,MXP,GBP,25.193022
20181024,MXP,USD,19.5598
20181023,MXP,EUR,22.088873
20181023,MXP,GBP,25.014932
20181023,MXP,USD,19.263
20181022,MXP,EUR,22.230625
20181022,MXP,GBP,25.150513
20181022,MXP,USD,19.3883
20181019,MXP,EUR,22.210245
20181019,MXP,GBP,25.209621
20181019,MXP,USD,19.2948
20181018,MXP,EUR,21.915921
20181018,MXP,GBP,24.912285
20181018,MXP,USD,19.1155
20181017,MXP,EUR,21.678821
20181017,MXP,GBP,24.72062
20181017,MXP,USD,18.8405
20181016,MXP,EUR,21.734012
20181016,MXP,GBP,24.75893
20181016,MXP,USD,18.771
20181015,MXP,EUR,21.799698
20181015,MXP,GBP,24.75425
20181015,MXP,USD,18.8188
20181012,MXP,EUR,21.841148
20181012,MXP,GBP,24.858497
20181012,MXP,USD,18.888
20181011,MXP,EUR,22.058581
20181011,MXP,GBP,25.1791
20181011,MXP,USD,19.0275
20181010,MXP,EUR,21.990843
20181010,MXP,GBP,25.182666
20181010,MXP,USD,19.0785
20181009,MXP,EUR,21.853486
20181009,MXP,GBP,24.99086
20181009,MXP,USD,19.0088
20181008,MXP,EUR,21.718409
20181008,MXP,GBP,24.747029
20181008,MXP,USD,18.9053
20181005,MXP,EUR,21.740046
20181005,MXP,GBP,24.73353
20181005,MXP,USD,18.8683
20181004,MXP,EUR,22.011314
20181004,MXP,GBP,24.89799
20181004,MXP,USD,19.117
20181003,MXP,EUR,21.855166
20181003,MXP,GBP,24.62171
20181003,MXP,USD,18.9748
20181002,MXP,EUR,21.698301
20181002,MXP,GBP,24.395775
20181002,MXP,USD,18.7978
20181001,MXP,EUR,21.669905
20181001,MXP,GBP,24.40884
20181001,MXP,USD,18.7213
20180928,MXP,EUR,21.736981
20180928,MXP,GBP,24.404268
20180928,MXP,USD,18.7178
20180927,MXP,EUR,21.909012
20180927,MXP,GBP,24.598181
20180927,MXP,USD,18.7923
20180926,MXP,EUR,22.166654
20180926,MXP,GBP,24.844794
20180926,MXP,USD,18.8468
20180925,MXP,EUR,22.309637
20180925,MXP,GBP,25.003887
20180925,MXP,USD,18.9603
20180924,MXP,EUR,22.290591
20180924,MXP,GBP,24.868833
20180924,MXP,USD,18.9578
20180921,MXP,EUR,22.082011
20180921,MXP,GBP,24.584025
20180921,MXP,USD,18.798
20180920,MXP,EUR,22.163481
20180920,MXP,GBP,24.970388
20180920,MXP,USD,18.8193
20180919,MXP,EUR,21.917347
20180919,MXP,GBP,24.68108
20180919,MXP,USD,18.7753
20180918,MXP,EUR,21.908752
20180918,MXP,GBP,24.673267
20180918,MXP,USD,18.7808
20180917,MXP,EUR,22.028452
20180917,MXP,GBP,24.811689
20180917,MXP,USD,18.8503
20180914,MXP,EUR,21.95171
20180914,MXP,GBP,24.65968
20180914,MXP,USD,18.871
20180913,MXP,EUR,22.044937
20180913,MXP,GBP,24.718184
20180913,MXP,USD,18.8523
20180912,MXP,EUR,22.155461
20180912,MXP,GBP,24.867764
20180912,MXP,USD,19.047
20180911,MXP,EUR,22.2766
20180911,MXP,GBP,25.010812
20180911,MXP,USD,19.228
20180910,MXP,EUR,22.330371
20180910,MXP,GBP,25.08774
20180910,MXP,USD,19.2553
20180907,MXP,EUR,22.344356
20180907,MXP,GBP,24.968852
20180907,MXP,USD,19.319
20180906,MXP,EUR,22.412036
20180906,MXP,GBP,24.937707
20180906,MXP,USD,19.28
20180905,MXP,EUR,22.525916
20180905,MXP,GBP,24.99897
20180905,MXP,USD,19.3813
20180904,MXP,EUR,22.443546
20180904,MXP,GBP,24.919517
20180904,MXP,USD,19.3813
20180903,MXP,EUR,22.308116
20180903,MXP,GBP,24.721943
20180903,MXP,USD,19.203
20180831,MXP,EUR,22.212682
20180831,MXP,GBP,24.811622
20180831,MXP,USD,19.0888
20180830,MXP,EUR,22.258465
20180830,MXP,GBP,24.830236
20180830,MXP,USD,19.0855
20180829,MXP,EUR,22.198489
20180829,MXP,GBP,24.703255
20180829,MXP,USD,18.9755
20180828,MXP,EUR,22.239491
20180828,MXP,GBP,24.468869
20180828,MXP,USD,19.0138
20180827,MXP,EUR,21.881553
20180827,MXP,GBP,24.156909
20180827,MXP,USD,18.735
20180824,MXP,EUR,22.003003
20180824,MXP,GBP,24.315821
20180824,MXP,USD,18.9265
20180823,MXP,EUR,21.871243
20180823,MXP,GBP,24.294114
20180823,MXP,USD,18.9583
20180822,MXP,EUR,21.762983
20180822,MXP,GBP,24.251201
20180822,MXP,USD,18.779
20180821,MXP,EUR,21.866314
20180821,MXP,GBP,24.375155
20180821,MXP,USD,18.8918
20180820,MXP,EUR,21.839819
20180820,MXP,GBP,24.350065
20180820,MXP,USD,19.0458
20180817,MXP,EUR,21.667902
20180817,MXP,GBP,24.137092
20180817,MXP,USD,18.9355
20180816,MXP,EUR,21.677023
20180816,MXP,GBP,24.243382
20180816,MXP,USD,19.0735
20180815,MXP,EUR,21.766692
20180815,MXP,GBP,24.355968
20180815,MXP,USD,19.187
20180814,MXP,EUR,21.46095
20180814,MXP,GBP,24.058416
20180814,MXP,USD,18.925
20180813,MXP,EUR,21.891065
20180813,MXP,GBP,24.502084
20180813,MXP,USD,19.2128
20180810,MXP,EUR,21.598412
20180810,MXP,GBP,24.180245
20180810,MXP,USD,18.9493
20180809,MXP,EUR,21.505944
20180809,MXP,GBP,23.940738
20180809,MXP,USD,18.636
20180808,MXP,EUR,21.430324
20180808,MXP,GBP,23.778372
20180808,MXP,USD,18.445
20180807,MXP,EUR,21.409838
20180807,MXP,GBP,23.888006
20180807,MXP,USD,18.4663
20180806,MXP,EUR,21.370849
20180806,MXP,GBP,23.934945
20180806,MXP,USD,18.4933
20180803,MXP,EUR,21.483684
20180803,MXP,GBP,24.137002
20180803,MXP,USD,18.5548
20180802,MXP,EUR,21.615519
20180802,MXP,GBP,24.294018
20180802,MXP,USD,18.659
20180801,MXP,EUR,21.700173
20180801,MXP,GBP,24.425338
20180801,MXP,USD,18.602
20180731,MXP,EUR,21.818617
20180731,MXP,GBP,24.455161
20180731,MXP,USD,18.646
20180730,MXP,EUR,21.707901
20180730,MXP,GBP,24.352551
20180730,MXP,USD,18.5395
20180727,MXP,EUR,21.712792
20180727,MXP,GBP,24.421769
20180727,MXP,USD,18.6248
20180726,MXP,EUR,21.70758
20180726,MXP,GBP,24.438239
20180726,MXP,USD,18.6395
20180725,MXP,EUR,21.887541
20180725,MXP,GBP,24.644053
20180725,MXP,USD,18.7073
20180724,MXP,EUR,22.082389
20180724,MXP,GBP,24.833473
20180724,MXP,USD,18.9013
20180723,MXP,EUR,22.219549
20180723,MXP,GBP,24.901366
20180723,MXP,USD,19.0065
20180720,MXP,EUR,22.348508
20180720,MXP,GBP,25.037325
20180720,MXP,USD,19.063
20180719,MXP,EUR,22.150069
20180719,MXP,GBP,24.760446
20180719,MXP,USD,19.026
20180718,MXP,EUR,21.95576
20180718,MXP,GBP,24.623186
20180718,MXP,USD,18.851
20180717,MXP,EUR,22.011665
20180717,MXP,GBP,24.766544
20180717,MXP,USD,18.8755
20180716,MXP,EUR,22.061909
20180716,MXP,GBP,24.921709
20180716,MXP,USD,18.833
20180713,MXP,EUR,22.130471
20180713,MXP,GBP,25.070072
20180713,MXP,USD,18.953
20180712,MXP,EUR,22.083074
20180712,MXP,GBP,24.999829
20180712,MXP,USD,18.9278
20180711,MXP,EUR,22.197878
20180711,MXP,GBP,25.121413
20180711,MXP,USD,19.0148
20180710,MXP,EUR,22.227993
20180710,MXP,GBP,25.104791
20180710,MXP,USD,18.9263
20180709,MXP,EUR,22.541416
20180709,MXP,GBP,25.429727
20180709,MXP,USD,19.185
20180706,MXP,EUR,22.391621
20180706,MXP,GBP,25.296975
20180706,MXP,USD,19.064
20180705,MXP,EUR,22.45648
20180705,MXP,GBP,25.405564
20180705,MXP,USD,19.2248
20180704,MXP,EUR,22.661994
20180704,MXP,GBP,25.717772
20180704,MXP,USD,19.4265
20180703,MXP,EUR,22.746049
20180703,MXP,GBP,25.749218
20180703,MXP,USD,19.5203
20180702,MXP,EUR,23.297652
20180702,MXP,GBP,26.326929
20180702,MXP,USD,20.0548
20180629,MXP,EUR,23.205754
20180629,MXP,GBP,26.243005
20180629,MXP,USD,19.8773
20180628,MXP,EUR,22.812959
20180628,MXP,GBP,25.802249
20180628,MXP,USD,19.7378
20180627,MXP,EUR,23.336488
20180627,MXP,GBP,26.50926
20180627,MXP,USD,20.196
20180626,MXP,EUR,23.203643
20180626,MXP,GBP,26.355841
20180626,MXP,USD,19.913
20180625,MXP,EUR,23.367972
20180625,MXP,GBP,26.516599
20180625,MXP,USD,19.9658
20180622,MXP,EUR,23.349579
20180622,MXP,GBP,26.548545
20180622,MXP,USD,20.0185
20180621,MXP,EUR,23.52424
20180621,MXP,GBP,26.827745
20180621,MXP,USD,20.242
20180620,MXP,EUR,23.595693
20180620,MXP,GBP,26.849418
20180620,MXP,USD,20.3613
20180619,MXP,EUR,23.767874
20180619,MXP,GBP,27.040972
20180619,MXP,USD,20.5338
20180618,MXP,EUR,23.872256
20180618,MXP,GBP,27.213735
20180618,MXP,USD,20.5503
20180615,MXP,EUR,23.962409
20180615,MXP,GBP,27.412166
20180615,MXP,USD,20.6448
20180614,MXP,EUR,24.151598
20180614,MXP,GBP,27.670882
20180614,MXP,USD,20.8365
20180613,MXP,EUR,24.443734
20180613,MXP,GBP,27.72314
20180613,MXP,USD,20.7493
20180612,MXP,EUR,24.314696
20180612,MXP,GBP,27.676751
20180612,MXP,USD,20.696
20180611,MXP,EUR,24.252995
20180611,MXP,GBP,27.534115
20180611,MXP,USD,20.5778
20180608,MXP,EUR,23.953913
20180608,MXP,GBP,27.297386
20180608,MXP,USD,20.356
20180607,MXP,EUR,24.243185
20180607,MXP,GBP,27.567893
20180607,MXP,USD,20.5355
20180606,MXP,EUR,23.909977
20180606,MXP,GBP,27.244128
20180606,MXP,USD,20.3178
20180605,MXP,EUR,23.853075
20180605,MXP,GBP,27.26878
20180605,MXP,USD,20.362
20180604,MXP,EUR,23.414652
20180604,MXP,GBP,26.65336
20180604,MXP,USD,20.0168
20180601,MXP,EUR,23.22447
20180601,MXP,GBP,26.579237
20180601,MXP,USD,19.9155
20180531,MXP,EUR,23.288049
20180531,MXP,GBP,26.556774
20180531,MXP,USD,19.9495
20180530,MXP,EUR,23.081913
20180530,MXP,GBP,26.295436
20180530,MXP,USD,19.806
20180529,MXP,EUR,22.922378
20180529,MXP,GBP,26.3371
20180529,MXP,USD,19.8703
20180528,MXP,EUR,22.780996
20180528,MXP,GBP,26.082164
20180528,MXP,USD,19.5915
20180525,MXP,EUR,22.822814
20180525,MXP,GBP,26.048998
20180525,MXP,USD,19.5585
20180524,MXP,EUR,23.110172
20180524,MXP,GBP,26.380207
20180524,MXP,USD,19.711
20180523,MXP,EUR,22.931166
20180523,MXP,GBP,26.174274
20180523,MXP,USD,19.6018
20180522,MXP,EUR,23.281946
20180522,MXP,GBP,26.545105
20180522,MXP,USD,19.7648
20180521,MXP,EUR,23.383727
20180521,MXP,GBP,26.643245
20180521,MXP,USD,19.863
20180518,MXP,EUR,23.477945
20180518,MXP,GBP,26.882775
20180518,MXP,USD,19.9405
20180517,MXP,EUR,23.241475
20180517,MXP,GBP,26.608668
20180517,MXP,USD,19.697
20180516,MXP,EUR,23.138429
20180516,MXP,GBP,26.436905
20180516,MXP,USD,19.6105
20180515,MXP,EUR,23.34607
20180515,MXP,GBP,26.617918
20180515,MXP,USD,19.698
20180514,MXP,EUR,23.367839
20180514,MXP,GBP,26.54217
20180514,MXP,USD,19.5645
20180511,MXP,EUR,23.165149
20180511,MXP,GBP,26.270276
20180511,MXP,USD,19.3948
20180510,MXP,EUR,22.916074
20180510,MXP,GBP,25.975585
20180510,MXP,USD,19.212
20180509,MXP,EUR,23.209813
20180509,MXP,GBP,26.526758
20180509,MXP,USD,19.569
20180508,MXP,EUR,23.213755
20180508,MXP,GBP,26.498407
20180508,MXP,USD,19.5748
20180507,MXP,EUR,23.243302
20180507,MXP,GBP,26.432593
20180507,MXP,USD,19.4945
20180504,MXP,EUR,22.981268
20180504,MXP,GBP,26.023735
20180504,MXP,USD,19.2135
20180503,MXP,EUR,22.894992
20180503,MXP,GBP,25.909224
20180503,MXP,USD,19.0895
20180502,MXP,EUR,22.816544
20180502,MXP,GBP,25.908408
20180502,MXP,USD,19.0503
20180430,MXP,EUR,22.603582
20180430,MXP,GBP,25.770385
20180430,MXP,USD,18.7108
20180427,MXP,EUR,22.585241
20180427,MXP,GBP,25.6805
20180427,MXP,USD,18.6293
20180426,MXP,EUR,22.807066
20180426,MXP,GBP,26.236274
20180426,MXP,USD,18.8418
20180425,MXP,EUR,23.009498
20180425,MXP,GBP,26.341788
20180425,MXP,USD,18.9013
20180424,MXP,EUR,23.085942
20180424,MXP,GBP,26.361417
20180424,MXP,USD,18.868
20180423,MXP,EUR,23.062252
20180423,MXP,GBP,26.334144
20180423,MXP,USD,18.8965
20180420,MXP,EUR,22.794846
20180420,MXP,GBP,26.025943
20180420,MXP,USD,18.5588
20180419,MXP,EUR,22.74232
20180419,MXP,GBP,25.953074
20180419,MXP,USD,18.4208
20180418,MXP,EUR,22.362664
20180418,MXP,GBP,25.658623
20180418,MXP,USD,18.065
20180417,MXP,EUR,22.260307
20180417,MXP,GBP,25.714172
20180417,MXP,USD,17.9983
20180416,MXP,EUR,22.29209
20180416,MXP,GBP,25.804112
20180416,MXP,USD,18.0058
20180413,MXP,EUR,22.298832
20180413,MXP,GBP,25.737705
20180413,MXP,USD,18.0755
20180412,MXP,EUR,22.426784
20180412,MXP,GBP,25.883074
20180412,MXP,USD,18.191
20180411,MXP,EUR,22.532511
20180411,MXP,GBP,25.830605
20180411,MXP,USD,18.2265
20180410,MXP,EUR,22.588283
20180410,MXP,GBP,25.916889
20180410,MXP,USD,18.279
20180409,MXP,EUR,22.537256
20180409,MXP,GBP,25.851585
20180409,MXP,USD,18.291
20180406,MXP,EUR,22.519671
20180406,MXP,GBP,25.827103
20180406,MXP,USD,18.3288
20180405,MXP,EUR,22.234935
20180405,MXP,GBP,25.442108
20180405,MXP,USD,18.171
20180404,MXP,EUR,22.314863
20180404,MXP,GBP,25.573553
20180404,MXP,USD,18.1695
20180403,MXP,EUR,22.356318
20180403,MXP,GBP,25.617156
20180403,MXP,USD,18.227
20180402,MXP,EUR,22.530785
20180402,MXP,GBP,25.719916
20180402,MXP,USD,18.3125
20180328,MXP,EUR,22.613221
20180328,MXP,GBP,25.819354
20180328,MXP,USD,18.3103
20180327,MXP,EUR,22.803952
20180327,MXP,GBP,26.037636
20180327,MXP,USD,18.394
20180326,MXP,EUR,22.817935
20180326,MXP,GBP,26.068346
20180326,MXP,USD,18.3225
20180323,MXP,EUR,22.937437
20180323,MXP,GBP,26.229179
20180323,MXP,USD,18.5503
20180322,MXP,EUR,22.909977
20180322,MXP,GBP,26.24342
20180322,MXP,USD,18.6018
20180321,MXP,EUR,22.749071
20180321,MXP,GBP,26.072903
20180321,MXP,USD,18.43
20180320,MXP,EUR,22.987374
20180320,MXP,GBP,26.276763
20180320,MXP,USD,18.7698
20180316,MXP,EUR,22.993901
20180316,MXP,GBP,26.09332
20180316,MXP,USD,18.7163
20180315,MXP,EUR,23.008726
20180315,MXP,GBP,26.070561
20180315,MXP,USD,18.704
20180314,MXP,EUR,23.003884
20180314,MXP,GBP,25.976295
20180314,MXP,USD,18.595
20180313,MXP,EUR,23.066503
20180313,MXP,GBP,26.002791
20180313,MXP,USD,18.6253
20180312,MXP,EUR,22.918549
20180312,MXP,GBP,25.832455
20180312,MXP,USD,18.5718
20180309,MXP,EUR,22.935795
20180309,MXP,GBP,25.795076
20180309,MXP,USD,18.6273
20180308,MXP,EUR,22.979385
20180308,MXP,GBP,25.772686
20180308,MXP,USD,18.6718
20180307,MXP,EUR,23.237015
20180307,MXP,GBP,26.031135
20180307,MXP,USD,18.7335
20180306,MXP,EUR,23.23361
20180306,MXP,GBP,26.013161
20180306,MXP,USD,18.73
20180305,MXP,EUR,23.241589
20180305,MXP,GBP,26.087025
20180305,MXP,USD,18.8565
20180302,MXP,EUR,23.234282
20180302,MXP,GBP,25.989576
20180302,MXP,USD,18.846
20180301,MXP,EUR,23.136032
20180301,MXP,GBP,25.989922
20180301,MXP,USD,18.875
20180228,MXP,EUR,22.983194
20180228,MXP,GBP,25.96384
20180228,MXP,USD,18.841
20180227,MXP,EUR,23.02029
20180227,MXP,GBP,26.180464
20180227,MXP,USD,18.8105
20180226,MXP,EUR,22.992393
20180226,MXP,GBP,26.085188
20180226,MXP,USD,18.6763
20180223,MXP,EUR,22.818645
20180223,MXP,GBP,25.921097
20180223,MXP,USD,18.5555
20180222,MXP,EUR,22.989902
20180222,MXP,GBP,26.021669
20180222,MXP,USD,18.6455
20180221,MXP,EUR,23.089831
20180221,MXP,GBP,26.154205
20180221,MXP,USD,18.7768
20180220,MXP,EUR,23.083782
20180220,MXP,GBP,26.173367
20180220,MXP,USD,18.7133
20180219,MXP,EUR,22.96069
20180219,MXP,GBP,25.92343
20180219,MXP,USD,18.5055
20180216,MXP,EUR,22.974895
20180216,MXP,GBP,25.945197
20180216,MXP,USD,18.5065
20180215,MXP,EUR,23.155519
20180215,MXP,GBP,26.099134
20180215,MXP,USD,18.5133
20180214,MXP,EUR,23.081207
20180214,MXP,GBP,25.95963
20180214,MXP,USD,18.5585
20180213,MXP,EUR,23.045558
20180213,MXP,GBP,25.88499
20180213,MXP,USD,18.6498
20180212,MXP,EUR,22.882001
20180212,MXP,GBP,25.752739
20180212,MXP,USD,18.629
20180209,MXP,EUR,22.965547
20180209,MXP,GBP,25.923784
20180209,MXP,USD,18.7765
20180208,MXP,EUR,23.120643
20180208,MXP,GBP,26.253627
20180208,MXP,USD,18.8563
20180207,MXP,EUR,22.975838
20180207,MXP,GBP,25.974965
20180207,MXP,USD,18.7153
20180206,MXP,EUR,23.077695
20180206,MXP,GBP,25.999515
20180206,MXP,USD,18.6223
20180202,MXP,EUR,23.092548
20180202,MXP,GBP,26.196888
20180202,MXP,USD,18.5445
20180201,MXP,EUR,22.940214
20180201,MXP,GBP,26.168236
20180201,MXP,USD,18.3463
20180131,MXP,EUR,23.185327
20180131,MXP,GBP,26.447537
20180131,MXP,USD,18.6093
20180130,MXP,EUR,23.246965
20180130,MXP,GBP,26.516852
20180130,MXP,USD,18.7385
20180129,MXP,EUR,23.032078
20180129,MXP,GBP,26.172679
20180129,MXP,USD,18.5945
20180126,MXP,EUR,23.009894
20180126,MXP,GBP,26.224
20180126,MXP,USD,18.525
20180125,MXP,EUR,23.024018
20180125,MXP,GBP,26.239652
20180125,MXP,USD,18.582
20180124,MXP,EUR,22.896843
20180124,MXP,GBP,26.23718
20180124,MXP,USD,18.46
20180123,MXP,EUR,23.022425
20180123,MXP,GBP,26.212882
20180123,MXP,USD,18.7235
20180122,MXP,EUR,22.91512
20180122,MXP,GBP,26.150515
20180122,MXP,USD,18.6963
20180119,MXP,EUR,22.763862
20180119,MXP,GBP,25.811791
20180119,MXP,USD,18.6078
20180118,MXP,EUR,22.800181
20180118,MXP,GBP,25.868766
20180118,MXP,USD,18.62
20180117,MXP,EUR,22.760917
20180117,MXP,GBP,25.82739
20180117,MXP,USD,18.613
20180116,MXP,EUR,23.059379
20180116,MXP,GBP,25.919719
20180116,MXP,USD,18.7933
20180115,MXP,EUR,23.142081
20180115,MXP,GBP,26.023404
20180115,MXP,USD,18.863
20180112,MXP,EUR,23.191968
20180112,MXP,GBP,26.142247
20180112,MXP,USD,19.034
20180111,MXP,EUR,23.150161
20180111,MXP,GBP,26.030228
20180111,MXP,USD,19.2325
20180110,MXP,EUR,23.205692
20180110,MXP,GBP,26.211625
20180110,MXP,USD,19.3995
20180109,MXP,EUR,22.960288
20180109,MXP,GBP,26.043767
20180109,MXP,USD,19.2418
20180108,MXP,EUR,22.973855
20180108,MXP,GBP,26.047856
20180108,MXP,USD,19.2065
20180105,MXP,EUR,23.109973
20180105,MXP,GBP,26.023415
20180105,MXP,USD,19.18
20180104,MXP,EUR,23.256477
20180104,MXP,GBP,26.11152
20180104,MXP,USD,19.2648
20180103,MXP,EUR,23.268277
20180103,MXP,GBP,26.172678
20180103,MXP,USD,19.3628
20180102,MXP,EUR,23.457901
20180102,MXP,GBP,26.458034
20180102,MXP,USD,19.4623
20171229,MXP,EUR,23.576161
20171229,MXP,GBP,26.570925
20171229,MXP,USD,19.6378
20171228,MXP,EUR,23.57293
20171228,MXP,GBP,26.516568
20171228,MXP,USD,19.723
20171227,MXP,EUR,23.458089
20171227,MXP,GBP,26.41697
20171227,MXP,USD,19.7193
20171226,MXP,EUR,23.582028
20171226,MXP,GBP,26.58953
20171226,MXP,USD,19.8778
20171222,MXP,EUR,23.388692
20171222,MXP,GBP,26.385648
20171222,MXP,USD,19.7298
20171221,MXP,EUR,23.117857
20171221,MXP,GBP,26.055774
20171221,MXP,USD,19.4693
20171220,MXP,EUR,22.846653
20171220,MXP,GBP,25.754633
20171220,MXP,USD,19.2328
20171219,MXP,EUR,22.750455
20171219,MXP,GBP,25.70351
20171219,MXP,USD,19.2068
20171218,MXP,EUR,22.490931
20171218,MXP,GBP,25.543874
20171218,MXP,USD,19.0868
20171215,MXP,EUR,22.484894
20171215,MXP,GBP,25.480914
20171215,MXP,USD,19.1255
20171214,MXP,EUR,22.468614
20171214,MXP,GBP,25.606693
20171214,MXP,USD,19.0533
20171213,MXP,EUR,22.505159
20171213,MXP,GBP,25.536556
20171213,MXP,USD,19.0415
20171211,MXP,EUR,22.44069
20171211,MXP,GBP,25.39735
20171211,MXP,USD,19.0385
20171208,MXP,EUR,22.286821
20171208,MXP,GBP,25.371086
20171208,MXP,USD,18.9393
20171207,MXP,EUR,22.315639
20171207,MXP,GBP,25.515103
20171207,MXP,USD,18.9485
20171206,MXP,EUR,22.253165
20171206,MXP,GBP,25.245915
20171206,MXP,USD,18.8698
20171205,MXP,EUR,22.182777
20171205,MXP,GBP,25.232523
20171205,MXP,USD,18.7735
20171204,MXP,EUR,22.059784
20171204,MXP,GBP,25.064055
20171204,MXP,USD,18.608
20171201,MXP,EUR,22.161931
20171201,MXP,GBP,25.101761
20171201,MXP,USD,18.636
20171130,MXP,EUR,22.219216
20171130,MXP,GBP,25.231359
20171130,MXP,USD,18.6395
20171129,MXP,EUR,21.992223
20171129,MXP,GBP,24.885165
20171129,MXP,USD,18.5385
20171128,MXP,EUR,22.0026
20171128,MXP,GBP,24.849458
20171128,MXP,USD,18.5825
20171127,MXP,EUR,22.090485
20171127,MXP,GBP,24.724868
20171127,MXP,USD,18.565
20171124,MXP,EUR,22.12451
20171124,MXP,GBP,24.735643
20171124,MXP,USD,18.5515
20171123,MXP,EUR,22.079354
20171123,MXP,GBP,24.791873
20171123,MXP,USD,18.63
20171122,MXP,EUR,22.008627
20171122,MXP,GBP,24.795178
20171122,MXP,USD,18.6143
20171121,MXP,EUR,22.05629
20171121,MXP,GBP,24.861466
20171121,MXP,USD,18.7825
20171117,MXP,EUR,22.33551
20171117,MXP,GBP,25.017333
20171117,MXP,USD,18.926
20171116,MXP,EUR,22.4357
20171116,MXP,GBP,25.145865
20171116,MXP,USD,19.0723
20171115,MXP,EUR,22.758926
20171115,MXP,GBP,25.404888
20171115,MXP,USD,19.2995
20171114,MXP,EUR,22.578868
20171114,MXP,GBP,25.203795
20171114,MXP,USD,19.146
20171113,MXP,EUR,22.308682
20171113,MXP,GBP,25.075625
20171113,MXP,USD,19.122
20171110,MXP,EUR,22.310954
20171110,MXP,GBP,25.237612
20171110,MXP,USD,19.1223
20171109,MXP,EUR,22.18749
20171109,MXP,GBP,25.062691
20171109,MXP,USD,19.0475
20171108,MXP,EUR,22.157609
20171108,MXP,GBP,25.058316
20171108,MXP,USD,19.1088
20171107,MXP,EUR,22.250136
20171107,MXP,GBP,25.283319
20171107,MXP,USD,19.2035
20171106,MXP,EUR,22.103395
20171106,MXP,GBP,25.084859
20171106,MXP,USD,19.0448
20171103,MXP,EUR,22.234533
20171103,MXP,GBP,25.046927
20171103,MXP,USD,19.1578
20171101,MXP,EUR,22.204474
20171101,MXP,GBP,25.311962
20171101,MXP,USD,19.1113
20171031,MXP,EUR,22.315222
20171031,MXP,GBP,25.392456
20171031,MXP,USD,19.1728
20171030,MXP,EUR,22.442446
20171030,MXP,GBP,25.438913
20171030,MXP,USD,19.2515
20171027,MXP,EUR,22.217331
20171027,MXP,GBP,25.139732
20171027,MXP,USD,19.157
20171026,MXP,EUR,22.398488
20171026,MXP,GBP,25.281537
20171026,MXP,USD,19.2138
20171025,MXP,EUR,22.479702
20171025,MXP,GBP,25.23565
20171025,MXP,USD,19.0393
20171024,MXP,EUR,22.611955
20171024,MXP,GBP,25.201749
20171024,MXP,USD,19.1838
20171023,MXP,EUR,22.414885
20171023,MXP,GBP,25.203846
20171023,MXP,USD,19.096
20171020,MXP,EUR,22.37539
20171020,MXP,GBP,25.05772
20171020,MXP,USD,18.9968
20171019,MXP,EUR,22.325121
20171019,MXP,GBP,24.824963
20171019,MXP,USD,18.874
20171018,MXP,EUR,22.204047
20171018,MXP,GBP,24.833275
20171018,MXP,USD,18.8138
20171017,MXP,EUR,22.359511
20171017,MXP,GBP,25.048064
20171017,MXP,USD,18.9938
20171016,MXP,EUR,22.487118
20171016,MXP,GBP,25.256997
20171016,MXP,USD,19.0698
20171013,MXP,EUR,22.438488
20171013,MXP,GBP,25.242942
20171013,MXP,USD,18.9875
20171012,MXP,EUR,22.225161
20171012,MXP,GBP,24.916691
20171012,MXP,USD,18.776
20171011,MXP,EUR,22.172129
20171011,MXP,GBP,24.722906
20171011,MXP,USD,18.7075
20171010,MXP,EUR,22.172166
20171010,MXP,GBP,24.793287
20171010,MXP,USD,18.7828
20171009,MXP,EUR,21.93865
20171009,MXP,GBP,24.55694
20171009,MXP,USD,18.6688
20171006,MXP,EUR,21.753768
20171006,MXP,GBP,24.222152
20171006,MXP,USD,18.5383
20171005,MXP,EUR,21.629528
20171005,MXP,GBP,24.23297
20171005,MXP,USD,18.4773
20171004,MXP,EUR,21.465272
20171004,MXP,GBP,24.17751
20171004,MXP,USD,18.2458
20171003,MXP,EUR,21.409704
20171003,MXP,GBP,24.132041
20171003,MXP,USD,18.2218
20171002,MXP,EUR,21.403205
20171002,MXP,GBP,24.206189
20171002,MXP,USD,18.2248
20170929,MXP,EUR,21.530262
20170929,MXP,GBP,24.428829
20170929,MXP,USD,18.2128
20170928,MXP,EUR,21.42071
20170928,MXP,GBP,24.427358
20170928,MXP,USD,18.167
20170927,MXP,EUR,21.329656
20170927,MXP,GBP,24.318549
20170927,MXP,USD,18.1475
20170926,MXP,EUR,21.188011
20170926,MXP,GBP,24.164057
20170926,MXP,USD,17.9605
20170925,MXP,EUR,21.192204
20170925,MXP,GBP,24.096492
20170925,MXP,USD,17.889
20170922,MXP,EUR,21.179408
20170922,MXP,GBP,23.990711
20170922,MXP,USD,17.7315
20170921,MXP,EUR,21.332685
20170921,MXP,GBP,24.265547
20170921,MXP,USD,17.8778
20170920,MXP,EUR,21.183229
20170920,MXP,GBP,24.020492
20170920,MXP,USD,17.822
20170919,MXP,EUR,21.30914
20170919,MXP,GBP,24.030071
20170919,MXP,USD,17.7665
20170918,MXP,EUR,21.240258
20170918,MXP,GBP,23.977038
20170918,MXP,USD,17.7713
20170915,MXP,EUR,21.083895
20170915,MXP,GBP,23.957166
20170915,MXP,USD,17.6545
20170914,MXP,EUR,21.046543
20170914,MXP,GBP,23.682342
20170914,MXP,USD,17.678
20170913,MXP,EUR,21.086447
20170913,MXP,GBP,23.434801
20170913,MXP,USD,17.757
20170912,MXP,EUR,21.247976
20170912,MXP,GBP,23.598796
20170912,MXP,USD,17.7488
20170911,MXP,EUR,21.13159
20170911,MXP,GBP,23.274677
20170911,MXP,USD,17.6678
20170908,MXP,EUR,21.305171
20170908,MXP,GBP,23.3733
20170908,MXP,USD,17.699
20170907,MXP,EUR,21.225682
20170907,MXP,GBP,23.135862
20170907,MXP,USD,17.6785
20170906,MXP,EUR,21.189946
20170906,MXP,GBP,23.191096
20170906,MXP,USD,17.788
20170905,MXP,EUR,21.349307
20170905,MXP,GBP,23.357074
20170905,MXP,USD,17.9105
20170904,MXP,EUR,21.285827
20170904,MXP,GBP,23.12426
20170904,MXP,USD,17.8835
20170901,MXP,EUR,21.133051
20170901,MXP,GBP,23.073187
20170901,MXP,USD,17.8075
20170831,MXP,EUR,21.193035
20170831,MXP,GBP,22.97346
20170831,MXP,USD,17.831
20170830,MXP,EUR,21.094972
20170830,MXP,GBP,22.932682
20170830,MXP,USD,17.747
20170829,MXP,EUR,21.410183
20170829,MXP,GBP,23.081826
20170829,MXP,USD,17.85
20170828,MXP,EUR,21.338559
20170828,MXP,GBP,23.048789
20170828,MXP,USD,17.8148
20170825,MXP,EUR,20.97032
20170825,MXP,GBP,22.680135
20170825,MXP,USD,17.6088
20170824,MXP,EUR,20.897861
20170824,MXP,GBP,22.6648
20170824,MXP,USD,17.7048
20170823,MXP,EUR,20.910827
20170823,MXP,GBP,22.653617
20170823,MXP,USD,17.6933
20170822,MXP,EUR,20.76379
20170822,MXP,GBP,22.658555
20170822,MXP,USD,17.6668
20170821,MXP,EUR,20.860301
20170821,MXP,GBP,22.778603
20170821,MXP,USD,17.664
20170818,MXP,EUR,20.84263
20170818,MXP,GBP,22.812636
20170818,MXP,USD,17.7158
20170817,MXP,EUR,20.870313
20170817,MXP,GBP,22.883868
20170817,MXP,USD,17.7718
20170816,MXP,EUR,20.804641
20170816,MXP,GBP,22.777953
20170816,MXP,USD,17.682
20170815,MXP,EUR,20.908554
20170815,MXP,GBP,22.923609
20170815,MXP,USD,17.8165
20170814,MXP,EUR,20.955498
20170814,MXP,GBP,23.060828
20170814,MXP,USD,17.7815
20170811,MXP,EUR,21.076952
20170811,MXP,GBP,23.196134
20170811,MXP,USD,17.8233
20170810,MXP,EUR,21.094672
20170810,MXP,GBP,23.257452
20170810,MXP,USD,17.911
20170809,MXP,EUR,21.117169
20170809,MXP,GBP,23.362396
20170809,MXP,USD,17.969
20170808,MXP,EUR,20.9855
20170808,MXP,GBP,23.192112
20170808,MXP,USD,17.86
20170807,MXP,EUR,21.159299
20170807,MXP,GBP,23.375093
20170807,MXP,USD,17.9415
20170804,MXP,EUR,21.061906
20170804,MXP,GBP,23.328551
20170804,MXP,USD,17.89
20170803,MXP,EUR,21.208442
20170803,MXP,GBP,23.481405
20170803,MXP,USD,17.8763
20170802,MXP,EUR,21.153843
20170802,MXP,GBP,23.596534
20170802,MXP,USD,17.8363
20170801,MXP,EUR,21.071049
20170801,MXP,GBP,23.583281
20170801,MXP,USD,17.8553
20170731,MXP,EUR,20.997715
20170731,MXP,GBP,23.473012
20170731,MXP,USD,17.8143
20170728,MXP,EUR,20.8852
20170728,MXP,GBP,23.34897
20170728,MXP,USD,17.7633
20170727,MXP,EUR,20.69692
20170727,MXP,GBP,23.155986
20170727,MXP,USD,17.723
20170726,MXP,EUR,20.683007
20170726,MXP,GBP,23.108974
20170726,MXP,USD,17.6243
20170725,MXP,EUR,20.70942
20170725,MXP,GBP,23.172118
20170725,MXP,USD,17.7748
20170724,MXP,EUR,20.613685
20170724,MXP,GBP,23.078759
20170724,MXP,USD,17.7025
20170721,MXP,EUR,20.575755
20170721,MXP,GBP,22.91481
20170721,MXP,USD,17.62
20170720,MXP,EUR,20.381585
20170720,MXP,GBP,22.749457
20170720,MXP,USD,17.5333
20170719,MXP,EUR,20.168547
20170719,MXP,GBP,22.811343
20170719,MXP,USD,17.5135
20170718,MXP,EUR,20.210348
20170718,MXP,GBP,22.812693
20170718,MXP,USD,17.483
20170717,MXP,EUR,20.181006
20170717,MXP,GBP,22.952248
20170717,MXP,USD,17.5785
20170714,MXP,EUR,20.124052
20170714,MXP,GBP,22.975107
20170714,MXP,USD,17.5503
20170713,MXP,EUR,20.229881
20170713,MXP,GBP,22.962489
20170713,MXP,USD,17.7385
20170712,MXP,EUR,20.301007
20170712,MXP,GBP,22.921553
20170712,MXP,USD,17.7845
20170711,MXP,EUR,20.593297
20170711,MXP,GBP,23.066513
20170711,MXP,USD,17.9478
20170710,MXP,EUR,20.509031
20170710,MXP,GBP,23.170474
20170710,MXP,USD,17.9888
20170707,MXP,EUR,20.625266
20170707,MXP,GBP,23.30562
20170707,MXP,USD,18.086
20170706,MXP,EUR,20.887755
20170706,MXP,GBP,23.720457
20170706,MXP,USD,18.2873
20170705,MXP,EUR,20.726465
20170705,MXP,GBP,23.631505
20170705,MXP,USD,18.2765
20170704,MXP,EUR,20.628626
20170704,MXP,GBP,23.483918
20170704,MXP,USD,18.175
20170703,MXP,EUR,20.673606
20170703,MXP,GBP,23.550274
20170703,MXP,USD,18.201
20170630,MXP,EUR,20.680481
20170630,MXP,GBP,23.544155
20170630,MXP,USD,18.136
20170629,MXP,EUR,20.649725
20170629,MXP,GBP,23.465637
20170629,MXP,USD,18.0623
20170628,MXP,EUR,20.336314
20170628,MXP,GBP,23.103647
20170628,MXP,USD,17.871
20170627,MXP,EUR,20.390569
20170627,MXP,GBP,23.019697
20170627,MXP,USD,17.9708
20170626,MXP,EUR,19.97933
20170626,MXP,GBP,22.726803
20170626,MXP,USD,17.8698
20170623,MXP,EUR,20.155516
20170623,MXP,GBP,22.900028
20170623,MXP,USD,17.9968
20170622,MXP,EUR,20.153342
20170622,MXP,GBP,22.909456
20170622,MXP,USD,18.0788
20170621,MXP,EUR,20.390082
20170621,MXP,GBP,23.134013
20170621,MXP,USD,18.2625
20170620,MXP,EUR,20.219781
20170620,MXP,GBP,22.946339
20170620,MXP,USD,18.171
20170619,MXP,EUR,20.049895
20170619,MXP,GBP,22.896288
20170619,MXP,USD,17.9868
20170616,MXP,EUR,20.053035
20170616,MXP,GBP,22.896654
20170616,MXP,USD,17.9125
20170615,MXP,EUR,20.160075
20170615,MXP,GBP,23.066413
20170615,MXP,USD,18.0743
20170614,MXP,EUR,20.174342
20170614,MXP,GBP,22.925816
20170614,MXP,USD,17.9775
20170613,MXP,EUR,20.238855
20170613,MXP,GBP,23.026022
20170613,MXP,USD,18.0575
20170612,MXP,EUR,20.327165
20170612,MXP,GBP,22.956022
20170612,MXP,USD,18.1363
20170609,MXP,EUR,20.367614
20170609,MXP,GBP,23.1485
20170609,MXP,USD,18.1935
20170608,MXP,EUR,20.425153
20170608,MXP,GBP,23.561204
20170608,MXP,USD,18.201
20170607,MXP,EUR,20.541089
20170607,MXP,GBP,23.640863
20170607,MXP,USD,18.2555
20170606,MXP,EUR,20.584487
20170606,MXP,GBP,23.549119
20170606,MXP,USD,18.2608
20170605,MXP,EUR,20.666076
20170605,MXP,GBP,23.70417
20170605,MXP,USD,18.3625
20170602,MXP,EUR,21.11863
20170602,MXP,GBP,24.122601
20170602,MXP,USD,18.728
20170601,MXP,EUR,20.8388
20170601,MXP,GBP,23.941491
20170601,MXP,USD,18.5845
20170531,MXP,EUR,20.965913
20170531,MXP,GBP,24.064412
20170531,MXP,USD,18.6488
20170530,MXP,EUR,20.91929
20170530,MXP,GBP,24.042517
20170530,MXP,USD,18.6963
20170529,MXP,EUR,20.652559
20170529,MXP,GBP,23.742494
20170529,MXP,USD,18.486
20170526,MXP,EUR,20.649299
20170526,MXP,GBP,23.665677
20170526,MXP,USD,18.4715
20170525,MXP,EUR,20.771778
20170525,MXP,GBP,23.972079
20170525,MXP,USD,18.5363
20170524,MXP,EUR,20.734614
20170524,MXP,GBP,23.956215
20170524,MXP,USD,18.499
20170523,MXP,EUR,20.838421
20170523,MXP,GBP,24.160845
20170523,MXP,USD,18.634
20170522,MXP,EUR,20.97763
20170522,MXP,GBP,24.262123
20170522,MXP,USD,18.6725
20170519,MXP,EUR,20.892996
20170519,MXP,GBP,24.300881
20170519,MXP,USD,18.6478
20170518,MXP,EUR,20.870677
20170518,MXP,GBP,24.328133
20170518,MXP,USD,18.8058
20170517,MXP,EUR,20.829799
20170517,MXP,GBP,24.206604
20170517,MXP,USD,18.6873
20170516,MXP,EUR,20.672789
20170516,MXP,GBP,24.073696
20170516,MXP,USD,18.63
20170515,MXP,EUR,20.507838
20170515,MXP,GBP,24.086926
20170515,MXP,USD,18.68
20170512,MXP,EUR,20.49327
20170512,MXP,GBP,24.160645
20170512,MXP,USD,18.759
20170511,MXP,EUR,20.504972
20170511,MXP,GBP,24.334202
20170511,MXP,USD,18.8725
20170510,MXP,EUR,20.669626
20170510,MXP,GBP,24.628681
20170510,MXP,USD,19.0293
20170509,MXP,EUR,20.863281
20170509,MXP,GBP,24.808293
20170509,MXP,USD,19.197
20170508,MXP,EUR,20.946108
20170508,MXP,GBP,24.805546
20170508,MXP,USD,19.163
20170505,MXP,EUR,20.850849
20170505,MXP,GBP,24.613453
20170505,MXP,USD,18.9743
20170504,MXP,EUR,20.932013
20170504,MXP,GBP,24.635486
20170504,MXP,USD,19.0655
20170503,MXP,EUR,20.512378
20170503,MXP,GBP,24.237123
20170503,MXP,USD,18.8118
20170502,MXP,EUR,20.533637
20170502,MXP,GBP,24.299323
20170502,MXP,USD,18.7908
20170428,MXP,EUR,20.543042
20170428,MXP,GBP,24.399991
20170428,MXP,USD,18.865
20170427,MXP,EUR,20.69395
20170427,MXP,GBP,24.546309
20170427,MXP,USD,19.0193
20170426,MXP,EUR,20.92864
20170426,MXP,GBP,24.674594
20170426,MXP,USD,19.205
20170425,MXP,EUR,20.644832
20170425,MXP,GBP,24.214472
20170425,MXP,USD,18.877
20170424,MXP,EUR,20.299104
20170424,MXP,GBP,23.916191
20170424,MXP,USD,18.7123
20170421,MXP,EUR,20.143691
20170421,MXP,GBP,24.097838
20170421,MXP,USD,18.8338
20170420,MXP,EUR,20.121762
20170420,MXP,GBP,24.051315
20170420,MXP,USD,18.7703
20170419,MXP,EUR,20.186296
20170419,MXP,GBP,24.071028
20170419,MXP,USD,18.8305
20170418,MXP,EUR,19.877179
20170418,MXP,GBP,23.800562
20170418,MXP,USD,18.524
20170417,MXP,EUR,19.700448
20170417,MXP,GBP,23.267961
20170417,MXP,USD,18.5085
20170412,MXP,EUR,19.851025
20170412,MXP,GBP,23.405394
20170412,MXP,USD,18.7318
20170411,MXP,EUR,19.918233
20170411,MXP,GBP,23.454966
20170411,MXP,USD,18.7775
20170410,MXP,EUR,19.791157
20170410,MXP,GBP,23.191269
20170410,MXP,USD,18.6665
20170407,MXP,EUR,19.756871
20170407,MXP,GBP,23.094006
20170407,MXP,USD,18.6588
20170406,MXP,EUR,19.966208
20170406,MXP,GBP,23.385664
20170406,MXP,USD,18.7573
20170405,MXP,EUR,19.950801
20170405,MXP,GBP,23.354802
20170405,MXP,USD,18.7033
20170404,MXP,EUR,20.076172
20170404,MXP,GBP,23.432094
20170404,MXP,USD,18.827
20170403,MXP,EUR,19.971732
20170403,MXP,GBP,23.360749
20170403,MXP,USD,18.7238
20170331,MXP,EUR,20.021172
20170331,MXP,GBP,23.40188
20170331,MXP,USD,18.7245
20170330,MXP,EUR,19.941348
20170330,MXP,GBP,23.281554
20170330,MXP,USD,18.6708
20170329,MXP,EUR,20.164923
20170329,MXP,GBP,23.297047
20170329,MXP,USD,18.7328
20170328,MXP,EUR,20.540612
20170328,MXP,GBP,23.660687
20170328,MXP,USD,19.0015
20170327,MXP,EUR,20.499825
20170327,MXP,GBP,23.707631
20170327,MXP,USD,18.8695
20170324,MXP,EUR,20.300707
20170324,MXP,GBP,23.486025
20170324,MXP,USD,18.7813
20170323,MXP,EUR,20.455545
20170323,MXP,GBP,23.748616
20170323,MXP,USD,18.9693
20170322,MXP,EUR,20.59023
20170322,MXP,GBP,23.805574
20170322,MXP,USD,19.0765
20170321,MXP,EUR,20.630091
20170321,MXP,GBP,23.822584
20170321,MXP,USD,19.0825
20170317,MXP,EUR,20.499672
20170317,MXP,GBP,23.6509
20170317,MXP,USD,19.081
20170316,MXP,EUR,20.660624
20170316,MXP,GBP,23.725592
20170316,MXP,USD,19.204
20170315,MXP,EUR,20.606371
20170315,MXP,GBP,23.663387
20170315,MXP,USD,19.2628
20170314,MXP,EUR,20.895423
20170314,MXP,GBP,23.942662
20170314,MXP,USD,19.6913
20170313,MXP,EUR,20.866037
20170313,MXP,GBP,23.941321
20170313,MXP,USD,19.5815
20170310,MXP,EUR,20.99164
20170310,MXP,GBP,23.90739
20170310,MXP,USD,19.6413
20170309,MXP,EUR,21.046073
20170309,MXP,GBP,24.210739
20170309,MXP,USD,19.8848
20170308,MXP,EUR,20.72239
20170308,MXP,GBP,23.906974
20170308,MXP,USD,19.6458
20170307,MXP,EUR,20.585973
20170307,MXP,GBP,23.766448
20170307,MXP,USD,19.4823
20170306,MXP,EUR,20.710319
20170306,MXP,GBP,23.942415
20170306,MXP,USD,19.5648
20170303,MXP,EUR,20.703594
20170303,MXP,GBP,23.981775
20170303,MXP,USD,19.5363
20170302,MXP,EUR,20.987451
20170302,MXP,GBP,24.489524
20170302,MXP,USD,19.989
20170301,MXP,EUR,20.876934
20170301,MXP,GBP,24.3312
20170301,MXP,USD,19.7895
20170228,MXP,EUR,21.344678
20170228,MXP,GBP,24.993204
20170228,MXP,USD,20.091
20170227,MXP,EUR,21.136008
20170227,MXP,GBP,24.839691
20170227,MXP,USD,19.966
20170224,MXP,EUR,20.98359
20170224,MXP,GBP,24.746703
20170224,MXP,USD,19.8633
20170223,MXP,EUR,20.765599
20170223,MXP,GBP,24.630062
20170223,MXP,USD,19.6365
20170222,MXP,EUR,21.006514
20170222,MXP,GBP,24.770745
20170222,MXP,USD,19.885
20170221,MXP,EUR,21.254251
20170221,MXP,GBP,25.121957
20170221,MXP,USD,20.1443
20170220,MXP,EUR,21.641734
20170220,MXP,GBP,25.414856
20170220,MXP,USD,20.3898
20170217,MXP,EUR,21.676482
20170217,MXP,GBP,25.382336
20170217,MXP,USD,20.4235
20170216,MXP,EUR,21.671899
20170216,MXP,GBP,25.37172
20170216,MXP,USD,20.312
20170215,MXP,EUR,21.460781
20170215,MXP,GBP,25.23073
20170215,MXP,USD,20.2795
20170214,MXP,EUR,21.430855
20170214,MXP,GBP,25.279663
20170214,MXP,USD,20.2675
20170213,MXP,EUR,21.538052
20170213,MXP,GBP,25.454154
20170213,MXP,USD,20.317
20170210,MXP,EUR,21.599072
20170210,MXP,GBP,25.357774
20170210,MXP,USD,20.3228
20170209,MXP,EUR,21.714029
20170209,MXP,GBP,25.463588
20170209,MXP,USD,20.3725
20170208,MXP,EUR,21.870327
20170208,MXP,GBP,25.631411
20170208,MXP,USD,20.474
20170207,MXP,EUR,22.038273
20170207,MXP,GBP,25.795466
20170207,MXP,USD,20.61
20170203,MXP,EUR,21.993761
20170203,MXP,GBP,25.501697
20170203,MXP,USD,20.4365
20170202,MXP,EUR,22.060962
20170202,MXP,GBP,25.68773
20170202,MXP,USD,20.5018
20170201,MXP,EUR,22.370521
20170201,MXP,GBP,26.299216
20170201,MXP,USD,20.7538
20170131,MXP,EUR,22.487946
20170131,MXP,GBP,26.184424
20170131,MXP,USD,20.8135
20170130,MXP,EUR,22.196716
20170130,MXP,GBP,25.912612
20170130,MXP,USD,20.7708
20170127,MXP,EUR,22.363173
20170127,MXP,GBP,26.251864
20170127,MXP,USD,20.907
20170126,MXP,EUR,22.647689
20170126,MXP,GBP,26.675863
20170126,MXP,USD,21.173
20170125,MXP,EUR,22.789425
20170125,MXP,GBP,26.811723
20170125,MXP,USD,21.237
20170124,MXP,EUR,22.979703
20170124,MXP,GBP,26.789819
20170124,MXP,USD,21.4173
20170123,MXP,EUR,23.026869
20170123,MXP,GBP,26.784302
20170123,MXP,USD,21.4343
20170120,MXP,EUR,23.105901
20170120,MXP,GBP,26.71216
20170120,MXP,USD,21.5943
20170119,MXP,EUR,23.329019
20170119,MXP,GBP,26.997373
20170119,MXP,USD,21.9268
20170118,MXP,EUR,23.364969
20170118,MXP,GBP,26.89715
20170118,MXP,USD,21.905
20170117,MXP,EUR,23.098607
20170117,MXP,GBP,26.743862
20170117,MXP,USD,21.5633
20170116,MXP,EUR,22.997165
20170116,MXP,GBP,26.141029
20170116,MXP,USD,21.6893
20170113,MXP,EUR,22.96475
20170113,MXP,GBP,26.297055
20170113,MXP,USD,21.5753
20170112,MXP,EUR,23.061485
20170112,MXP,GBP,26.379231
20170112,MXP,USD,21.6988
20170111,MXP,EUR,23.165483
20170111,MXP,GBP,26.745292
20170111,MXP,USD,21.8883
20170110,MXP,EUR,22.931693
20170110,MXP,GBP,26.414795
20170110,MXP,USD,21.7218
20170109,MXP,EUR,22.602876
20170109,MXP,GBP,26.007368
20170109,MXP,USD,21.385
20170106,MXP,EUR,22.343828
20170106,MXP,GBP,26.038787
20170106,MXP,USD,21.2293
20170105,MXP,EUR,22.724256
20170105,MXP,GBP,26.625254
20170105,MXP,USD,21.44
20170104,MXP,EUR,22.497008
20170104,MXP,GBP,26.481436
20170104,MXP,USD,21.52
20170103,MXP,EUR,21.90995
20170103,MXP,GBP,25.750663
20170103,MXP,USD,21.045
20170102,MXP,EUR,21.690865
20170102,MXP,GBP,25.469444
20170102,MXP,USD,20.733
20161230,MXP,EUR,21.769714
20161230,MXP,GBP,25.500486
20161230,MXP,USD,20.6348
20161229,MXP,EUR,21.693527
20161229,MXP,GBP,25.31549
20161229,MXP,USD,20.6733
20161228,MXP,EUR,21.579446
20161228,MXP,GBP,25.33102
20161228,MXP,USD,20.7385
20161227,MXP,EUR,21.703012
20161227,MXP,GBP,25.489362
20161227,MXP,USD,20.7585
20161226,MXP,EUR,21.586413
20161226,MXP,GBP,25.374749
20161226,MXP,USD,20.645
20161223,MXP,EUR,21.575593
20161223,MXP,GBP,25.342547
20161223,MXP,USD,20.6465
20161222,MXP,EUR,21.639607
20161222,MXP,GBP,25.483017
20161222,MXP,USD,20.7415
20161221,MXP,EUR,21.417433
20161221,MXP,GBP,25.353731
20161221,MXP,USD,20.5443
20161220,MXP,EUR,21.231723
20161220,MXP,GBP,25.254941
20161220,MXP,USD,20.4328
20161219,MXP,EUR,21.236783
20161219,MXP,GBP,25.296298
20161219,MXP,USD,20.3945
20161216,MXP,EUR,21.339673
20161216,MXP,GBP,25.523793
20161216,MXP,USD,20.4403
20161215,MXP,EUR,21.24769
20161215,MXP,GBP,25.368638
20161215,MXP,USD,20.3805
20161214,MXP,EUR,21.549502
20161214,MXP,GBP,25.700287
20161214,MXP,USD,20.372
20161213,MXP,EUR,21.515833
20161213,MXP,GBP,25.662953
20161213,MXP,USD,20.2645
20161209,MXP,EUR,21.470528
20161209,MXP,GBP,25.562295
20161209,MXP,USD,20.357
20161208,MXP,EUR,21.589147
20161208,MXP,GBP,25.584008
20161208,MXP,USD,20.3508
20161207,MXP,EUR,21.941979
20161207,MXP,GBP,25.744358
20161207,MXP,USD,20.4045
20161206,MXP,EUR,21.869698
20161206,MXP,GBP,25.87468
20161206,MXP,USD,20.4075
20161205,MXP,EUR,22.157462
20161205,MXP,GBP,26.163373
20161205,MXP,USD,20.559
20161202,MXP,EUR,21.990549
20161202,MXP,GBP,26.225898
20161202,MXP,USD,20.63
20161201,MXP,EUR,22.078356
20161201,MXP,GBP,26.07643
20161201,MXP,USD,20.7153
20161130,MXP,EUR,21.74937
20161130,MXP,GBP,25.593645
20161130,MXP,USD,20.5028
20161129,MXP,EUR,21.948494
20161129,MXP,GBP,25.783062
20161129,MXP,USD,20.6215
20161128,MXP,EUR,21.846245
20161128,MXP,GBP,25.606523
20161128,MXP,USD,20.6155
20161125,MXP,EUR,21.894938
20161125,MXP,GBP,25.736583
20161125,MXP,USD,20.6595
20161124,MXP,EUR,21.902006
20161124,MXP,GBP,25.829609
20161124,MXP,USD,20.7425
20161123,MXP,EUR,21.828132
20161123,MXP,GBP,25.75093
20161123,MXP,USD,20.6843
20161122,MXP,EUR,21.864777
20161122,MXP,GBP,25.533271
20161122,MXP,USD,20.598
20161118,MXP,EUR,21.823506
20161118,MXP,GBP,25.422846
20161118,MXP,USD,20.5853
20161117,MXP,EUR,21.703506
20161117,MXP,GBP,25.363959
20161117,MXP,USD,20.4153
20161116,MXP,EUR,21.693608
20161116,MXP,GBP,25.278369
20161116,MXP,USD,20.3333
20161115,MXP,EUR,21.725094
20161115,MXP,GBP,25.280598
20161115,MXP,USD,20.265
20161114,MXP,EUR,22.261813
20161114,MXP,GBP,25.924033
20161114,MXP,USD,20.755
20161111,MXP,EUR,22.700651
20161111,MXP,GBP,26.374708
20161111,MXP,USD,20.9348
20161110,MXP,EUR,22.356857
20161110,MXP,GBP,25.765033
20161110,MXP,USD,20.525
20161109,MXP,EUR,21.839342
20161109,MXP,GBP,24.839456
20161109,MXP,USD,19.9875
20161108,MXP,EUR,20.305642
20161108,MXP,GBP,22.836247
20161108,MXP,USD,18.4245
20161107,MXP,EUR,20.575547
20161107,MXP,GBP,23.103343
20161107,MXP,USD,18.6415
20161104,MXP,EUR,21.167564
20161104,MXP,GBP,23.818624
20161104,MXP,USD,19.0313
20161103,MXP,EUR,21.260126
20161103,MXP,GBP,23.838859
20161103,MXP,USD,19.13
20161101,MXP,EUR,21.246485
20161101,MXP,GBP,23.514622
20161101,MXP,USD,19.2215
20161031,MXP,EUR,20.686428
20161031,MXP,GBP,22.977569
20161031,MXP,USD,18.9038
20161028,MXP,EUR,20.813633
20161028,MXP,GBP,23.10539
20161028,MXP,USD,18.9715
20161027,MXP,EUR,20.486577
20161027,MXP,GBP,22.882732
20161027,MXP,USD,18.7933
20161026,MXP,EUR,20.373352
20161026,MXP,GBP,22.840036
20161026,MXP,USD,18.68
20161025,MXP,EUR,20.1759
20161025,MXP,GBP,22.568318
20161025,MXP,USD,18.51
20161024,MXP,EUR,20.187712
20161024,MXP,GBP,22.672877
20161024,MXP,USD,18.56
20161021,MXP,EUR,20.217904
20161021,MXP,GBP,22.747924
20161021,MXP,USD,18.61
20161020,MXP,EUR,20.315643
20161020,MXP,GBP,22.786437
20161020,MXP,USD,18.5913
20161019,MXP,EUR,20.341792
20161019,MXP,GBP,22.770447
20161019,MXP,USD,18.5465
20161018,MXP,EUR,20.470279
20161018,MXP,GBP,22.912697
20161018,MXP,USD,18.6373
20161017,MXP,EUR,20.756838
20161017,MXP,GBP,23.015232
20161017,MXP,USD,18.875
20161014,MXP,EUR,20.860556
20161014,MXP,GBP,23.145096
20161014,MXP,USD,18.9745
20161013,MXP,EUR,20.915065
20161013,MXP,GBP,23.188884
20161013,MXP,USD,18.9328
20161012,MXP,EUR,20.858528
20161012,MXP,GBP,23.131692
20161012,MXP,USD,18.9193
20161011,MXP,EUR,20.946724
20161011,MXP,GBP,22.987671
20161011,MXP,USD,18.9503
20161010,MXP,EUR,21.044908
20161010,MXP,GBP,23.343045
20161010,MXP,USD,18.8913
20161007,MXP,EUR,21.562641
20161007,MXP,GBP,24.013281
20161007,MXP,USD,19.2963
20161006,MXP,EUR,21.462374
20161006,MXP,GBP,24.300421
20161006,MXP,USD,19.241
20161005,MXP,EUR,21.565474
20161005,MXP,GBP,24.525942
20161005,MXP,USD,19.23
20161004,MXP,EUR,21.609901
20161004,MXP,GBP,24.577923
20161004,MXP,USD,19.298
20161003,MXP,EUR,21.644413
20161003,MXP,GBP,24.820811
20161003,MXP,USD,19.2978
20160930,MXP,EUR,21.770369
20160930,MXP,GBP,25.159756
20160930,MXP,USD,19.379
20160929,MXP,EUR,21.708713
20160929,MXP,GBP,25.10422
20160929,MXP,USD,19.3698
20160928,MXP,EUR,21.729225
20160928,MXP,GBP,25.22949
20160928,MXP,USD,19.376
20160927,MXP,EUR,21.79387
20160927,MXP,GBP,25.284552
20160927,MXP,USD,19.425
20160926,MXP,EUR,22.34756
20160926,MXP,GBP,25.744811
20160926,MXP,USD,19.8495
20160923,MXP,EUR,22.229303
20160923,MXP,GBP,25.633159
20160923,MXP,USD,19.784
20160922,MXP,EUR,21.989823
20160922,MXP,GBP,25.650866
20160922,MXP,USD,19.625
20160921,MXP,EUR,22.166606
20160921,MXP,GBP,25.780433
20160921,MXP,USD,19.867
20160920,MXP,EUR,22.139084
20160920,MXP,GBP,25.740502
20160920,MXP,USD,19.837
20160919,MXP,EUR,21.995219
20160919,MXP,GBP,25.649599
20160919,MXP,USD,19.679
20160915,MXP,EUR,21.65505
20160915,MXP,GBP,25.451446
20160915,MXP,USD,19.2515
20160914,MXP,EUR,21.612563
20160914,MXP,GBP,25.418707
20160914,MXP,USD,19.218
20160913,MXP,EUR,21.435465
20160913,MXP,GBP,25.211903
20160913,MXP,USD,19.126
20160912,MXP,EUR,21.29387
20160912,MXP,GBP,25.25629
20160912,MXP,USD,18.9363
20160909,MXP,EUR,21.154477
20160909,MXP,GBP,24.991402
20160909,MXP,USD,18.8593
20160908,MXP,EUR,20.95863
20160908,MXP,GBP,24.766984
20160908,MXP,USD,18.6183
20160907,MXP,EUR,20.66756
20160907,MXP,GBP,24.519741
20160907,MXP,USD,18.3875
20160906,MXP,EUR,20.555766
20160906,MXP,GBP,24.52795
20160906,MXP,USD,18.2588
20160905,MXP,EUR,20.68472
20160905,MXP,GBP,24.669768
20160905,MXP,USD,18.548
20160902,MXP,EUR,20.733606
20160902,MXP,GBP,24.702912
20160902,MXP,USD,18.5785
20160901,MXP,EUR,21.032875
20160901,MXP,GBP,24.92515
20160901,MXP,USD,18.776
20160831,MXP,EUR,20.986469
20160831,MXP,GBP,24.689963
20160831,MXP,USD,18.8473
20160830,MXP,EUR,20.987806
20160830,MXP,GBP,24.647845
20160830,MXP,USD,18.8468
20160829,MXP,EUR,20.792149
20160829,MXP,GBP,24.369464
20160829,MXP,USD,18.5835
20160826,MXP,EUR,20.769739
20160826,MXP,GBP,24.351048
20160826,MXP,USD,18.532
20160825,MXP,EUR,20.754558
20160825,MXP,GBP,24.240942
20160825,MXP,USD,18.3978
20160824,MXP,EUR,20.821029
20160824,MXP,GBP,24.458414
20160824,MXP,USD,18.478
20160823,MXP,EUR,20.871683
20160823,MXP,GBP,24.35691
20160823,MXP,USD,18.455
20160822,MXP,EUR,20.738897
20160822,MXP,GBP,24.061746
20160822,MXP,USD,18.323
20160819,MXP,EUR,20.682592
20160819,MXP,GBP,23.88464
20160819,MXP,USD,18.266
20160818,MXP,EUR,20.531316
20160818,MXP,GBP,23.780526
20160818,MXP,USD,18.0813
20160817,MXP,EUR,20.506333
20160817,MXP,GBP,23.714899
20160817,MXP,USD,18.148
20160816,MXP,EUR,20.29252
20160816,MXP,GBP,23.467341
20160816,MXP,USD,17.9978
20160815,MXP,EUR,20.221324
20160815,MXP,GBP,23.278255
20160815,MXP,USD,18.083
20160812,MXP,EUR,20.420588
20160812,MXP,GBP,23.604964
20160812,MXP,USD,18.28
20160811,MXP,EUR,20.260965
20160811,MXP,GBP,23.56308
20160811,MXP,USD,18.1835
20160810,MXP,EUR,20.521098
20160810,MXP,GBP,23.879933
20160810,MXP,USD,18.3593
20160809,MXP,EUR,20.491662
20160809,MXP,GBP,23.97981
20160809,MXP,USD,18.446
20160808,MXP,EUR,20.575964
20160808,MXP,GBP,24.208099
20160808,MXP,USD,18.5645
20160805,MXP,EUR,20.796724
20160805,MXP,GBP,24.52221
20160805,MXP,USD,18.7493
20160804,MXP,EUR,21.041422
20160804,MXP,GBP,24.780292
20160804,MXP,USD,18.8975
20160803,MXP,EUR,21.103615
20160803,MXP,GBP,25.217343
20160803,MXP,USD,18.9355
20160802,MXP,EUR,21.281833
20160802,MXP,GBP,25.294922
20160802,MXP,USD,18.9475
20160801,MXP,EUR,21.047058
20160801,MXP,GBP,24.853832
20160801,MXP,USD,18.8408
20160729,MXP,EUR,20.972523
20160729,MXP,GBP,24.897952
20160729,MXP,USD,18.764
20160728,MXP,EUR,20.917223
20160728,MXP,GBP,24.840146
20160728,MXP,USD,18.892
20160727,MXP,EUR,20.76085
20160727,MXP,GBP,24.83847
20160727,MXP,USD,18.8735
20160726,MXP,EUR,20.664657
20160726,MXP,GBP,24.726695
20160726,MXP,USD,18.81
20160725,MXP,EUR,20.622155
20160725,MXP,GBP,24.630473
20160725,MXP,USD,18.7568
20160722,MXP,EUR,20.35005
20160722,MXP,GBP,24.316058
20160722,MXP,USD,18.5718
20160721,MXP,EUR,20.531312
20160721,MXP,GBP,24.613549
20160721,MXP,USD,18.6318
20160720,MXP,EUR,20.482846
20160720,MXP,GBP,24.483916
20160720,MXP,USD,18.614
20160719,MXP,EUR,20.45457
20160719,MXP,GBP,24.312556
20160719,MXP,USD,18.5748
20160718,MXP,EUR,20.379116
20160718,MXP,GBP,24.409482
20160718,MXP,USD,18.4035
20160715,MXP,EUR,20.427255
20160715,MXP,GBP,24.389102
20160715,MXP,USD,18.4745
20160714,MXP,EUR,20.3538
20160714,MXP,GBP,24.381925
20160714,MXP,USD,18.3013
20160713,MXP,EUR,20.405515
20160713,MXP,GBP,24.175301
20160713,MXP,USD,18.3668
20160712,MXP,EUR,20.256248
20160712,MXP,GBP,24.271634
20160712,MXP,USD,18.2975
20160711,MXP,EUR,20.419521
20160711,MXP,GBP,23.990652
20160711,MXP,USD,18.465
20160708,MXP,EUR,20.384274
20160708,MXP,GBP,23.899791
20160708,MXP,USD,18.459
20160707,MXP,EUR,20.840723
20160707,MXP,GBP,24.324388
20160707,MXP,USD,18.851
20160706,MXP,EUR,20.797377
20160706,MXP,GBP,24.203964
20160706,MXP,USD,18.733
20160705,MXP,EUR,20.817161
20160705,MXP,GBP,24.489186
20160705,MXP,USD,18.7923
20160704,MXP,EUR,20.535435
20160704,MXP,GBP,24.465961
20160704,MXP,USD,18.41
20160701,MXP,EUR,20.424916
20160701,MXP,GBP,24.350339
20160701,MXP,USD,18.3603
20160630,MXP,EUR,20.293767
20160630,MXP,GBP,24.504062
20160630,MXP,USD,18.258
20160629,MXP,EUR,20.593829
20160629,MXP,GBP,24.897031
20160629,MXP,USD,18.5363
20160628,MXP,EUR,20.788715
20160628,MXP,GBP,25.088044
20160628,MXP,USD,18.8278
20160627,MXP,EUR,21.16006
20160627,MXP,GBP,25.343869
20160627,MXP,USD,19.205
20160624,MXP,EUR,21.096987
20160624,MXP,GBP,25.927434
20160624,MXP,USD,18.9355
20160623,MXP,EUR,20.787608
20160623,MXP,GBP,27.098937
20160623,MXP,USD,18.307
20160622,MXP,EUR,20.953771
20160622,MXP,GBP,27.217757
20160622,MXP,USD,18.5325
20160621,MXP,EUR,20.935296
20160621,MXP,GBP,27.286246
20160621,MXP,USD,18.5918
20160620,MXP,EUR,21.135664
20160620,MXP,GBP,27.410881
20160620,MXP,USD,18.6818
20160617,MXP,EUR,21.204881
20160617,MXP,GBP,26.996754
20160617,MXP,USD,18.7895
20160616,MXP,EUR,21.254402
20160616,MXP,GBP,26.900669
20160616,MXP,USD,18.9155
20160615,MXP,EUR,21.20694
20160615,MXP,GBP,26.659013
20160615,MXP,USD,18.7905
20160614,MXP,EUR,21.248472
20160614,MXP,GBP,26.759631
20160614,MXP,USD,18.9583
20160613,MXP,EUR,21.250573
20160613,MXP,GBP,26.748741
20160613,MXP,USD,18.8133
20160610,MXP,EUR,21.004607
20160610,MXP,GBP,26.585222
20160610,MXP,USD,18.655
20160609,MXP,EUR,20.715385
20160609,MXP,GBP,26.466465
20160609,MXP,USD,18.2893
20160608,MXP,EUR,20.64497
20160608,MXP,GBP,26.280776
20160608,MXP,USD,18.1128
20160607,MXP,EUR,20.916793
20160607,MXP,GBP,26.788881
20160607,MXP,USD,18.4078
20160606,MXP,EUR,21.176307
20160606,MXP,GBP,26.938176
20160606,MXP,USD,18.6288
20160603,MXP,EUR,21.096196
20160603,MXP,GBP,27.01004
20160603,MXP,USD,18.6058
20160602,MXP,EUR,20.77097
20160602,MXP,GBP,26.874321
20160602,MXP,USD,18.622
20160601,MXP,EUR,20.673444
20160601,MXP,GBP,26.646442
20160601,MXP,USD,18.4865
20160531,MXP,EUR,20.565918
20160531,MXP,GBP,26.875853
20160531,MXP,USD,18.4663
20160530,MXP,EUR,20.583758
20160530,MXP,GBP,27.053265
20160530,MXP,USD,18.479
20160527,MXP,EUR,20.536965
20160527,MXP,GBP,26.992818
20160527,MXP,USD,18.4743
20160526,MXP,EUR,20.641656
20160526,MXP,GBP,27.037233
20160526,MXP,USD,18.4523
20160525,MXP,EUR,20.585504
20160525,MXP,GBP,27.129151
20160525,MXP,USD,18.4458
20160524,MXP,EUR,20.615941
20160524,MXP,GBP,27.062018
20160524,MXP,USD,18.4913
20160523,MXP,EUR,20.743049
20160523,MXP,GBP,26.76904
20160523,MXP,USD,18.4818
20160520,MXP,EUR,20.579419
20160520,MXP,GBP,26.61193
20160520,MXP,USD,18.3303
20160519,MXP,EUR,20.669641
20160519,MXP,GBP,26.984847
20160519,MXP,USD,18.4575
20160518,MXP,EUR,20.728259
20160518,MXP,GBP,26.923292
20160518,MXP,USD,18.4678
20160517,MXP,EUR,20.704762
20160517,MXP,GBP,26.454142
20160517,MXP,USD,18.2985
20160516,MXP,EUR,20.562772
20160516,MXP,GBP,26.157235
20160516,MXP,USD,18.1698
20160513,MXP,EUR,20.558462
20160513,MXP,GBP,26.115967
20160513,MXP,USD,18.1885
20160512,MXP,EUR,20.392618
20160512,MXP,GBP,25.890522
20160512,MXP,USD,17.926
20160511,MXP,EUR,20.511969
20160511,MXP,GBP,25.954479
20160511,MXP,USD,17.9473
20160510,MXP,EUR,20.461918
20160510,MXP,GBP,25.974696
20160510,MXP,USD,17.998
20160509,MXP,EUR,20.69064
20160509,MXP,GBP,26.182236
20160509,MXP,USD,18.172
20160506,MXP,EUR,20.352228
20160506,MXP,GBP,25.761395
20160506,MXP,USD,17.8638
20160505,MXP,EUR,20.360741
20160505,MXP,GBP,25.856908
20160505,MXP,USD,17.865
20160504,MXP,EUR,20.389854
20160504,MXP,GBP,25.705398
20160504,MXP,USD,17.7303
20160503,MXP,EUR,20.225599
20160503,MXP,GBP,25.548922
20160503,MXP,USD,17.56
20160502,MXP,EUR,19.827057
20160502,MXP,GBP,25.244607
20160502,MXP,USD,17.2095
20160429,MXP,EUR,19.71782
20160429,MXP,GBP,25.214221
20160429,MXP,USD,17.2193
20160428,MXP,EUR,19.513656
20160428,MXP,GBP,25.137162
20160428,MXP,USD,17.2025
20160427,MXP,EUR,19.637589
20160427,MXP,GBP,25.233457
20160427,MXP,USD,17.3408
20160426,MXP,EUR,19.629088
20160426,MXP,GBP,25.351413
20160426,MXP,USD,17.3878
20160425,MXP,EUR,19.850692
20160425,MXP,GBP,25.514632
20160425,MXP,USD,17.62
20160422,MXP,EUR,19.577141
20160422,MXP,GBP,25.130516
20160422,MXP,USD,17.436
20160421,MXP,EUR,19.75972
20160421,MXP,GBP,25.066167
20160421,MXP,USD,17.5043
20160420,MXP,EUR,19.467402
20160420,MXP,GBP,24.733059
20160420,MXP,USD,17.208
20160419,MXP,EUR,19.66626
20160419,MXP,GBP,24.90178
20160419,MXP,USD,17.2875
20160418,MXP,EUR,19.752876
20160418,MXP,GBP,24.919037
20160418,MXP,USD,17.4503
20160415,MXP,EUR,19.812698
20160415,MXP,GBP,24.940515
20160415,MXP,USD,17.552
20160414,MXP,EUR,19.602584
20160414,MXP,GBP,24.628294
20160414,MXP,USD,17.399
20160413,MXP,EUR,19.701168
20160413,MXP,GBP,24.821847
20160413,MXP,USD,17.4648
20160412,MXP,EUR,19.881816
20160412,MXP,GBP,24.908798
20160412,MXP,USD,17.4578
20160411,MXP,EUR,20.114151
20160411,MXP,GBP,25.110295
20160411,MXP,USD,17.6293
20160408,MXP,EUR,20.259901
20160408,MXP,GBP,25.089104
20160408,MXP,USD,17.7773
20160407,MXP,EUR,20.36477
20160407,MXP,GBP,25.175431
20160407,MXP,USD,17.8968
20160406,MXP,EUR,20.19345
20160406,MXP,GBP,24.998802
20160406,MXP,USD,17.6895
20160405,MXP,EUR,20.182827
20160405,MXP,GBP,25.08495
20160405,MXP,USD,17.726
20160404,MXP,EUR,19.934383
20160404,MXP,GBP,24.96694
20160404,MXP,USD,17.4863
20160401,MXP,EUR,19.782508
20160401,MXP,GBP,24.679296
20160401,MXP,USD,17.3645
20160331,MXP,EUR,19.69341
20160331,MXP,GBP,24.843594
20160331,MXP,USD,17.2825
20160330,MXP,EUR,19.512178
20160330,MXP,GBP,24.757019
20160330,MXP,USD,17.2103
20160329,MXP,EUR,19.570999
20160329,MXP,GBP,24.917992
20160329,MXP,USD,17.321
20160328,MXP,EUR,19.511333
20160328,MXP,GBP,24.843536
20160328,MXP,USD,17.4255
20160323,MXP,EUR,19.652048
20160323,MXP,GBP,24.806063
20160323,MXP,USD,17.5755
20160322,MXP,EUR,19.442253
20160322,MXP,GBP,24.623445
20160322,MXP,USD,17.3313
20160318,MXP,EUR,19.556212
20160318,MXP,GBP,25.127584
20160318,MXP,USD,17.3563
20160317,MXP,EUR,19.623229
20160317,MXP,GBP,25.122798
20160317,MXP,USD,17.3488
20160316,MXP,EUR,19.801557
20160316,MXP,GBP,25.166611
20160316,MXP,USD,17.6453
20160315,MXP,EUR,19.880813
20160315,MXP,GBP,25.330503
20160315,MXP,USD,17.8913
20160314,MXP,EUR,19.714817
20160314,MXP,GBP,25.410702
20160314,MXP,USD,17.748
20160311,MXP,EUR,19.749883
20160311,MXP,GBP,25.459968
20160311,MXP,USD,17.6833
20160310,MXP,EUR,20.0176
20160310,MXP,GBP,25.517618
20160310,MXP,USD,17.8703
20160309,MXP,EUR,19.547058
20160309,MXP,GBP,25.249096
20160309,MXP,USD,17.7185
20160308,MXP,EUR,19.702897
20160308,MXP,GBP,25.445733
20160308,MXP,USD,17.872
20160307,MXP,EUR,19.547388
20160307,MXP,GBP,25.316095
20160307,MXP,USD,17.7283
20160304,MXP,EUR,19.537978
20160304,MXP,GBP,25.25977
20160304,MXP,USD,17.7923
20160303,MXP,EUR,19.616117
20160303,MXP,GBP,25.36556
20160303,MXP,USD,17.8843
20160302,MXP,EUR,19.403331
20160302,MXP,GBP,25.134247
20160302,MXP,USD,17.8085
20160301,MXP,EUR,19.50067
20160301,MXP,GBP,25.063959
20160301,MXP,USD,17.8648
20160229,MXP,EUR,19.671444
20160229,MXP,GBP,25.226948
20160229,MXP,USD,18.0988
20160226,MXP,EUR,19.852289
20160226,MXP,GBP,25.199897
20160226,MXP,USD,18.1706
20160225,MXP,EUR,20.045663
20160225,MXP,GBP,25.377971
20160225,MXP,USD,18.168
20160224,MXP,EUR,20.14475
20160224,MXP,GBP,25.449561
20160224,MXP,USD,18.2893
20160223,MXP,EUR,20.027926
20160223,MXP,GBP,25.505471
20160223,MXP,USD,18.1948
20160222,MXP,EUR,19.907622
20160222,MXP,GBP,25.551275
20160222,MXP,USD,18.0568
20160219,MXP,EUR,20.34598
20160219,MXP,GBP,26.233658
20160219,MXP,USD,18.2762
20160218,MXP,EUR,20.128843
20160218,MXP,GBP,25.988416
20160218,MXP,USD,18.1439
20160217,MXP,EUR,20.450963
20160217,MXP,GBP,26.254689
20160217,MXP,USD,18.3895
20160216,MXP,EUR,20.959687
20160216,MXP,GBP,26.890113
20160216,MXP,USD,18.8148
20160215,MXP,EUR,21.019229
20160215,MXP,GBP,27.21427
20160215,MXP,USD,18.8471
20160212,MXP,EUR,21.41434
20160212,MXP,GBP,27.633495
20160212,MXP,USD,19.0392
20160211,MXP,EUR,21.754491
20160211,MXP,GBP,27.711329
20160211,MXP,USD,19.1754
20160210,MXP,EUR,21.176941
20160210,MXP,GBP,27.281369
20160210,MXP,USD,18.8089
20160209,MXP,EUR,21.219678
20160209,MXP,GBP,27.16224
20160209,MXP,USD,18.7818
20160208,MXP,EUR,20.930995
20160208,MXP,GBP,26.968836
20160208,MXP,USD,18.6959
20160205,MXP,EUR,20.476878
20160205,MXP,GBP,26.635192
20160205,MXP,USD,18.3748
20160204,MXP,EUR,20.407261
20160204,MXP,GBP,26.559724
20160204,MXP,USD,18.1891
20160203,MXP,EUR,20.473458
20160203,MXP,GBP,26.952552
20160203,MXP,USD,18.4537
20160202,MXP,EUR,20.182978
20160202,MXP,GBP,26.661944
20160202,MXP,USD,18.4902
20160129,MXP,EUR,19.694464
20160129,MXP,GBP,25.823854
20160129,MXP,USD,18.1935
20160128,MXP,EUR,20.044669
20160128,MXP,GBP,26.303712
20160128,MXP,USD,18.2906
20160127,MXP,EUR,20.097162
20160127,MXP,GBP,26.324127
20160127,MXP,USD,18.453
20160126,MXP,EUR,20.039731
20160126,MXP,GBP,26.522304
20160126,MXP,USD,18.4715
20160125,MXP,EUR,20.089377
20160125,MXP,GBP,26.421928
20160125,MXP,USD,18.5352
20160122,MXP,EUR,19.892105
20160122,MXP,GBP,26.346512
20160122,MXP,USD,18.428
20160121,MXP,EUR,20.133438
20160121,MXP,GBP,26.295809
20160121,MXP,USD,18.5084
20160120,MXP,EUR,20.291094
20160120,MXP,GBP,26.347067
20160120,MXP,USD,18.608
20160119,MXP,EUR,19.891356
20160119,MXP,GBP,25.822828
20160119,MXP,USD,18.1947
20160118,MXP,EUR,19.878201
20160118,MXP,GBP,25.980686
20160118,MXP,USD,18.2327
20160115,MXP,EUR,19.91351
20160115,MXP,GBP,25.970422
20160115,MXP,USD,18.2108
20160114,MXP,EUR,19.449854
20160114,MXP,GBP,25.809545
20160114,MXP,USD,17.9121
20160113,MXP,EUR,19.40295
20160113,MXP,GBP,25.799498
20160113,MXP,USD,17.85
20160112,MXP,EUR,19.466653
20160112,MXP,GBP,25.86747
20160112,MXP,USD,17.9119
20160111,MXP,EUR,19.497517
20160111,MXP,GBP,26.087836
20160111,MXP,USD,17.9304
20160108,MXP,EUR,19.546329
20160108,MXP,GBP,26.041752
20160108,MXP,USD,17.9283
20160107,MXP,EUR,19.26092
20160107,MXP,GBP,25.787756
20160107,MXP,USD,17.6568
20160106,MXP,EUR,18.792785
20160106,MXP,GBP,25.506737
20160106,MXP,USD,17.4411
20160105,MXP,EUR,18.630909
20160105,MXP,GBP,25.444261
20160105,MXP,USD,17.3456
20160104,MXP,EUR,18.782779
20160104,MXP,GBP,25.524381
20160104,MXP,USD,17.3529
20151231,MXP,EUR,18.749337
20151231,MXP,GBP,25.436658
20151231,MXP,USD,17.2487
20151230,MXP,EUR,18.935062
20151230,MXP,GBP,25.710588
20151230,MXP,USD,17.3398
20151229,MXP,EUR,18.82047
20151229,MXP,GBP,25.515519
20151229,MXP,USD,17.2065
20151228,MXP,EUR,18.957513
20151228,MXP,GBP,25.69234
20151228,MXP,USD,17.271
20151224,MXP,EUR,18.920675
20151224,MXP,GBP,25.780111
20151224,MXP,USD,17.276
20151223,MXP,EUR,18.745457
20151223,MXP,GBP,25.562533
20151223,MXP,USD,17.1953
20151222,MXP,EUR,18.838728
20151222,MXP,GBP,25.4514
20151222,MXP,USD,17.1847
20151221,MXP,EUR,18.677768
20151221,MXP,GBP,25.454991
20151221,MXP,USD,17.1034
20151218,MXP,EUR,18.454978
20151218,MXP,GBP,25.358368
20151218,MXP,USD,17.0139
20151217,MXP,EUR,18.484245
20151217,MXP,GBP,25.447365
20151217,MXP,USD,17.1
20151216,MXP,EUR,18.821326
20151216,MXP,GBP,25.780255
20151216,MXP,USD,17.136
20151215,MXP,EUR,18.730967
20151215,MXP,GBP,25.804823
20151215,MXP,USD,17.1529
20151214,MXP,EUR,19.141427
20151214,MXP,GBP,26.333147
20151214,MXP,USD,17.3776
20151211,MXP,EUR,19.076025
20151211,MXP,GBP,26.450213
20151211,MXP,USD,17.3592
20151210,MXP,EUR,18.671513
20151210,MXP,GBP,25.889116
20151210,MXP,USD,17.075
20151209,MXP,EUR,18.764394
20151209,MXP,GBP,25.837945
20151209,MXP,USD,17.016
20151208,MXP,EUR,18.531711
20151208,MXP,GBP,25.5246
20151208,MXP,USD,17.0164
20151207,MXP,EUR,18.332822
20151207,MXP,GBP,25.480847
20151207,MXP,USD,16.9044
20151204,MXP,EUR,18.130655
20151204,MXP,GBP,25.199484
20151204,MXP,USD,16.6757
20151203,MXP,EUR,18.313612
20151203,MXP,GBP,25.294841
20151203,MXP,USD,16.7095
20151202,MXP,EUR,17.618766
20151202,MXP,GBP,24.787072
20151202,MXP,USD,16.5933
20151201,MXP,EUR,17.554683
20151201,MXP,GBP,24.901811
20151201,MXP,USD,16.5104
20151130,MXP,EUR,17.521028
20151130,MXP,GBP,24.961328
20151130,MXP,USD,16.5856
20151127,MXP,EUR,17.570618
20151127,MXP,GBP,24.933914
20151127,MXP,USD,16.5784
20151126,MXP,EUR,17.556219
20151126,MXP,GBP,24.974398
20151126,MXP,USD,16.5492
20151125,MXP,EUR,17.567954
20151125,MXP,GBP,25.050724
20151125,MXP,USD,16.5548
20151124,MXP,EUR,17.5592
20151124,MXP,GBP,24.858103
20151124,MXP,USD,16.4705
20151123,MXP,EUR,17.55963
20151123,MXP,GBP,24.994267
20151123,MXP,USD,16.5306
20151120,MXP,EUR,17.596013
20151120,MXP,GBP,25.089984
20151120,MXP,USD,16.512
20151119,MXP,EUR,17.795534
20151119,MXP,GBP,25.361102
20151119,MXP,USD,16.5748
20151118,MXP,EUR,17.838147
20151118,MXP,GBP,25.506656
20151118,MXP,USD,16.7636
20151117,MXP,EUR,17.839503
20151117,MXP,GBP,25.491587
20151117,MXP,USD,16.757
20151113,MXP,EUR,17.956462
20151113,MXP,GBP,25.474171
20151113,MXP,USD,16.7395
20151112,MXP,EUR,18.0539
20151112,MXP,GBP,25.482542
20151112,MXP,USD,16.7406
20151111,MXP,EUR,17.959396
20151111,MXP,GBP,25.432865
20151111,MXP,USD,16.7173
20151110,MXP,EUR,17.961202
20151110,MXP,GBP,25.331447
20151110,MXP,USD,16.7658
20151109,MXP,EUR,18.152964
20151109,MXP,GBP,25.500692
20151109,MXP,USD,16.87
20151106,MXP,EUR,18.080017
20151106,MXP,GBP,25.311182
20151106,MXP,USD,16.8382
20151105,MXP,EUR,18.064637
20151105,MXP,GBP,25.243194
20151105,MXP,USD,16.5959
20151104,MXP,EUR,17.930836
20151104,MXP,GBP,25.39548
20151104,MXP,USD,16.5147
20151103,MXP,EUR,17.978641
20151103,MXP,GBP,25.319023
20151103,MXP,USD,16.4196
20151030,MXP,EUR,18.262767
20151030,MXP,GBP,25.432704
20151030,MXP,USD,16.5244
20151029,MXP,EUR,18.246691
20151029,MXP,GBP,25.461427
20151029,MXP,USD,16.6219
20151028,MXP,EUR,17.949745
20151028,MXP,GBP,25.112206
20151028,MXP,USD,16.4503
20151027,MXP,EUR,18.27203
20151027,MXP,GBP,25.333351
20151027,MXP,USD,16.5545
20151026,MXP,EUR,18.232279
20151026,MXP,GBP,25.327193
20151026,MXP,USD,16.4998
20151023,MXP,EUR,18.189951
20151023,MXP,GBP,25.312353
20151023,MXP,USD,16.5138
20151022,MXP,EUR,18.381234
20151022,MXP,GBP,25.445472
20151022,MXP,USD,16.5284
20151021,MXP,EUR,18.897438
20151021,MXP,GBP,25.699716
20151021,MXP,USD,16.66
20151020,MXP,EUR,18.781082
20151020,MXP,GBP,25.578044
20151020,MXP,USD,16.5618
20151019,MXP,EUR,18.680584
20151019,MXP,GBP,25.507402
20151019,MXP,USD,16.4899
20151016,MXP,EUR,18.664273
20151016,MXP,GBP,25.343143
20151016,MXP,USD,16.3959
20151015,MXP,EUR,18.701506
20151015,MXP,GBP,25.429186
20151015,MXP,USD,16.425
20151014,MXP,EUR,19.011916
20151014,MXP,GBP,25.652366
20151014,MXP,USD,16.5804
20151013,MXP,EUR,18.882624
20151013,MXP,GBP,25.300113
20151013,MXP,USD,16.5848
20151012,MXP,EUR,18.661847
20151012,MXP,GBP,25.205975
20151012,MXP,USD,16.4219
20151009,MXP,EUR,18.660699
20151009,MXP,GBP,25.175361
20151009,MXP,USD,16.418
20151008,MXP,EUR,18.695778
20151008,MXP,GBP,25.404515
20151008,MXP,USD,16.5464
20151007,MXP,EUR,18.637451
20151007,MXP,GBP,25.384793
20151007,MXP,USD,16.5762
20151006,MXP,EUR,18.811323
20151006,MXP,GBP,25.418023
20151006,MXP,USD,16.6878
20151005,MXP,EUR,18.655657
20151005,MXP,GBP,25.289893
20151005,MXP,USD,16.6941
20151002,MXP,EUR,18.87114
20151002,MXP,GBP,25.538763
20151002,MXP,USD,16.8162
20151001,MXP,EUR,18.858321
20151001,MXP,GBP,25.516678
20151001,MXP,USD,16.8566
20150930,MXP,EUR,18.874768
20150930,MXP,GBP,25.608149
20150930,MXP,USD,16.9053
20150929,MXP,EUR,19.197222
20150929,MXP,GBP,25.885468
20150929,MXP,USD,17.0771
20150928,MXP,EUR,19.101749
20150928,MXP,GBP,25.806877
20150928,MXP,USD,17.0073
20150925,MXP,EUR,18.969201
20150925,MXP,GBP,25.731801
20150925,MXP,USD,16.9595
20150924,MXP,EUR,19.205485
20150924,MXP,GBP,26.064282
20150924,MXP,USD,17.1149
20150923,MXP,EUR,19.081361
20150923,MXP,GBP,26.006015
20150923,MXP,USD,17.0453
20150922,MXP,EUR,18.760042
20150922,MXP,GBP,25.913473
20150922,MXP,USD,16.8713
20150921,MXP,EUR,18.675531
20150921,MXP,GBP,25.853229
20150921,MXP,USD,16.6865
20150918,MXP,EUR,18.7759
20150918,MXP,GBP,25.728896
20150918,MXP,USD,16.539
20150917,MXP,EUR,18.870124
20150917,MXP,GBP,25.830341
20150917,MXP,USD,16.568
20150915,MXP,EUR,18.910818
20150915,MXP,GBP,25.71254
20150915,MXP,USD,16.7716
20150914,MXP,EUR,19.019801
20150914,MXP,GBP,25.941596
20150914,MXP,USD,16.8168
20150911,MXP,EUR,19.081639
20150911,MXP,GBP,25.957625
20150911,MXP,USD,16.8261
20150910,MXP,EUR,18.96538
20150910,MXP,GBP,26.005534
20150910,MXP,USD,16.8103
20150909,MXP,EUR,18.777154
20150909,MXP,GBP,25.786711
20150909,MXP,USD,16.7773
20150908,MXP,EUR,18.759895
20150908,MXP,GBP,25.834331
20150908,MXP,USD,16.7979
20150907,MXP,EUR,18.978994
20150907,MXP,GBP,25.962761
20150907,MXP,USD,16.988
20150904,MXP,EUR,18.786833
20150904,MXP,GBP,25.593217
20150904,MXP,USD,16.8454
20150903,MXP,EUR,18.684236
20150903,MXP,GBP,25.620929
20150903,MXP,USD,16.7918
20150902,MXP,EUR,19.050589
20150902,MXP,GBP,25.954585
20150902,MXP,USD,16.9444
20150901,MXP,EUR,19.074848
20150901,MXP,GBP,25.836867
20150901,MXP,USD,16.8692
20150831,MXP,EUR,18.808596
20150831,MXP,GBP,25.808744
20150831,MXP,USD,16.7829
20150828,MXP,EUR,18.756294
20150828,MXP,GBP,25.808245
20150828,MXP,USD,16.7684
20150827,MXP,EUR,19.000465
20150827,MXP,GBP,26.024322
20150827,MXP,USD,16.8863
20150826,MXP,EUR,19.440682
20150826,MXP,GBP,26.472309
20150826,MXP,USD,17.1065
20150825,MXP,EUR,19.415733
20150825,MXP,GBP,26.64833
20150825,MXP,USD,16.9859
20150824,MXP,EUR,19.768985
20150824,MXP,GBP,26.939676
20150824,MXP,USD,17.0975
20150821,MXP,EUR,19.212751
20150821,MXP,GBP,26.558156
20150821,MXP,USD,16.9171
20150820,MXP,EUR,18.715189
20150820,MXP,GBP,26.194076
20150820,MXP,USD,16.7182
20150819,MXP,EUR,18.323753
20150819,MXP,GBP,25.870767
20150819,MXP,USD,16.4908
20150818,MXP,EUR,18.118414
20150818,MXP,GBP,25.732043
20150818,MXP,USD,16.4317
20150817,MXP,EUR,18.164685
20150817,MXP,GBP,25.573068
20150817,MXP,USD,16.3993
20150814,MXP,EUR,18.197133
20150814,MXP,GBP,25.610841
20150814,MXP,USD,16.3658
20150813,MXP,EUR,18.207838
20150813,MXP,GBP,25.523844
20150813,MXP,USD,16.3541
20150812,MXP,EUR,18.203604
20150812,MXP,GBP,25.455222
20150812,MXP,USD,16.2976
20150811,MXP,EUR,18.001401
20150811,MXP,GBP,25.401116
20150811,MXP,USD,16.3241
20150810,MXP,EUR,17.814051
20150810,MXP,GBP,25.212862
20150810,MXP,USD,16.1652
20150807,MXP,EUR,17.733265
20150807,MXP,GBP,25.046085
20150807,MXP,USD,16.1645
20150806,MXP,EUR,17.859439
20150806,MXP,GBP,25.361515
20150806,MXP,USD,16.3533
20150805,MXP,EUR,17.866434
20150805,MXP,GBP,25.56898
20150805,MXP,USD,16.3762
20150804,MXP,EUR,17.635694
20150804,MXP,GBP,25.199278
20150804,MXP,USD,16.1736
20150803,MXP,EUR,17.641209
20150803,MXP,GBP,25.115178
20150803,MXP,USD,16.1129
20150731,MXP,EUR,17.760483
20150731,MXP,GBP,25.091686
20150731,MXP,USD,16.0772
20150730,MXP,EUR,17.95155
20150730,MXP,GBP,25.647421
20150730,MXP,USD,16.4512
20150729,MXP,EUR,17.877557
20150729,MXP,GBP,25.332754
20150729,MXP,USD,16.214
20150728,MXP,EUR,17.980444
20150728,MXP,GBP,25.386166
20150728,MXP,USD,16.2638
20150727,MXP,EUR,18.055151
20150727,MXP,GBP,25.319671
20150727,MXP,USD,16.2681
20150724,MXP,EUR,17.822697
20150724,MXP,GBP,25.180221
20150724,MXP,USD,16.2364
20150723,MXP,EUR,17.707875
20150723,MXP,GBP,24.966824
20150723,MXP,USD,16.0988
20150722,MXP,EUR,17.547574
20150722,MXP,GBP,25.105786
20150722,MXP,USD,16.095
20150721,MXP,EUR,17.494209
20150721,MXP,GBP,24.860865
20150721,MXP,USD,15.9728
20150720,MXP,EUR,17.325993
20150720,MXP,GBP,24.905565
20150720,MXP,USD,15.9856
20150717,MXP,EUR,17.265424
20150717,MXP,GBP,24.839584
20150717,MXP,USD,15.9121
20150716,MXP,EUR,17.189553
20150716,MXP,GBP,24.665195
20150716,MXP,USD,15.8014
20150715,MXP,EUR,17.242178
20150715,MXP,GBP,24.625159
20150715,MXP,USD,15.747
20150714,MXP,EUR,17.251835
20150714,MXP,GBP,24.487183
20150714,MXP,USD,15.6728
20150713,MXP,EUR,17.319162
20150713,MXP,GBP,24.379519
20150713,MXP,USD,15.7404
20150710,MXP,EUR,17.514651
20150710,MXP,GBP,24.370262
20150710,MXP,USD,15.7329
20150709,MXP,EUR,17.377578
20150709,MXP,GBP,24.238789
20150709,MXP,USD,15.7856
20150708,MXP,EUR,17.51698
20150708,MXP,GBP,24.303435
20150708,MXP,USD,15.8174
20150707,MXP,EUR,17.356303
20150707,MXP,GBP,24.448083
20150707,MXP,USD,15.8281
20150706,MXP,EUR,17.414154
20150706,MXP,GBP,24.587283
20150706,MXP,USD,15.753
20150703,MXP,EUR,17.411621
20150703,MXP,GBP,24.449394
20150703,MXP,USD,15.6918
20150702,MXP,EUR,17.381256
20150702,MXP,GBP,24.471133
20150702,MXP,USD,15.6821
20150701,MXP,EUR,17.433792
20150701,MXP,GBP,24.615011
20150701,MXP,USD,15.7829
20150630,MXP,EUR,17.475104
20150630,MXP,GBP,24.671566
20150630,MXP,USD,15.6854
20150629,MXP,EUR,17.614256
20150629,MXP,GBP,24.637721
20150629,MXP,USD,15.6599
20150626,MXP,EUR,17.375777
20150626,MXP,GBP,24.483943
20150626,MXP,USD,15.5676
20150625,MXP,EUR,17.344037
20150625,MXP,GBP,24.367265
20150625,MXP,USD,15.4816
20150624,MXP,EUR,17.312479
20150624,MXP,GBP,24.245043
20150624,MXP,USD,15.4555
20150623,MXP,EUR,17.198532
20150623,MXP,GBP,24.210307
20150623,MXP,USD,15.4088
20150622,MXP,EUR,17.366784
20150622,MXP,GBP,24.229002
20150622,MXP,USD,15.3072
20150619,MXP,EUR,17.420357
20150619,MXP,GBP,24.353706
20150619,MXP,USD,15.3274
20150618,MXP,EUR,17.381129
20150618,MXP,GBP,24.257625
20150618,MXP,USD,15.2828
20150617,MXP,EUR,17.414464
20150617,MXP,GBP,24.318724
20150617,MXP,USD,15.4199
20150616,MXP,EUR,17.331952
20150616,MXP,GBP,24.13259
20150616,MXP,USD,15.4192
20150615,MXP,EUR,17.399598
20150615,MXP,GBP,24.066524
20150615,MXP,USD,15.4327
20150612,MXP,EUR,17.370339
20150612,MXP,GBP,23.977849
20150612,MXP,USD,15.4129
20150611,MXP,EUR,17.360976
20150611,MXP,GBP,23.941888
20150611,MXP,USD,15.4409
20150610,MXP,EUR,17.514018
20150610,MXP,GBP,24.037953
20150610,MXP,USD,15.4779
20150609,MXP,EUR,17.571543
20150609,MXP,GBP,23.944427
20150609,MXP,USD,15.5645
20150608,MXP,EUR,17.668049
20150608,MXP,GBP,24.038514
20150608,MXP,USD,15.6715
20150605,MXP,EUR,17.47335
20150605,MXP,GBP,23.983967
20150605,MXP,USD,15.6958
20150604,MXP,EUR,17.473431
20150604,MXP,GBP,23.890815
20150604,MXP,USD,15.5347
20150603,MXP,EUR,17.422583
20150603,MXP,GBP,23.719642
20150603,MXP,USD,15.4833
20150602,MXP,EUR,17.226116
20150602,MXP,GBP,23.670978
20150602,MXP,USD,15.4128
20150601,MXP,EUR,16.924559
20150601,MXP,GBP,23.548054
20150601,MXP,USD,15.4845
20150529,MXP,EUR,16.861201
20150529,MXP,GBP,23.473708
20150529,MXP,USD,15.3815
20150528,MXP,EUR,16.811141
20150528,MXP,GBP,23.523299
20150528,MXP,USD,15.3737
20150527,MXP,EUR,16.71806
20150527,MXP,GBP,23.545504
20150527,MXP,USD,15.3581
20150526,MXP,EUR,16.665839
20150526,MXP,GBP,23.594359
20150526,MXP,USD,15.3235
20150525,MXP,EUR,16.760086
20150525,MXP,GBP,23.614924
20150525,MXP,USD,15.2635
20150522,MXP,EUR,16.833978
20150522,MXP,GBP,23.669413
20150522,MXP,USD,15.2918
20150521,MXP,EUR,16.934843
20150521,MXP,GBP,23.865676
20150521,MXP,USD,15.2326
20150520,MXP,EUR,16.929435
20150520,MXP,GBP,23.665309
20150520,MXP,USD,15.212
20150519,MXP,EUR,16.955732
20150519,MXP,GBP,23.56656
20150519,MXP,USD,15.2008
20150518,MXP,EUR,17.10072
20150518,MXP,GBP,23.664312
20150518,MXP,USD,15.12
20150515,MXP,EUR,17.204519
20150515,MXP,GBP,23.654429
20150515,MXP,USD,15.0225
20150514,MXP,EUR,17.232472
20150514,MXP,GBP,23.837661
20150514,MXP,USD,15.1235
20150513,MXP,EUR,17.284547
20150513,MXP,GBP,23.965937
20150513,MXP,USD,15.2213
20150512,MXP,EUR,17.186444
20150512,MXP,GBP,24.025783
20150512,MXP,USD,15.3211
20150511,MXP,EUR,17.022918
20150511,MXP,GBP,23.79103
20150511,MXP,USD,15.2624
20150508,MXP,EUR,16.954946
20150508,MXP,GBP,23.385166
20150508,MXP,USD,15.1424
20150507,MXP,EUR,17.296279
20150507,MXP,GBP,23.417586
20150507,MXP,USD,15.3397
20150506,MXP,EUR,17.372382
20150506,MXP,GBP,23.324916
20150506,MXP,USD,15.2825
20150505,MXP,EUR,17.155837
20150505,MXP,GBP,23.256491
20150505,MXP,USD,15.3225
20150504,MXP,EUR,17.261091
20150504,MXP,GBP,23.417632
20150504,MXP,USD,15.494
20150430,MXP,EUR,17.217506
20150430,MXP,GBP,23.621231
20150430,MXP,USD,15.3714
20150429,MXP,EUR,16.879814
20150429,MXP,GBP,23.44199
20150429,MXP,USD,15.2043
20150428,MXP,EUR,16.718111
20150428,MXP,GBP,23.339899
20150428,MXP,USD,15.2225
20150427,MXP,EUR,16.681066
20150427,MXP,GBP,23.335873
20150427,MXP,USD,15.3213
20150424,MXP,EUR,16.719448
20150424,MXP,GBP,23.342002
20150424,MXP,USD,15.3834
20150423,MXP,EUR,16.649002
20150423,MXP,GBP,23.136792
20150423,MXP,USD,15.3539
20150422,MXP,EUR,16.586735
20150422,MXP,GBP,23.245688
20150422,MXP,USD,15.4518
20150421,MXP,EUR,16.527478
20150421,MXP,GBP,22.977095
20150421,MXP,USD,15.3837
20150420,MXP,EUR,16.518993
20150420,MXP,GBP,22.931969
20150420,MXP,USD,15.3973
20150417,MXP,EUR,16.527871
20150417,MXP,GBP,22.915606
20150417,MXP,USD,15.3128
20150416,MXP,EUR,16.446083
20150416,MXP,GBP,22.802694
20150416,MXP,USD,15.2455
20150415,MXP,EUR,16.435559
20150415,MXP,GBP,22.835886
20150415,MXP,USD,15.3891
20150414,MXP,EUR,16.229436
20150414,MXP,GBP,22.515704
20150414,MXP,USD,15.2339
20150413,MXP,EUR,16.157321
20150413,MXP,GBP,22.441149
20150413,MXP,USD,15.2947
20150410,MXP,EUR,16.0687
20150410,MXP,GBP,22.224171
20150410,MXP,USD,15.1706
20150409,MXP,EUR,16.021204
20150409,MXP,GBP,22.111114
20150409,MXP,USD,15.0554
20150408,MXP,EUR,16.075179
20150408,MXP,GBP,22.164771
20150408,MXP,USD,14.9072
20150407,MXP,EUR,16.131236
20150407,MXP,GBP,22.101739
20150407,MXP,USD,14.9039
20150406,MXP,EUR,16.247769
20150406,MXP,GBP,22.087968
20150406,MXP,USD,14.8003
20150401,MXP,EUR,16.266742
20150401,MXP,GBP,22.419314
20150401,MXP,USD,15.1206
20150331,MXP,EUR,16.397341
20150331,MXP,GBP,22.6635
20150331,MXP,USD,15.2647
20150330,MXP,EUR,16.482694
20150330,MXP,GBP,22.553861
20150330,MXP,USD,15.2427
20150327,MXP,EUR,16.519594
20150327,MXP,GBP,22.553239
20150327,MXP,USD,15.1542
20150326,MXP,EUR,16.436404
20150326,MXP,GBP,22.433327
20150326,MXP,USD,15.1056
20150325,MXP,EUR,16.387083
20150325,MXP,GBP,22.231229
20150325,MXP,USD,14.9524
20150324,MXP,EUR,16.31392
20150324,MXP,GBP,22.179523
20150324,MXP,USD,14.9347
20150323,MXP,EUR,16.39799
20150323,MXP,GBP,22.374771
20150323,MXP,USD,14.9644
20150320,MXP,EUR,16.244758
20150320,MXP,GBP,22.454354
20150320,MXP,USD,15.0317
20150319,MXP,EUR,16.263472
20150319,MXP,GBP,22.498887
20150319,MXP,USD,15.296
20150318,MXP,EUR,16.648881
20150318,MXP,GBP,23.013156
20150318,MXP,USD,15.4192
20150317,MXP,EUR,16.339613
20150317,MXP,GBP,22.748802
20150317,MXP,USD,15.4271
20150313,MXP,EUR,16.241975
20150313,MXP,GBP,22.834953
20150313,MXP,USD,15.4892
20150312,MXP,EUR,16.336638
20150312,MXP,GBP,22.896396
20150312,MXP,USD,15.4003
20150311,MXP,EUR,16.292686
20150311,MXP,GBP,23.069399
20150311,MXP,USD,15.4455
20150310,MXP,EUR,16.667546
20150310,MXP,GBP,23.469832
20150310,MXP,USD,15.5837
20150309,MXP,EUR,16.785024
20150309,MXP,GBP,23.39178
20150309,MXP,USD,15.4544
20150306,MXP,EUR,16.778133
20150306,MXP,GBP,23.270229
20150306,MXP,USD,15.4445
20150305,MXP,EUR,16.730966
20150305,MXP,GBP,23.118464
20150305,MXP,USD,15.1686
20150304,MXP,EUR,16.692458
20150304,MXP,GBP,23.002351
20150304,MXP,USD,15.0756
20150303,MXP,EUR,16.723506
20150303,MXP,GBP,22.979679
20150303,MXP,USD,14.9544
20150302,MXP,EUR,16.776302
20150302,MXP,GBP,23.036787
20150302,MXP,USD,14.9862
20150227,MXP,EUR,16.773865
20150227,MXP,GBP,23.107434
20150227,MXP,USD,14.9553
20150226,MXP,EUR,16.75714
20150226,MXP,GBP,23.06454
20150226,MXP,USD,14.9624
20150225,MXP,EUR,16.946332
20150225,MXP,GBP,23.167647
20150225,MXP,USD,14.9228
20150224,MXP,EUR,16.985575
20150224,MXP,GBP,23.149967
20150224,MXP,USD,14.9712
20150223,MXP,EUR,17.108874
20150223,MXP,GBP,23.320136
20150223,MXP,USD,15.0832
20150220,MXP,EUR,17.197605
20150220,MXP,GBP,23.230146
20150220,MXP,USD,15.0757
20150219,MXP,EUR,16.995621
20150219,MXP,GBP,23.047749
20150219,MXP,USD,14.9583
20150218,MXP,EUR,17.028712
20150218,MXP,GBP,23.103294
20150218,MXP,USD,14.9473
20150217,MXP,EUR,16.987908
20150217,MXP,GBP,22.872263
20150217,MXP,USD,14.8971
20150216,MXP,EUR,16.880811
20150216,MXP,GBP,22.872001
20150216,MXP,USD,14.8979
20150213,MXP,EUR,16.935026
20150213,MXP,GBP,22.88517
20150213,MXP,USD,14.8605
20150212,MXP,EUR,17.005784
20150212,MXP,GBP,22.970973
20150212,MXP,USD,14.9167
20150211,MXP,EUR,17.074943
20150211,MXP,GBP,23.025222
20150211,MXP,USD,15.1099
20150210,MXP,EUR,16.907005
20150210,MXP,GBP,22.788286
20150210,MXP,USD,14.9309
20150209,MXP,EUR,16.787008
20150209,MXP,GBP,22.546233
20150209,MXP,USD,14.8014
20150206,MXP,EUR,16.859831
20150206,MXP,GBP,22.680708
20150206,MXP,USD,14.9024
20150205,MXP,EUR,16.934084
20150205,MXP,GBP,22.623535
20150205,MXP,USD,14.7548
20150204,MXP,EUR,16.897676
20150204,MXP,GBP,22.528015
20150204,MXP,USD,14.8011
20150203,MXP,EUR,16.959023
20150203,MXP,GBP,22.368793
20150203,MXP,USD,14.7566
20150130,MXP,EUR,16.913024
20150130,MXP,GBP,22.509729
20150130,MXP,USD,14.9885
20150129,MXP,EUR,16.78785
20150129,MXP,GBP,22.328886
20150129,MXP,USD,14.8414
20150128,MXP,EUR,16.646419
20150128,MXP,GBP,22.288737
20150128,MXP,USD,14.6878
20150127,MXP,EUR,16.577624
20150127,MXP,GBP,22.181297
20150127,MXP,USD,14.5872
20150126,MXP,EUR,16.439277
20150126,MXP,GBP,21.995383
20150126,MXP,USD,14.5887
20150123,MXP,EUR,16.467221
20150123,MXP,GBP,21.999755
20150123,MXP,USD,14.6499
20150122,MXP,EUR,16.628456
20150122,MXP,GBP,21.945032
20150122,MXP,USD,14.612
20150121,MXP,EUR,17.037535
20150121,MXP,GBP,22.247347
20150121,MXP,USD,14.6983
20150120,MXP,EUR,16.907916
20150120,MXP,GBP,22.204777
20150120,MXP,USD,14.6484
20150119,MXP,EUR,17.01803
20150119,MXP,GBP,22.158092
20150119,MXP,USD,14.6524
20150116,MXP,EUR,16.878521
20150116,MXP,GBP,22.158634
20150116,MXP,USD,14.6223
20150115,MXP,EUR,16.92836
20150115,MXP,GBP,22.145106
20150115,MXP,USD,14.5821
20150114,MXP,EUR,17.152494
20150114,MXP,GBP,22.175756
20150114,MXP,USD,14.5644
20150113,MXP,EUR,17.139573
20150113,MXP,GBP,22.056556
20150113,MXP,USD,14.5559
20150112,MXP,EUR,17.338647
20150112,MXP,GBP,22.223216
20150112,MXP,USD,14.6398
20150109,MXP,EUR,17.255174
20150109,MXP,GBP,22.109719
20150109,MXP,USD,14.5804
20150108,MXP,EUR,17.23766
20150108,MXP,GBP,22.080792
20150108,MXP,USD,14.6274
20150107,MXP,EUR,17.510445
20150107,MXP,GBP,22.342774
20150107,MXP,USD,14.7936
20150106,MXP,EUR,17.715772
20150106,MXP,GBP,22.53837
20150106,MXP,USD,14.8479
20150105,MXP,EUR,17.844357
20150105,MXP,GBP,22.803738
20150105,MXP,USD,14.9469
20150102,MXP,EUR,17.806663
20150102,MXP,GBP,22.753618
20150102,MXP,USD,14.829
