ID,Cliente,Producto,Region,Edad,Precio,Fecha,Ventas
8714,Alejandro Diaz,Silla,Norte,48.0,920.36,2025-12-01,1724.72
6232,Carlos Ramirez,Monitor,Centro,33.0,842.61,2025-03-02,685.67
6208,Alejandro Diaz,Monitor,Norte,30.0,833.245,2024-09-11,1413.56
1264,Camila Reyes,Teclado,Norte,48.0,478.63,2024-07-01,1549.1
2129,Diego Romero,Mouse,Sin Especificar,30.0,795.32,2024-12-19,1886.58
7536,Valeria Mendoza,Laptop,Norte,51.0,827.5550000000001,2025-11-26,1474.7
5362,Jose Martinez,Camara,Sur,360.0,1006.99,2026-03-18,1402.18
2779,Daniela Cruz,Monitor,Centro,33.0,855.42,,1401.9
6590,Laura Sanchez,Tablet,Sur,49.0,907.75,2026-02-22,1316.37
9700,Daniela Cruz,Laptop,Sur,42.0,659.89,,1280.77
3688,Jorge Morales,Tablet,Occidente,41.0,882.12,2025-10-11,1071.81
5605,Sofia Torres,Escritorio,Occidente,35.0,790.21,2026-05-18,1180.64
2953,Ana Garcia,Camara,Occidente,40.0,780.55,2026-01-21,831.26
5410,Valeria Mendoza,Mouse,Occidente,24.0,960.68,2024-02-24,1691.68
1091,Luis Hernandez,Monitor,Norte,21.0,754.76,2024-10-25,1468.46
5502,Isabel Guzman,Silla,Centro,20.0,458.16,2025-02-11,1043.32
2889,Miguel Flores,Escritorio,Occidente,55.0,841.68,2025-07-17,1393.97
3269,Alejandro Diaz,Teclado,Centro,39.0,503.61,2024-06-12,1690.64
657,Maria Lopez,Laptop,Norte,70.0,549.88,2024-04-09,1203.97
3964,Paola Rios,Camara,Norte,40.0,195.45,2024-03-05,1306.3
8857,Luis Hernandez,Teclado,Sur,30.0,822.475,2026-03-18,1690.45
4351,Pedro Aguilar,Tablet,Occidente,23.0,578.38,2024-05-19,1578.03
763,Diego Romero,Silla,Occidente,50.0,1676.62,2024-11-03,1236.92
6295,Jorge Morales,Mouse,Sin Especificar,53.0,1147.8,2025-04-26,1248.87
609,Sofia Torres,Monitor,Norte,10.0,1146.49,2026-01-07,1025.18
6255,Miguel Flores,Escritorio,Norte,35.0,1236.16,2024-10-28,1454.78
7682,Laura Sanchez,Tablet,Norte,42.0,811.21,,1715.7
6070,Daniela Cruz,Teclado,Norte,55.0,543.19,2024-07-22,1696.41
1244,Carlos Ramirez,Mouse,Occidente,21.0,1249.93,2026-03-04,1517.36
8244,Pedro Aguilar,Laptop,Occidente,49.0,1016.41,2025-01-04,1824.47
8458,Miguel Flores,Mouse,Occidente,54.0,705.06,2024-07-29,1254.46
4699,Diego Romero,Monitor,Norte,38.0,492.26,2025-09-09,1113.46
8775,Isabel Guzman,Laptop,Sur,41.0,522.99,2024-12-07,797.64
9415,Jose Martinez,Teclado,Sur,61.0,1047.31,2025-08-05,1649.44
852,Pedro Aguilar,Escritorio,Occidente,51.0,669.93,2024-04-10,1327.54
6581,Valeria Mendoza,Monitor,Sur,33.0,634.42,2025-11-27,1417.34
389,Maria Lopez,Monitor,Centro,40.0,898.47,2025-08-17,1874.07
2029,Valeria Mendoza,Laptop,Sur,20.0,827.5550000000001,2025-08-30,1706.43
3867,Andres Ortiz,Laptop,Centro,39.0,978.08,2024-09-15,2169.44
2574,Sofia Torres,Silla,Norte,24.0,1081.61,2024-01-20,1594.37
4523,Daniela Cruz,Impresora,Sur,50.0,1181.74,2026-06-12,1422.02
3993,Laura Sanchez,Tablet,Centro,58.0,1450.32,2024-06-21,1894.15
7259,Fernanda Castro,Tablet,Sin Especificar,27.0,658.75,2025-04-10,915.19
9131,Ana Garcia,Teclado,Occidente,45.0,624.11,2025-03-19,1226.07
883,Sofia Torres,Teclado,Norte,44.0,815.77,2024-03-01,1779.27
8155,Daniela Cruz,Camara,Centro,31.0,1240.09,2025-08-30,1944.1
1230,Ana Garcia,Bocina,Norte,27.0,856.29,2025-12-20,1020.82
8493,Miguel Flores,Mouse,Occidente,41.0,597.73,2024-05-22,1534.38
4760,Alejandro Diaz,Escritorio,Sur,42.0,1100.92,2026-06-02,1539.26
5737,Ana Garcia,Escritorio,Centro,34.0,445.79,,1570.47
404,Andres Ortiz,Escritorio,Norte,38.0,832.48,2024-10-09,1198.38
7488,Isabel Guzman,Bocina,Centro,28.0,1093.0,2024-05-10,1408.18
8575,Sofia Torres,Laptop,Sur,25.0,1580.6,2025-02-04,1775.62
6888,Camila Reyes,Monitor,Norte,39.0,951.6,2025-11-24,1719.73
3617,Luis Hernandez,Laptop,Norte,38.0,1358.57,2024-02-03,1157.91
5614,Pedro Aguilar,Mouse,Sur,41.0,122.61,2024-10-27,1412.21
2406,Carlos Ramirez,Bocina,Occidente,14.0,456.28,,1341.82
4382,Paola Rios,Laptop,Sin Especificar,49.0,559.47,2024-08-05,1011.01
6664,Diego Romero,Escritorio,Norte,28.0,1185.79,2024-03-18,1999.27
5658,Maria Lopez,Tablet,Centro,37.0,1524.16,,1876.69
5331,Pedro Aguilar,Bocina,Sur,50.0,1158.39,2024-09-10,1452.08
2863,Diego Romero,Teclado,Sur,40.0,1220.87,2025-03-06,1572.24
3433,Maria Lopez,Tablet,Sur,21.0,690.12,2025-06-26,804.34
5101,Diego Romero,Mouse,Centro,50.0,1347.39,2026-01-06,833.02
6989,Andres Ortiz,Impresora,Norte,36.0,863.75,2024-08-29,1612.7
5049,Sofia Torres,Impresora,Norte,51.0,1184.93,2025-05-04,1053.88
3276,Camila Reyes,Bocina,Norte,58.0,985.43,2024-06-25,1001.99
8830,Jose Martinez,Impresora,Sur,49.0,1216.38,2024-07-08,2122.65
3160,Isabel Guzman,Laptop,Sur,30.0,1458.85,2026-01-26,1450.78
3318,Paola Rios,Impresora,Occidente,34.0,603.16,2024-09-27,1504.05
749,Laura Sanchez,Escritorio,Norte,33.0,713.5,2025-03-28,1178.65
7409,Laura Sanchez,Tablet,Centro,43.0,1151.32,2025-11-24,1509.22
5063,Sofia Torres,Impresora,Occidente,50.0,1274.14,2025-05-21,1269.67
1773,Pedro Aguilar,Tablet,Norte,38.0,953.22,2025-10-18,2231.42
2730,Miguel Flores,Teclado,Centro,27.0,505.45,2024-01-24,768.47
4229,Sofia Torres,Bocina,Norte,26.0,840.105,2024-07-19,897.97
8512,Daniela Cruz,Laptop,Norte,35.0,827.5550000000001,2025-07-21,1533.26
4215,Valeria Mendoza,Mouse,Sur,36.0,1396.09,2024-02-01,1246.58
5899,Isabel Guzman,Teclado,Centro,31.0,753.84,2025-05-08,1610.95
3847,Diego Romero,Teclado,Norte,26.0,823.25,2025-07-21,2066.33
6131,Sofia Torres,Mouse,Occidente,40.0,694.01,2025-02-24,1215.45
2209,Camila Reyes,Escritorio,Occidente,56.0,1214.32,2026-05-07,1969.37
2245,Carlos Ramirez,Bocina,Sur,30.0,1251.07,2024-12-29,1409.71
4252,Luis Hernandez,Impresora,Norte,18.0,687.21,,942.85
4165,Carlos Ramirez,Mouse,Sur,28.0,1325.24,2025-09-27,1016.17
2898,Alejandro Diaz,Tablet,Centro,44.0,1195.94,2026-05-27,1733.78
2044,Carlos Ramirez,Impresora,Norte,22.0,886.44,2024-10-17,1417.29
3561,Luis Hernandez,Tablet,Norte,52.0,443.19,2025-08-01,1175.02
1749,Pedro Aguilar,Camara,Sin Especificar,26.0,434.49,2025-08-04,1790.42
8531,Carlos Ramirez,Silla,Sur,59.0,846.88,2026-04-30,2277.28
2879,Valeria Mendoza,Monitor,Occidente,45.0,1116.44,2024-03-02,1469.83
5082,Andres Ortiz,Monitor,Norte,26.0,867.57,2024-10-14,1518.71
439,Camila Reyes,Mouse,Norte,42.0,1586.8,2025-01-11,1823.01
9703,Ana Garcia,Laptop,Occidente,27.0,560.67,2024-04-02,1199.63
8806,Ana Garcia,Teclado,Norte,24.0,1006.68,2026-01-02,939.81
6567,Valeria Mendoza,Impresora,Centro,54.0,826.23,2025-09-08,1885.71
8804,Diego Romero,Teclado,Sur,50.0,716.61,2026-06-09,620.41
8632,Alejandro Diaz,Monitor,Occidente,42.0,190.34,2024-01-27,1902.72
3303,Miguel Flores,Laptop,Occidente,25.0,945.18,2025-02-19,1075.45
4643,Camila Reyes,Monitor,Sur,43.0,833.245,2025-02-27,1681.34
4033,Jorge Morales,Monitor,Sur,32.0,511.77,,2153.98
1967,Ricardo Vargas,Laptop,Norte,49.0,324.76,2026-01-30,1789.66
1997,Jose Martinez,Laptop,Sur,36.0,517.55,2024-10-05,1468.67
5059,Pedro Aguilar,Bocina,Centro,46.0,431.58,2026-06-02,1260.73
3625,Diego Romero,Tablet,Norte,33.0,725.91,2024-12-17,1423.24
7909,Sofia Torres,Impresora,Occidente,45.0,763.91,2025-04-29,1172.39
6752,Alejandro Diaz,Bocina,Sur,40.0,694.64,2026-03-16,1132.79
4657,Andres Ortiz,Impresora,Occidente,27.0,1216.71,2025-10-17,1676.25
5645,Ana Garcia,Monitor,Occidente,32.0,572.95,2024-12-13,746.48
5118,Pedro Aguilar,Silla,Sur,38.0,888.21,2025-04-27,1071.48
691,Isabel Guzman,Bocina,Sur,23.0,845.85,2025-06-30,1136.49
632,Camila Reyes,Impresora,Occidente,47.0,763.42,2025-08-20,1294.78
8888,Daniela Cruz,Escritorio,Centro,34.0,879.07,2024-11-29,1239.81
6022,Ricardo Vargas,Impresora,Centro,58.0,826.23,2026-04-14,1601.92
5776,Andres Ortiz,Mouse,Occidente,27.0,1051.71,2026-01-23,1770.27
916,Miguel Flores,Tablet,Centro,27.0,1498.9,2025-10-18,1477.18
9227,Jorge Morales,Monitor,Occidente,36.0,981.58,2025-09-19,1215.52
3699,Diego Romero,Mouse,Sur,60.0,1274.92,2024-07-03,1693.82
8230,Carlos Ramirez,Mouse,Sur,47.0,561.71,2025-02-27,1293.7
3978,Carlos Ramirez,Teclado,Centro,45.0,324.56,2025-08-27,1449.51
9117,Jorge Morales,Impresora,Occidente,23.0,718.83,2024-09-05,1616.64
8561,Isabel Guzman,Impresora,Norte,52.0,163.53,2024-08-04,1634.92
6293,Jose Martinez,Impresora,Sur,47.0,723.18,2026-04-13,1197.99
869,Ana Garcia,Tablet,Occidente,45.0,875.46,,1185.06
8832,Daniela Cruz,Mouse,Sur,42.0,925.31,2024-04-27,1351.97
5263,Fernanda Castro,Impresora,Occidente,23.0,992.22,2026-02-08,1501.26
9465,Ricardo Vargas,Escritorio,Centro,28.0,311.35,2025-12-07,1793.34
9928,Andres Ortiz,Mouse,Sur,40.0,1157.1,2024-03-21,1562.29
3262,Miguel Flores,Silla,Centro,22.0,845.17,2026-03-18,1697.72
7614,Carlos Ramirez,Escritorio,Norte,29.0,1280.0,2025-03-18,1375.27
1588,Fernanda Castro,Laptop,Sur,31.0,663.05,2025-10-26,932.15
572,Jose Martinez,Monitor,Norte,31.0,941.4,2024-11-03,1501.2
5278,Sofia Torres,Silla,Norte,41.0,528.47,,1354.93
8537,Pedro Aguilar,Mouse,Sur,47.0,1078.0,2026-06-06,1571.62
3827,Laura Sanchez,Impresora,Centro,18.0,645.58,2025-12-04,848.9
6502,Isabel Guzman,Impresora,Norte,30.0,1089.01,,1681.63
3406,Jose Martinez,Silla,Occidente,6.0,1031.37,2026-04-09,546.79
6474,Pedro Aguilar,Bocina,Sur,14.0,890.05,2025-04-27,762.98
2978,Alejandro Diaz,Teclado,Centro,38.0,629.67,2025-12-04,1266.43
9326,Daniela Cruz,Tablet,Centro,44.0,985.12,,1366.25
6441,Jorge Morales,Laptop,Sur,20.0,889.3,2025-02-17,1438.25
2499,Paola Rios,Silla,Norte,22.0,738.48,,1384.7
3172,Ana Garcia,Tablet,Norte,36.0,420.38,2025-11-11,1897.13
1901,Alejandro Diaz,Teclado,Centro,45.0,1423.64,2025-12-05,1678.16
9506,Isabel Guzman,Tablet,Occidente,50.0,628.59,2025-01-04,1743.97
871,Fernanda Castro,Silla,Centro,30.0,839.84,2024-11-06,2001.29
63,Miguel Flores,Tablet,Norte,67.0,969.59,2024-11-30,1949.81
5374,Sofia Torres,Laptop,Norte,35.0,414.58,2025-10-24,1466.2
3621,Camila Reyes,Mouse,Centro,38.0,819.92,2024-09-20,745.5
2316,Alejandro Diaz,Teclado,Sur,33.0,822.475,2024-10-18,1436.76
9557,Andres Ortiz,Teclado,Norte,38.0,1238.77,2025-05-17,2050.9
3360,Andres Ortiz,Monitor,Occidente,29.0,1023.45,2025-04-16,1073.48
5822,Valeria Mendoza,Impresora,Norte,29.0,541.07,2024-07-04,1182.08
1268,Carlos Ramirez,Tablet,Norte,14.0,813.63,2025-03-18,1420.96
66,Ana Garcia,Silla,Sur,26.0,1181.3,2024-12-03,1086.27
7342,Jorge Morales,Tablet,Centro,44.0,681.66,2024-11-22,1090.87
9383,Carlos Ramirez,Laptop,Occidente,42.0,1051.57,2024-04-15,966.82
1783,Valeria Mendoza,Laptop,Centro,47.0,520.6,2025-05-23,1156.88
8729,Laura Sanchez,Escritorio,Sur,28.0,353.33,2024-12-14,1553.06
8884,Fernanda Castro,Silla,Centro,33.0,1162.5,2026-06-12,1067.67
6017,Alejandro Diaz,Laptop,Occidente,27.0,1064.76,2024-11-01,1557.19
9889,Alejandro Diaz,Escritorio,Centro,45.0,1257.44,2025-03-15,1605.21
4027,Maria Lopez,Monitor,Sin Especificar,37.0,447.21,2025-09-02,1452.49
8363,Luis Hernandez,Monitor,Centro,38.0,571.14,2024-11-29,1691.13
7066,Ricardo Vargas,Camara,Occidente,30.0,829.105,2026-04-20,1344.65
6081,Maria Lopez,Impresora,Occidente,19.0,1094.23,2025-09-05,1336.33
2200,Maria Lopez,Monitor,Sin Especificar,36.0,432.66,2025-03-11,1898.48
8841,Carlos Ramirez,Tablet,Norte,44.0,736.12,2025-07-24,1107.35
9173,Diego Romero,Teclado,Centro,47.0,736.11,2025-02-03,907.05
5012,Camila Reyes,Monitor,Occidente,29.0,846.42,2024-02-04,1627.68
6485,Paola Rios,Tablet,Occidente,49.0,907.12,2024-06-12,1297.47
2442,Valeria Mendoza,Escritorio,Centro,34.0,283.92,,1967.43
2396,Isabel Guzman,Mouse,Centro,34.0,859.63,2025-07-14,1339.5
1173,Andres Ortiz,Impresora,Centro,33.0,806.6,2026-06-09,1777.76
3107,Alejandro Diaz,Impresora,Norte,45.0,1018.37,2026-01-22,1651.54
7562,Alejandro Diaz,Silla,Occidente,33.0,1024.51,2025-09-08,1381.42
1408,Camila Reyes,Escritorio,Norte,47.0,341.13,2024-03-11,1458.98
7308,Sofia Torres,Laptop,Centro,42.0,1520.54,2025-04-11,2043.37
53,Pedro Aguilar,Mouse,Centro,49.0,401.01,2024-10-06,1632.07
4918,Camila Reyes,Bocina,Centro,48.0,1020.24,2024-04-21,1374.67
5937,Jose Martinez,Camara,Centro,49.0,1150.87,2025-11-26,1749.14
2464,Sofia Torres,Monitor,Occidente,35.0,183.92,2025-09-16,1449.2
6260,Ana Garcia,Teclado,Occidente,44.0,1446.72,2024-10-12,1305.64
718,Jose Martinez,Camara,Sur,29.0,891.2,2025-03-13,1503.24
1181,Diego Romero,Mouse,Centro,29.0,819.92,2024-04-21,1908.11
7945,Jorge Morales,Laptop,Norte,56.0,50.0,2025-07-21,1902.52
8507,Laura Sanchez,Silla,Norte,27.0,592.04,2024-05-30,1134.19
8531,Carlos Ramirez,Silla,Sur,59.0,846.88,2026-04-30,2268.96
3709,Luis Hernandez,Laptop,Sur,40.0,1223.37,2025-05-14,770.16
1731,Isabel Guzman,Impresora,Sin Especificar,41.0,468.67,2024-03-06,1857.62
4104,Andres Ortiz,Mouse,Norte,31.0,1311.64,2024-08-18,1142.55
1978,Luis Hernandez,Impresora,Norte,53.0,757.79,2025-08-12,1228.66
897,Maria Lopez,Laptop,Norte,37.0,545.09,2025-03-15,1058.6
8241,Maria Lopez,Teclado,Centro,36.0,814.33,2025-01-24,1263.43
9834,Maria Lopez,Tablet,Centro,38.0,817.46,2024-08-04,1065.72
6018,Andres Ortiz,Mouse,Sur,43.0,447.57,2025-09-03,1242.92
8122,Maria Lopez,Impresora,Centro,31.0,576.97,2024-10-20,1439.88
2339,Ricardo Vargas,Teclado,Occidente,28.0,928.36,2024-01-20,1210.57
501,Sofia Torres,Silla,Norte,53.0,605.7,,1490.32
6310,Alejandro Diaz,Bocina,Centro,43.0,840.105,2025-10-22,714.46
5354,Alejandro Diaz,Monitor,Norte,26.0,1348.27,2026-04-17,2086.35
7189,Miguel Flores,Monitor,Centro,49.0,686.3,2025-05-06,1602.07
1253,Sofia Torres,Laptop,Occidente,32.0,573.08,2025-02-28,986.12
2018,Maria Lopez,Tablet,Centro,42.0,568.2,2024-05-27,1843.2
8662,Carlos Ramirez,Monitor,Norte,38.0,834.31,2025-10-19,1323.75
7670,Diego Romero,Escritorio,Centro,21.0,777.42,2025-07-26,1623.7
4800,Camila Reyes,Laptop,Norte,42.0,844.43,2025-08-03,919.85
7997,Alejandro Diaz,Impresora,Occidente,58.0,826.23,2025-05-05,2310.06
4426,Pedro Aguilar,Escritorio,Centro,5.0,1200.64,2024-05-04,1156.72
6735,Laura Sanchez,Bocina,Norte,18.0,890.12,2026-02-09,798.57
3921,Daniela Cruz,Mouse,Sur,56.0,646.92,2026-04-11,1145.59
4407,Jose Martinez,Monitor,Sur,38.0,1003.01,2024-04-05,1292.62
9232,Fernanda Castro,Mouse,Occidente,57.0,488.98,2024-11-05,1395.88
5949,Maria Lopez,Escritorio,Occidente,32.0,869.41,2024-12-02,1247.52
379,Valeria Mendoza,Monitor,Norte,34.0,609.17,2024-07-18,1243.45
5616,Luis Hernandez,Tablet,Occidente,50.0,681.29,2026-01-29,1912.78
7515,Laura Sanchez,Teclado,Sur,43.0,707.83,2025-08-05,1226.31
9899,Luis Hernandez,Impresora,Centro,38.0,615.03,2025-07-16,1643.16
1392,Ricardo Vargas,Teclado,Norte,41.0,822.475,2025-05-11,1699.32
6827,Andres Ortiz,Impresora,Centro,41.0,771.1,2025-12-29,1751.58
8167,Maria Lopez,Monitor,Occidente,38.0,833.245,2024-08-24,634.62
346,Fernanda Castro,Teclado,Centro,10.0,1100.33,2024-03-04,1526.44
9055,Diego Romero,Monitor,Occidente,20.0,869.47,2026-03-08,1373.84
6767,Andres Ortiz,Bocina,Centro,38.0,1288.92,2024-12-30,1758.12
7913,Pedro Aguilar,Silla,Occidente,26.0,978.31,2024-09-30,2076.86
3024,Camila Reyes,Camara,Sur,37.0,1238.71,,1188.75
1364,Paola Rios,Camara,Sur,29.0,960.78,2024-06-20,1949.03
1720,Ana Garcia,Escritorio,Sur,51.0,704.6,2025-04-28,1545.52
1024,Diego Romero,Monitor,Occidente,34.0,726.59,2025-04-24,1204.62
1299,Sofia Torres,Tablet,Norte,11.0,1137.12,,805.27
7328,Jose Martinez,Mouse,Norte,30.0,1194.97,,1912.52
5179,Diego Romero,Laptop,Sur,19.0,1121.57,2024-08-23,2091.68
8721,Ana Garcia,Monitor,Centro,44.0,873.19,2025-10-30,1232.35
9460,Ana Garcia,Mouse,Occidente,72.0,900.65,2025-09-15,1801.91
9312,Daniela Cruz,Mouse,Sur,27.0,974.94,2025-09-11,1593.37
3311,Diego Romero,Escritorio,Norte,47.0,772.4,2024-11-22,1204.25
2435,Isabel Guzman,Impresora,Centro,45.0,1340.79,2026-04-23,561.83
7712,Fernanda Castro,Bocina,Sur,41.0,946.5,2024-02-29,1390.35
7611,Alejandro Diaz,Monitor,Centro,37.0,606.43,2026-03-02,1808.67
7955,Isabel Guzman,Tablet,Sur,40.0,624.1,2024-09-21,1852.17
4497,Carlos Ramirez,Escritorio,Sur,52.0,1290.03,2025-03-05,1318.06
9203,Fernanda Castro,Impresora,Centro,38.0,223.99,2024-03-29,1055.83
9373,Jose Martinez,Laptop,Sur,25.0,968.49,2025-02-03,1058.18
6388,Fernanda Castro,Camara,Occidente,42.0,829.105,2026-03-05,1555.33
164,Isabel Guzman,Laptop,Sur,25.0,909.07,2025-09-06,1276.29
7372,Daniela Cruz,Teclado,Occidente,23.0,333.11,2025-03-16,1340.04
2012,Paola Rios,Teclado,Sur,29.0,822.475,2024-12-19,1090.55
8174,Maria Lopez,Tablet,Sur,38.0,552.06,2024-06-15,1630.8
1527,Miguel Flores,Camara,Centro,33.0,1174.31,2026-03-22,1327.95
2550,Valeria Mendoza,Monitor,Centro,37.0,1147.08,2026-06-06,1075.94
7171,Fernanda Castro,Impresora,Norte,22.0,1472.71,2026-02-26,1733.72
3476,Pedro Aguilar,Laptop,Sur,32.0,1117.15,2024-06-03,1936.56
695,Carlos Ramirez,Impresora,Norte,69.0,882.35,2025-04-27,1323.46
8084,Daniela Cruz,Camara,Centro,36.0,795.76,2026-04-01,1492.59
5139,Carlos Ramirez,Teclado,Norte,35.0,535.37,2025-07-17,1240.07
2710,Maria Lopez,Monitor,Norte,63.0,484.49,2025-03-04,1220.46
4707,Paola Rios,Mouse,Occidente,27.0,377.45,2026-08-02,1170.42
8427,Andres Ortiz,Bocina,Norte,35.0,917.99,2025-12-29,1692.5
7509,Valeria Mendoza,Mouse,Norte,53.0,1390.84,2024-10-17,1937.87
2996,Carlos Ramirez,Teclado,Norte,46.0,822.475,2025-02-28,1097.34
3998,Maria Lopez,Mouse,Norte,50.0,524.19,2025-09-03,1414.3
2515,Miguel Flores,Impresora,Norte,31.0,826.23,,1072.68
9178,Fernanda Castro,Escritorio,Occidente,47.0,832.48,2024-01-17,597.91
1874,Pedro Aguilar,Impresora,Occidente,36.0,635.22,2026-02-27,2037.47
2786,Andres Ortiz,Camara,Centro,49.0,1027.13,2026-05-04,1555.92
9462,Luis Hernandez,Impresora,Sur,36.0,888.61,2024-07-12,1637.23
2606,Carlos Ramirez,Escritorio,Centro,38.0,832.48,2026-05-09,1343.97
4939,Camila Reyes,Teclado,Centro,38.0,946.85,2025-06-19,1599.3
6572,Carlos Ramirez,Impresora,Centro,38.0,683.71,2024-06-10,1549.78
98,Paola Rios,Impresora,Centro,45.0,815.58,2025-01-31,1977.55
7013,Luis Hernandez,Laptop,Centro,48.0,511.66,2024-01-23,1470.85
8399,Miguel Flores,Bocina,Centro,38.0,1025.83,2024-10-14,1000.58
5558,Alejandro Diaz,Impresora,Sur,23.0,111.34,2024-09-11,712.93
5787,Ricardo Vargas,Bocina,Occidente,75.0,1296.11,2024-03-12,1680.03
5548,Andres Ortiz,Bocina,Centro,30.0,1036.1,,1411.23
9063,Miguel Flores,Monitor,Norte,47.0,1172.63,2024-09-01,1338.95
2452,Paola Rios,Tablet,Occidente,45.0,1045.36,2024-11-05,1565.7
9548,Laura Sanchez,Monitor,Centro,41.0,545.93,2025-02-09,1759.36
7703,Daniela Cruz,Laptop,Norte,38.0,1260.45,2024-10-22,1436.01
6808,Carlos Ramirez,Tablet,Sur,50.0,1115.67,2024-04-06,1578.64
9023,Daniela Cruz,Silla,Centro,57.0,260.23,2025-06-28,1439.04
141,Ana Garcia,Tablet,Occidente,52.0,915.45,2026-01-09,1906.97
6690,Fernanda Castro,Escritorio,Centro,32.0,731.66,2026-01-09,2144.79
642,Pedro Aguilar,Escritorio,Centro,66.0,177.08,2024-12-17,1557.4
5958,Jose Martinez,Escritorio,Occidente,29.0,1177.8,2024-03-15,1526.29
3450,Laura Sanchez,Teclado,Norte,25.0,849.56,2024-06-02,1460.58
8424,Andres Ortiz,Camara,Occidente,49.0,763.91,2025-02-07,1366.88
9589,Ana Garcia,Tablet,Centro,29.0,1209.76,2026-04-16,1889.12
8069,Valeria Mendoza,Teclado,Occidente,20.0,922.94,2024-04-07,1072.38
3783,Diego Romero,Impresora,Sin Especificar,41.0,963.82,2024-08-27,1138.69
63,Miguel Flores,Tablet,Norte,67.0,969.59,2024-11-30,1931.66
9843,Ricardo Vargas,Bocina,Sur,50.0,869.69,2025-07-04,611.36
1643,Jose Martinez,Silla,Occidente,43.0,704.11,2026-04-02,1524.25
8540,Paola Rios,Laptop,Norte,20.0,1094.17,2024-10-21,1994.1
1281,Isabel Guzman,Silla,Sur,36.0,891.39,2026-03-07,1738.28
1522,Miguel Flores,Mouse,Sur,43.0,945.78,2025-05-31,1290.8
7214,Jose Martinez,Bocina,Norte,38.0,363.48,2024-04-12,1401.22
3530,Luis Hernandez,Camara,Occidente,24.0,863.43,2025-03-17,1719.46
5584,Laura Sanchez,Escritorio,Occidente,51.0,489.91,2025-04-19,1974.39
3951,Diego Romero,Impresora,Occidente,30.0,1076.47,2025-03-03,1637.41
4924,Jose Martinez,Impresora,Centro,40.0,583.1,2026-05-24,1322.25
8796,Miguel Flores,Silla,Norte,33.0,740.75,2025-08-11,1630.43
1153,Ana Garcia,Bocina,Sur,29.0,747.84,2025-07-02,876.04
3774,Carlos Ramirez,Monitor,Norte,36.0,676.06,2024-05-13,862.81
3186,Ana Garcia,Escritorio,Norte,42.0,376.48,2025-07-17,1821.81
5898,Ana Garcia,Camara,Norte,30.0,487.91,2025-03-25,1175.38
271,Laura Sanchez,Impresora,Occidente,44.0,50.0,2026-04-05,1339.12
7839,Camila Reyes,Camara,Sur,53.0,897.92,2024-02-12,1466.94
9425,Fernanda Castro,Laptop,Sin Especificar,43.0,713.24,2025-12-07,2086.09
8340,Valeria Mendoza,Bocina,Norte,31.0,1615.57,2026-05-28,1423.51
2715,Laura Sanchez,Silla,Centro,31.0,635.59,2025-01-29,1035.89
7054,Carlos Ramirez,Mouse,Occidente,55.0,855.41,2024-05-24,1143.95
9677,Camila Reyes,Mouse,Centro,33.0,959.79,2024-08-02,1007.83
4349,Jose Martinez,Laptop,Centro,39.0,664.37,2025-03-05,556.5
9279,Andres Ortiz,Monitor,Centro,62.0,241.9,2025-01-13,1059.87
6484,Andres Ortiz,Escritorio,Norte,47.0,381.08,2024-01-19,1486.57
6444,Ana Garcia,Camara,Sur,14.0,1137.99,2026-05-18,1174.92
836,Sofia Torres,Tablet,Norte,32.0,414.32,2024-05-23,1904.52
6948,Ricardo Vargas,Camara,Sur,37.0,267.84,2026-01-11,1662.63
3657,Miguel Flores,Impresora,Occidente,22.0,793.75,2025-02-01,1141.52
2847,Jorge Morales,Teclado,Sur,57.0,667.89,2025-12-13,1345.53
795,Diego Romero,Tablet,Centro,10.0,664.46,2025-01-27,1889.18
3196,Ricardo Vargas,Tablet,Norte,36.0,1192.72,2025-07-05,1709.02
4425,Ana Garcia,Bocina,Sin Especificar,44.0,774.47,2024-07-23,1557.64
4925,Ricardo Vargas,Mouse,Occidente,18.0,431.91,2024-04-09,1707.58
6841,Maria Lopez,Camara,Occidente,17.0,627.69,2024-09-26,1296.32
8810,Ricardo Vargas,Bocina,Occidente,51.0,1058.38,2026-02-24,1178.79
37,Valeria Mendoza,Escritorio,Norte,48.0,832.48,,955.02
4887,Fernanda Castro,Teclado,Norte,44.0,353.55,2026-05-10,1466.22
6701,Camila Reyes,Tablet,Sur,32.0,516.72,2025-03-16,1836.13
6657,Jose Martinez,Laptop,Occidente,16.0,1457.61,2024-08-15,1667.66
1877,Valeria Mendoza,Bocina,Occidente,17.0,951.12,2025-08-14,1558.86
8491,Camila Reyes,Laptop,Sin Especificar,60.0,1160.79,2024-04-30,1381.02
5818,Andres Ortiz,Camara,Occidente,47.0,554.29,2025-01-08,1246.86
5770,Camila Reyes,Camara,Norte,22.0,829.105,,1137.1
4335,Ana Garcia,Monitor,Norte,33.0,811.29,2025-06-09,1870.86
5933,Daniela Cruz,Mouse,Norte,43.0,1173.43,2025-06-04,746.46
9492,Jose Martinez,Impresora,Sur,24.0,954.88,2024-02-06,922.71
4069,Daniela Cruz,Camara,Sur,23.0,196.38,2026-04-12,1797.66
7788,Andres Ortiz,Escritorio,Centro,33.0,826.87,2025-04-12,1104.05
7538,Pedro Aguilar,Bocina,Sur,45.0,830.19,2024-09-09,1133.6
7020,Maria Lopez,Silla,Sur,42.0,1058.56,2025-11-11,1187.99
4401,Isabel Guzman,Teclado,Occidente,37.0,900.03,2025-02-16,1433.95
8208,Daniela Cruz,Bocina,Sur,46.0,999.33,2024-06-08,1403.03
4411,Maria Lopez,Silla,Sur,48.0,801.38,2025-06-16,1482.63
4218,Fernanda Castro,Bocina,Sur,35.0,1153.21,2025-07-20,1515.79
7922,Valeria Mendoza,Tablet,Centro,32.0,1294.8,2026-03-13,1757.17
886,Jose Martinez,Bocina,Centro,29.0,806.22,2025-10-24,1308.28
5668,Pedro Aguilar,Impresora,Sin Especificar,36.0,820.94,2026-03-25,1589.0
9511,Miguel Flores,Teclado,Norte,48.0,1020.69,2024-07-25,1254.59
946,Alejandro Diaz,Camara,Sur,40.0,837.72,2026-05-03,1240.89
9795,Fernanda Castro,Mouse,Centro,36.0,403.42,2024-12-24,2019.3
4487,Daniela Cruz,Mouse,Occidente,43.0,801.71,2024-06-21,1397.79
7927,Maria Lopez,Bocina,Norte,47.0,778.34,,1528.3
5761,Diego Romero,Impresora,Sur,52.0,1249.18,2025-02-24,1917.67
6313,Pedro Aguilar,Teclado,Centro,32.0,1067.29,2024-06-24,1334.92
6997,Ricardo Vargas,Camara,Centro,32.0,819.09,2026-01-22,1189.24
9950,Luis Hernandez,Laptop,Occidente,30.0,843.75,2024-03-14,877.11
4712,Carlos Ramirez,Mouse,Sur,36.0,773.2,2025-02-03,2035.63
12,Alejandro Diaz,Mouse,Sur,25.0,628.81,2026-05-13,1201.25
2432,Valeria Mendoza,Escritorio,Sur,29.0,803.76,2025-07-31,1212.08
9455,Pedro Aguilar,Teclado,Centro,32.0,698.47,2025-02-08,1054.54
1430,Daniela Cruz,Bocina,Sur,17.0,461.1,2026-01-31,1491.58
8807,Daniela Cruz,Mouse,Sin Especificar,14.0,764.12,2026-03-13,1070.49
4950,Paola Rios,Escritorio,Occidente,33.0,1007.19,2025-09-11,1441.98
2388,Miguel Flores,Mouse,Sur,55.0,870.4,,1943.29
9996,Maria Lopez,Camara,Centro,38.0,892.95,2026-04-20,1221.82
9485,Isabel Guzman,Bocina,Centro,40.0,819.95,2025-09-15,1435.7
4310,Miguel Flores,Mouse,Norte,30.0,767.73,2024-08-06,1998.55
5688,Fernanda Castro,Mouse,Centro,43.0,999.48,,1787.14
4608,Carlos Ramirez,Teclado,Sur,29.0,1065.01,2026-10-05,1385.16
4679,Paola Rios,Teclado,Centro,40.0,1430.93,2025-07-08,992.71
5190,Miguel Flores,Silla,Norte,24.0,425.02,2024-02-27,1622.4
4341,Sofia Torres,Monitor,Sur,43.0,1043.14,2025-01-06,1472.15
7884,Alejandro Diaz,Bocina,Sur,37.0,782.8,2025-01-14,1592.57
4649,Fernanda Castro,Teclado,Sur,355.0,771.52,2025-01-12,727.05
6710,Jose Martinez,Laptop,Norte,46.0,827.5550000000001,2025-11-25,1179.94
5195,Paola Rios,Silla,Sur,40.0,1216.29,2024-12-18,1679.53
681,Maria Lopez,Laptop,Sur,55.0,1478.06,2025-08-20,1074.15
4821,Maria Lopez,Camara,Occidente,44.0,1405.59,2025-01-07,1213.84
4706,Ana Garcia,Impresora,Centro,46.0,826.23,,1378.18
5280,Isabel Guzman,Silla,Occidente,46.0,475.1,2026-03-30,1661.83
3583,Diego Romero,Monitor,Norte,38.0,822.73,2024-06-12,1616.1
5365,Ricardo Vargas,Impresora,Norte,27.0,688.02,,1065.92
7954,Isabel Guzman,Teclado,Sur,42.0,392.58,2024-07-31,1463.91
2116,Maria Lopez,Tablet,Occidente,32.0,1192.46,2024-03-17,851.98
2067,Camila Reyes,Bocina,Occidente,26.0,840.105,2026-02-22,732.55
4285,Pedro Aguilar,Silla,Sur,18.0,908.58,2024-11-02,1948.87
7450,Jorge Morales,Silla,Sur,35.0,832.68,2025-10-27,1124.96
7546,Daniela Cruz,Silla,Occidente,54.0,393.58,2025-05-16,1376.61
3134,Jorge Morales,Monitor,Occidente,41.0,1104.6,2026-06-18,1641.69
607,Ricardo Vargas,Teclado,Occidente,33.0,769.81,2025-06-13,1755.68
4765,Daniela Cruz,Escritorio,Sur,24.0,1671.61,2024-08-18,1111.81
3573,Ana Garcia,Tablet,Centro,40.0,972.7,2025-06-15,1486.56
843,Paola Rios,Teclado,Occidente,23.0,866.48,2025-06-25,1714.69
29,Jorge Morales,Mouse,Sur,48.0,1061.79,2025-12-09,1927.83
100,Alejandro Diaz,Tablet,Occidente,27.0,384.09,,1294.16
6781,Maria Lopez,Escritorio,Norte,36.0,628.66,2024-12-05,1434.49
9872,Sofia Torres,Escritorio,Norte,53.0,528.57,2026-04-29,1468.28
7949,Ricardo Vargas,Escritorio,Occidente,11.0,832.48,2026-02-20,1045.69
1803,Laura Sanchez,Silla,Centro,31.0,729.24,2025-03-12,1088.36
7826,Diego Romero,Mouse,Norte,43.0,1164.93,2024-12-28,1443.78
1658,Carlos Ramirez,Mouse,Centro,71.0,1134.4,2026-01-22,1856.49
3629,Sofia Torres,Teclado,Occidente,35.0,347.93,2024-06-03,1341.69
2407,Camila Reyes,Laptop,Norte,27.0,827.5550000000001,2024-06-23,1145.93
5403,Alejandro Diaz,Monitor,Centro,33.0,1057.47,2025-02-08,1133.31
9208,Alejandro Diaz,Camara,Sin Especificar,41.0,860.14,2024-06-21,2370.75
9360,Miguel Flores,Monitor,Norte,32.0,710.33,2026-01-07,1647.46
6290,Luis Hernandez,Laptop,Occidente,20.0,888.71,2026-02-16,1359.58
2800,Luis Hernandez,Monitor,Centro,53.0,807.09,2024-12-22,1215.04
733,Pedro Aguilar,Silla,Sur,48.0,856.4,2026-01-14,1905.7
7370,Camila Reyes,Tablet,Sur,38.0,838.68,2024-06-14,1238.57
6896,Isabel Guzman,Escritorio,Centro,31.0,1090.41,2025-01-31,1036.53
5019,Jose Martinez,Silla,Occidente,41.0,1077.17,,1551.39
864,Luis Hernandez,Bocina,Sur,45.0,287.45,,1210.61
1778,Fernanda Castro,Impresora,Occidente,62.0,1093.93,2024-06-14,1580.78
9300,Laura Sanchez,Tablet,Occidente,33.0,598.45,2024-12-13,1661.53
3868,Ricardo Vargas,Escritorio,Occidente,55.0,1328.88,,2013.82
2600,Alejandro Diaz,Camara,Centro,46.0,1156.09,2025-08-21,2095.82
3846,Carlos Ramirez,Mouse,Occidente,34.0,1248.07,2024-12-03,988.38
8727,Paola Rios,Impresora,Sur,8.0,569.96,2025-09-25,2077.91
1986,Andres Ortiz,Escritorio,Centro,45.0,602.71,2026-02-06,1304.13
8699,Daniela Cruz,Escritorio,Sur,47.0,1049.62,2024-11-30,1092.04
2475,Ana Garcia,Escritorio,Sin Especificar,37.0,1259.16,2026-05-01,1540.44
9015,Valeria Mendoza,Camara,Sur,44.0,1119.69,2025-06-19,337.91
3553,Valeria Mendoza,Escritorio,Occidente,36.0,1070.29,,740.13
8053,Camila Reyes,Tablet,Occidente,41.0,1023.91,2025-09-17,664.7
1739,Valeria Mendoza,Escritorio,Occidente,30.0,1360.16,2024-05-10,1484.27
9222,Alejandro Diaz,Camara,Sur,26.0,1193.63,2025-10-20,1709.93
5967,Andres Ortiz,Camara,Sur,54.0,862.14,,1525.73
7697,Carlos Ramirez,Silla,Centro,41.0,964.51,2025-09-13,1760.78
3485,Maria Lopez,Laptop,Sur,43.0,884.94,2026-01-19,1750.6
2968,Maria Lopez,Escritorio,Occidente,34.0,1179.65,2024-04-04,1485.58
6755,Ricardo Vargas,Tablet,Sur,21.0,837.83,2024-04-27,1451.58
5506,Andres Ortiz,Laptop,Centro,45.0,546.98,,1059.04
2122,Valeria Mendoza,Camara,Sur,40.0,1167.08,2025-02-25,1371.59
1290,Miguel Flores,Bocina,Centro,39.0,1028.26,2024-05-24,1689.37
9160,Paola Rios,Impresora,Sin Especificar,15.0,549.41,2025-06-14,1758.51
1386,Miguel Flores,Impresora,Centro,35.0,1126.7,2026-09-05,1072.45
2769,Ana Garcia,Camara,Occidente,31.0,1442.3,2024-05-25,1705.21
8872,Maria Lopez,Escritorio,Occidente,24.0,907.07,2024-08-17,793.49
6874,Andres Ortiz,Impresora,Norte,40.0,1104.33,,1310.52
3394,Daniela Cruz,Escritorio,Centro,37.0,859.36,2024-07-20,1298.56
2539,Daniela Cruz,Silla,Norte,17.0,919.12,2025-06-05,1956.83
5002,Fernanda Castro,Mouse,Norte,25.0,266.76,2025-07-22,1615.85
5954,Luis Hernandez,Laptop,Sin Especificar,59.0,733.7,2025-07-28,1340.96
2924,Ricardo Vargas,Impresora,Centro,39.0,636.4,2024-07-09,1356.96
6054,Miguel Flores,Mouse,Norte,41.0,649.2,2025-02-09,1677.06
1897,Alejandro Diaz,Camara,Sur,42.0,818.19,2025-01-22,967.7
7301,Maria Lopez,Teclado,Norte,60.0,369.9,2024-03-19,1669.33
3835,Pedro Aguilar,Mouse,Sur,37.0,301.83,2024-03-30,1919.42
5479,Laura Sanchez,Bocina,Occidente,46.0,996.24,2026-01-08,1253.48
8213,Luis Hernandez,Impresora,Centro,40.0,724.92,2026-06-13,1467.22
2511,Diego Romero,Impresora,Sur,44.0,1266.02,2025-07-21,2313.52
4415,Alejandro Diaz,Silla,Sur,35.0,1210.27,2025-02-08,1440.51
6585,Pedro Aguilar,Laptop,Occidente,58.0,1130.43,2026-03-15,1477.57
9251,Jorge Morales,Silla,Sur,33.0,448.82,,1079.9
6892,Jose Martinez,Bocina,Norte,53.0,1157.0,2024-09-18,1492.01
2283,Isabel Guzman,Monitor,Sur,28.0,852.32,2024-04-17,1467.75
1103,Laura Sanchez,Silla,Sur,33.0,864.1,2026-03-12,1486.52
2747,Isabel Guzman,Bocina,Occidente,47.0,1175.4,2025-07-08,2180.04
5121,Sofia Torres,Monitor,Centro,35.0,703.17,2024-05-23,1077.77
6990,Sofia Torres,Mouse,Norte,48.0,1111.72,2025-09-10,1721.34
7781,Maria Lopez,Impresora,Occidente,38.0,683.25,2025-10-03,1410.01
9080,Sofia Torres,Silla,Occidente,35.0,959.55,2025-12-31,1684.56
2920,Valeria Mendoza,Silla,Centro,54.0,1182.54,2026-01-04,1859.79
2424,Luis Hernandez,Escritorio,Centro,40.0,1453.46,2024-12-09,1466.22
3606,Andres Ortiz,Tablet,Norte,39.0,1116.52,2024-04-01,1690.58
6599,Valeria Mendoza,Impresora,Norte,41.0,952.55,2025-11-27,1070.37
5020,Pedro Aguilar,Tablet,Norte,33.0,697.24,2024-12-22,1715.71
2684,Fernanda Castro,Silla,Sur,41.0,1056.61,2025-05-02,1200.1
3271,Sofia Torres,Impresora,Occidente,22.0,859.06,2026-04-26,1742.02
9372,Diego Romero,Teclado,Centro,53.0,1003.61,2025-04-30,1865.34
5805,Luis Hernandez,Bocina,Norte,21.0,859.92,2024-03-24,1379.06
68,Jose Martinez,Escritorio,Centro,39.0,681.64,2024-09-07,1098.07
2071,Ana Garcia,Laptop,Norte,11.0,843.96,2026-02-01,1997.38
3855,Carlos Ramirez,Silla,Centro,30.0,1620.21,2025-03-15,1068.09
5259,Ricardo Vargas,Teclado,Sur,30.0,970.33,2024-07-01,1682.96
7482,Jorge Morales,Mouse,Norte,53.0,735.07,2024-07-02,1164.78
57,Camila Reyes,Impresora,Sur,51.0,997.25,2025-09-29,859.58
5945,Paola Rios,Bocina,Norte,35.0,1054.37,2025-12-20,1161.67
4870,Fernanda Castro,Laptop,Norte,51.0,1476.2,2025-08-25,1194.24
6354,Laura Sanchez,Laptop,Norte,46.0,779.8,2024-03-10,1371.01
2036,Daniela Cruz,Tablet,Centro,36.0,838.68,2025-11-04,1574.5
7051,Miguel Flores,Laptop,Sur,42.0,796.33,2026-05-01,1554.74
724,Paola Rios,Laptop,Centro,35.0,278.19,2025-06-12,1172.29
3330,Ana Garcia,Impresora,Occidente,30.0,718.01,2025-02-14,958.49
9981,Ricardo Vargas,Camara,Norte,38.0,829.105,2024-06-04,1125.61
6798,Paola Rios,Monitor,Centro,19.0,400.29,2025-03-08,1707.35
3773,Fernanda Castro,Mouse,Centro,52.0,303.54,2025-05-13,1486.9
2404,Valeria Mendoza,Monitor,Sur,41.0,721.62,2025-03-28,1341.84
3991,Laura Sanchez,Mouse,Centro,49.0,518.05,2026-05-11,1175.62
9720,Jorge Morales,Teclado,Norte,42.0,460.16,2024-01-02,635.55
4234,Ricardo Vargas,Mouse,Occidente,27.0,805.41,2024-12-14,1530.41
4054,Luis Hernandez,Silla,Occidente,40.0,745.08,2024-05-03,2054.48
3275,Maria Lopez,Teclado,Sur,45.0,424.31,2026-02-06,872.66
4353,Maria Lopez,Mouse,Occidente,27.0,914.42,2026-02-06,1121.72
6071,Camila Reyes,Camara,Centro,38.0,774.67,2025-09-14,1479.0
8568,Laura Sanchez,Mouse,Norte,22.0,1636.84,2024-10-10,765.03
1137,Maria Lopez,Laptop,Sur,43.0,806.15,2024-06-04,1456.99
5611,Ricardo Vargas,Monitor,Sur,36.0,761.91,2026-05-12,1258.21
7229,Luis Hernandez,Bocina,Centro,38.0,715.34,2024-11-11,1298.83
2941,Jorge Morales,Mouse,Occidente,33.0,1276.71,2024-10-06,1071.08
7591,Alejandro Diaz,Camara,Centro,23.0,1054.77,2026-04-25,986.75
8815,Fernanda Castro,Teclado,Norte,39.0,760.28,2024-12-08,1809.28
1196,Valeria Mendoza,Tablet,Sur,29.0,910.96,2025-01-11,1185.22
8620,Jorge Morales,Teclado,Centro,23.0,802.32,2024-07-12,1490.98
7111,Laura Sanchez,Laptop,Sin Especificar,28.0,625.15,2024-05-12,1617.43
9113,Maria Lopez,Monitor,Norte,60.0,1065.69,2025-08-08,1115.55
7367,Pedro Aguilar,Mouse,Occidente,35.0,646.01,2025-03-10,1468.87
624,Miguel Flores,Mouse,Norte,36.0,752.38,2024-09-01,1185.86
5437,Ricardo Vargas,Bocina,Norte,42.0,559.46,2025-07-01,663.73
8570,Camila Reyes,Camara,Norte,35.0,973.71,2025-03-20,1336.8
1925,Sofia Torres,Escritorio,Occidente,19.0,931.21,2025-04-14,891.24
7260,Pedro Aguilar,Monitor,Centro,55.0,927.68,2025-07-05,1380.45
7246,Carlos Ramirez,Teclado,Centro,18.0,703.55,2025-07-17,1598.15
3743,Camila Reyes,Laptop,Norte,58.0,1006.64,2025-11-14,1500.16
3716,Maria Lopez,Laptop,Occidente,46.0,1013.41,,1201.88
653,Daniela Cruz,Impresora,Occidente,45.0,843.51,2025-08-01,1344.68
6178,Laura Sanchez,Monitor,Centro,38.0,966.14,2024-07-06,1315.95
2135,Paola Rios,Escritorio,Centro,13.0,1050.34,2024-05-23,1403.48
1437,Daniela Cruz,Monitor,Centro,44.0,833.245,2024-03-23,1686.1
8237,Alejandro Diaz,Mouse,Centro,28.0,613.97,2024-06-29,1055.77
2793,Laura Sanchez,Tablet,Sur,11.0,1175.48,2024-11-08,1257.25
3325,Daniela Cruz,Bocina,Sur,57.0,635.54,2025-12-24,1079.88
5572,Andres Ortiz,Escritorio,Occidente,39.0,220.95,2024-07-04,1166.0
2428,Isabel Guzman,Silla,Sur,50.0,661.86,2024-04-30,1762.63
1814,Ana Garcia,Mouse,Sur,37.0,774.9,2026-01-27,1027.45
2563,Isabel Guzman,Teclado,Occidente,60.0,742.45,2024-10-24,1754.13
9923,Pedro Aguilar,Silla,Centro,51.0,807.35,2025-10-14,1455.58
9315,Isabel Guzman,Teclado,Norte,53.0,1268.01,2025-07-05,1789.58
2645,Laura Sanchez,Escritorio,Norte,66.0,1131.41,2026-01-28,703.28
4065,Daniela Cruz,Mouse,Norte,38.0,982.89,2024-04-11,1126.75
6063,Alejandro Diaz,Laptop,Occidente,1.0,78.72,2024-07-19,1932.53
1649,Jorge Morales,Laptop,Centro,52.0,1012.65,2024-04-27,1202.48
9822,Andres Ortiz,Impresora,Centro,38.0,826.23,2025-07-15,1437.77
8996,Jorge Morales,Teclado,Centro,41.0,956.71,2026-01-24,1793.29
8845,Paola Rios,Camara,Occidente,44.0,829.105,2024-09-01,1416.32
7508,Alejandro Diaz,Monitor,Sur,19.0,261.36,2026-05-10,1351.06
858,Valeria Mendoza,Monitor,Centro,39.0,674.89,2025-05-23,1292.81
940,Valeria Mendoza,Escritorio,Occidente,31.0,1306.15,2024-04-07,1375.68
935,Luis Hernandez,Impresora,Sur,31.0,414.59,2025-10-24,2047.86
9050,Alejandro Diaz,Mouse,Centro,50.0,819.92,2024-10-04,773.64
9613,Luis Hernandez,Impresora,Sur,53.0,1220.48,2025-05-03,1178.0
9284,Maria Lopez,Impresora,Norte,23.0,637.98,2025-03-08,1607.79
2269,Laura Sanchez,Tablet,Centro,20.0,253.56,2024-10-31,1682.51
3440,Carlos Ramirez,Tablet,Occidente,38.0,833.65,2024-06-13,1226.73
5144,Alejandro Diaz,Bocina,Occidente,28.0,1058.06,2026-06-16,1054.0
8833,Diego Romero,Escritorio,Sur,59.0,1022.01,2024-10-17,1536.34
5663,Miguel Flores,Monitor,Sur,46.0,833.245,2025-08-30,1019.65
9154,Fernanda Castro,Laptop,Sur,51.0,1140.62,2026-03-15,1814.63
5823,Ricardo Vargas,Monitor,Sin Especificar,31.0,706.96,2025-05-24,1531.62
7320,Isabel Guzman,Laptop,Norte,40.0,1065.55,2026-05-27,1004.08
2114,Paola Rios,Camara,Centro,34.0,1426.67,2025-06-24,772.16
3062,Daniela Cruz,Silla,Centro,53.0,736.33,2024-06-13,1504.21
9668,Isabel Guzman,Bocina,Occidente,46.0,953.43,2024-10-25,906.64
7881,Paola Rios,Tablet,Sur,26.0,1065.12,2024-02-04,866.5
3409,Ricardo Vargas,Teclado,Occidente,35.0,796.18,2025-05-19,1405.57
5203,Diego Romero,Monitor,Sur,34.0,963.7,2026-03-12,1717.45
5561,Paola Rios,Teclado,Norte,46.0,824.99,2025-10-16,1585.13
1678,Carlos Ramirez,Silla,Norte,44.0,786.77,2025-10-24,1237.21
8697,Ricardo Vargas,Mouse,Sur,36.0,1057.2,2024-02-03,1663.98
80,Jose Martinez,Camara,Sin Especificar,43.0,694.57,2024-09-25,1757.14
6052,Daniela Cruz,Mouse,Norte,40.0,885.83,2025-07-10,1547.4
738,Alejandro Diaz,Silla,Centro,53.0,272.32,2024-02-07,1606.3
1724,Fernanda Castro,Teclado,Norte,59.0,770.93,2025-10-16,1376.3
3607,Miguel Flores,Camara,Norte,25.0,977.91,2024-01-10,1741.84
4398,Jose Martinez,Mouse,Norte,52.0,849.46,,2016.81
2302,Miguel Flores,Laptop,Occidente,34.0,1440.52,2024-06-08,1407.47
6476,Jorge Morales,Monitor,Centro,57.0,626.43,2025-11-11,1488.26
3658,Carlos Ramirez,Bocina,Occidente,41.0,1083.55,2024-12-10,2309.79
3295,Pedro Aguilar,Teclado,Occidente,48.0,1429.87,2025-10-03,1014.18
7756,Jorge Morales,Teclado,Occidente,54.0,822.475,2026-06-13,1371.49
8671,Jose Martinez,Laptop,Occidente,51.0,603.97,2026-05-14,1413.97
7836,Ricardo Vargas,Tablet,Centro,34.0,704.93,2026-01-26,1841.09
1610,Diego Romero,Escritorio,Centro,46.0,1048.76,2025-01-17,948.57
3707,Valeria Mendoza,Mouse,Norte,43.0,1253.84,2026-03-23,1683.25
2035,Carlos Ramirez,Camara,Occidente,32.0,706.35,2025-07-19,1170.63
844,Diego Romero,Camara,Norte,36.0,394.42,2025-08-04,1492.2
6801,Fernanda Castro,Bocina,Occidente,45.0,840.105,2024-01-14,1910.88
2632,Fernanda Castro,Silla,Centro,60.0,528.86,,1509.71
6190,Fernanda Castro,Mouse,Sur,38.0,418.21,2024-07-18,1776.01
3300,Valeria Mendoza,Tablet,Norte,47.0,1013.55,2025-08-21,1531.18
5455,Pedro Aguilar,Silla,Norte,52.0,845.06,2024-11-18,1527.09
2828,Carlos Ramirez,Escritorio,Occidente,75.0,832.48,2024-04-23,807.78
4280,Jorge Morales,Teclado,Occidente,35.0,1243.72,2025-05-24,1515.8
8108,Camila Reyes,Impresora,Sur,35.0,819.74,2024-09-09,1082.73
508,Laura Sanchez,Laptop,Occidente,56.0,463.25,2025-03-22,1119.42
182,Ana Garcia,Monitor,Norte,35.0,798.2,2026-04-07,2041.64
8812,Andres Ortiz,Camara,Sur,23.0,713.6,2025-07-18,1347.44
3924,Daniela Cruz,Monitor,Sur,38.0,617.37,2025-04-11,1930.69
6751,Alejandro Diaz,Tablet,Occidente,41.0,615.79,2025-04-16,1001.94
6596,Camila Reyes,Silla,Centro,35.0,1219.15,2025-05-11,1249.89
2416,Ana Garcia,Laptop,Sin Especificar,42.0,940.97,2025-09-21,1222.75
176,Miguel Flores,Tablet,Occidente,43.0,756.07,2025-05-21,1315.27
9291,Andres Ortiz,Mouse,Occidente,53.0,547.1,2024-05-10,1415.64
233,Valeria Mendoza,Teclado,Norte,40.0,276.28,2024-07-29,1083.32
7852,Miguel Flores,Laptop,Norte,43.0,982.56,2025-11-07,1800.95
8407,Jose Martinez,Silla,Centro,37.0,1172.54,2024-02-03,1703.38
1945,Laura Sanchez,Laptop,Sur,38.0,723.36,2025-11-24,973.59
7983,Valeria Mendoza,Bocina,Sur,46.0,749.94,2025-11-29,1335.27
5445,Diego Romero,Bocina,Occidente,18.0,50.0,2025-09-18,878.0
1298,Ana Garcia,Impresora,Sur,56.0,249.41,2024-12-23,1642.84
5869,Camila Reyes,Silla,Sur,31.0,852.81,2024-01-31,1641.74
5001,Andres Ortiz,Laptop,Centro,40.0,1430.28,2025-08-20,1567.73
5895,Pedro Aguilar,Mouse,Centro,45.0,950.5,2024-06-05,1493.36
6038,Fernanda Castro,Monitor,Occidente,26.0,1057.51,2025-12-29,1500.99
9741,Jorge Morales,Bocina,Occidente,38.0,994.6,2024-05-15,2033.97
8905,Miguel Flores,Tablet,Centro,42.0,502.15,2024-06-10,1226.27
949,Jorge Morales,Monitor,Norte,42.0,1051.07,2025-01-12,1603.11
174,Ricardo Vargas,Camara,Sin Especificar,25.0,386.02,2025-01-05,1603.15
5769,Fernanda Castro,Camara,Sur,10.0,1203.36,2024-12-30,1244.36
6483,Isabel Guzman,Teclado,Centro,50.0,985.68,2025-01-24,898.35
6296,Alejandro Diaz,Laptop,Sur,29.0,1191.24,2026-12-02,1267.26
375,Daniela Cruz,Laptop,Sur,64.0,621.86,2024-05-01,1327.47
9855,Andres Ortiz,Tablet,Centro,41.0,1012.79,2024-05-31,1510.12
9262,Andres Ortiz,Escritorio,Occidente,22.0,756.34,2024-06-23,1814.88
1562,Valeria Mendoza,Bocina,Sur,29.0,596.04,2025-02-05,986.03
8733,Sofia Torres,Teclado,Norte,34.0,753.53,2025-08-24,1546.69
1138,Daniela Cruz,Teclado,Norte,39.0,822.475,2024-02-10,1794.17
617,Jorge Morales,Laptop,Sur,71.0,781.39,2025-11-09,1423.36
602,Fernanda Castro,Laptop,Occidente,40.0,1191.46,2025-06-28,1718.23
717,Isabel Guzman,Escritorio,Sur,50.0,832.48,2025-09-13,1378.55
9970,Laura Sanchez,Bocina,Norte,51.0,890.95,2025-11-25,1010.39
8455,Luis Hernandez,Tablet,Occidente,39.0,976.82,2026-10-03,1687.12
5330,Sofia Torres,Teclado,Centro,32.0,1284.73,2026-03-28,1253.95
7230,Ricardo Vargas,Laptop,Centro,43.0,1135.83,2025-09-14,978.58
2254,Alejandro Diaz,Teclado,Sur,40.0,1104.65,2024-04-10,1144.62
3912,Carlos Ramirez,Bocina,Centro,21.0,724.89,2026-02-11,1724.81
5992,Ana Garcia,Laptop,Occidente,44.0,827.5550000000001,2026-01-27,1484.63
3917,Camila Reyes,Mouse,Norte,44.0,1529.32,2024-09-02,1682.87
3984,Carlos Ramirez,Escritorio,Centro,185.0,719.48,2025-03-19,1186.72
232,Diego Romero,Impresora,Norte,49.0,685.74,2025-07-25,1119.37
9309,Ricardo Vargas,Camara,Occidente,41.0,1339.43,2026-05-23,763.13
4197,Andres Ortiz,Monitor,Centro,40.0,815.27,2024-07-11,1508.83
9384,Daniela Cruz,Bocina,Occidente,37.0,900.69,,1296.84
4372,Jose Martinez,Escritorio,Sur,33.0,682.91,2024-09-16,1862.71
4938,Isabel Guzman,Tablet,Sur,49.0,1071.85,2024-12-31,1179.15
4287,Luis Hernandez,Escritorio,Occidente,42.0,1172.33,2026-09-03,1102.53
421,Ricardo Vargas,Bocina,Sin Especificar,30.0,518.85,2024-11-28,1251.35
1040,Fernanda Castro,Laptop,Sur,46.0,382.87,2025-12-26,2004.02
6507,Andres Ortiz,Impresora,Centro,39.0,839.17,2024-09-09,1197.92
8687,Alejandro Diaz,Tablet,Occidente,40.0,1166.63,2024-09-14,1709.76
1936,Paola Rios,Monitor,Occidente,49.0,755.91,2024-09-01,1382.69
2897,Camila Reyes,Tablet,Occidente,51.0,474.82,2024-11-18,1501.89
4524,Luis Hernandez,Silla,Occidente,38.0,1110.23,2025-12-07,1675.39
5313,Ana Garcia,Tablet,Centro,47.0,842.64,2024-07-08,868.47
1699,Jose Martinez,Teclado,Centro,54.0,717.4,2026-06-12,882.42
3776,Miguel Flores,Laptop,Occidente,37.0,969.65,2026-01-24,1544.78
5639,Ricardo Vargas,Camara,Occidente,45.0,1384.61,2026-06-03,974.55
7916,Ricardo Vargas,Monitor,Norte,45.0,936.56,2025-03-27,954.43
3400,Camila Reyes,Tablet,Occidente,64.0,951.58,2025-05-02,1807.49
1584,Ana Garcia,Silla,Occidente,37.0,1627.17,2024-10-23,1427.81
6776,Fernanda Castro,Bocina,Centro,18.0,840.105,2025-12-08,1710.64
3270,Diego Romero,Bocina,Sur,35.0,1122.21,2024-11-11,2429.55
6589,Miguel Flores,Bocina,Centro,54.0,546.45,2026-04-18,1477.18
7291,Maria Lopez,Bocina,Sur,26.0,744.21,2024-01-19,1509.18
5027,Paola Rios,Camara,Sin Especificar,48.0,399.82,2025-04-07,1360.25
9008,Daniela Cruz,Laptop,Sur,35.0,1000.24,2026-01-11,1106.86
1798,Fernanda Castro,Camara,Sin Especificar,22.0,857.08,2024-06-24,1258.1
5637,Jorge Morales,Bocina,Sur,34.0,1185.16,2025-07-22,1546.34
1742,Sofia Torres,Laptop,Norte,36.0,745.93,2024-09-19,1359.63
537,Camila Reyes,Mouse,Norte,26.0,816.01,2024-04-09,1677.15
907,Miguel Flores,Impresora,Sur,26.0,747.55,2024-12-07,1974.64
4593,Maria Lopez,Tablet,Occidente,45.0,889.87,2024-08-02,1844.7
7634,Carlos Ramirez,Tablet,Norte,37.0,1203.24,2024-10-26,1161.51
9316,Alejandro Diaz,Impresora,Sur,66.0,1385.92,2024-03-25,1016.01
8585,Fernanda Castro,Teclado,Occidente,45.0,742.42,2026-02-28,1095.41
7298,Luis Hernandez,Camara,Occidente,38.0,634.42,2025-01-21,1254.67
9567,Camila Reyes,Camara,Occidente,39.0,862.27,2026-03-27,1578.74
3866,Sofia Torres,Impresora,Sur,22.0,1013.19,2024-04-08,1058.81
5998,Daniela Cruz,Camara,Sur,21.0,916.19,2025-04-21,1766.73
8397,Fernanda Castro,Impresora,Centro,37.0,728.45,2025-02-14,1470.26
5780,Isabel Guzman,Escritorio,Occidente,31.0,845.18,2026-04-14,1452.64
7180,Jose Martinez,Silla,Norte,40.0,1100.33,,1377.56
563,Sofia Torres,Mouse,Norte,26.0,660.49,2025-11-05,369.91
7658,Jorge Morales,Escritorio,Occidente,52.0,643.28,2024-02-09,1093.66
9850,Alejandro Diaz,Camara,Centro,33.0,949.53,,1748.72
1970,Camila Reyes,Escritorio,Sur,32.0,926.18,2025-03-29,1652.6
5811,Daniela Cruz,Mouse,Centro,51.0,1333.8,2024-07-05,1132.07
8239,Sofia Torres,Escritorio,Norte,37.0,870.96,2024-11-06,1872.55
4106,Ana Garcia,Mouse,Occidente,35.0,1349.46,2026-05-04,1825.97
4670,Camila Reyes,Bocina,Norte,38.0,1113.38,2025-07-18,1381.65
5589,Luis Hernandez,Monitor,Occidente,26.0,774.12,2026-01-25,1886.77
7112,Miguel Flores,Laptop,Occidente,37.0,511.33,2025-06-18,1755.3
3298,Laura Sanchez,Mouse,Sur,49.0,591.34,2026-04-19,1882.06
1916,Pedro Aguilar,Impresora,Centro,32.0,317.95,,1719.94
640,Diego Romero,Camara,Centro,25.0,1508.56,2024-07-20,638.65
6263,Alejandro Diaz,Silla,Norte,45.0,1249.45,2025-08-10,1296.3
2369,Fernanda Castro,Escritorio,Norte,31.0,1221.98,2025-04-30,1145.29
8579,Maria Lopez,Teclado,Centro,43.0,1485.89,2026-06-04,920.66
3908,Valeria Mendoza,Impresora,Centro,71.0,1395.32,2024-11-04,1597.24
8605,Camila Reyes,Teclado,Centro,32.0,513.58,2025-11-02,1945.36
4798,Andres Ortiz,Impresora,Norte,20.0,570.98,,1606.2
4822,Daniela Cruz,Impresora,Centro,35.0,932.44,2024-11-08,1595.52
7035,Pedro Aguilar,Tablet,Sur,29.0,893.94,2025-01-04,1023.65
5007,Laura Sanchez,Laptop,Occidente,28.0,1348.57,2024-01-22,498.44
6639,Ricardo Vargas,Impresora,Sur,46.0,1121.1,2026-05-20,1407.26
5934,Valeria Mendoza,Teclado,Sur,27.0,630.86,2024-01-31,770.84
61,Carlos Ramirez,Escritorio,Occidente,48.0,688.35,2026-02-02,1681.66
6387,Sofia Torres,Laptop,Sur,53.0,768.06,2024-03-21,1103.6
9583,Paola Rios,Laptop,Norte,51.0,811.62,2024-11-04,1396.25
534,Isabel Guzman,Camara,Occidente,46.0,1586.91,2025-12-01,2282.99
5115,Sofia Torres,Tablet,Sin Especificar,52.0,838.68,2025-08-22,1929.92
676,Luis Hernandez,Silla,Occidente,50.0,719.22,2025-03-04,1646.62
7433,Isabel Guzman,Impresora,Norte,60.0,855.41,2025-04-06,853.26
6082,Miguel Flores,Camara,Centro,23.0,725.05,2024-03-29,1052.49
5636,Valeria Mendoza,Tablet,Sur,52.0,995.39,2026-04-18,1758.29
4464,Laura Sanchez,Teclado,Norte,37.0,1036.4,2024-07-17,1595.63
9560,Jose Martinez,Tablet,Centro,50.0,1048.84,2024-09-17,1306.53
2831,Carlos Ramirez,Bocina,Norte,7.0,1361.18,2026-05-05,1343.89
2162,Isabel Guzman,Monitor,Occidente,38.0,995.11,2025-04-30,1683.31
8094,Jorge Morales,Silla,Sur,44.0,852.81,2025-10-30,1465.29
113,Miguel Flores,Teclado,Norte,45.0,1301.92,2024-11-06,1946.05
4601,Carlos Ramirez,Camara,Norte,54.0,577.05,2024-06-13,925.11
3088,Laura Sanchez,Escritorio,Sur,390.0,1343.51,2024-05-06,734.82
4853,Sofia Torres,Escritorio,Occidente,39.0,952.51,2024-04-13,1836.66
6908,Valeria Mendoza,Teclado,Norte,39.0,340.06,2025-07-06,1486.37
4780,Pedro Aguilar,Tablet,Occidente,33.0,1156.34,2025-01-30,452.42
9826,Ana Garcia,Teclado,Occidente,39.0,822.475,2026-12-01,1007.31
3245,Camila Reyes,Monitor,Norte,33.0,1240.5,2024-10-15,1202.1
1782,Jose Martinez,Silla,Occidente,50.0,776.81,2024-11-13,1635.87
2308,Pedro Aguilar,Monitor,Sur,20.0,1264.69,2025-05-08,928.47
8890,Isabel Guzman,Laptop,Sur,44.0,686.3,2025-03-19,2079.98
8576,Maria Lopez,Camara,Norte,43.0,637.0,2025-12-18,1319.78
8879,Luis Hernandez,Teclado,Centro,25.0,1028.14,2025-01-16,1643.47
9814,Isabel Guzman,Mouse,Occidente,32.0,1335.44,2024-10-09,1256.59
901,Jose Martinez,Teclado,Norte,49.0,753.16,2024-03-18,1010.64
5111,Fernanda Castro,Teclado,Occidente,32.0,920.21,2025-04-10,1625.28
7437,Ana Garcia,Escritorio,Centro,36.0,701.05,2025-04-11,1249.77
1499,Paola Rios,Bocina,Norte,27.0,1177.44,2025-01-14,1291.9
6760,Diego Romero,Camara,Centro,51.0,1076.52,2025-01-25,1773.14
413,Laura Sanchez,Bocina,Sur,48.0,840.105,2024-04-05,1616.59
4797,Pedro Aguilar,Escritorio,Centro,44.0,832.48,2024-07-07,880.22
228,Isabel Guzman,Laptop,Occidente,37.0,1188.98,2024-02-07,686.71
2701,Diego Romero,Escritorio,Occidente,53.0,645.2,2024-02-26,1294.59
2058,Alejandro Diaz,Silla,Centro,55.0,812.7,2025-09-25,1397.48
9541,Jorge Morales,Impresora,Occidente,39.0,1029.34,,1530.62
5651,Fernanda Castro,Camara,Centro,54.0,829.105,2024-02-16,1196.88
670,Isabel Guzman,Escritorio,Centro,33.0,309.31,2024-05-26,1891.62
4377,Ana Garcia,Impresora,Occidente,57.0,1130.03,2024-03-10,667.2
6396,Camila Reyes,Escritorio,Occidente,26.0,1173.01,2024-08-02,957.91
5487,Jose Martinez,Tablet,Norte,41.0,793.83,2025-04-24,479.32
6857,Laura Sanchez,Impresora,Centro,39.0,767.27,2025-11-12,1759.4
8462,Fernanda Castro,Camara,Norte,35.0,633.52,2025-11-27,1136.42
8409,Luis Hernandez,Laptop,Occidente,35.0,806.92,2026-05-10,1771.1
100,Alejandro Diaz,Tablet,Occidente,27.0,384.09,,1324.64
2530,Pedro Aguilar,Impresora,Centro,45.0,1692.79,2024-06-17,1565.76
7463,Ricardo Vargas,Mouse,Sur,29.0,610.11,2024-10-09,1441.28
8953,Andres Ortiz,Camara,Occidente,20.0,699.48,2024-07-15,1414.05
306,Andres Ortiz,Silla,Norte,27.0,649.88,2024-08-10,1258.83
5980,Maria Lopez,Bocina,Centro,40.0,440.43,2025-08-26,1386.27
3980,Isabel Guzman,Laptop,Centro,42.0,900.95,2025-11-30,1599.9
7492,Miguel Flores,Laptop,Norte,29.0,480.39,2026-04-07,1865.8
2199,Daniela Cruz,Teclado,Centro,46.0,745.15,2024-06-17,1314.68
6683,Sofia Torres,Laptop,Centro,38.0,719.96,2025-10-03,1235.49
4178,Valeria Mendoza,Escritorio,Sur,59.0,1400.18,2025-08-28,1512.84
4732,Daniela Cruz,Laptop,Sur,30.0,1268.28,2024-03-18,2161.09
9,Luis Hernandez,Escritorio,Centro,36.0,947.96,,1819.78
8259,Daniela Cruz,Impresora,Norte,35.0,1067.5,2024-05-05,1202.63
3686,Sofia Torres,Silla,Centro,29.0,1194.69,2026-05-04,1122.95
3872,Alejandro Diaz,Teclado,Sur,32.0,743.9,2025-04-30,1000.11
6451,Andres Ortiz,Camara,Norte,27.0,1149.61,2026-02-12,1730.62
2425,Miguel Flores,Escritorio,Centro,39.0,1312.87,2025-01-09,1502.79
3040,Jose Martinez,Laptop,Norte,27.0,770.85,2024-07-14,934.89
4161,Laura Sanchez,Camara,Sur,40.0,466.9,2025-04-16,1538.38
1385,Valeria Mendoza,Teclado,Norte,21.0,782.61,2025-02-26,1562.14
1770,Ana Garcia,Bocina,Norte,44.0,1269.71,2026-05-13,1344.03
6408,Carlos Ramirez,Escritorio,Sur,34.0,1016.55,2025-06-09,1018.36
7151,Camila Reyes,Camara,Norte,30.0,620.59,2025-09-14,1465.54
3030,Sofia Torres,Silla,Norte,19.0,1016.36,2025-11-07,1420.36
1198,Andres Ortiz,Escritorio,Occidente,25.0,1362.43,2025-04-28,1195.94
8715,Camila Reyes,Monitor,Norte,28.0,833.245,2026-03-15,1802.31
2334,Carlos Ramirez,Escritorio,Sur,22.0,50.0,2024-04-15,1098.18
6538,Diego Romero,Mouse,Centro,37.0,895.75,2024-08-06,896.54
1280,Alejandro Diaz,Tablet,Centro,38.0,543.08,2025-11-11,1466.75
8859,Pedro Aguilar,Mouse,Occidente,41.0,752.47,2026-03-12,1449.7
1200,Daniela Cruz,Monitor,Norte,52.0,1452.85,2025-01-14,1047.73
5034,Daniela Cruz,Laptop,Centro,24.0,654.06,2026-01-27,1593.74
4773,Carlos Ramirez,Monitor,Norte,49.0,738.11,2025-10-09,1210.57
1110,Jose Martinez,Silla,Sur,31.0,754.77,2024-12-27,1272.31
8282,Andres Ortiz,Silla,Centro,30.0,773.12,2026-02-01,2290.8
4587,Andres Ortiz,Mouse,Centro,50.0,1099.23,2025-10-14,1174.72
2763,Laura Sanchez,Silla,Centro,36.0,1293.25,2025-09-15,1851.25
8912,Luis Hernandez,Mouse,Occidente,62.0,956.68,2026-04-30,829.39
9944,Pedro Aguilar,Tablet,Occidente,38.0,516.81,2024-08-24,981.17
4557,Paola Rios,Laptop,Centro,44.0,711.01,2025-02-01,1813.11
8394,Camila Reyes,Bocina,Occidente,51.0,946.7,2025-09-10,1313.13
2368,Fernanda Castro,Bocina,Norte,53.0,840.105,2025-08-20,1801.31
344,Fernanda Castro,Mouse,Sur,46.0,580.32,2026-01-29,1331.66
3966,Diego Romero,Laptop,Sur,34.0,841.18,2025-07-30,1401.62
6769,Laura Sanchez,Mouse,Sin Especificar,38.0,819.92,2024-06-03,1827.81
359,Camila Reyes,Laptop,Norte,28.0,817.89,2025-05-03,1135.98
753,Camila Reyes,Teclado,Sur,37.0,822.475,2024-07-15,917.21
8441,Diego Romero,Bocina,Sur,9.0,50.0,2025-10-15,1380.81
1932,Paola Rios,Silla,Sur,52.0,966.44,2025-03-25,1523.55
8004,Laura Sanchez,Impresora,Centro,38.0,871.97,2026-02-15,1567.38
1451,Valeria Mendoza,Mouse,Sur,34.0,819.92,2026-03-20,1632.43
7325,Jorge Morales,Mouse,Sin Especificar,45.0,517.21,2025-03-16,772.4
9286,Valeria Mendoza,Laptop,Norte,41.0,755.5,2026-09-04,622.31
5254,Alejandro Diaz,Mouse,Centro,38.0,819.92,2025-02-20,1184.11
5217,Miguel Flores,Laptop,Sur,38.0,801.1,2025-03-07,1941.23
414,Camila Reyes,Tablet,Norte,46.0,406.52,2024-06-29,990.38
1484,Pedro Aguilar,Tablet,Sur,38.0,638.61,2026-03-17,1345.42
2268,Fernanda Castro,Bocina,Norte,40.0,893.36,2025-10-01,1415.5
7147,Fernanda Castro,Bocina,Centro,50.0,920.73,2026-05-26,1586.76
4841,Ricardo Vargas,Bocina,Sur,62.0,1143.68,,1015.51
1833,Laura Sanchez,Mouse,Sur,15.0,961.28,2026-04-04,1247.57
7354,Paola Rios,Silla,Centro,30.0,207.28,2024-04-21,1377.9
9653,Ricardo Vargas,Mouse,Sur,47.0,754.64,2026-10-02,1869.18
5785,Maria Lopez,Teclado,Centro,35.0,678.91,2025-01-14,835.09
1754,Valeria Mendoza,Impresora,Norte,28.0,1343.23,2025-01-18,1963.99
4032,Isabel Guzman,Teclado,Norte,46.0,566.22,2026-05-02,1641.48
1459,Paola Rios,Bocina,Centro,36.0,839.84,2025-04-18,1328.29
3654,Valeria Mendoza,Camara,Centro,19.0,792.12,2025-03-06,1162.95
6113,Carlos Ramirez,Impresora,Centro,32.0,1383.07,2024-05-06,2027.21
4574,Camila Reyes,Escritorio,Norte,17.0,865.26,2025-04-26,1307.46
7467,Jose Martinez,Impresora,Sur,68.0,771.82,2024-03-02,1393.46
4379,Alejandro Diaz,Tablet,Centro,11.0,470.44,2025-09-17,1411.63
8361,Laura Sanchez,Mouse,Occidente,34.0,743.34,2025-11-17,1423.95
459,Andres Ortiz,Laptop,Norte,59.0,702.16,2024-04-28,1464.23
4968,Alejandro Diaz,Mouse,Occidente,25.0,653.12,2025-04-28,1674.65
9764,Carlos Ramirez,Impresora,Sin Especificar,51.0,1300.67,2025-08-29,418.58
4598,Isabel Guzman,Laptop,Norte,36.0,923.44,2025-10-28,1347.5
3565,Andres Ortiz,Camara,Sur,30.0,940.21,2024-03-12,1600.26
6783,Diego Romero,Teclado,Occidente,32.0,592.85,2025-08-05,804.86
8046,Diego Romero,Camara,Occidente,30.0,520.46,,1468.68
4128,Jose Martinez,Mouse,Norte,25.0,804.45,2025-05-22,1612.86
9153,Sofia Torres,Mouse,Centro,31.0,1028.15,2024-03-10,1485.82
7363,Jose Martinez,Escritorio,Sur,46.0,283.03,2026-04-18,1557.02
9111,Paola Rios,Escritorio,Occidente,47.0,1134.45,2025-01-24,1228.68
8223,Alejandro Diaz,Silla,Sur,17.0,976.69,2025-11-02,882.52
3985,Valeria Mendoza,Escritorio,Centro,35.0,897.4,2024-02-24,1576.21
4544,Ana Garcia,Bocina,Centro,28.0,717.77,2025-07-26,1697.66
2597,Maria Lopez,Silla,Occidente,43.0,723.48,2024-10-11,1774.19
6191,Ana Garcia,Laptop,Centro,42.0,1057.84,,1150.98
6537,Carlos Ramirez,Impresora,Sin Especificar,40.0,826.23,2025-04-17,1282.78
9468,Pedro Aguilar,Impresora,Sur,35.0,1529.53,2024-03-18,1220.15
7065,Ricardo Vargas,Mouse,Sur,36.0,1153.28,2025-01-24,1187.89
3232,Jose Martinez,Escritorio,Norte,59.0,844.83,2025-10-21,1545.55
2658,Diego Romero,Impresora,Sur,47.0,826.23,2024-09-04,1543.46
9503,Jorge Morales,Mouse,Centro,38.0,819.92,2024-06-21,1192.22
5950,Maria Lopez,Laptop,Occidente,51.0,559.79,2025-08-02,1153.13
9692,Isabel Guzman,Mouse,Sur,53.0,386.34,2024-09-17,1546.27
8365,Fernanda Castro,Mouse,Norte,55.0,70.8,2026-05-05,1313.6
5649,Ana Garcia,Laptop,Centro,38.0,519.55,2026-01-12,1673.52
7397,Carlos Ramirez,Escritorio,Norte,9.0,943.81,2025-02-01,1499.62
7102,Luis Hernandez,Silla,Centro,50.0,852.81,2024-03-09,1472.56
3437,Andres Ortiz,Camara,Centro,41.0,585.26,2024-11-02,1376.04
4431,Laura Sanchez,Laptop,Centro,34.0,931.33,2024-02-15,1082.03
5288,Laura Sanchez,Laptop,Occidente,11.0,1166.07,2026-01-24,1902.42
8556,Carlos Ramirez,Laptop,Occidente,49.0,1110.21,2025-01-03,1375.37
3216,Daniela Cruz,Teclado,Occidente,29.0,1325.67,2024-02-25,1366.97
6656,Luis Hernandez,Mouse,Sur,38.0,678.95,2024-05-21,2142.3
6897,Diego Romero,Laptop,Centro,32.0,917.03,2024-03-04,1200.09
3723,Laura Sanchez,Monitor,Sur,45.0,833.245,2026-02-20,1617.03
4192,Jorge Morales,Escritorio,Occidente,40.0,1049.5,2025-07-20,1738.65
3031,Alejandro Diaz,Teclado,Occidente,51.0,1213.66,,1725.79
1294,Andres Ortiz,Impresora,Centro,44.0,739.31,2024-06-09,1924.64
8389,Ricardo Vargas,Monitor,Occidente,28.0,1118.43,2025-09-22,1729.52
7187,Fernanda Castro,Laptop,Sur,39.0,975.93,2025-08-17,1028.27
7977,Daniela Cruz,Monitor,Sur,30.0,590.25,,1328.52
1671,Carlos Ramirez,Impresora,Norte,30.0,850.85,2024-10-20,1354.11
3648,Camila Reyes,Laptop,Centro,37.0,906.5,2025-04-29,945.88
8145,Ana Garcia,Bocina,Occidente,42.0,395.12,2024-09-21,1546.36
6785,Valeria Mendoza,Silla,Sur,58.0,1273.24,2026-02-08,507.96
3198,Laura Sanchez,Silla,Norte,19.0,752.66,2025-12-01,1711.76
9399,Miguel Flores,Teclado,Sur,32.0,1031.07,2024-11-29,1182.17
8519,Camila Reyes,Tablet,Centro,27.0,1112.72,2026-01-11,1123.14
3525,Paola Rios,Laptop,Occidente,67.0,880.23,2025-11-05,816.97
1321,Camila Reyes,Bocina,Norte,35.0,660.67,2026-05-27,1887.74
5943,Paola Rios,Monitor,Occidente,19.0,1504.28,2025-06-01,1437.27
5057,Luis Hernandez,Monitor,Norte,32.0,1112.79,2024-12-27,1027.1
489,Ricardo Vargas,Escritorio,Sin Especificar,38.0,900.78,2025-06-15,1711.25
1436,Paola Rios,Laptop,Centro,35.0,589.92,2024-06-26,1545.53
4039,Daniela Cruz,Teclado,Sin Especificar,55.0,619.6,2025-08-16,1323.39
3778,Diego Romero,Laptop,Centro,27.0,1013.58,2024-03-31,1612.14
3436,Daniela Cruz,Tablet,Occidente,51.0,1021.75,2025-05-11,1848.01
9009,Ana Garcia,Tablet,Centro,30.0,835.14,2025-04-12,822.78
7419,Andres Ortiz,Bocina,Norte,31.0,701.41,2024-03-15,1245.81
7555,Ana Garcia,Laptop,Sur,21.0,1147.33,,1026.85
4516,Paola Rios,Escritorio,Occidente,22.0,832.48,2024-12-24,1090.38
4244,Jorge Morales,Monitor,Centro,33.0,903.41,2025-05-27,1085.89
81,Paola Rios,Monitor,Sur,54.0,833.245,2025-06-12,969.38
1666,Sofia Torres,Tablet,Norte,29.0,631.62,2024-10-03,1876.98
5864,Miguel Flores,Laptop,Sur,27.0,291.45,2024-03-02,1408.25
1,Isabel Guzman,Silla,Occidente,34.0,747.1,2026-03-10,1495.42
4371,Sofia Torres,Camara,Norte,45.0,1170.19,2024-07-14,1207.48
8900,Ricardo Vargas,Tablet,Sur,14.0,1288.45,,1542.36
3358,Jose Martinez,Escritorio,Norte,49.0,773.88,2025-07-13,696.55
2776,Ana Garcia,Teclado,Sin Especificar,26.0,1099.23,2025-06-29,1491.36
8882,Luis Hernandez,Tablet,Centro,47.0,304.51,2024-08-23,2152.28
1018,Laura Sanchez,Escritorio,Centro,32.0,1380.18,2025-03-27,1139.34
3456,Laura Sanchez,Laptop,Sur,28.0,1271.06,2024-10-18,1707.42
5968,Isabel Guzman,Monitor,Norte,60.0,1313.78,2026-01-16,1524.24
6395,Laura Sanchez,Impresora,Centro,54.0,608.52,2025-07-12,937.51
2384,Paola Rios,Escritorio,Norte,32.0,833.13,2025-01-23,1153.15
6152,Fernanda Castro,Mouse,Occidente,24.0,819.92,2024-05-21,1205.48
6615,Valeria Mendoza,Escritorio,Norte,28.0,665.84,,1499.67
9037,Carlos Ramirez,Laptop,Sur,36.0,693.91,2025-04-10,778.48
3420,Ricardo Vargas,Monitor,Occidente,15.0,978.61,,1454.23
7169,Luis Hernandez,Escritorio,Occidente,26.0,621.99,2024-05-17,1098.3
1158,Diego Romero,Bocina,Sin Especificar,45.0,1063.11,,1010.28
7640,Jose Martinez,Monitor,Occidente,52.0,733.06,2025-07-15,553.92
1286,Fernanda Castro,Tablet,Sur,1.0,888.0,2024-03-12,1601.86
1546,Sofia Torres,Monitor,Norte,31.0,824.88,2024-09-18,1066.73
9977,Jose Martinez,Bocina,Occidente,50.0,891.02,2025-08-19,1914.75
9615,Laura Sanchez,Silla,Sur,35.0,852.81,2024-06-29,1509.53
4087,Alejandro Diaz,Monitor,Norte,40.0,750.5,2025-07-03,882.0
3480,Laura Sanchez,Teclado,Centro,29.0,1215.37,2024-10-19,1997.22
1741,Camila Reyes,Laptop,Occidente,37.0,857.03,,1329.78
8295,Carlos Ramirez,Mouse,Occidente,22.0,887.29,2024-08-22,1277.71
2409,Jorge Morales,Laptop,Norte,19.0,867.29,,1364.04
7736,Jose Martinez,Monitor,Sur,35.0,990.17,2025-06-25,1651.3
6079,Valeria Mendoza,Escritorio,Norte,31.0,981.7,2025-04-22,1725.54
5474,Isabel Guzman,Laptop,Sur,39.0,843.61,2025-11-05,1302.15
9124,Miguel Flores,Impresora,Centro,41.0,868.42,2025-05-22,1095.66
4469,Ricardo Vargas,Tablet,Sur,35.0,866.07,2026-04-02,1231.88
9128,Camila Reyes,Monitor,Norte,41.0,833.245,2026-04-15,1126.07
5412,Luis Hernandez,Laptop,Centro,35.0,609.94,2024-08-17,1122.11
6480,Diego Romero,Impresora,Centro,40.0,764.41,2025-07-05,725.69
5345,Jorge Morales,Teclado,Centro,45.0,814.44,2025-08-20,1608.24
5678,Daniela Cruz,Camara,Sur,32.0,830.6,2024-08-30,1266.08
6183,Sofia Torres,Laptop,Sur,38.0,877.67,,1854.76
6961,Valeria Mendoza,Laptop,Occidente,20.0,523.17,2024-03-12,1702.14
6547,Camila Reyes,Escritorio,Occidente,41.0,1016.92,2024-10-09,1583.35
9252,Laura Sanchez,Monitor,Centro,13.0,1399.14,2024-11-22,1235.89
9623,Alejandro Diaz,Escritorio,Sur,39.0,809.07,2024-06-05,1223.04
4345,Isabel Guzman,Tablet,Norte,44.0,844.87,,1491.67
8113,Laura Sanchez,Monitor,Occidente,54.0,833.245,2025-07-30,805.35
5480,Daniela Cruz,Mouse,Sur,46.0,727.66,2026-01-19,1953.35
4642,Luis Hernandez,Laptop,Sur,39.0,1177.59,2025-05-08,1517.92
4770,Alejandro Diaz,Camara,Occidente,32.0,1082.71,2024-11-09,998.48
2832,Paola Rios,Escritorio,Norte,39.0,478.39,2025-03-31,1873.05
8173,Carlos Ramirez,Escritorio,Sur,31.0,1096.16,2024-07-26,1193.88
7906,Isabel Guzman,Monitor,Occidente,29.0,725.6,2024-05-10,1264.13
762,Ana Garcia,Laptop,Sur,33.0,996.43,2026-03-06,1670.92
3364,Diego Romero,Tablet,Occidente,72.0,351.06,2025-09-17,1855.97
8036,Laura Sanchez,Camara,Centro,44.0,798.77,2024-02-26,825.7
1594,Jorge Morales,Laptop,Norte,357.0,827.5550000000001,2025-12-26,1686.64
5306,Ana Garcia,Laptop,Sur,61.0,1014.81,2024-02-25,750.74
2060,Miguel Flores,Monitor,Centro,42.0,1061.32,2024-09-27,2092.83
5955,Ricardo Vargas,Monitor,Norte,42.0,616.02,2026-11-06,1619.21
7083,Valeria Mendoza,Escritorio,Occidente,37.0,693.86,2024-11-25,1837.59
8219,Paola Rios,Escritorio,Sur,35.0,420.61,,1324.6
1168,Sofia Torres,Camara,Norte,25.0,944.51,2024-08-31,633.6
8164,Andres Ortiz,Silla,Centro,62.0,857.75,2026-05-14,1260.13
95,Laura Sanchez,Silla,Centro,47.0,465.11,2026-03-19,1664.18
3416,Carlos Ramirez,Bocina,Centro,26.0,985.57,2026-02-02,1339.4
9474,Laura Sanchez,Impresora,Centro,46.0,806.96,2025-07-16,1759.53
4212,Sofia Torres,Silla,Occidente,36.0,818.92,2026-01-13,341.39
5847,Isabel Guzman,Bocina,Norte,56.0,451.49,2024-12-21,1491.08
4825,Miguel Flores,Silla,Occidente,43.0,827.7,2024-09-18,1755.17
921,Daniela Cruz,Laptop,Occidente,14.0,673.67,2026-05-17,1532.81
8910,Miguel Flores,Impresora,Norte,38.0,307.49,2025-01-29,1169.72
5319,Fernanda Castro,Escritorio,Sur,41.0,677.88,2026-01-26,1713.24
1226,Alejandro Diaz,Mouse,Occidente,22.0,808.78,,2051.93
5525,Fernanda Castro,Camara,Occidente,31.0,863.66,2025-10-02,1558.35
6355,Alejandro Diaz,Mouse,Norte,52.0,654.23,2025-03-02,1036.82
5862,Luis Hernandez,Teclado,Occidente,39.0,1042.72,2024-07-22,1691.34
1687,Isabel Guzman,Escritorio,Occidente,16.0,832.48,2024-04-22,1272.32
3726,Paola Rios,Mouse,Occidente,40.0,598.31,2024-03-19,1582.74
6923,Camila Reyes,Monitor,Occidente,27.0,833.245,2024-12-24,1276.1
9651,Carlos Ramirez,Mouse,Centro,37.0,843.49,2026-05-25,2048.9
3518,Pedro Aguilar,Silla,Sin Especificar,43.0,849.58,2025-10-02,1703.09
9269,Sofia Torres,Impresora,Sur,35.0,826.23,,1650.96
522,Luis Hernandez,Camara,Occidente,53.0,817.45,2025-02-15,1242.38
8492,Daniela Cruz,Bocina,Centro,46.0,950.68,2025-03-15,1107.58
3235,Diego Romero,Mouse,Centro,38.0,886.16,2025-07-31,1029.87
856,Daniela Cruz,Tablet,Sur,28.0,1409.84,2025-10-04,1627.55
2795,Andres Ortiz,Monitor,Centro,29.0,631.58,2025-09-20,1863.63
3224,Sofia Torres,Teclado,Centro,43.0,917.69,2024-11-02,1353.91
3918,Alejandro Diaz,Tablet,Norte,47.0,584.47,2026-05-06,1349.89
9464,Ana Garcia,Laptop,Norte,38.0,1154.79,2024-04-11,1765.52
6213,Sofia Torres,Monitor,Centro,58.0,400.19,2024-06-07,698.31
6740,Valeria Mendoza,Monitor,Centro,18.0,1070.25,2025-10-08,1382.64
5055,Fernanda Castro,Impresora,Centro,51.0,645.74,2024-10-31,1433.88
7594,Laura Sanchez,Teclado,Sur,31.0,693.34,2024-12-01,1285.48
9825,Alejandro Diaz,Tablet,Norte,41.0,1052.65,2024-11-06,1739.75
671,Diego Romero,Camara,Centro,43.0,943.96,2024-09-03,1492.24
923,Luis Hernandez,Mouse,Occidente,74.0,1117.28,2024-05-07,1040.68
1443,Camila Reyes,Camara,Sin Especificar,53.0,572.1,2025-12-21,1624.45
2937,Valeria Mendoza,Impresora,Occidente,11.0,670.04,2024-08-28,1228.0
1269,Valeria Mendoza,Laptop,Centro,30.0,516.21,2026-01-01,1795.42
4491,Ricardo Vargas,Laptop,Norte,61.0,830.99,2024-02-17,899.59
9076,Jose Martinez,Bocina,Centro,36.0,821.75,2024-02-26,1686.95
922,Jorge Morales,Bocina,Sur,36.0,1277.01,2026-05-13,1554.67
1662,Diego Romero,Mouse,Norte,38.0,1180.66,2026-05-01,1879.19
4098,Alejandro Diaz,Silla,Occidente,47.0,1335.25,2025-12-06,1446.45
4267,Jose Martinez,Camara,Centro,23.0,600.29,2025-04-29,930.02
277,Pedro Aguilar,Escritorio,Sur,42.0,1066.19,2025-03-07,1355.27
1623,Andres Ortiz,Monitor,Norte,37.0,940.08,2024-06-23,642.76
8952,Paola Rios,Bocina,Centro,42.0,1511.04,,2207.13
1858,Alejandro Diaz,Escritorio,Centro,12.0,963.14,2025-06-08,1601.34
2662,Andres Ortiz,Escritorio,Norte,41.0,361.58,2026-06-18,818.72
4485,Jose Martinez,Impresora,Occidente,27.0,207.67,2025-09-07,1494.96
3792,Paola Rios,Laptop,Sur,45.0,873.28,2025-01-24,953.76
6431,Jorge Morales,Laptop,Centro,64.0,1205.4,2026-01-31,1087.91
6720,Andres Ortiz,Bocina,Centro,25.0,629.53,2024-12-29,1622.19
6849,Ricardo Vargas,Mouse,Centro,37.0,784.49,2024-07-27,952.03
5468,Isabel Guzman,Laptop,Occidente,39.0,371.02,2026-05-23,2234.62
6655,Ricardo Vargas,Teclado,Sur,40.0,620.42,2024-07-14,1397.09
7925,Isabel Guzman,Mouse,Sur,33.0,531.18,2024-07-31,2178.78
9199,Jorge Morales,Camara,Norte,49.0,641.69,2024-07-24,1888.6
3758,Sofia Torres,Teclado,Norte,48.0,707.55,2024-10-13,1588.25
5148,Valeria Mendoza,Bocina,Norte,296.0,1050.26,2025-12-04,100.0
5622,Daniela Cruz,Mouse,Sur,34.0,686.62,2024-08-01,1348.33
4551,Daniela Cruz,Teclado,Sur,13.0,981.12,2026-04-16,858.53
7541,Paola Rios,Laptop,Occidente,57.0,827.5550000000001,2025-08-20,1255.23
2171,Isabel Guzman,Teclado,Sur,36.0,154.92,2025-08-07,1662.0
4725,Valeria Mendoza,Monitor,Sur,32.0,613.99,2024-11-04,1294.98
1011,Andres Ortiz,Tablet,Occidente,55.0,768.72,2025-12-12,911.11
2456,Carlos Ramirez,Escritorio,Occidente,42.0,1056.67,2025-05-15,800.23
4043,Jose Martinez,Impresora,Sur,57.0,1314.09,2025-10-30,1013.96
4567,Diego Romero,Mouse,Sur,41.0,1491.96,2024-09-11,1242.53
1758,Laura Sanchez,Monitor,Sur,42.0,911.17,2024-12-19,1712.92
8217,Laura Sanchez,Laptop,Norte,56.0,827.5550000000001,2025-07-31,1652.22
2394,Sofia Torres,Tablet,Occidente,33.0,838.68,2025-05-05,1418.38
8459,Andres Ortiz,Escritorio,Centro,18.0,611.99,2026-04-24,966.36
8826,Paola Rios,Impresora,Sur,44.0,826.23,2024-06-28,1162.44
7526,Carlos Ramirez,Tablet,Centro,32.0,1145.62,2025-08-29,2051.67
8262,Luis Hernandez,Impresora,Sur,39.0,826.23,2024-07-04,1451.86
2117,Valeria Mendoza,Bocina,Sur,35.0,813.43,2026-01-01,1166.41
966,Daniela Cruz,Silla,Sur,40.0,906.77,2024-11-22,1620.79
1647,Ana Garcia,Silla,Centro,42.0,852.81,2025-08-01,1985.54
9607,Ana Garcia,Monitor,Norte,41.0,1006.33,2025-01-03,1770.35
9877,Pedro Aguilar,Escritorio,Centro,28.0,832.48,2025-11-17,1277.33
2361,Jorge Morales,Laptop,Norte,43.0,842.56,2025-04-10,1064.81
3200,Alejandro Diaz,Mouse,Centro,22.0,1065.44,2024-04-05,2286.5
4393,Andres Ortiz,Camara,Sur,55.0,1096.85,2025-11-30,1076.73
3028,Ricardo Vargas,Tablet,Centro,56.0,838.68,2024-05-04,906.07
8545,Ricardo Vargas,Laptop,Sur,41.0,792.68,2025-02-23,1156.49
1544,Isabel Guzman,Teclado,Norte,23.0,1077.15,2025-05-02,1045.18
7447,Carlos Ramirez,Bocina,Centro,20.0,863.89,2025-12-13,1288.84
7623,Miguel Flores,Escritorio,Centro,55.0,1101.43,2024-04-23,1185.13
3329,Ricardo Vargas,Monitor,Sur,37.0,833.245,,1345.35
9739,Paola Rios,Monitor,Centro,23.0,696.3,2024-06-04,1248.57
1842,Daniela Cruz,Bocina,Sur,29.0,431.57,2025-10-20,1181.16
3560,Alejandro Diaz,Bocina,Occidente,42.0,650.9,2025-11-13,793.41
1617,Laura Sanchez,Tablet,Sur,38.0,211.41,2024-09-14,2025.52
1638,Miguel Flores,Teclado,Centro,34.0,822.475,2025-03-15,1899.99
7293,Jose Martinez,Escritorio,Occidente,33.0,750.02,2024-04-14,989.59
6272,Valeria Mendoza,Impresora,Centro,51.0,482.24,2026-06-16,1511.1
4453,Camila Reyes,Tablet,Centro,52.0,795.27,2024-07-18,1160.37
832,Andres Ortiz,Mouse,Norte,46.0,933.63,2025-04-04,1312.91
4461,Isabel Guzman,Mouse,Sur,56.0,765.84,2025-07-11,1456.91
4582,Diego Romero,Monitor,Occidente,34.0,1093.96,2026-03-02,1216.68
3321,Jose Martinez,Monitor,Centro,45.0,769.26,2025-05-06,1590.28
214,Ricardo Vargas,Camara,Occidente,42.0,917.9,2026-01-03,1361.42
7142,Alejandro Diaz,Mouse,Centro,56.0,819.92,2025-09-03,937.06
797,Miguel Flores,Teclado,Occidente,29.0,881.4,2024-10-23,1050.27
9532,Daniela Cruz,Escritorio,Norte,18.0,817.39,2024-12-17,1288.31
3484,Ricardo Vargas,Silla,Norte,36.0,1073.51,2024-12-31,1726.83
5587,Miguel Flores,Laptop,Norte,41.0,509.25,2025-07-06,1192.06
2170,Luis Hernandez,Mouse,Norte,42.0,639.86,2024-06-24,1992.98
3544,Camila Reyes,Impresora,Centro,45.0,550.46,2026-04-10,1291.68
7364,Sofia Torres,Laptop,Centro,52.0,390.37,2025-01-20,1449.95
8291,Valeria Mendoza,Silla,Centro,31.0,852.81,2025-06-22,1134.88
6876,Fernanda Castro,Laptop,Sur,36.0,819.57,2025-03-09,1146.76
2589,Diego Romero,Mouse,Occidente,56.0,760.72,2025-11-20,2058.56
6691,Ricardo Vargas,Impresora,Sur,17.0,402.54,2025-08-22,797.39
6682,Camila Reyes,Tablet,Centro,39.0,772.24,2025-05-20,1441.92
9193,Maria Lopez,Tablet,Centro,46.0,946.82,2024-11-21,1289.59
6838,Luis Hernandez,Teclado,Norte,38.0,860.34,2025-09-19,1975.38
9966,Diego Romero,Teclado,Centro,31.0,1610.6,2025-02-20,1725.69
492,Miguel Flores,Teclado,Norte,51.0,1305.01,2024-04-02,1762.39
6034,Miguel Flores,Laptop,Centro,40.0,827.5550000000001,2025-11-09,1282.69
2353,Jose Martinez,Laptop,Centro,55.0,997.26,2026-01-13,1708.3
4071,Fernanda Castro,Teclado,Occidente,35.0,1293.83,2026-03-13,1206.27
8086,Maria Lopez,Bocina,Centro,35.0,743.7,2025-06-28,1665.0
6,Diego Romero,Silla,Occidente,50.0,255.29,2024-03-15,787.46
4836,Laura Sanchez,Bocina,Centro,44.0,1361.31,2025-04-01,1012.55
6217,Maria Lopez,Escritorio,Sur,21.0,844.93,2024-01-04,1095.96
3045,Fernanda Castro,Tablet,Norte,55.0,761.28,2024-11-19,1875.64
7478,Miguel Flores,Monitor,Norte,22.0,1382.98,2025-08-05,1664.33
2791,Miguel Flores,Tablet,Centro,57.0,817.18,2024-09-14,1727.84
5276,Pedro Aguilar,Silla,Sin Especificar,19.0,837.03,2024-06-04,1679.43
5860,Laura Sanchez,Escritorio,Norte,48.0,1015.45,2025-07-23,1643.26
4386,Miguel Flores,Monitor,Occidente,46.0,722.0,2025-06-01,1647.34
4556,Luis Hernandez,Impresora,Norte,23.0,1020.83,2024-12-27,1039.1
7519,Ricardo Vargas,Laptop,Sur,31.0,882.51,2025-05-16,1319.51
4906,Ricardo Vargas,Impresora,Sur,24.0,1193.47,2026-03-26,1580.36
806,Jose Martinez,Bocina,Centro,25.0,967.35,2025-01-11,1556.29
7943,Maria Lopez,Bocina,Centro,47.0,840.105,2025-09-19,1569.29
2774,Miguel Flores,Laptop,Occidente,33.0,993.75,2025-10-27,1339.37
6987,Camila Reyes,Escritorio,Centro,26.0,1083.93,2025-06-03,1448.96
8363,Luis Hernandez,Monitor,Centro,38.0,571.14,2024-11-29,1691.51
6526,Carlos Ramirez,Tablet,Sur,35.0,436.98,2025-11-30,1835.92
2285,Luis Hernandez,Monitor,Centro,37.0,945.42,2026-11-05,1684.14
5112,Alejandro Diaz,Escritorio,Occidente,33.0,811.49,2025-06-16,1674.51
8436,Miguel Flores,Silla,Norte,25.0,304.45,2024-08-11,1550.46
4935,Diego Romero,Tablet,Occidente,49.0,1164.65,2024-09-16,1204.52
3923,Fernanda Castro,Impresora,Occidente,47.0,702.29,2026-02-27,1436.41
8065,Valeria Mendoza,Impresora,Occidente,37.0,451.06,2024-12-01,1137.19
3453,Valeria Mendoza,Silla,Occidente,60.0,1430.61,2024-03-09,999.05
1900,Valeria Mendoza,Mouse,Centro,40.0,714.4,2024-10-25,1401.44
8827,Valeria Mendoza,Laptop,Sur,32.0,812.28,2025-04-18,1375.99
3132,Alejandro Diaz,Camara,Occidente,31.0,976.97,2025-12-19,1638.54
1412,Jose Martinez,Bocina,Sin Especificar,39.0,1064.57,2024-09-30,1581.71
3086,Jose Martinez,Camara,Norte,41.0,829.105,2024-09-04,1439.32
2653,Andres Ortiz,Camara,Occidente,40.0,655.27,2024-04-14,933.06
8400,Daniela Cruz,Tablet,Norte,49.0,742.43,2025-04-01,1288.54
4688,Sofia Torres,Teclado,Centro,39.0,1007.77,2025-03-17,1243.79
4325,Luis Hernandez,Camara,Centro,19.0,914.27,2026-01-21,1485.99
1764,Fernanda Castro,Monitor,Sin Especificar,45.0,833.245,2024-04-27,1652.4
9520,Valeria Mendoza,Silla,Occidente,33.0,728.76,2025-06-12,1211.34
480,Isabel Guzman,Teclado,Sin Especificar,13.0,822.475,2026-05-14,1708.38
7338,Daniela Cruz,Escritorio,Occidente,42.0,850.38,2024-08-17,1296.28
4316,Andres Ortiz,Silla,Norte,32.0,626.93,2024-01-23,1338.99
5213,Alejandro Diaz,Escritorio,Centro,52.0,793.49,2024-10-21,1360.26
4107,Maria Lopez,Camara,Centro,26.0,1196.85,2025-03-06,1409.05
4511,Luis Hernandez,Laptop,Centro,17.0,1099.04,2026-05-09,654.87
6704,Pedro Aguilar,Laptop,Sur,30.0,691.0,2025-04-15,1089.63
4819,Valeria Mendoza,Teclado,Occidente,13.0,802.53,2024-06-14,1493.7
5719,Alejandro Diaz,Teclado,Norte,46.0,585.37,2026-06-18,874.86
195,Valeria Mendoza,Monitor,Centro,33.0,346.07,2024-07-13,1611.66
2349,Diego Romero,Impresora,Occidente,35.0,983.48,2025-03-11,2099.75
7504,Jose Martinez,Laptop,Norte,38.0,555.58,2024-12-28,1440.82
3813,Camila Reyes,Monitor,Sur,23.0,608.87,2025-07-24,2068.27
3675,Miguel Flores,Mouse,Norte,37.0,654.92,,2100.29
2709,Andres Ortiz,Monitor,Norte,21.0,998.92,2024-08-30,1280.87
2905,Daniela Cruz,Silla,Occidente,24.0,710.26,2024-12-16,1809.04
3294,Paola Rios,Mouse,Centro,65.0,1040.17,,1200.4
9340,Ana Garcia,Camara,Sin Especificar,28.0,448.35,2024-05-03,1320.56
673,Camila Reyes,Laptop,Sur,68.0,477.93,2025-10-06,1484.75
4955,Fernanda Castro,Escritorio,Centro,43.0,1185.36,2025-11-12,1754.82
9842,Diego Romero,Escritorio,Occidente,59.0,1087.93,2025-02-26,1264.54
2837,Camila Reyes,Laptop,Occidente,50.0,870.66,2025-11-08,909.95
6013,Daniela Cruz,Tablet,Norte,36.0,615.69,2025-03-19,833.57
5060,Valeria Mendoza,Mouse,Sur,22.0,1053.31,2024-09-13,1930.5
245,Jorge Morales,Monitor,Centro,25.0,814.79,2026-01-16,1526.27
3577,Laura Sanchez,Camara,Norte,42.0,816.8,2026-03-19,1490.57
5150,Pedro Aguilar,Teclado,Sin Especificar,49.0,630.17,2026-02-08,1018.95
5281,Carlos Ramirez,Escritorio,Norte,34.0,1055.28,2025-03-03,1386.99
4317,Paola Rios,Escritorio,Centro,57.0,740.81,2024-07-20,1773.01
1112,Carlos Ramirez,Mouse,Occidente,31.0,729.38,2025-06-12,1125.04
857,Luis Hernandez,Escritorio,Sin Especificar,58.0,1124.11,2024-12-16,1505.66
4573,Fernanda Castro,Laptop,Occidente,27.0,898.93,2026-01-10,1159.91
6700,Ricardo Vargas,Mouse,Occidente,42.0,1109.7,2024-04-12,1295.32
5588,Camila Reyes,Impresora,Occidente,40.0,637.6,2025-02-15,2067.94
5916,Maria Lopez,Mouse,Norte,38.0,628.17,2024-11-27,1711.74
1650,Andres Ortiz,Escritorio,Norte,59.0,437.97,2026-01-21,1497.21
2031,Pedro Aguilar,Mouse,Occidente,42.0,684.96,2026-06-02,1832.54
4894,Jorge Morales,Tablet,Sur,40.0,1611.36,,1544.33
6983,Daniela Cruz,Teclado,Sur,20.0,553.27,2024-05-29,1326.56
3568,Sofia Torres,Monitor,Sur,51.0,1129.44,2024-07-25,2002.53
2533,Daniela Cruz,Teclado,Norte,28.0,413.98,2024-07-11,1782.03
5681,Maria Lopez,Mouse,Centro,30.0,699.56,2024-06-18,1417.54
4580,Luis Hernandez,Escritorio,Sur,42.0,610.7,2024-07-22,1627.88
1593,Isabel Guzman,Camara,Norte,55.0,567.27,2024-02-18,1348.09
7970,Carlos Ramirez,Bocina,Sur,22.0,339.55,2024-08-17,1661.94
4873,Pedro Aguilar,Bocina,Centro,30.0,501.38,2025-04-10,1119.75
4923,Alejandro Diaz,Escritorio,Norte,37.0,611.09,2024-06-01,1436.41
7911,Ana Garcia,Laptop,Centro,28.0,1264.08,2024-10-30,1905.45
4687,Sofia Torres,Teclado,Sur,35.0,708.03,2024-08-11,1262.26
1236,Maria Lopez,Teclado,Occidente,9.0,639.96,2024-07-17,1049.4
5531,Jose Martinez,Monitor,Centro,38.0,1070.31,,1606.86
7139,Laura Sanchez,Monitor,Occidente,36.0,673.99,2025-08-18,1727.85
7964,Isabel Guzman,Bocina,Norte,25.0,1002.44,2025-12-08,1311.83
7204,Sofia Torres,Escritorio,Sur,33.0,997.89,2025-03-29,1547.23
2893,Miguel Flores,Laptop,Sur,49.0,620.2,2024-08-21,1415.75
7528,Carlos Ramirez,Tablet,Centro,22.0,1210.28,2024-07-25,1326.79
336,Andres Ortiz,Tablet,Occidente,30.0,780.38,2024-06-03,1489.59
8471,Ricardo Vargas,Escritorio,Centro,40.0,1675.43,2025-08-20,1372.77
9408,Camila Reyes,Impresora,Sin Especificar,30.0,1001.95,2024-11-13,1415.91
7870,Andres Ortiz,Mouse,Norte,30.0,280.93,,1371.35
4863,Ana Garcia,Bocina,Sur,42.0,953.99,2025-09-04,1445.05
7199,Maria Lopez,Teclado,Occidente,30.0,822.475,2024-04-20,1110.55
6724,Isabel Guzman,Bocina,Sin Especificar,27.0,395.58,2025-03-10,996.81
543,Alejandro Diaz,Impresora,Sur,17.0,923.27,2025-04-09,1739.71
1170,Ana Garcia,Laptop,Centro,35.0,908.26,2024-04-19,1499.63
7545,Laura Sanchez,Laptop,Centro,49.0,457.66,2025-10-28,1649.37
6523,Valeria Mendoza,Monitor,Sur,44.0,833.245,2024-06-30,1501.43
8366,Ana Garcia,Tablet,Occidente,10.0,1006.36,2025-06-29,1708.82
8525,Fernanda Castro,Silla,Occidente,16.0,483.83,2024-04-23,725.58
6586,Valeria Mendoza,Silla,Sur,17.0,420.21,2024-01-28,1048.53
3842,Jorge Morales,Teclado,Norte,31.0,746.82,,1072.45
1016,Paola Rios,Bocina,Norte,26.0,1360.0,2025-03-12,1118.46
5620,Miguel Flores,Impresora,Centro,44.0,826.23,2024-08-14,1652.14
5232,Alejandro Diaz,Monitor,Sur,59.0,833.245,2025-02-06,1640.22
7410,Paola Rios,Escritorio,Norte,33.0,1035.3,2025-11-03,1601.2
6869,Isabel Guzman,Tablet,Sur,27.0,1393.57,2024-02-24,2027.66
101,Andres Ortiz,Impresora,Norte,39.0,862.55,2025-03-25,1267.88
1056,Pedro Aguilar,Escritorio,Centro,47.0,493.13,2025-03-19,1251.9
7461,Miguel Flores,Mouse,Sur,26.0,1038.46,2025-08-26,1568.4
8719,Luis Hernandez,Camara,Occidente,46.0,938.46,2024-04-23,1025.76
4123,Andres Ortiz,Laptop,Norte,31.0,1216.72,2024-10-09,1381.09
8302,Jorge Morales,Escritorio,Occidente,34.0,1102.33,2025-10-28,898.42
8128,Carlos Ramirez,Escritorio,Sur,41.0,555.44,2026-04-11,1285.51
4480,Daniela Cruz,Mouse,Occidente,60.0,560.63,2024-03-07,1680.08
1761,Andres Ortiz,Camara,Centro,36.0,266.48,2025-12-18,948.99
2915,Ricardo Vargas,Escritorio,Sur,20.0,633.7,2026-05-01,1531.19
9388,Jose Martinez,Teclado,Norte,24.0,1049.1,,1571.22
9761,Diego Romero,Impresora,Centro,36.0,779.28,2024-11-04,1059.9
2722,Sofia Torres,Teclado,Sur,31.0,1172.97,2025-04-21,891.2
6220,Jorge Morales,Escritorio,Occidente,35.0,965.27,2025-08-15,887.96
6631,Daniela Cruz,Teclado,Norte,45.0,964.38,2026-03-05,1562.64
1635,Daniela Cruz,Laptop,Sur,34.0,1013.41,2025-12-15,1688.45
4268,Alejandro Diaz,Bocina,Centro,27.0,50.0,2024-11-24,1404.14
2564,Maria Lopez,Teclado,Sur,26.0,50.0,2024-01-03,1204.68
5498,Luis Hernandez,Escritorio,Sur,34.0,986.6,2024-05-29,1225.04
3167,Alejandro Diaz,Escritorio,Centro,39.0,840.07,2026-02-08,1242.18
8010,Sofia Torres,Camara,Norte,20.0,611.99,2025-06-09,1458.4
5273,Laura Sanchez,Monitor,Occidente,39.0,465.24,2025-04-29,1875.7
5854,Fernanda Castro,Silla,Centro,22.0,609.49,,1265.61
8487,Valeria Mendoza,Camara,Centro,24.0,826.09,2024-09-27,1498.86
3340,Carlos Ramirez,Bocina,Centro,40.0,676.71,,1411.65
3975,Alejandro Diaz,Silla,Occidente,33.0,741.53,2024-06-02,1078.73
9190,Fernanda Castro,Camara,Norte,52.0,793.93,2025-01-08,1257.01
1755,Alejandro Diaz,Monitor,Occidente,19.0,827.23,2026-06-07,1502.7
3664,Luis Hernandez,Bocina,Centro,31.0,565.69,2024-07-05,814.64
6007,Daniela Cruz,Tablet,Norte,51.0,613.6,2024-08-04,1866.44
2983,Isabel Guzman,Monitor,Sur,37.0,1102.38,2025-01-24,1430.27
3880,Fernanda Castro,Escritorio,Occidente,38.0,996.65,2026-02-19,1456.03
3793,Luis Hernandez,Monitor,Norte,29.0,601.69,2025-05-09,1443.75
4477,Miguel Flores,Laptop,Sur,19.0,929.01,2025-08-13,1311.68
2706,Maria Lopez,Impresora,Centro,55.0,608.61,2025-03-23,1782.87
6765,Camila Reyes,Bocina,Norte,56.0,993.22,2024-11-05,1334.25
2736,Ricardo Vargas,Camara,Occidente,39.0,1329.8,2026-03-03,2001.89
1042,Miguel Flores,Teclado,Occidente,40.0,1394.24,2024-01-15,1863.9
7109,Ricardo Vargas,Impresora,Centro,9.0,703.85,2026-02-16,1510.11
1590,Luis Hernandez,Laptop,Occidente,47.0,648.27,2024-05-02,1142.21
9756,Miguel Flores,Silla,Norte,44.0,1015.29,2025-07-23,1065.04
122,Fernanda Castro,Tablet,Occidente,59.0,629.29,2024-05-24,1459.95
3287,Luis Hernandez,Escritorio,Norte,44.0,50.0,2024-03-30,854.79
2934,Jose Martinez,Camara,Centro,33.0,722.04,2024-06-19,1277.69
288,Alejandro Diaz,Mouse,Sur,36.0,855.58,2025-10-31,1240.17
9876,Jose Martinez,Laptop,Centro,36.0,312.34,2025-03-23,1216.65
943,Valeria Mendoza,Bocina,Norte,33.0,873.5,2024-09-27,1284.71
1819,Maria Lopez,Laptop,Centro,46.0,314.81,2026-04-04,1163.01
7264,Diego Romero,Bocina,Sin Especificar,52.0,686.88,2024-06-09,1165.81
9797,Fernanda Castro,Laptop,Occidente,37.0,634.68,2025-10-31,1369.39
9146,Ricardo Vargas,Bocina,Norte,43.0,1560.46,2025-08-19,1383.67
5230,Luis Hernandez,Escritorio,Norte,32.0,832.48,2025-05-12,1676.35
6001,Fernanda Castro,Monitor,Centro,39.0,1055.74,2025-05-14,1446.51
6940,Fernanda Castro,Tablet,Centro,21.0,1131.41,2024-07-14,1842.52
16,Camila Reyes,Laptop,Sin Especificar,48.0,1287.4,2026-01-07,1099.71
7359,Luis Hernandez,Camara,Centro,40.0,1149.95,2024-09-09,1928.97
4456,Paola Rios,Camara,Centro,25.0,830.05,2025-08-07,1226.1
2907,Diego Romero,Escritorio,Centro,20.0,362.26,2026-01-22,1637.98
8433,Fernanda Castro,Bocina,Sur,45.0,810.94,2025-12-29,879.51
557,Luis Hernandez,Teclado,Centro,50.0,674.68,2026-02-19,1506.91
6124,Pedro Aguilar,Mouse,Occidente,19.0,570.77,2024-09-02,1419.77
1111,Isabel Guzman,Monitor,Centro,28.0,702.19,2026-01-16,2003.39
9129,Maria Lopez,Tablet,Centro,70.0,838.68,2026-02-03,1379.48
2021,Isabel Guzman,Impresora,Occidente,31.0,981.0,2025-08-27,1597.02
4997,Sofia Torres,Silla,Occidente,21.0,832.1,2025-03-27,1724.06
2144,Alejandro Diaz,Silla,Norte,53.0,1232.9,2026-09-04,1397.28
6221,Daniela Cruz,Laptop,Norte,33.0,827.5550000000001,2024-08-15,1390.16
3203,Fernanda Castro,Bocina,Sur,24.0,1187.51,,1526.22
3481,Andres Ortiz,Monitor,Occidente,46.0,513.62,2024-07-04,1458.48
7405,Camila Reyes,Teclado,Occidente,42.0,115.89,2025-07-20,1814.84
2038,Daniela Cruz,Impresora,Sur,42.0,609.59,2026-01-11,698.02
2949,Andres Ortiz,Silla,Sur,54.0,921.14,2024-11-14,1426.57
1344,Luis Hernandez,Bocina,Occidente,28.0,443.04,2024-06-14,1893.18
8133,Luis Hernandez,Impresora,Sur,34.0,684.47,2024-10-10,1953.72
4541,Isabel Guzman,Escritorio,Sur,9.0,1313.05,2025-11-29,1218.96
8261,Andres Ortiz,Bocina,Centro,24.0,695.82,2025-10-19,1039.37
1872,Ana Garcia,Mouse,Norte,40.0,819.92,,1162.15
4363,Ana Garcia,Bocina,Centro,36.0,970.2,2025-09-27,707.9
4016,Fernanda Castro,Escritorio,Norte,41.0,832.48,2024-09-29,1359.95
6270,Ricardo Vargas,Tablet,Norte,16.0,1097.61,2024-05-02,996.09
148,Andres Ortiz,Monitor,Occidente,35.0,673.69,2024-05-31,1349.69
1407,Luis Hernandez,Silla,Occidente,32.0,1101.6,2024-04-24,1367.66
8202,Ana Garcia,Escritorio,Occidente,28.0,828.58,2024-07-25,1389.53
8229,Paola Rios,Camara,Centro,54.0,633.6,2025-11-19,641.67
209,Daniela Cruz,Monitor,Norte,36.0,881.83,2025-09-24,602.49
4279,Carlos Ramirez,Teclado,Centro,46.0,303.26,2025-12-12,907.9
1210,Maria Lopez,Silla,Centro,25.0,208.32,2026-01-28,1286.86
55,Camila Reyes,Tablet,Norte,62.0,325.54,2024-03-01,1373.75
1873,Miguel Flores,Tablet,Occidente,25.0,838.68,2024-12-02,1730.98
356,Camila Reyes,Mouse,Occidente,28.0,77.38,2026-02-25,1523.24
2655,Ana Garcia,Monitor,Occidente,39.0,833.245,2025-04-27,1827.35
5035,Fernanda Castro,Laptop,Sur,39.0,846.4,2024-01-30,1440.05
6676,Sofia Torres,Tablet,Sin Especificar,37.0,838.68,2026-04-12,985.09
4495,Fernanda Castro,Bocina,Occidente,54.0,776.08,2026-02-09,1283.77
2532,Ana Garcia,Teclado,Sur,46.0,1009.67,2025-11-05,2062.69
3377,Andres Ortiz,Monitor,Occidente,30.0,998.11,2025-01-31,1822.04
7604,Alejandro Diaz,Tablet,Occidente,56.0,639.25,2024-10-28,1407.12
5952,Paola Rios,Tablet,Sur,71.0,474.33,2025-10-05,831.42
5205,Jorge Morales,Silla,Centro,34.0,973.75,2026-11-01,1159.44
4502,Carlos Ramirez,Camara,Centro,33.0,336.52,2026-01-03,1145.69
3728,Maria Lopez,Teclado,Centro,38.0,1046.43,2025-03-02,2076.66
3914,Camila Reyes,Camara,Sur,35.0,924.81,2024-04-18,1847.42
9424,Camila Reyes,Silla,Sur,15.0,403.77,2024-06-24,1624.6
9164,Camila Reyes,Silla,Sin Especificar,31.0,855.18,,1476.29
4202,Valeria Mendoza,Laptop,Sur,30.0,713.55,2024-06-27,1562.39
9621,Daniela Cruz,Camara,Norte,30.0,673.23,2024-02-21,1399.59
5095,Maria Lopez,Teclado,Sur,39.0,662.31,2024-12-03,1565.61
2398,Luis Hernandez,Mouse,Centro,31.0,712.39,2024-09-11,1062.76
7584,Ana Garcia,Bocina,Centro,39.0,734.05,2025-06-11,2050.63
7523,Alejandro Diaz,Mouse,Sur,35.0,880.72,2024-03-17,1053.51
6981,Camila Reyes,Tablet,Centro,23.0,956.76,2025-07-13,1685.43
740,Jose Martinez,Bocina,Occidente,48.0,558.63,2024-04-20,955.16
8709,Ana Garcia,Camara,Sur,46.0,1404.17,2025-12-07,1668.49
2022,Isabel Guzman,Teclado,Sur,41.0,783.31,2024-12-10,1355.34
9949,Maria Lopez,Mouse,Sin Especificar,52.0,765.52,2024-03-13,1830.39
2999,Paola Rios,Impresora,Centro,8.0,515.37,2025-09-04,1001.14
9318,Daniela Cruz,Bocina,Norte,45.0,730.84,2024-07-26,2169.74
5296,Paola Rios,Tablet,Centro,42.0,543.36,2024-10-05,1547.67
3081,Pedro Aguilar,Monitor,Occidente,50.0,294.08,2024-09-10,1714.37
3919,Valeria Mendoza,Teclado,Norte,46.0,822.475,2024-02-18,1668.04
1876,Ricardo Vargas,Impresora,Centro,53.0,1116.1,2024-03-07,1892.21
118,Pedro Aguilar,Mouse,Norte,54.0,323.03,2024-05-10,1316.28
4048,Jose Martinez,Tablet,Norte,52.0,1266.15,2024-05-27,1370.42
2548,Miguel Flores,Laptop,Sin Especificar,30.0,827.5550000000001,2024-05-08,1469.97
8033,Luis Hernandez,Laptop,Occidente,43.0,907.91,2026-02-13,2063.45
385,Laura Sanchez,Monitor,Centro,31.0,1454.67,2024-07-21,1399.81
8160,Daniela Cruz,Mouse,Centro,58.0,282.3,2024-08-03,2255.76
5069,Miguel Flores,Teclado,Sur,33.0,983.95,2026-02-12,1402.66
9084,Jorge Morales,Tablet,Sur,46.0,1420.73,2026-01-16,1430.72
6125,Diego Romero,Bocina,Centro,34.0,667.35,2025-11-17,1483.29
8215,Valeria Mendoza,Escritorio,Occidente,37.0,338.53,2024-12-07,1366.27
6307,Fernanda Castro,Teclado,Norte,48.0,885.18,2025-10-14,1230.47
7869,Maria Lopez,Impresora,Sur,63.0,1144.06,2025-08-21,2005.89
4899,Laura Sanchez,Laptop,Centro,23.0,840.89,,1408.75
5929,Diego Romero,Tablet,Norte,54.0,1553.75,2024-11-16,1768.0
4549,Alejandro Diaz,Mouse,Norte,37.0,327.01,,1040.37
976,Ricardo Vargas,Mouse,Sin Especificar,68.0,628.63,2026-04-27,1475.45
5965,Isabel Guzman,Mouse,Sur,39.0,434.29,2024-07-25,1883.7
3535,Jose Martinez,Impresora,Occidente,29.0,1083.6,2025-08-09,1670.67
4276,Jose Martinez,Monitor,Centro,31.0,922.47,,1751.23
3074,Jorge Morales,Camara,Sur,48.0,523.31,2025-08-05,1249.04
1545,Miguel Flores,Escritorio,Centro,38.0,760.59,2024-01-06,923.79
1214,Sofia Torres,Teclado,Norte,57.0,880.23,2025-06-09,1490.11
2807,Ricardo Vargas,Camara,Sin Especificar,38.0,817.36,2024-07-30,1173.02
5011,Diego Romero,Teclado,Norte,25.0,466.58,2025-09-13,1240.49
2668,Jorge Morales,Escritorio,Centro,57.0,1009.12,2025-08-16,1110.46
3945,Miguel Flores,Silla,Centro,27.0,859.41,2025-06-15,814.09
2468,Isabel Guzman,Silla,Sur,44.0,906.62,2025-02-21,1499.31
3177,Laura Sanchez,Camara,Norte,43.0,403.98,2026-04-24,939.78
8384,Sofia Torres,Camara,Occidente,60.0,641.57,2024-10-28,1670.51
7776,Carlos Ramirez,Impresora,Sur,49.0,649.64,2025-07-04,1111.89
9827,Ricardo Vargas,Escritorio,Norte,36.0,622.09,2024-04-12,1567.91
4432,Diego Romero,Teclado,Sur,45.0,993.43,2024-08-02,906.48
516,Diego Romero,Teclado,Occidente,48.0,678.51,2026-01-21,1420.13
7021,Sofia Torres,Tablet,Centro,35.0,1323.13,2025-10-19,1819.25
8272,Fernanda Castro,Camara,Centro,25.0,829.105,2024-01-05,786.94
1990,Pedro Aguilar,Teclado,Occidente,42.0,1599.95,2024-04-01,1893.09
4914,Isabel Guzman,Impresora,Occidente,35.0,1069.09,2025-06-13,1302.9
8631,Alejandro Diaz,Teclado,Sur,33.0,590.88,2024-08-14,125000.0
9985,Pedro Aguilar,Teclado,Occidente,48.0,769.99,2024-12-04,1049.44
1971,Andres Ortiz,Monitor,Occidente,38.0,844.24,,818.5
4756,Carlos Ramirez,Camara,Sur,35.0,770.14,2024-01-30,1134.04
9956,Pedro Aguilar,Escritorio,Sur,44.0,1322.81,2024-09-06,824.79
3038,Sofia Torres,Silla,Norte,58.0,1194.89,2024-02-17,2251.75
4381,Fernanda Castro,Teclado,Sur,43.0,711.96,2026-02-28,1675.85
411,Miguel Flores,Impresora,Centro,42.0,1233.07,2024-05-07,1006.48
28,Daniela Cruz,Bocina,Centro,25.0,770.05,2025-06-18,1493.93
7304,Daniela Cruz,Laptop,Occidente,40.0,1095.0,2025-07-26,1514.8
5312,Valeria Mendoza,Escritorio,Sur,24.0,1202.09,2024-07-14,1363.55
3839,Jose Martinez,Laptop,Sur,38.0,726.36,2024-06-14,1274.03
6136,Valeria Mendoza,Silla,Norte,33.0,749.85,2024-02-01,1707.06
8754,Daniela Cruz,Impresora,Sur,42.0,618.53,2024-01-16,1340.45
7530,Jorge Morales,Camara,Norte,39.0,1205.32,2026-05-27,1768.63
8518,Maria Lopez,Escritorio,Sur,30.0,394.13,2026-01-03,1092.8
4896,Andres Ortiz,Tablet,Norte,43.0,253.59,2026-08-02,1147.91
6040,Valeria Mendoza,Bocina,Occidente,38.0,634.91,2024-07-29,1398.07
3770,Daniela Cruz,Mouse,Centro,35.0,765.07,2026-04-25,912.49
4949,Andres Ortiz,Camara,Norte,37.0,1040.03,2025-01-15,1988.41
2702,Alejandro Diaz,Tablet,Centro,46.0,717.53,2025-09-12,1632.36
2009,Fernanda Castro,Escritorio,Sur,39.0,435.28,2024-12-09,1812.01
1303,Laura Sanchez,Tablet,Centro,45.0,712.06,2024-03-17,825.5
6672,Ricardo Vargas,Silla,Norte,38.0,817.49,2025-05-06,826.87
1097,Luis Hernandez,Silla,Sur,9.0,916.2,,1767.71
4597,Pedro Aguilar,Laptop,Occidente,53.0,692.2,2025-07-30,1695.06
5307,Fernanda Castro,Monitor,Centro,45.0,641.62,2026-03-11,1389.94
3637,Camila Reyes,Tablet,Sur,31.0,594.86,2024-01-31,1635.7
1313,Daniela Cruz,Bocina,Norte,30.0,1060.46,2024-06-19,1339.39
8095,Miguel Flores,Monitor,Occidente,34.0,680.74,2024-05-20,1499.83
6154,Sofia Torres,Mouse,Sur,39.0,765.9,2025-08-20,1387.53
9189,Andres Ortiz,Teclado,Sur,28.0,907.18,2024-01-27,1226.59
7531,Miguel Flores,Silla,Centro,32.0,542.63,2025-03-22,1222.91
1155,Pedro Aguilar,Escritorio,Sur,27.0,995.5,2024-02-28,1563.29
5828,Daniela Cruz,Mouse,Sur,20.0,1412.04,2025-09-23,2086.26
3668,Valeria Mendoza,Teclado,Norte,38.0,810.82,2026-01-23,1147.85
9636,Pedro Aguilar,Silla,Centro,46.0,852.4,,1167.7
7196,Fernanda Castro,Bocina,Sur,18.0,998.45,2024-05-07,1650.88
8027,Isabel Guzman,Silla,Sur,30.0,1136.43,2025-01-02,1499.16
9870,Ricardo Vargas,Teclado,Occidente,25.0,817.56,,1782.23
4545,Ana Garcia,Camara,Sur,25.0,627.04,2026-04-29,1972.76
523,Jose Martinez,Tablet,Norte,41.0,97.14,2025-07-31,1608.83
243,Alejandro Diaz,Monitor,Sin Especificar,42.0,877.3,2025-03-14,1603.82
3268,Valeria Mendoza,Teclado,Centro,38.0,807.46,2024-05-09,1255.27
5569,Carlos Ramirez,Silla,Centro,48.0,807.94,2026-04-26,2002.73
2864,Luis Hernandez,Silla,Occidente,39.0,116.45,2025-07-26,1329.95
780,Diego Romero,Bocina,Occidente,59.0,342.67,2025-01-13,1317.41
2610,Andres Ortiz,Camara,Norte,26.0,456.11,2026-04-21,1923.01
6004,Camila Reyes,Bocina,Occidente,38.0,840.105,2024-07-25,1299.42
9204,Jorge Morales,Camara,Norte,51.0,946.61,2025-03-17,1619.61
4490,Valeria Mendoza,Laptop,Occidente,49.0,1423.29,2026-04-21,1235.22
5210,Fernanda Castro,Tablet,Centro,39.0,686.24,2025-02-01,1509.62
3029,Daniela Cruz,Impresora,Sur,54.0,573.17,2026-06-17,1245.44
3694,Camila Reyes,Escritorio,Centro,36.0,678.4,2024-06-19,1387.27
6686,Maria Lopez,Laptop,Occidente,37.0,967.96,2025-06-02,1551.29
6269,Fernanda Castro,Silla,Centro,36.0,1125.73,2026-03-17,1533.83
6805,Ana Garcia,Tablet,Sur,38.0,1183.84,2026-04-19,1249.86
4183,Daniela Cruz,Escritorio,Occidente,19.0,1018.87,2025-03-04,1401.48
326,Camila Reyes,Laptop,Norte,43.0,789.93,2025-11-24,1384.28
7537,Valeria Mendoza,Tablet,Norte,29.0,568.63,2024-03-26,1583.16
3063,Laura Sanchez,Tablet,Norte,45.0,838.68,2025-02-07,1034.14
8730,Isabel Guzman,Monitor,Sur,38.0,1193.35,2025-09-23,1057.99
2727,Sofia Torres,Tablet,Sur,32.0,493.07,2024-07-01,1197.24
9064,Paola Rios,Bocina,Norte,38.0,326.16,2025-07-24,704.56
9908,Carlos Ramirez,Bocina,Sin Especificar,18.0,840.105,2026-04-29,1301.48
4362,Miguel Flores,Camara,Sur,22.0,756.97,2025-03-20,1762.73
9374,Daniela Cruz,Monitor,Norte,46.0,490.8,2025-10-16,1365.79
2322,Camila Reyes,Mouse,Occidente,36.0,562.77,2026-04-24,1060.15
1391,Luis Hernandez,Laptop,Centro,54.0,561.82,2026-05-17,1327.61
2182,Sofia Torres,Mouse,Sur,58.0,779.29,2024-07-27,1786.28
7428,Andres Ortiz,Bocina,Centro,36.0,1322.18,2024-10-11,1224.68
1366,Miguel Flores,Impresora,Norte,50.0,76.42,2024-08-01,1246.65
7452,Andres Ortiz,Mouse,Norte,33.0,856.14,2025-10-04,1909.16
2980,Andres Ortiz,Mouse,Sur,33.0,1146.16,2024-03-16,2475.36
3784,Daniela Cruz,Monitor,Occidente,41.0,631.75,2026-05-19,1740.71
6753,Luis Hernandez,Mouse,Centro,33.0,1235.52,2025-09-07,1307.32
1193,Carlos Ramirez,Escritorio,Sur,20.0,807.08,2024-06-12,1462.83
1847,Miguel Flores,Tablet,Occidente,29.0,989.7,2024-10-19,1031.13
7616,Miguel Flores,Bocina,Occidente,38.0,1220.49,2024-11-06,1525.46
8137,Maria Lopez,Tablet,Centro,40.0,905.83,2025-04-19,1867.86
4022,Laura Sanchez,Bocina,Occidente,58.0,840.105,2024-05-18,1537.02
6637,Luis Hernandez,Teclado,Centro,37.0,360.68,2024-08-31,916.35
9245,Daniela Cruz,Laptop,Centro,38.0,585.89,2024-01-27,1216.48
1142,Camila Reyes,Impresora,Centro,38.0,1010.25,2025-01-24,1491.27
3250,Valeria Mendoza,Camara,Norte,40.0,1126.47,2024-08-29,1282.52
4595,Daniela Cruz,Escritorio,Centro,38.0,985.41,2025-06-06,1858.72
5777,Pedro Aguilar,Tablet,Sur,51.0,1099.77,2024-09-07,1598.56
1433,Diego Romero,Bocina,Centro,60.0,919.41,2024-05-05,1546.59
5081,Andres Ortiz,Escritorio,Centro,46.0,839.22,2024-09-04,1039.61
2540,Paola Rios,Bocina,Occidente,35.0,1051.2,2024-03-30,1489.7
5961,Diego Romero,Monitor,Centro,36.0,716.19,2024-12-28,939.3
7310,Maria Lopez,Silla,Sin Especificar,37.0,1082.71,2026-05-21,1211.67
6600,Sofia Torres,Silla,Sur,43.0,806.74,2024-08-20,1249.45
9628,Miguel Flores,Tablet,Occidente,17.0,817.63,2024-07-09,722.76
2444,Maria Lopez,Bocina,Norte,53.0,707.58,2025-06-06,1336.16
6844,Paola Rios,Camara,Occidente,38.0,1033.73,2025-09-07,1255.76
9599,Daniela Cruz,Mouse,Norte,47.0,1069.85,,1495.21
1832,Ana Garcia,Laptop,Occidente,39.0,1088.64,2024-06-13,1393.42
2508,Luis Hernandez,Tablet,Sur,47.0,694.82,,2080.88
722,Carlos Ramirez,Bocina,Norte,38.0,1422.04,2025-09-13,1402.47
2173,Sofia Torres,Silla,Sur,38.0,1294.14,2025-12-16,1668.07
3724,Isabel Guzman,Monitor,Occidente,17.0,440.23,2025-03-18,1417.47
8975,Sofia Torres,Mouse,Occidente,55.0,815.82,2024-10-28,1590.06
668,Jose Martinez,Tablet,Centro,38.0,790.87,2025-04-21,1385.27
6360,Daniela Cruz,Escritorio,Norte,71.0,851.1,2025-04-03,1919.89
4278,Fernanda Castro,Laptop,Occidente,22.0,573.03,2024-05-31,1704.36
664,Daniela Cruz,Impresora,Sur,283.0,1507.04,2024-08-22,1185.71
2726,Valeria Mendoza,Escritorio,Sin Especificar,56.0,50.0,2024-06-20,1380.91
9150,Miguel Flores,Bocina,Norte,33.0,542.22,2025-04-06,1618.04
4709,Valeria Mendoza,Teclado,Sur,47.0,570.9,2025-03-08,1292.46
4648,Ana Garcia,Monitor,Sur,7.0,1314.17,2024-08-28,1288.3
6851,Jorge Morales,Monitor,Centro,29.0,1520.73,2025-05-24,538.0
6203,Laura Sanchez,Impresora,Occidente,46.0,981.27,2025-08-21,768.36
450,Fernanda Castro,Laptop,Sur,29.0,791.99,2025-09-14,1686.27
4240,Sofia Torres,Escritorio,Norte,54.0,702.84,2025-05-16,1764.94
6913,Miguel Flores,Monitor,Centro,38.0,833.245,2026-01-28,1587.73
596,Camila Reyes,Silla,Occidente,28.0,852.81,2026-03-06,1201.24
4618,Maria Lopez,Mouse,Sin Especificar,50.0,816.05,2024-01-27,1740.61
2927,Andres Ortiz,Monitor,Centro,38.0,684.36,2024-05-07,1351.62
7046,Alejandro Diaz,Mouse,Occidente,39.0,1105.1,2024-09-18,927.04
4971,Ana Garcia,Impresora,Occidente,63.0,193.23,2025-06-22,978.74
1058,Carlos Ramirez,Impresora,Centro,52.0,897.2,2024-02-28,647.26
8851,Daniela Cruz,Escritorio,Sur,55.0,832.48,2024-03-20,1179.74
7828,Isabel Guzman,Laptop,Centro,49.0,735.47,2024-11-12,1556.21
4561,Isabel Guzman,Tablet,Sur,30.0,838.68,2025-06-11,1262.56
9904,Alejandro Diaz,Silla,Sur,55.0,852.81,2026-02-25,1333.15
7141,Maria Lopez,Monitor,Norte,54.0,783.57,2025-07-12,1219.62
5564,Isabel Guzman,Laptop,Centro,34.0,702.38,2024-07-01,1747.76
4886,Camila Reyes,Monitor,Norte,46.0,988.63,2025-02-19,2048.19
7825,Jorge Morales,Impresora,Norte,49.0,1037.13,2024-03-22,1172.24
8856,Maria Lopez,Teclado,Norte,29.0,650.8,2024-04-05,1964.4
3327,Andres Ortiz,Camara,Norte,38.0,423.54,2026-06-09,683.7
8051,Luis Hernandez,Laptop,Norte,55.0,439.2,2025-03-12,1055.73
2169,Daniela Cruz,Tablet,Centro,38.0,1022.95,2024-12-26,1283.36
40,Pedro Aguilar,Laptop,Sur,24.0,729.12,2025-10-23,1315.71
8633,Fernanda Castro,Tablet,Sur,33.0,710.91,2024-10-28,1236.73
9390,Daniela Cruz,Escritorio,Norte,49.0,671.58,2025-03-14,1548.68
9450,Fernanda Castro,Escritorio,Centro,34.0,764.55,2025-06-22,1215.54
6243,Paola Rios,Monitor,Centro,46.0,1055.76,,1707.01
8944,Jose Martinez,Camara,Sur,42.0,829.105,,1628.45
9856,Jorge Morales,Monitor,Norte,19.0,904.58,,1010.85
514,Luis Hernandez,Camara,Occidente,38.0,581.8,2025-06-26,1668.98
5938,Camila Reyes,Impresora,Sur,45.0,651.8,2024-08-13,696.62
1143,Andres Ortiz,Camara,Norte,46.0,829.105,2024-05-07,1625.34
7625,Jorge Morales,Impresora,Centro,57.0,826.23,2024-01-28,1412.74
1180,Andres Ortiz,Teclado,Occidente,33.0,654.36,2026-03-21,904.87
7915,Isabel Guzman,Tablet,Norte,19.0,1147.89,2024-03-27,909.88
8312,Ricardo Vargas,Monitor,Norte,55.0,1247.6,,1824.63
1926,Luis Hernandez,Tablet,Sur,52.0,1210.57,2024-06-16,1409.09
3307,Luis Hernandez,Silla,Occidente,44.0,1115.64,2025-04-10,1514.84
9622,Jorge Morales,Teclado,Sur,55.0,943.53,2025-06-28,1199.71
6568,Isabel Guzman,Laptop,Centro,38.0,827.5550000000001,2024-10-27,1470.44
4530,Alejandro Diaz,Mouse,Norte,38.0,513.61,2026-01-04,1486.64
64,Laura Sanchez,Impresora,Sur,34.0,1313.62,2024-12-20,1605.01
1461,Andres Ortiz,Mouse,Sur,32.0,782.77,2025-04-27,1170.8
6693,Maria Lopez,Monitor,Occidente,41.0,889.36,,2114.12
1330,Jorge Morales,Escritorio,Sur,38.0,50.0,,1338.46
2238,Pedro Aguilar,Mouse,Sur,27.0,1279.18,2025-06-08,1919.21
222,Diego Romero,Monitor,Occidente,37.0,595.44,2025-08-01,1271.74
5076,Daniela Cruz,Mouse,Sur,35.0,902.26,2025-09-24,1417.6
577,Laura Sanchez,Mouse,Norte,42.0,1228.76,2024-06-29,1885.82
583,Alejandro Diaz,Mouse,Sur,38.0,388.01,2024-06-17,1141.09
4644,Jorge Morales,Laptop,Centro,30.0,1197.74,2024-05-11,1647.63
4080,Diego Romero,Silla,Norte,30.0,589.17,2025-04-12,956.97
211,Andres Ortiz,Laptop,Sur,45.0,1148.42,2025-06-23,1227.54
6139,Luis Hernandez,Bocina,Sin Especificar,39.0,760.5,2025-04-18,1547.93
4796,Diego Romero,Mouse,Centro,43.0,708.5,2025-06-23,1150.37
9731,Carlos Ramirez,Escritorio,Centro,56.0,421.94,2024-09-28,1182.77
7603,Valeria Mendoza,Tablet,Occidente,29.0,838.68,2026-06-07,1739.82
3926,Jose Martinez,Tablet,Centro,32.0,541.04,2025-09-10,1099.3
8277,Miguel Flores,Camara,Occidente,31.0,609.69,,1745.49
8032,Alejandro Diaz,Tablet,Sur,41.0,622.47,2025-07-04,1768.42
9698,Sofia Torres,Impresora,Norte,64.0,1320.83,2025-11-19,1368.56
7896,Paola Rios,Teclado,Sur,27.0,850.16,2025-05-26,1289.94
1415,Diego Romero,Laptop,Occidente,53.0,792.35,2025-05-21,1568.83
2778,Andres Ortiz,Laptop,Sur,26.0,959.26,2025-07-30,718.76
891,Valeria Mendoza,Monitor,Occidente,45.0,552.28,2024-09-02,1634.43
7643,Alejandro Diaz,Teclado,Sur,34.0,828.63,2024-06-13,1561.09
5378,Maria Lopez,Mouse,Occidente,40.0,675.22,,1316.08
3410,Laura Sanchez,Bocina,Centro,38.0,789.17,2025-05-27,1525.99
4292,Carlos Ramirez,Tablet,Occidente,32.0,838.68,2025-07-18,1516.34
2929,Pedro Aguilar,Teclado,Norte,30.0,664.9,2026-05-21,1436.28
6374,Jose Martinez,Teclado,Centro,57.0,460.63,2024-02-05,752.41
4726,Carlos Ramirez,Escritorio,Centro,54.0,1053.04,2024-05-18,1559.0
4779,Jose Martinez,Teclado,Centro,15.0,929.99,2024-11-04,1243.96
2903,Camila Reyes,Teclado,Sur,35.0,741.65,2025-01-12,1782.22
969,Paola Rios,Teclado,Norte,55.0,226.84,2024-08-31,1293.85
805,Ricardo Vargas,Monitor,Norte,54.0,802.28,2025-10-12,1702.93
6450,Fernanda Castro,Impresora,Centro,28.0,826.23,2024-04-25,1360.79
7974,Jose Martinez,Impresora,Norte,64.0,730.02,2024-04-22,1560.47
1838,Laura Sanchez,Laptop,Norte,42.0,819.84,2024-02-11,1425.39
2572,Camila Reyes,Monitor,Centro,32.0,1122.19,2025-11-24,1074.3
1855,Andres Ortiz,Silla,Occidente,56.0,1127.92,2024-05-12,1741.31
5158,Carlos Ramirez,Laptop,Sur,31.0,1311.6,2024-11-05,1119.62
6723,Fernanda Castro,Silla,Centro,22.0,569.18,2026-06-06,694.52
4778,Isabel Guzman,Tablet,Norte,20.0,1272.98,2024-11-23,1315.69
2568,Carlos Ramirez,Monitor,Norte,25.0,816.4,2026-01-04,1095.17
7772,Andres Ortiz,Bocina,Occidente,21.0,208.65,2026-01-19,1895.21
6910,Miguel Flores,Impresora,Sur,47.0,1160.48,2025-06-11,1099.55
1597,Daniela Cruz,Camara,Norte,38.0,829.105,2025-11-07,1182.85
9547,Isabel Guzman,Camara,Norte,39.0,1470.68,2025-02-05,1505.11
4904,Camila Reyes,Tablet,Norte,50.0,865.61,2025-06-24,1816.62
5790,Paola Rios,Impresora,Sur,34.0,994.61,2026-04-11,1016.42
6909,Pedro Aguilar,Camara,Norte,36.0,1065.16,2024-02-07,1087.71
7438,Carlos Ramirez,Mouse,Occidente,44.0,928.95,2024-04-28,1722.79
2690,Ana Garcia,Monitor,Norte,37.0,1144.95,2025-07-18,988.13
5099,Carlos Ramirez,Mouse,Occidente,39.0,819.92,2024-07-16,2032.75
5903,Diego Romero,Monitor,Centro,60.0,985.71,2026-02-09,1650.72
6853,Jorge Morales,Silla,Occidente,37.0,612.64,2025-05-22,1171.53
7290,Fernanda Castro,Tablet,Centro,25.0,429.9,2025-09-15,1777.49
6335,Ana Garcia,Silla,Centro,37.0,1064.98,2024-02-04,1416.53
7462,Ana Garcia,Silla,Occidente,42.0,921.71,2025-05-06,1570.36
3204,Paola Rios,Escritorio,Occidente,41.0,368.03,2026-03-05,1069.76
325,Camila Reyes,Teclado,Centro,58.0,1406.53,2024-02-15,1682.73
7858,Ana Garcia,Mouse,Sur,28.0,895.47,2025-05-22,1854.58
276,Paola Rios,Camara,Centro,42.0,829.105,,1110.74
3231,Valeria Mendoza,Bocina,Norte,14.0,832.32,2024-07-03,1395.17
2524,Sofia Torres,Monitor,Sur,34.0,802.24,2024-07-11,1493.61
7589,Ricardo Vargas,Escritorio,Centro,41.0,1015.66,2024-11-27,1571.77
150,Maria Lopez,Camara,Norte,29.0,778.17,2025-08-11,1300.2
3909,Valeria Mendoza,Laptop,Norte,30.0,1119.14,2025-04-17,1424.82
9381,Miguel Flores,Escritorio,Sur,24.0,1069.85,2025-06-26,1021.59
9773,Laura Sanchez,Mouse,Centro,30.0,847.97,2026-04-29,1432.84
296,Daniela Cruz,Bocina,Sin Especificar,44.0,954.21,2025-09-19,1715.09
2517,Valeria Mendoza,Escritorio,Sur,33.0,1159.87,2025-01-01,1417.06
4472,Pedro Aguilar,Tablet,Norte,40.0,421.25,2024-09-23,1199.47
9971,Isabel Guzman,Tablet,Centro,27.0,838.68,2026-04-20,2163.47
2894,Maria Lopez,Tablet,Occidente,34.0,419.16,2024-12-20,712.51
3764,Sofia Torres,Monitor,Sur,25.0,1247.07,2025-10-06,1831.41
3034,Fernanda Castro,Teclado,Centro,38.0,706.03,2025-07-29,1442.75
5032,Laura Sanchez,Mouse,Centro,34.0,1288.16,2024-10-30,1867.7
7981,Ricardo Vargas,Bocina,Sur,13.0,761.87,2025-12-29,1460.77
4628,Laura Sanchez,Laptop,Centro,53.0,827.5550000000001,2024-07-17,1772.96
3613,Pedro Aguilar,Mouse,Occidente,41.0,146.03,2025-12-17,1967.41
4077,Isabel Guzman,Silla,Centro,45.0,773.07,2024-11-20,1986.24
8148,Pedro Aguilar,Bocina,Sur,34.0,694.3,2025-05-24,1324.31
1861,Pedro Aguilar,Mouse,Centro,51.0,630.12,2024-05-03,1679.08
1422,Camila Reyes,Camara,Centro,45.0,444.63,2024-07-24,1419.42
2248,Ricardo Vargas,Camara,Sur,38.0,793.93,2024-09-04,1251.01
4463,Camila Reyes,Teclado,Norte,44.0,188.1,2024-07-30,1108.71
8163,Fernanda Castro,Tablet,Occidente,31.0,958.35,2024-01-27,1364.39
5746,Jorge Morales,Bocina,Sur,5.0,840.105,2026-03-19,826.68
5577,Maria Lopez,Teclado,Sin Especificar,43.0,848.94,2025-08-05,1736.08
7795,Ana Garcia,Laptop,Sur,48.0,1434.77,2024-11-22,933.78
5857,Diego Romero,Silla,Sur,42.0,852.81,,1345.72
5846,Isabel Guzman,Mouse,Centro,30.0,511.28,2024-04-30,2101.12
9965,Luis Hernandez,Laptop,Norte,51.0,827.5550000000001,2024-07-30,1926.71
48,Ana Garcia,Impresora,Centro,46.0,681.53,2024-01-27,1420.11
2154,Sofia Torres,Silla,Occidente,32.0,425.54,2024-05-30,1475.88
2335,Sofia Torres,Escritorio,Sur,42.0,1036.14,2024-05-23,1718.55
180,Laura Sanchez,Camara,Norte,35.0,839.05,2024-08-05,1515.77
5871,Luis Hernandez,Laptop,Occidente,30.0,719.36,2026-05-17,1172.96
6096,Diego Romero,Silla,Sur,40.0,250.3,2025-03-21,329.52
9268,Alejandro Diaz,Bocina,Sur,38.0,819.24,2025-10-28,1407.09
8539,Ana Garcia,Camara,Occidente,33.0,1201.06,2025-04-30,1634.94
2194,Ana Garcia,Mouse,Norte,30.0,376.49,2025-07-23,802.18
6688,Miguel Flores,Escritorio,Centro,29.0,393.91,2025-10-30,1412.27
4831,Luis Hernandez,Escritorio,Norte,45.0,1130.8,2024-03-07,1704.8
9528,Jose Martinez,Silla,Occidente,33.0,1244.38,2025-11-17,1167.5
5768,Andres Ortiz,Monitor,Centro,34.0,531.29,2024-10-12,1640.49
8146,Ricardo Vargas,Tablet,Centro,42.0,1114.84,,830.42
9166,Ricardo Vargas,Monitor,Occidente,36.0,1049.57,2025-06-09,2097.26
7950,Diego Romero,Laptop,Sin Especificar,33.0,449.5,2025-12-10,601.53
4533,Jorge Morales,Teclado,Occidente,40.0,786.02,2024-07-23,1766.84
4476,Valeria Mendoza,Teclado,Occidente,48.0,906.6,2024-06-14,1762.31
7349,Paola Rios,Bocina,Norte,53.0,809.24,2026-05-27,1755.81
4804,Laura Sanchez,Tablet,Centro,36.0,1084.23,2025-12-02,1582.12
4338,Maria Lopez,Escritorio,Norte,48.0,1046.17,2024-06-13,1440.01
7128,Jose Martinez,Mouse,Norte,40.0,1458.67,2024-05-28,1318.5
6049,Carlos Ramirez,Silla,Occidente,34.0,957.39,,1902.12
7251,Paola Rios,Camara,Norte,47.0,829.105,2024-05-01,729.56
9737,Laura Sanchez,Teclado,Sur,44.0,399.68,2025-01-06,1757.64
5758,Sofia Torres,Silla,Centro,37.0,1099.93,2024-02-04,1782.73
6091,Camila Reyes,Mouse,Centro,60.0,819.92,2024-04-17,1132.6
223,Diego Romero,Camara,Sur,29.0,854.89,2024-05-16,1518.3
2601,Andres Ortiz,Camara,Norte,39.0,565.47,2024-09-12,1292.65
8267,Miguel Flores,Bocina,Sur,45.0,1059.01,2026-01-20,1171.25
5243,Miguel Flores,Silla,Norte,45.0,1160.94,2024-02-09,1266.65
3507,Alejandro Diaz,Tablet,Norte,24.0,1286.08,2024-02-27,1133.57
1681,Andres Ortiz,Silla,Centro,27.0,923.64,2025-12-29,1110.77
163,Diego Romero,Mouse,Norte,67.0,1008.9,2024-12-28,1210.55
8058,Pedro Aguilar,Tablet,Occidente,38.0,931.23,,1309.21
5187,Pedro Aguilar,Monitor,Occidente,38.0,425.28,2025-07-01,1353.61
9926,Camila Reyes,Monitor,Centro,47.0,833.245,2026-05-12,1236.81
3003,Sofia Torres,Impresora,Centro,24.0,441.16,2024-10-25,1411.08
7661,Laura Sanchez,Silla,Occidente,9.0,906.26,2026-02-19,1239.21
7445,Sofia Torres,Monitor,Sur,35.0,921.99,2025-01-15,1518.49
4990,Paola Rios,Impresora,Occidente,31.0,1154.48,2026-02-25,1255.4
4074,Laura Sanchez,Camara,Centro,48.0,1144.93,2025-10-23,1154.62
7257,Paola Rios,Silla,Occidente,51.0,916.32,2025-07-04,1648.64
2954,Jorge Morales,Teclado,Norte,55.0,814.66,2025-07-17,1870.26
9099,Diego Romero,Impresora,Occidente,49.0,865.98,2024-08-01,1557.74
4116,Alejandro Diaz,Mouse,Sur,38.0,819.92,2025-02-12,929.51
6467,Miguel Flores,Bocina,Centro,25.0,653.01,2026-04-30,1769.84
2259,Alejandro Diaz,Impresora,Norte,36.0,898.15,2024-08-18,1371.84
4007,Jorge Morales,Camara,Sur,42.0,965.46,2025-01-03,890.52
975,Laura Sanchez,Camara,Centro,38.0,794.49,2024-07-31,1219.88
4322,Valeria Mendoza,Impresora,Occidente,35.0,1291.62,2024-06-02,1240.58
5424,Daniela Cruz,Laptop,Norte,38.0,967.82,2025-07-04,2061.08
2418,Miguel Flores,Teclado,Sur,46.0,1139.23,2025-11-21,1651.23
3677,Ricardo Vargas,Teclado,Occidente,28.0,501.84,2025-05-25,1201.01
904,Fernanda Castro,Bocina,Occidente,52.0,1184.46,2025-09-09,1593.88
995,Laura Sanchez,Monitor,Occidente,36.0,833.245,2025-02-17,1171.86
1478,Daniela Cruz,Impresora,Norte,314.0,452.77,2026-11-04,1589.04
7846,Alejandro Diaz,Impresora,Sin Especificar,25.0,1234.16,2024-09-20,1466.38
9258,Daniela Cruz,Escritorio,Norte,29.0,780.28,2026-02-28,1072.13
1629,Valeria Mendoza,Mouse,Sur,31.0,819.92,2024-06-18,1622.68
7279,Ana Garcia,Silla,Sur,59.0,602.6,2025-02-23,1312.24
5450,Ricardo Vargas,Camara,Sur,55.0,894.95,,1542.78
2714,Maria Lopez,Mouse,Occidente,41.0,359.28,2025-04-19,1031.58
6041,Diego Romero,Escritorio,Occidente,21.0,832.48,2024-09-24,1876.0
5493,Carlos Ramirez,Monitor,Sur,50.0,1022.17,2025-07-31,1842.83
3388,Pedro Aguilar,Camara,Occidente,19.0,892.55,2026-01-18,760.15
9788,Alejandro Diaz,Mouse,Occidente,52.0,166.08,2024-06-15,1103.99
8554,Laura Sanchez,Tablet,Occidente,46.0,1072.31,2025-09-09,1733.66
5820,Daniela Cruz,Impresora,Sur,71.0,692.55,,1455.91
6932,Ana Garcia,Impresora,Norte,61.0,1195.24,2024-09-08,2005.41
3165,Ana Garcia,Laptop,Centro,39.0,589.67,2024-01-09,1774.46
3547,Maria Lopez,Mouse,Sur,38.0,830.91,2024-09-05,1396.43
6457,Sofia Torres,Laptop,Sur,22.0,1065.16,2026-03-18,1198.94
8126,Jorge Morales,Laptop,Sur,37.0,1138.92,2024-12-09,998.18
5130,Daniela Cruz,Silla,Sur,42.0,784.89,2025-04-15,1253.82
7841,Valeria Mendoza,Impresora,Norte,271.0,826.23,2025-03-15,1689.73
47,Maria Lopez,Escritorio,Norte,43.0,816.83,2024-10-31,1705.1
8170,Laura Sanchez,Monitor,Sur,16.0,1080.54,2024-08-30,950.63
9294,Ana Garcia,Teclado,Sur,56.0,1357.23,2024-07-02,1340.01
1921,Miguel Flores,Silla,Centro,36.0,360.55,2026-02-25,1194.45
6772,Valeria Mendoza,Impresora,Occidente,43.0,1005.47,2026-03-04,2042.26
5648,Andres Ortiz,Camara,Sin Especificar,18.0,850.08,2025-07-28,1162.95
9969,Miguel Flores,Teclado,Sur,38.0,1288.96,2024-05-18,1089.68
5087,Jose Martinez,Teclado,Centro,43.0,324.8,2025-01-24,1266.51
6329,Isabel Guzman,Teclado,Centro,55.0,657.98,2025-12-09,2080.91
5133,Laura Sanchez,Mouse,Occidente,28.0,50.0,2025-01-16,1495.15
8350,Carlos Ramirez,Camara,Occidente,51.0,986.04,2024-09-25,1405.38
7848,Carlos Ramirez,Teclado,Centro,40.0,818.02,2026-03-16,954.29
393,Luis Hernandez,Impresora,Sin Especificar,30.0,826.23,2024-01-25,1411.97
3831,Pedro Aguilar,Mouse,Centro,48.0,1451.6,2024-08-28,1045.47
2093,Ricardo Vargas,Tablet,Norte,43.0,422.16,2024-12-21,1293.74
1389,Jose Martinez,Laptop,Occidente,49.0,787.05,,1801.69
7577,Carlos Ramirez,Escritorio,Occidente,52.0,527.74,2024-11-11,1341.34
2085,Isabel Guzman,Impresora,Occidente,21.0,698.95,2026-05-13,1151.01
9840,Pedro Aguilar,Camara,Centro,32.0,829.105,2025-04-01,1929.91
2739,Carlos Ramirez,Silla,Sin Especificar,26.0,737.11,2026-05-02,1300.78
1420,Fernanda Castro,Monitor,Norte,31.0,550.12,2024-09-24,1530.99
1486,Diego Romero,Tablet,Occidente,53.0,984.88,2024-04-07,1766.47
5308,Valeria Mendoza,Escritorio,Occidente,44.0,928.31,2024-06-01,2005.5
7456,Pedro Aguilar,Teclado,Sur,21.0,1210.22,2024-04-23,1633.35
3612,Laura Sanchez,Mouse,Centro,37.0,1101.18,2025-07-21,1475.77
4921,Ricardo Vargas,Escritorio,Occidente,56.0,679.51,2024-08-01,1166.75
5551,Pedro Aguilar,Camara,Sur,54.0,1310.1,2026-05-08,1039.46
453,Jorge Morales,Bocina,Sur,36.0,747.95,2024-04-16,1350.78
2255,Jorge Morales,Silla,Occidente,25.0,617.27,2025-05-30,2057.83
9144,Alejandro Diaz,Impresora,Sur,34.0,491.11,2025-06-29,1620.71
991,Maria Lopez,Tablet,Norte,34.0,1191.59,2024-05-25,1363.0
8207,Luis Hernandez,Camara,Centro,37.0,704.05,2025-10-01,1173.12
117,Ricardo Vargas,Mouse,Centro,50.0,1094.97,2025-09-04,954.49
7105,Valeria Mendoza,Monitor,Occidente,46.0,900.1,2024-08-20,1894.31
7485,Fernanda Castro,Teclado,Centro,31.0,702.43,2025-08-10,1527.92
4214,Paola Rios,Teclado,Norte,42.0,901.53,2026-05-27,1363.35
616,Daniela Cruz,Teclado,Norte,16.0,736.68,2025-02-05,1458.26
9436,Fernanda Castro,Monitor,Occidente,36.0,928.18,2024-07-28,1307.68
5646,Miguel Flores,Silla,Norte,37.0,1009.96,2026-01-25,1473.63
2688,Ricardo Vargas,Bocina,Occidente,63.0,1379.89,2025-05-25,1329.24
876,Fernanda Castro,Monitor,Occidente,38.0,1037.34,2024-05-04,1620.6
8901,Laura Sanchez,Bocina,Sur,45.0,1368.75,2024-01-26,1674.26
5015,Daniela Cruz,Escritorio,Occidente,47.0,714.59,2025-02-19,1608.51
5147,Diego Romero,Escritorio,Norte,38.0,812.19,2024-04-27,1202.02
6893,Alejandro Diaz,Camara,Sur,44.0,369.52,2026-10-06,2109.92
2451,Ana Garcia,Camara,Centro,44.0,829.105,2024-06-24,1354.87
1763,Jose Martinez,Escritorio,Occidente,29.0,847.27,2025-09-22,1762.59
5431,Andres Ortiz,Laptop,Sur,41.0,493.92,2024-04-30,1906.94
8893,Alejandro Diaz,Teclado,Norte,24.0,779.24,2026-01-31,1804.59
6209,Valeria Mendoza,Escritorio,Occidente,57.0,492.74,2025-10-09,1737.12
8747,Ricardo Vargas,Laptop,Sur,30.0,388.78,2024-11-16,1156.02
719,Jose Martinez,Silla,Centro,29.0,1280.07,2024-01-10,2359.84
3118,Sofia Torres,Silla,Occidente,38.0,691.84,2026-03-31,1508.04
1166,Maria Lopez,Impresora,Occidente,55.0,360.08,2024-02-25,1118.07
2401,Valeria Mendoza,Laptop,Centro,30.0,648.48,2026-06-17,1038.89
3284,Jorge Morales,Monitor,Norte,20.0,1236.63,2025-01-10,1723.63
7797,Fernanda Castro,Laptop,Centro,36.0,937.93,2024-08-01,1861.4
4024,Diego Romero,Tablet,Centro,43.0,953.71,2024-06-05,1016.17
5875,Paola Rios,Impresora,Sur,19.0,642.83,2024-01-29,1851.57
739,Miguel Flores,Mouse,Occidente,16.0,519.62,2025-12-28,1700.08
159,Carlos Ramirez,Silla,Centro,50.0,806.71,2024-04-30,993.24
4250,Ana Garcia,Impresora,Occidente,44.0,384.53,2024-07-09,1792.72
3214,Luis Hernandez,Impresora,Norte,31.0,801.76,2025-10-23,1620.98
9803,Carlos Ramirez,Impresora,Sur,36.0,698.15,2024-02-11,1234.52
4304,Valeria Mendoza,Tablet,Norte,30.0,1089.23,2025-01-07,1232.03
3871,Ricardo Vargas,Monitor,Norte,38.0,976.27,2025-09-06,1110.26
8741,Miguel Flores,Escritorio,Occidente,38.0,785.69,2024-06-07,1822.88
7543,Jorge Morales,Mouse,Sur,37.0,952.6,2024-11-09,1716.33
3301,Miguel Flores,Tablet,Occidente,69.0,740.33,2024-05-17,556.51
6944,Camila Reyes,Monitor,Centro,48.0,651.79,2025-10-02,1132.56
4238,Valeria Mendoza,Bocina,Sur,39.0,619.74,2025-10-05,1358.8
9231,Daniela Cruz,Laptop,Sur,47.0,1088.84,2024-06-02,1332.97
8211,Diego Romero,Camara,Norte,11.0,829.105,2024-05-20,1575.53
8002,Camila Reyes,Teclado,Centro,31.0,823.65,2025-09-21,1655.53
3468,Daniela Cruz,Bocina,Occidente,59.0,817.25,2026-05-23,1182.4
2247,Carlos Ramirez,Camara,Sur,37.0,1454.83,2026-04-16,1166.35
9676,Daniela Cruz,Silla,Occidente,42.0,852.81,2025-03-17,986.31
9085,Isabel Guzman,Escritorio,Norte,38.0,593.69,2026-01-06,1035.61
1502,Jorge Morales,Laptop,Occidente,32.0,892.99,2024-10-06,1063.41
3482,Andres Ortiz,Impresora,Sur,38.0,949.07,2026-06-10,1182.71
8396,Sofia Torres,Silla,Norte,38.0,852.81,2025-12-05,1761.32
6738,Isabel Guzman,Laptop,Sur,38.0,1173.1,2025-09-05,1485.08
6810,Paola Rios,Bocina,Sin Especificar,26.0,1213.27,2025-07-30,1185.6
2805,Jose Martinez,Silla,Sur,38.0,497.89,2026-02-25,1120.0
4629,Carlos Ramirez,Impresora,Occidente,15.0,955.88,2025-09-01,1690.11
6671,Sofia Torres,Escritorio,Sin Especificar,47.0,591.8,2024-11-11,1995.02
9052,Laura Sanchez,Teclado,Occidente,54.0,752.75,2026-03-28,1451.71
7727,Isabel Guzman,Laptop,Centro,37.0,647.35,2024-07-30,1778.24
941,Alejandro Diaz,Impresora,Norte,29.0,1020.35,2025-06-14,1289.49
4445,Miguel Flores,Escritorio,Centro,17.0,1051.59,2025-08-29,1800.04
9527,Fernanda Castro,Monitor,Sur,47.0,893.48,2024-02-24,2106.81
7499,Andres Ortiz,Teclado,Norte,53.0,586.18,2026-01-06,704.57
5241,Andres Ortiz,Camara,Centro,33.0,876.84,2026-04-07,2036.09
2846,Alejandro Diaz,Mouse,Centro,34.0,709.77,2024-11-20,1443.1
5348,Pedro Aguilar,Escritorio,Occidente,30.0,90.5,2025-10-21,1439.01
3432,Jorge Morales,Impresora,Norte,25.0,800.59,2025-11-03,1130.19
5449,Ana Garcia,Camara,Occidente,38.0,1513.3,2025-09-29,1294.85
4017,Valeria Mendoza,Mouse,Centro,34.0,800.45,2024-01-28,1205.75
7534,Daniela Cruz,Tablet,Occidente,43.0,1227.17,2024-09-20,775.85
3881,Daniela Cruz,Teclado,Norte,38.0,822.475,2026-05-21,1255.73
1114,Pedro Aguilar,Tablet,Norte,40.0,1161.05,2024-03-30,1000.14
5979,Maria Lopez,Mouse,Occidente,4.0,1179.18,2024-01-20,1901.75
3193,Luis Hernandez,Monitor,Centro,35.0,921.17,2024-02-03,921.43
7106,Daniela Cruz,Silla,Centro,34.0,601.88,,1253.31
686,Valeria Mendoza,Silla,Sur,23.0,852.81,2026-06-01,2016.42
5519,Miguel Flores,Laptop,Sur,19.0,827.5550000000001,2025-09-17,1023.52
8354,Laura Sanchez,Tablet,Norte,37.0,722.05,2025-05-27,1361.68
3156,Jorge Morales,Teclado,Norte,22.0,1385.44,2024-04-26,1466.29
1904,Laura Sanchez,Mouse,Centro,38.0,858.17,2025-12-03,1017.76
6715,Laura Sanchez,Silla,Occidente,37.0,995.8,2025-09-22,1740.27
9313,Daniela Cruz,Laptop,Occidente,46.0,407.21,2026-05-28,1512.66
7232,Andres Ortiz,Camara,Norte,60.0,1207.4,2025-10-02,1386.2
9570,Fernanda Castro,Bocina,Sur,50.0,648.89,2025-01-16,1061.11
1792,Diego Romero,Escritorio,Norte,32.0,434.0,2024-07-22,1402.25
5928,Alejandro Diaz,Bocina,Sur,42.0,891.35,2025-03-18,1709.73
5292,Daniela Cruz,Teclado,Sur,32.0,834.7,2024-11-11,2233.45
8345,Diego Romero,Bocina,Occidente,24.0,711.47,2025-07-26,1252.89
2032,Jose Martinez,Silla,Centro,32.0,784.79,2024-12-17,1590.45
3608,Sofia Torres,Tablet,Occidente,29.0,815.4,2025-10-20,1429.5
9308,Luis Hernandez,Teclado,Sur,46.0,866.29,2024-05-13,1449.36
4383,Maria Lopez,Escritorio,Occidente,45.0,620.46,2024-06-03,1333.23
2675,Sofia Torres,Camara,Occidente,47.0,215.5,2026-07-06,1960.6
3048,Fernanda Castro,Bocina,Centro,18.0,501.31,2024-08-06,1240.17
485,Alejandro Diaz,Mouse,Norte,44.0,800.23,2024-04-20,817.91
9922,Ana Garcia,Laptop,Norte,29.0,751.52,2025-05-14,1750.76
1185,Jose Martinez,Silla,Norte,30.0,904.05,2026-03-12,1228.4
2374,Jose Martinez,Escritorio,Occidente,26.0,1005.85,2025-12-04,1888.5
1096,Daniela Cruz,Monitor,Centro,47.0,793.62,2024-12-25,1460.18
661,Paola Rios,Tablet,Centro,30.0,764.47,2025-04-04,1900.05
2000,Laura Sanchez,Teclado,Occidente,40.0,1635.51,,1167.79
3587,Laura Sanchez,Camara,Norte,20.0,969.6,2025-10-27,1613.81
1084,Andres Ortiz,Teclado,Occidente,76.0,346.51,2024-07-18,1080.12
4965,Daniela Cruz,Mouse,Sur,50.0,874.95,2024-07-08,1073.94
6563,Carlos Ramirez,Camara,Centro,33.0,679.56,2024-07-09,1506.9
734,Miguel Flores,Impresora,Centro,42.0,1167.92,2024-07-19,508.27
1418,Jose Martinez,Laptop,Centro,32.0,852.85,2025-03-28,1471.06
8521,Ana Garcia,Impresora,Occidente,33.0,1259.49,2024-09-01,1526.45
2585,Valeria Mendoza,Laptop,Norte,56.0,639.03,2025-02-02,1066.87
1498,Alejandro Diaz,Tablet,Centro,29.0,801.42,2026-01-09,1203.2
1067,Pedro Aguilar,Teclado,Centro,24.0,709.72,2025-03-20,1132.56
7853,Carlos Ramirez,Camara,Norte,32.0,1287.7,2024-11-18,1113.7
5642,Sofia Torres,Impresora,Occidente,44.0,843.11,2025-03-15,2057.33
6120,Fernanda Castro,Laptop,Sur,48.0,1046.19,2025-06-16,1657.12
7473,Jorge Morales,Tablet,Sur,34.0,762.79,2024-11-27,1878.17
972,Daniela Cruz,Teclado,Sin Especificar,42.0,822.475,2024-05-25,1028.43
9694,Carlos Ramirez,Impresora,Norte,46.0,1640.38,2024-05-08,1745.84
977,Diego Romero,Camara,Occidente,19.0,1279.89,2024-08-11,1407.67
9531,Valeria Mendoza,Bocina,Norte,34.0,648.26,2024-02-18,1629.3
188,Paola Rios,Teclado,Sur,34.0,547.69,,1400.14
458,Camila Reyes,Camara,Sur,41.0,832.33,2024-10-08,873.46
2295,Camila Reyes,Bocina,Centro,28.0,749.38,2025-04-07,1497.69
5058,Maria Lopez,Tablet,Centro,46.0,576.01,2025-11-05,1799.49
3953,Daniela Cruz,Impresora,Occidente,16.0,739.5,2026-06-15,1224.46
3078,Paola Rios,Tablet,Sin Especificar,55.0,1444.17,2024-05-23,1502.16
8278,Andres Ortiz,Silla,Sur,33.0,744.81,2024-10-04,1725.56
5408,Ricardo Vargas,Escritorio,Occidente,23.0,518.32,,1053.69
9126,Luis Hernandez,Monitor,Norte,42.0,1301.82,2024-04-25,1799.97
831,Ana Garcia,Camara,Sin Especificar,52.0,829.105,2025-12-24,944.37
5627,Jose Martinez,Mouse,Centro,26.0,647.28,2024-01-11,1344.17
7317,Ana Garcia,Laptop,Centro,48.0,1181.71,2025-10-15,1423.42
1285,Isabel Guzman,Bocina,Sur,62.0,453.11,2025-04-06,1231.88
4121,Ricardo Vargas,Escritorio,Norte,36.0,832.48,2026-04-19,1383.54
3578,Sofia Torres,Bocina,Centro,58.0,570.06,2026-06-17,1701.85
1398,Fernanda Castro,Silla,Occidente,30.0,952.1,2025-10-04,1252.82
3775,Andres Ortiz,Laptop,Sur,49.0,1138.79,2024-06-08,936.66
5256,Luis Hernandez,Tablet,Occidente,41.0,1047.58,,1222.26
5066,Isabel Guzman,Camara,Centro,38.0,829.105,,1192.46
8048,Carlos Ramirez,Laptop,Occidente,31.0,767.48,2024-02-18,1538.44
3712,Fernanda Castro,Silla,Occidente,35.0,1068.18,2024-10-13,1643.69
4808,Isabel Guzman,Laptop,Sur,36.0,1333.97,2025-09-09,959.6
2860,Miguel Flores,Impresora,Sur,47.0,591.21,2026-01-05,1471.83
9322,Carlos Ramirez,Monitor,Norte,35.0,354.2,2026-05-11,1358.92
6447,Maria Lopez,Silla,Occidente,43.0,257.13,2025-07-16,1096.49
5285,Paola Rios,Tablet,Norte,53.0,904.51,2025-05-09,1748.81
54,Jorge Morales,Silla,Centro,28.0,351.8,2024-03-14,779.5
1686,Ricardo Vargas,Escritorio,Norte,43.0,1030.27,2025-08-06,888.01
7313,Ricardo Vargas,Impresora,Sur,45.0,788.54,2025-04-11,1881.21
9772,Daniela Cruz,Impresora,Sur,58.0,1230.19,,1598.43
4318,Camila Reyes,Impresora,Norte,29.0,826.23,,1149.02
2303,Paola Rios,Bocina,Sur,55.0,1050.21,2025-03-28,1056.78
2962,Luis Hernandez,Laptop,Occidente,49.0,478.35,2025-07-19,1232.36
7423,Paola Rios,Teclado,Occidente,52.0,899.38,2025-10-30,1515.42
7315,Miguel Flores,Mouse,Sur,34.0,1349.46,2024-06-23,1011.96
9221,Diego Romero,Impresora,Centro,44.0,874.82,2025-09-08,1897.17
9869,Isabel Guzman,Tablet,Norte,52.0,428.01,2024-12-17,1727.13
5420,Paola Rios,Silla,Occidente,35.0,773.43,2024-12-22,1537.43
2817,Isabel Guzman,Tablet,Sur,18.0,1367.39,2025-05-25,1146.7
3385,Camila Reyes,Mouse,Occidente,65.0,1206.22,2025-02-18,1523.78
3706,Fernanda Castro,Bocina,Centro,20.0,531.83,2025-06-19,1576.36
1674,Andres Ortiz,Laptop,Sur,67.0,1000.48,2026-02-06,585.34
8929,Fernanda Castro,Tablet,Occidente,31.0,1204.52,2025-10-21,906.75
3996,Alejandro Diaz,Camara,Norte,60.0,991.29,2024-07-19,1153.73
564,Miguel Flores,Tablet,Sin Especificar,23.0,1287.43,2026-01-25,1698.52
912,Daniela Cruz,Camara,Norte,45.0,989.47,2024-10-16,1840.56
2175,Maria Lopez,Laptop,Centro,49.0,537.15,2024-07-09,719.31
2412,Isabel Guzman,Camara,Centro,39.0,970.01,2024-10-17,1489.17
7920,Carlos Ramirez,Silla,Centro,32.0,442.86,2024-03-13,1901.58
8615,Andres Ortiz,Escritorio,Centro,28.0,591.1,,862.22
7677,Miguel Flores,Camara,Sur,38.0,829.105,,2159.09
4817,Jorge Morales,Laptop,Occidente,35.0,528.84,2024-06-29,1361.03
7489,Andres Ortiz,Silla,Occidente,46.0,852.81,2025-05-07,1352.25
8557,Maria Lopez,Mouse,Occidente,60.0,715.79,2025-12-26,986.35
1057,Sofia Torres,Tablet,Occidente,37.0,892.5,2024-08-09,1504.6
9156,Daniela Cruz,Camara,Centro,44.0,842.36,2024-09-28,1433.46
7366,Isabel Guzman,Camara,Norte,40.0,829.105,2025-09-27,1649.25
541,Jorge Morales,Teclado,Sur,43.0,747.84,2024-11-09,1438.71
3815,Luis Hernandez,Bocina,Centro,33.0,633.04,2025-11-06,1405.56
4885,Diego Romero,Camara,Sin Especificar,32.0,632.48,2025-08-18,1658.1
7706,Paola Rios,Camara,Occidente,52.0,863.06,2025-07-10,1686.33
5368,Alejandro Diaz,Bocina,Occidente,6.0,840.105,,1598.24
8421,Isabel Guzman,Monitor,Occidente,15.0,874.17,2025-10-07,1329.77
2142,Paola Rios,Bocina,Occidente,22.0,813.59,2024-01-29,1223.63
9086,Fernanda Castro,Tablet,Norte,49.0,888.77,2024-11-25,1351.39
9590,Sofia Torres,Escritorio,Occidente,50.0,799.11,2024-06-11,1155.2
7213,Sofia Torres,Mouse,Norte,20.0,949.45,2024-03-25,2042.48
7261,Camila Reyes,Impresora,Occidente,36.0,642.05,2025-08-01,1721.56
1178,Fernanda Castro,Camara,Occidente,52.0,65.46,2025-09-13,1106.61
246,Diego Romero,Laptop,Norte,57.0,1075.73,2025-05-17,1275.02
3937,Diego Romero,Silla,Sur,32.0,365.02,2024-11-24,999.19
6132,Sofia Torres,Camara,Sur,36.0,830.08,2025-07-15,1889.49
8333,Maria Lopez,Monitor,Centro,54.0,833.245,2026-01-24,1193.71
3146,Diego Romero,Silla,Sin Especificar,45.0,1142.82,2025-05-30,1960.24
3882,Miguel Flores,Camara,Norte,32.0,828.24,2024-09-25,1450.84
4459,Ricardo Vargas,Silla,Occidente,58.0,519.45,2025-04-09,1222.4
8356,Maria Lopez,Silla,Sin Especificar,36.0,868.24,2024-03-31,1959.61
9682,Laura Sanchez,Tablet,Norte,38.0,558.88,2025-04-14,1662.93
4775,Jose Martinez,Monitor,Sur,18.0,406.01,2026-05-15,1673.75
7389,Daniela Cruz,Monitor,Sur,35.0,1431.07,2025-03-02,1265.79
5684,Valeria Mendoza,Impresora,Sur,39.0,1321.25,2024-11-03,1433.93
1355,Camila Reyes,Impresora,Centro,41.0,1208.41,2024-06-16,1431.77
43,Camila Reyes,Impresora,Occidente,47.0,596.64,2024-05-21,1206.36
6046,Alejandro Diaz,Camara,Centro,43.0,824.48,2025-03-15,1999.67
4761,Andres Ortiz,Tablet,Sur,46.0,767.74,2024-10-23,1444.12
2278,Camila Reyes,Mouse,Sur,50.0,1103.98,2025-10-22,1389.57
6811,Andres Ortiz,Camara,Sur,54.0,572.85,2026-01-05,1684.7
7934,Jose Martinez,Escritorio,Occidente,34.0,664.25,2024-08-29,1728.41
5842,Pedro Aguilar,Camara,Sur,50.0,1182.54,2025-12-27,1422.8
7168,Pedro Aguilar,Camara,Centro,40.0,889.73,2024-07-21,1386.97
8268,Daniela Cruz,Mouse,Norte,38.0,1365.82,2024-01-24,1695.13
9254,Laura Sanchez,Camara,Occidente,38.0,732.77,,1760.1
8846,Laura Sanchez,Teclado,Norte,36.0,784.92,2025-11-28,1708.48
1403,Andres Ortiz,Teclado,Sur,22.0,928.43,2024-04-07,1600.82
5904,Luis Hernandez,Monitor,Sur,32.0,523.29,2025-09-07,1641.31
6199,Alejandro Diaz,Camara,Norte,42.0,550.59,,1696.92
2291,Luis Hernandez,Camara,Sin Especificar,30.0,805.05,2024-10-19,1841.8
1898,Fernanda Castro,Teclado,Occidente,22.0,964.83,2024-02-10,1571.91
520,Carlos Ramirez,Impresora,Sur,27.0,688.15,2024-02-07,1557.25
9656,Andres Ortiz,Monitor,Norte,46.0,467.35,2024-10-06,1557.07
8422,Paola Rios,Bocina,Occidente,40.0,826.47,,1255.02
6433,Daniela Cruz,Camara,Centro,53.0,829.105,,1558.6
3504,Isabel Guzman,Silla,Norte,36.0,982.5,2026-04-03,1989.11
4402,Ricardo Vargas,Tablet,Sur,37.0,899.92,2026-06-07,1060.04
4667,Paola Rios,Teclado,Centro,48.0,411.96,2024-11-27,1564.51
6116,Ricardo Vargas,Mouse,Occidente,50.0,1135.69,2024-10-28,1750.12
422,Sofia Torres,Camara,Norte,37.0,1176.89,2025-05-04,996.28
6162,Jorge Morales,Mouse,Centro,22.0,819.92,2025-04-14,1636.28
174,Ricardo Vargas,Camara,Sin Especificar,25.0,386.02,2025-01-05,1584.42
7340,Fernanda Castro,Monitor,Centro,39.0,833.245,2026-03-27,1015.37
7357,Paola Rios,Bocina,Centro,27.0,840.105,2026-02-23,2160.43
6460,Ricardo Vargas,Impresora,Norte,25.0,709.18,2024-11-01,1833.9
5750,Ricardo Vargas,Teclado,Sur,22.0,1109.35,2025-07-17,1880.57
3091,Paola Rios,Monitor,Sur,59.0,833.245,2026-02-04,693.3
86,Paola Rios,Escritorio,Occidente,44.0,902.89,2026-03-19,1660.76
4412,Diego Romero,Teclado,Sin Especificar,55.0,441.0,2024-08-28,1410.65
131,Miguel Flores,Impresora,Norte,57.0,587.74,,1718.04
3316,Paola Rios,Tablet,Sin Especificar,28.0,904.78,2024-12-27,958.91
1902,Ricardo Vargas,Mouse,Occidente,28.0,502.99,2025-09-14,1077.63
4088,Ricardo Vargas,Teclado,Norte,18.0,1137.43,2025-01-13,1755.1
7514,Diego Romero,Laptop,Occidente,30.0,1192.35,2024-07-09,1389.75
8649,Alejandro Diaz,Silla,Occidente,40.0,1233.49,2024-08-02,971.52
7178,Miguel Flores,Teclado,Sur,36.0,822.475,2024-11-11,1413.79
3339,Fernanda Castro,Silla,Sur,46.0,1725.04,2025-11-18,1545.07
5415,Diego Romero,Laptop,Norte,37.0,231.81,2025-05-31,1596.64
7751,Luis Hernandez,Teclado,Occidente,52.0,1467.57,2026-01-09,1812.52
4880,Alejandro Diaz,Tablet,Occidente,22.0,784.03,2024-02-25,1745.59
2387,Jose Martinez,Silla,Centro,41.0,1170.39,2026-02-13,1646.81
3661,Maria Lopez,Laptop,Centro,54.0,1199.25,2025-04-05,1413.98
6832,Maria Lopez,Impresora,Occidente,48.0,1071.27,2025-07-10,1613.53
855,Jorge Morales,Mouse,Sur,47.0,748.54,2026-02-14,1352.74
1947,Pedro Aguilar,Impresora,Centro,50.0,473.6,2026-05-20,1529.86
3546,Isabel Guzman,Camara,Centro,38.0,987.84,2024-09-26,1598.77
2143,Miguel Flores,Bocina,Centro,19.0,1198.18,2024-03-31,1346.21
6946,Ricardo Vargas,Mouse,Sur,59.0,384.63,2025-12-05,894.76
942,Ana Garcia,Laptop,Occidente,24.0,573.45,2024-11-26,1616.81
248,Paola Rios,Teclado,Centro,38.0,1059.56,2025-07-02,1309.68
8035,Andres Ortiz,Tablet,Sur,34.0,1078.23,2025-05-12,1498.83
5610,Jose Martinez,Escritorio,Sur,38.0,771.32,2024-03-26,1792.0
4155,Alejandro Diaz,Escritorio,Sur,43.0,666.82,2026-02-21,1127.55
7442,Sofia Torres,Mouse,Sur,40.0,846.63,2024-03-18,1477.1
2324,Jorge Morales,Escritorio,Norte,24.0,723.21,2024-05-23,985.98
4228,Valeria Mendoza,Laptop,Norte,30.0,894.07,2025-01-28,1549.71
3554,Isabel Guzman,Escritorio,Occidente,36.0,383.29,2026-05-20,1528.9
9091,Sofia Torres,Bocina,Norte,46.0,530.55,2024-02-21,1906.62
2282,Paola Rios,Mouse,Sur,27.0,1162.85,2024-10-19,1198.51
1924,Andres Ortiz,Bocina,Occidente,20.0,965.39,2026-05-06,1255.39
4784,Andres Ortiz,Teclado,Sur,47.0,280.63,2025-03-05,828.76
4119,Ana Garcia,Teclado,Occidente,37.0,958.65,2025-02-22,1685.62
9510,Valeria Mendoza,Teclado,Centro,45.0,1050.88,2025-11-08,1381.76
6962,Carlos Ramirez,Impresora,Occidente,20.0,368.69,2025-09-25,1163.23
893,Camila Reyes,Tablet,Sin Especificar,52.0,542.42,2026-03-04,1050.16
1336,Isabel Guzman,Silla,Norte,24.0,1036.99,2025-05-26,1594.4
3749,Daniela Cruz,Mouse,Sur,27.0,926.67,,1421.55
8181,Miguel Flores,Silla,Occidente,27.0,1279.05,2025-12-23,1047.92
2520,Isabel Guzman,Monitor,Norte,38.0,833.245,2024-06-09,2178.82
5225,Valeria Mendoza,Teclado,Centro,48.0,633.2,2025-10-11,1171.75
397,Ricardo Vargas,Tablet,Occidente,363.0,934.18,2024-04-20,1038.03
9867,Jose Martinez,Mouse,Sur,24.0,929.9,2024-04-19,1929.73
7255,Isabel Guzman,Teclado,Occidente,41.0,822.475,2025-08-17,1345.9
9177,Valeria Mendoza,Camara,Occidente,43.0,718.55,2025-10-24,1939.7
8803,Andres Ortiz,Silla,Norte,21.0,1037.52,2024-08-21,1048.75
8460,Ana Garcia,Tablet,Occidente,24.0,226.46,2026-06-13,1231.01
9429,Jose Martinez,Laptop,Norte,37.0,736.93,2025-12-05,1614.89
2330,Maria Lopez,Mouse,Norte,54.0,948.35,2025-11-16,1231.06
1788,Sofia Torres,Camara,Occidente,35.0,1113.98,2025-10-22,1391.32
3810,Isabel Guzman,Impresora,Occidente,38.0,691.35,2024-11-17,1395.44
7138,Fernanda Castro,Teclado,Norte,26.0,462.75,2024-06-30,810.22
3254,Andres Ortiz,Tablet,Centro,32.0,838.68,2026-02-10,1651.94
5478,Camila Reyes,Teclado,Occidente,33.0,326.04,2025-11-02,1344.89
6341,Daniela Cruz,Mouse,Norte,50.0,1008.14,2025-08-13,1815.18
7565,Miguel Flores,Monitor,Occidente,41.0,575.68,2024-09-22,931.42
6328,Alejandro Diaz,Escritorio,Norte,37.0,964.23,2026-01-27,1689.41
906,Camila Reyes,Camara,Occidente,37.0,810.14,2025-08-23,713.38
4759,Valeria Mendoza,Escritorio,Norte,38.0,807.27,2025-02-15,1375.5
2141,Pedro Aguilar,Monitor,Sur,30.0,632.33,2026-01-08,2012.9
2716,Miguel Flores,Mouse,Centro,38.0,1179.72,2026-02-21,1484.9
9083,Pedro Aguilar,Mouse,Norte,27.0,959.97,2026-02-20,1515.72
3017,Luis Hernandez,Tablet,Occidente,36.0,1666.71,,1207.37
2857,Paola Rios,Silla,Occidente,52.0,669.98,2024-11-02,964.25
2140,Valeria Mendoza,Escritorio,Centro,52.0,1150.84,2026-01-01,1370.11
2342,Luis Hernandez,Laptop,Norte,44.0,790.44,2024-02-26,1621.97
7231,Jose Martinez,Teclado,Sur,33.0,901.65,2024-06-04,815.33
6679,Maria Lopez,Impresora,Sur,17.0,751.77,2025-05-11,1609.02
3266,Andres Ortiz,Camara,Centro,42.0,803.11,2026-02-17,1156.24
6575,Sofia Torres,Bocina,Occidente,38.0,730.02,2026-04-08,935.33
4774,Daniela Cruz,Teclado,Occidente,32.0,855.53,2026-01-06,1081.71
3611,Luis Hernandez,Laptop,Sur,44.0,574.01,2025-11-13,1449.66
7081,Camila Reyes,Camara,Occidente,45.0,446.46,2025-08-05,1374.99
3683,Valeria Mendoza,Mouse,Occidente,48.0,376.98,2024-12-14,998.21
4711,Valeria Mendoza,Mouse,Sur,26.0,595.86,2026-01-27,98000.0
1884,Daniela Cruz,Bocina,Occidente,38.0,840.105,2024-03-23,1759.58
4538,Andres Ortiz,Escritorio,Occidente,52.0,50.0,2025-01-24,1087.71
6030,Laura Sanchez,Monitor,Sur,38.0,850.79,2024-10-11,1147.62
2477,Miguel Flores,Escritorio,Occidente,25.0,832.48,2024-12-11,1093.07
4094,Jose Martinez,Monitor,Sur,37.0,838.41,2024-10-15,1679.44
5251,Andres Ortiz,Silla,Occidente,38.0,635.48,2026-04-21,1059.96
2884,Sofia Torres,Tablet,Centro,34.0,797.38,2025-12-03,1785.59
3747,Maria Lopez,Camara,Norte,49.0,866.78,2025-04-26,1447.62
1232,Diego Romero,Tablet,Occidente,27.0,668.87,2026-06-05,838.9
6978,Maria Lopez,Laptop,Norte,39.0,1284.39,2024-08-10,1506.02
5935,Sofia Torres,Mouse,Sur,48.0,607.01,2024-10-05,1356.32
9479,Daniela Cruz,Tablet,Occidente,49.0,307.85,2024-03-16,1081.11
2210,Carlos Ramirez,Laptop,Occidente,45.0,1450.89,2025-06-09,1462.06
5357,Jose Martinez,Monitor,Centro,59.0,833.245,2024-12-21,953.21
9670,Luis Hernandez,Teclado,Centro,37.0,817.31,,994.72
4868,Daniela Cruz,Impresora,Sur,30.0,637.22,2024-07-01,1308.77
1302,Valeria Mendoza,Mouse,Occidente,26.0,1012.13,2026-04-25,1350.19
4037,Laura Sanchez,Bocina,Centro,21.0,87.3,2024-03-03,1243.68
2106,Fernanda Castro,Mouse,Occidente,53.0,617.99,2024-02-02,1049.48
6750,Miguel Flores,Laptop,Sur,24.0,530.35,,1732.64
4897,Fernanda Castro,Mouse,Sur,26.0,205.98,2024-05-17,1568.6
5367,Luis Hernandez,Teclado,Sur,29.0,1368.56,2024-11-30,1919.82
6288,Daniela Cruz,Teclado,Centro,29.0,1285.84,2026-03-25,1816.86
5071,Miguel Flores,Laptop,Norte,31.0,955.38,2026-06-16,98000.0
8768,Camila Reyes,Laptop,Centro,36.0,678.22,2024-06-06,1608.23
4000,Luis Hernandez,Laptop,Sur,42.0,783.17,2024-01-12,1605.81
155,Fernanda Castro,Tablet,Sur,17.0,1060.22,2024-04-27,781.2
5016,Jose Martinez,Laptop,Centro,49.0,995.94,2025-10-11,1493.2
1726,Valeria Mendoza,Mouse,Sur,38.0,77.26,2024-05-01,1228.47
9288,Andres Ortiz,Escritorio,Centro,22.0,832.48,2025-11-22,1073.19
1335,Alejandro Diaz,Impresora,Centro,43.0,1057.82,2024-12-31,1366.24
8562,Miguel Flores,Bocina,Centro,40.0,594.62,2024-09-11,1331.02
8962,Jose Martinez,Escritorio,Sur,53.0,956.52,,966.44
2951,Alejandro Diaz,Bocina,Centro,19.0,1200.69,2026-03-12,790.03
7400,Carlos Ramirez,Teclado,Sur,56.0,632.84,2024-11-28,1951.53
3992,Miguel Flores,Mouse,Occidente,42.0,796.98,2026-04-06,1353.5
7490,Jorge Morales,Escritorio,Sur,49.0,418.01,2024-09-11,1145.95
3180,Sofia Torres,Tablet,Occidente,24.0,1451.54,2026-05-15,1027.24
3058,Andres Ortiz,Bocina,Centro,49.0,832.53,2026-06-09,1132.06
9041,Luis Hernandez,Impresora,Sur,32.0,1203.54,2024-04-20,2098.99
8269,Daniela Cruz,Escritorio,Centro,30.0,821.99,2026-06-17,991.05
7487,Isabel Guzman,Silla,Centro,46.0,478.11,2024-12-25,1513.17
8551,Andres Ortiz,Escritorio,Sur,36.0,966.13,2025-10-22,2320.91
9296,Laura Sanchez,Bocina,Occidente,43.0,1027.29,,2038.41
3754,Miguel Flores,Escritorio,Sin Especificar,33.0,721.9,2026-05-10,682.26
2105,Luis Hernandez,Teclado,Norte,38.0,503.92,2026-02-16,1844.38
1683,Valeria Mendoza,Bocina,Norte,64.0,711.55,2025-11-15,1267.2
9011,Valeria Mendoza,Camara,Sur,33.0,1271.61,2024-12-25,1136.89
5988,Jorge Morales,Tablet,Centro,40.0,447.64,2024-09-08,1669.77
8327,Laura Sanchez,Silla,Norte,38.0,406.82,2025-04-07,1225.49
76,Ana Garcia,Monitor,Centro,35.0,833.245,2024-09-27,1087.19
5772,Luis Hernandez,Laptop,Norte,38.0,1047.22,2024-06-10,2205.49
1990,Pedro Aguilar,Teclado,Occidente,42.0,1599.95,2024-04-01,1974.28
877,Luis Hernandez,Laptop,Sur,19.0,827.5550000000001,2024-08-26,1137.65
2125,Camila Reyes,Impresora,Centro,53.0,826.23,2024-04-16,712.45
6610,Jorge Morales,Teclado,Occidente,44.0,222.5,2025-11-30,1343.45
1374,Camila Reyes,Bocina,Centro,26.0,823.41,2024-08-21,1424.96
8074,Diego Romero,Monitor,Centro,47.0,481.02,2024-03-20,1274.66
4762,Andres Ortiz,Teclado,Norte,39.0,934.42,2024-03-27,1664.4
6706,Ana Garcia,Teclado,Norte,59.0,994.29,2024-07-21,1591.37
2839,Miguel Flores,Monitor,Norte,30.0,1229.25,2025-02-14,1568.2
8842,Ana Garcia,Silla,Sur,36.0,1066.82,2024-03-29,1058.23
6231,Carlos Ramirez,Laptop,Occidente,46.0,639.75,2025-12-19,1806.22
6066,Carlos Ramirez,Escritorio,Centro,55.0,1123.63,2025-01-17,1561.17
1569,Jose Martinez,Camara,Occidente,38.0,1258.96,2025-05-21,1110.77
7248,Maria Lopez,Impresora,Norte,33.0,1231.2,2024-04-23,970.36
7696,Miguel Flores,Bocina,Centro,37.0,854.33,2024-09-30,1664.66
1198,Andres Ortiz,Escritorio,Occidente,25.0,1362.43,2025-04-28,1184.04
7876,Alejandro Diaz,Camara,Sur,48.0,829.105,,1225.94
1911,Pedro Aguilar,Impresora,Norte,38.0,407.68,2024-08-18,1239.96
6662,Valeria Mendoza,Camara,Sur,45.0,654.99,2024-05-27,954.41
6097,Ricardo Vargas,Laptop,Sur,30.0,773.95,2024-08-02,1106.91
7075,Luis Hernandez,Mouse,Occidente,17.0,943.34,2024-09-18,1640.96
4467,Jose Martinez,Monitor,Sur,30.0,988.26,2026-02-27,1669.31
1875,Valeria Mendoza,Camara,Occidente,45.0,995.66,2024-12-26,923.74
349,Valeria Mendoza,Laptop,Centro,35.0,711.54,2025-03-04,1305.02
5638,Fernanda Castro,Camara,Sur,29.0,868.14,2026-05-08,1657.96
9852,Diego Romero,Tablet,Sur,18.0,1288.79,2024-05-17,1334.94
7606,Diego Romero,Tablet,Norte,31.0,803.28,2025-08-18,747.19
5315,Valeria Mendoza,Mouse,Occidente,40.0,1146.82,2025-08-16,1227.34
4004,Jorge Morales,Mouse,Norte,39.0,739.43,2025-02-08,609.29
7219,Carlos Ramirez,Teclado,Sur,50.0,819.6,2024-05-17,1422.45
5711,Alejandro Diaz,Bocina,Sur,26.0,847.79,2026-05-15,1141.53
4427,Jorge Morales,Escritorio,Occidente,42.0,1188.53,2024-05-27,2000.55
7784,Carlos Ramirez,Teclado,Sur,43.0,631.22,2025-09-14,1607.68
6947,Laura Sanchez,Mouse,Centro,23.0,964.95,2025-09-09,1163.67
9507,Daniela Cruz,Teclado,Occidente,52.0,423.65,2024-11-07,1129.6
5317,Ricardo Vargas,Tablet,Norte,35.0,909.41,2024-04-03,959.56
2760,Valeria Mendoza,Camara,Centro,53.0,677.22,2025-01-23,1545.14
7687,Isabel Guzman,Escritorio,Occidente,23.0,1003.78,2024-10-10,1024.31
5162,Jorge Morales,Impresora,Sur,35.0,1268.79,2025-07-24,1557.99
1966,Isabel Guzman,Bocina,Occidente,39.0,1282.17,2024-10-30,98000.0
452,Luis Hernandez,Tablet,Norte,46.0,664.37,2025-03-06,1832.72
8811,Carlos Ramirez,Impresora,Norte,45.0,564.79,2024-03-24,2010.72
2785,Carlos Ramirez,Mouse,Occidente,37.0,574.39,2026-02-08,1488.64
5872,Camila Reyes,Escritorio,Norte,39.0,907.51,2024-03-13,1465.36
9420,Pedro Aguilar,Camara,Centro,28.0,1315.73,2026-01-29,1639.99
4730,Diego Romero,Teclado,Norte,25.0,1049.78,2025-04-06,1303.15
3837,Alejandro Diaz,Teclado,Sur,45.0,1071.53,2024-11-27,1023.56
7025,Jorge Morales,Tablet,Occidente,27.0,1021.11,2024-04-09,1375.18
7235,Luis Hernandez,Laptop,Occidente,26.0,827.5550000000001,,1344.99
5212,Camila Reyes,Teclado,Centro,33.0,1037.97,2025-10-25,1200.53
103,Fernanda Castro,Silla,Occidente,35.0,529.65,2025-06-30,1310.88
3997,Daniela Cruz,Bocina,Occidente,34.0,1179.06,2025-11-26,1171.43
3674,Isabel Guzman,Tablet,Sin Especificar,24.0,861.17,2024-03-09,979.79
1334,Valeria Mendoza,Tablet,Sur,30.0,1247.77,2024-02-09,913.57
5707,Alejandro Diaz,Bocina,Occidente,36.0,1256.2,2025-10-29,1644.31
1592,Ricardo Vargas,Mouse,Occidente,53.0,819.92,2026-02-21,1555.4
9833,Carlos Ramirez,Monitor,Centro,30.0,774.91,2024-07-29,1550.52
5977,Daniela Cruz,Camara,Occidente,37.0,680.0,,2085.92
184,Alejandro Diaz,Laptop,Occidente,14.0,827.5550000000001,2024-07-03,1838.92
6494,Paola Rios,Bocina,Norte,30.0,1260.39,2024-03-24,990.66
8959,Alejandro Diaz,Silla,Norte,44.0,494.1,2025-06-09,1418.47
1229,Miguel Flores,Teclado,Occidente,30.0,1298.11,2024-04-05,1368.3
1127,Jose Martinez,Camara,Sin Especificar,52.0,699.07,2025-11-03,1535.7
4010,Ricardo Vargas,Escritorio,Centro,43.0,1008.76,2026-02-16,1399.07
952,Andres Ortiz,Impresora,Norte,43.0,826.23,2025-08-23,2013.11
4560,Fernanda Castro,Laptop,Sur,25.0,633.11,2025-05-30,1602.64
4747,Alejandro Diaz,Camara,Centro,57.0,543.35,2025-11-27,903.3
1095,Isabel Guzman,Camara,Norte,20.0,711.44,2024-06-16,826.59
9553,Maria Lopez,Tablet,Sur,43.0,550.93,2025-04-01,2207.72
6903,Fernanda Castro,Escritorio,Norte,36.0,1004.24,2024-09-30,986.15
3853,Andres Ortiz,Mouse,Sin Especificar,31.0,495.68,2025-02-17,1029.37
1131,Diego Romero,Mouse,Norte,54.0,561.64,2025-11-03,1974.82
1261,Ricardo Vargas,Tablet,Norte,38.0,677.58,2026-01-17,880.88
2588,Pedro Aguilar,Impresora,Centro,29.0,622.39,2025-11-20,1433.38
2360,Maria Lopez,Laptop,Sur,27.0,850.13,2024-09-17,1541.02
7408,Camila Reyes,Monitor,Centro,30.0,1079.26,2025-08-29,934.0
6773,Jorge Morales,Silla,Occidente,4.0,930.82,2025-11-01,1671.51
9024,Luis Hernandez,Bocina,Occidente,21.0,1313.66,2024-08-22,1309.19
675,Maria Lopez,Camara,Centro,29.0,703.61,2024-04-14,1664.28
9702,Fernanda Castro,Tablet,Occidente,27.0,444.88,2025-07-18,1226.22
6491,Ana Garcia,Camara,Centro,38.0,705.85,2024-04-06,1580.65
2261,Carlos Ramirez,Teclado,Sur,38.0,477.77,2026-02-06,1160.15
7601,Diego Romero,Bocina,Centro,44.0,1149.22,2026-01-07,1410.64
2262,Carlos Ramirez,Laptop,Norte,40.0,880.06,2026-02-03,912.69
388,Ricardo Vargas,Escritorio,Centro,38.0,1161.98,2025-07-10,1324.29
6694,Pedro Aguilar,Bocina,Occidente,47.0,974.96,,1876.15
5072,Alejandro Diaz,Silla,Centro,48.0,642.79,2025-04-19,1992.0
9983,Daniela Cruz,Bocina,Occidente,39.0,641.67,2025-08-24,1086.63
2790,Jorge Morales,Laptop,Norte,37.0,671.86,2024-04-14,991.02
7718,Maria Lopez,Bocina,Sur,24.0,797.66,2024-09-06,2293.97
5332,Maria Lopez,Mouse,Norte,32.0,1154.69,2024-07-01,1285.53
1474,Paola Rios,Escritorio,Norte,48.0,791.44,2024-08-13,1578.28
7071,Alejandro Diaz,Camara,Centro,36.0,378.73,2024-08-07,1515.63
6087,Isabel Guzman,Camara,Occidente,16.0,686.85,2024-11-06,1286.73
6464,Maria Lopez,Escritorio,Norte,37.0,809.54,2024-04-16,1539.83
5200,Ana Garcia,Teclado,Centro,47.0,946.72,2024-04-18,1793.43
6226,Ana Garcia,Bocina,Sur,197.0,832.89,,1984.66
461,Miguel Flores,Escritorio,Centro,43.0,719.21,2025-04-12,1424.56
1194,Ana Garcia,Mouse,Sur,43.0,819.92,2024-03-27,1558.51
2822,Valeria Mendoza,Laptop,Norte,51.0,758.79,,1734.64
7593,Jose Martinez,Teclado,Sur,12.0,1384.56,,2043.72
4422,Carlos Ramirez,Laptop,Centro,38.0,1127.05,2024-10-29,1714.04
6597,Valeria Mendoza,Teclado,Centro,46.0,852.96,2025-02-27,1164.9
2467,Luis Hernandez,Escritorio,Sur,38.0,1206.48,2025-06-20,1509.43
2092,Sofia Torres,Camara,Sur,46.0,903.55,2026-01-06,1932.43
9226,Isabel Guzman,Bocina,Occidente,37.0,1112.82,2026-03-24,950.08
2946,Carlos Ramirez,Silla,Sur,52.0,1277.39,2024-12-20,1559.14
3624,Andres Ortiz,Tablet,Sur,40.0,965.68,2025-03-30,1981.19
5669,Maria Lopez,Camara,Occidente,30.0,1182.64,2024-11-14,1680.54
315,Fernanda Castro,Bocina,Norte,57.0,674.07,,916.23
9893,Ana Garcia,Laptop,Centro,19.0,999.0,2025-06-04,1743.82
3739,Miguel Flores,Impresora,Occidente,24.0,826.23,2025-09-04,1091.56
2917,Fernanda Castro,Teclado,Norte,38.0,1026.05,2025-11-27,1237.32
9905,Isabel Guzman,Mouse,Norte,41.0,786.67,,736.22
3503,Paola Rios,Bocina,Sur,34.0,911.75,2025-04-22,1544.1
1697,Laura Sanchez,Monitor,Occidente,40.0,649.01,2024-03-14,1805.28
3854,Carlos Ramirez,Camara,Occidente,45.0,926.7,2024-07-29,1316.76
6858,Diego Romero,Camara,Norte,37.0,581.25,2024-08-19,463.78
6561,Luis Hernandez,Mouse,Norte,53.0,605.87,2025-09-27,852.4
5744,Fernanda Castro,Camara,Sur,27.0,528.89,2024-05-23,1319.43
3020,Ana Garcia,Bocina,Centro,53.0,846.44,,1789.9
1325,Jose Martinez,Monitor,Occidente,34.0,833.245,2026-05-05,1624.83
5268,Fernanda Castro,Silla,Occidente,31.0,721.4,2025-10-22,1297.75
6345,Ana Garcia,Mouse,Norte,55.0,845.15,2024-04-04,2152.65
7865,Sofia Torres,Escritorio,Sur,307.0,877.47,2024-03-03,1756.14
7464,Luis Hernandez,Escritorio,Centro,31.0,958.28,2025-01-30,1649.22
7465,Diego Romero,Camara,Occidente,189.0,1429.9,2024-07-17,1490.48
3370,Laura Sanchez,Camara,Occidente,33.0,139.78,2026-04-05,1929.25
102,Miguel Flores,Camara,Sur,27.0,800.0,2024-01-19,1900.52
1315,Miguel Flores,Monitor,Centro,31.0,833.245,2026-03-28,773.76
6135,Fernanda Castro,Mouse,Centro,32.0,1056.97,2026-04-14,1784.1
1441,Maria Lopez,Monitor,Norte,45.0,489.73,2024-07-16,1668.11
8902,Laura Sanchez,Monitor,Occidente,38.0,201.54,2025-09-09,1717.84
4096,Sofia Torres,Laptop,Occidente,25.0,1240.56,2025-03-05,1421.42
4565,Maria Lopez,Bocina,Occidente,41.0,438.75,2024-09-17,1218.14
776,Diego Romero,Laptop,Norte,35.0,741.78,2025-10-18,1237.4
221,Paola Rios,Escritorio,Norte,55.0,928.68,2025-10-10,1109.83
7980,Paola Rios,Camara,Norte,31.0,1051.33,2025-04-19,929.14
7734,Jose Martinez,Laptop,Centro,33.0,360.8,2025-02-17,1457.61
9757,Andres Ortiz,Silla,Centro,23.0,429.71,2024-07-15,1801.31
1573,Jose Martinez,Laptop,Norte,250.0,827.5550000000001,2024-07-25,1167.93
1164,Alejandro Diaz,Escritorio,Occidente,32.0,517.93,2025-10-26,1666.57
3362,Diego Romero,Silla,Centro,38.0,491.23,2025-08-14,1256.74
2767,Diego Romero,Tablet,Occidente,37.0,732.77,2025-08-30,957.89
5662,Luis Hernandez,Tablet,Centro,25.0,1101.63,2026-06-03,1118.69
6401,Valeria Mendoza,Silla,Sur,35.0,701.1,2025-05-09,1946.02
7253,Daniela Cruz,Bocina,Occidente,38.0,1203.2,2024-05-17,1468.79
2347,Jorge Morales,Camara,Norte,36.0,930.85,2026-05-03,1082.12
3223,Carlos Ramirez,Bocina,Norte,38.0,532.13,2025-02-24,1355.77
3018,Andres Ortiz,Escritorio,Norte,44.0,936.85,,1819.62
9334,Alejandro Diaz,Silla,Sur,58.0,989.82,2024-10-10,1369.15
540,Camila Reyes,Silla,Sur,50.0,854.55,2026-04-06,1258.45
684,Sofia Torres,Mouse,Centro,34.0,573.63,2024-11-19,1469.43
7407,Maria Lopez,Laptop,Centro,52.0,649.94,2025-10-07,1682.79
9139,Laura Sanchez,Silla,Sur,19.0,1167.86,2025-11-01,1152.13
2591,Ana Garcia,Bocina,Centro,17.0,1113.74,2024-08-23,1434.03
5879,Miguel Flores,Bocina,Centro,19.0,664.88,2024-07-02,1075.36
6061,Ricardo Vargas,Mouse,Centro,42.0,819.92,2025-01-31,1187.63
162,Jose Martinez,Camara,Norte,40.0,827.06,2025-09-12,1422.47
7346,Daniela Cruz,Monitor,Occidente,55.0,768.24,2024-12-03,1080.04
7944,Luis Hernandez,Camara,Norte,48.0,1026.31,2025-08-26,1358.65
6802,Alejandro Diaz,Camara,Sur,38.0,939.68,2026-05-02,1685.13
7092,Carlos Ramirez,Laptop,Occidente,37.0,799.49,2024-06-14,966.36
7416,Luis Hernandez,Tablet,Sur,51.0,603.79,2025-05-31,1288.88
2039,Andres Ortiz,Teclado,Sur,37.0,950.47,2026-01-31,895.0
6142,Maria Lopez,Silla,Occidente,25.0,702.74,2024-05-27,1304.55
925,Alejandro Diaz,Escritorio,Sur,41.0,832.48,2024-03-21,1766.23
4721,Alejandro Diaz,Monitor,Sur,30.0,1044.7,2025-11-17,753.58
7785,Alejandro Diaz,Camara,Occidente,30.0,805.11,2025-04-09,1476.49
771,Isabel Guzman,Impresora,Norte,39.0,50.0,2025-09-03,513.13
6205,Valeria Mendoza,Camara,Sin Especificar,41.0,1066.86,2025-06-09,1421.58
7971,Laura Sanchez,Impresora,Centro,24.0,409.49,2025-03-10,1543.71
6253,Alejandro Diaz,Mouse,Centro,43.0,1041.2,2024-02-07,1758.36
3862,Camila Reyes,Monitor,Centro,49.0,1177.18,2025-04-30,1813.16
2659,Miguel Flores,Tablet,Sur,38.0,880.03,,1319.0
696,Isabel Guzman,Camara,Sin Especificar,53.0,643.95,2025-10-29,1701.5
7337,Jose Martinez,Monitor,Norte,32.0,820.95,2025-03-08,1872.95
3711,Ana Garcia,Bocina,Sur,33.0,1308.23,2025-12-31,916.98
7951,Jorge Morales,Silla,Occidente,46.0,501.57,2025-11-24,1547.67
1220,Carlos Ramirez,Impresora,Sin Especificar,29.0,1378.92,2025-04-16,1037.43
4198,Diego Romero,Tablet,Sur,63.0,1105.64,2024-02-02,1915.42
8473,Daniela Cruz,Camara,Sur,44.0,619.63,2026-06-02,1752.79
3237,Jorge Morales,Silla,Occidente,27.0,218.1,2024-09-22,1742.77
4160,Miguel Flores,Mouse,Occidente,42.0,1008.92,2024-12-27,1255.13
4957,Andres Ortiz,Mouse,Sin Especificar,40.0,819.92,2024-07-28,1401.08
7097,Maria Lopez,Mouse,Sur,35.0,1536.07,2024-10-25,1358.65
2732,Diego Romero,Impresora,Occidente,29.0,842.8,2024-12-06,1334.15
8097,Paola Rios,Teclado,Occidente,50.0,1030.23,2025-09-01,1411.69
2669,Sofia Torres,Teclado,Norte,47.0,997.79,2024-08-08,1533.61
9709,Maria Lopez,Silla,Occidente,38.0,705.65,2025-02-12,1777.21
8429,Miguel Flores,Silla,Sur,27.0,1209.3,2025-10-23,1712.68
9239,Maria Lopez,Silla,Sur,47.0,852.81,2024-04-12,1765.78
5515,Jose Martinez,Mouse,Sur,45.0,411.15,2025-09-09,1840.77
4996,Carlos Ramirez,Tablet,Sur,42.0,650.81,2026-01-26,1550.85
4292,Carlos Ramirez,Tablet,Occidente,32.0,838.68,2025-07-18,1473.01
2756,Alejandro Diaz,Bocina,Occidente,32.0,1202.38,2025-08-22,1234.78
5044,Valeria Mendoza,Camara,Sur,38.0,1035.41,2024-02-26,1305.88
8498,Alejandro Diaz,Escritorio,Sur,35.0,861.6,2025-09-17,1499.0
1376,Jorge Morales,Laptop,Norte,69.0,325.33,2024-01-18,1204.15
1815,Maria Lopez,Teclado,Sur,47.0,769.45,,1471.15
9925,Valeria Mendoza,Monitor,Norte,30.0,833.245,2024-11-25,1574.88
1993,Fernanda Castro,Impresora,Sin Especificar,25.0,631.44,2024-01-07,2258.06
3016,Pedro Aguilar,Bocina,Occidente,27.0,840.105,,1183.4
7774,Valeria Mendoza,Teclado,Occidente,55.0,1222.48,2025-11-28,1236.23
5295,Valeria Mendoza,Bocina,Sur,18.0,646.36,2025-10-01,830.45
6238,Maria Lopez,Bocina,Centro,33.0,920.17,2025-02-04,1835.96
6880,Diego Romero,Camara,Occidente,32.0,1112.0,2024-05-22,1156.26
5039,Jorge Morales,Escritorio,Centro,28.0,832.48,2024-11-03,1932.91
1225,Miguel Flores,Teclado,Sur,19.0,1024.57,2026-06-14,1165.96
3679,Laura Sanchez,Tablet,Occidente,34.0,1042.44,,1520.08
3941,Camila Reyes,Bocina,Norte,50.0,594.54,2025-12-09,1412.81
685,Daniela Cruz,Escritorio,Norte,21.0,942.72,2026-03-20,1189.07
4248,Laura Sanchez,Teclado,Centro,36.0,878.93,2026-06-01,1294.79
9771,Isabel Guzman,Laptop,Norte,49.0,1242.17,2025-09-24,1112.85
7406,Daniela Cruz,Monitor,Centro,45.0,835.17,2025-12-19,1404.05
8143,Ana Garcia,Teclado,Norte,42.0,342.06,,775.78
82,Carlos Ramirez,Bocina,Sur,37.0,743.85,2026-02-04,1745.22
8543,Maria Lopez,Monitor,Sin Especificar,31.0,896.08,2026-01-14,1503.21
9215,Daniela Cruz,Camara,Occidente,38.0,635.41,2025-09-06,1257.32
2462,Miguel Flores,Impresora,Occidente,54.0,1152.71,2024-03-25,889.58
1270,Diego Romero,Mouse,Centro,34.0,747.22,2026-01-05,1939.43
5826,Maria Lopez,Impresora,Sur,24.0,1131.05,2024-08-31,1936.76
5690,Ricardo Vargas,Mouse,Occidente,16.0,536.23,2024-10-31,1549.34
5993,Ricardo Vargas,Camara,Occidente,4.0,340.17,2024-02-08,1405.7
7387,Pedro Aguilar,Impresora,Sur,23.0,1021.61,2025-09-04,1664.38
1790,Luis Hernandez,Laptop,Sin Especificar,31.0,633.24,2026-03-20,1009.36
1434,Miguel Flores,Escritorio,Centro,39.0,930.5,2025-01-01,1922.6
698,Laura Sanchez,Laptop,Norte,60.0,1126.78,2024-07-11,841.55
9863,Pedro Aguilar,Laptop,Norte,218.0,1277.94,2025-11-25,1354.68
3640,Carlos Ramirez,Monitor,Occidente,50.0,1063.51,2025-01-24,1293.82
2992,Diego Romero,Monitor,Occidente,36.0,437.92,2026-02-07,1494.0
8085,Paola Rios,Mouse,Centro,54.0,328.51,2026-05-18,1561.32
2757,Valeria Mendoza,Mouse,Centro,48.0,288.25,2024-04-19,1531.22
5363,Jorge Morales,Bocina,Sin Especificar,52.0,1052.76,2024-08-27,1299.66
7578,Andres Ortiz,Escritorio,Norte,49.0,665.54,2024-11-09,973.28
9181,Jose Martinez,Camara,Occidente,43.0,832.68,2025-06-06,1204.65
7414,Maria Lopez,Escritorio,Sur,59.0,521.94,2024-02-07,1343.75
3084,Luis Hernandez,Silla,Centro,24.0,491.97,2024-08-10,1703.5
7351,Paola Rios,Monitor,Sur,36.0,1133.41,2026-02-24,781.0
9051,Luis Hernandez,Silla,Norte,51.0,978.79,2025-08-15,1268.76
3922,Miguel Flores,Tablet,Norte,48.0,802.68,2024-02-08,1142.87
1969,Carlos Ramirez,Laptop,Sur,48.0,880.52,2025-10-27,1404.18
6900,Carlos Ramirez,Mouse,Sur,39.0,620.8,,1626.08
7095,Fernanda Castro,Bocina,Sur,41.0,1210.48,2025-03-17,1640.03
2126,Pedro Aguilar,Escritorio,Occidente,55.0,333.15,2024-07-28,1599.25
1813,Laura Sanchez,Mouse,Centro,41.0,1258.31,,1894.49
9614,Miguel Flores,Monitor,Sur,33.0,1072.17,2024-02-07,1719.68
4966,Luis Hernandez,Camara,Centro,47.0,719.16,2026-11-05,1099.85
6498,Diego Romero,Tablet,Sur,48.0,693.71,2024-09-15,1621.42
416,Pedro Aguilar,Laptop,Centro,30.0,874.56,2026-05-22,1478.37
6282,Ana Garcia,Teclado,Norte,41.0,668.39,2026-04-03,1005.87
6130,Ricardo Vargas,Bocina,Occidente,39.0,1122.22,2026-03-15,1537.4
1087,Camila Reyes,Escritorio,Sur,68.0,695.85,2024-04-09,1020.09
8506,Laura Sanchez,Mouse,Norte,47.0,992.28,2026-12-01,1235.6
8195,Daniela Cruz,Impresora,Centro,38.0,1308.69,2025-12-17,1275.24
110,Sofia Torres,Teclado,Occidente,42.0,1263.44,2025-08-28,1820.17
8047,Laura Sanchez,Monitor,Centro,28.0,1237.59,,1130.34
9498,Ricardo Vargas,Impresora,Occidente,38.0,858.79,,1202.64
6618,Pedro Aguilar,Tablet,Centro,35.0,965.48,2024-05-17,1246.98
8034,Laura Sanchez,Escritorio,Sur,16.0,1074.63,2026-02-12,1513.9
8310,Sofia Torres,Monitor,Centro,56.0,539.08,2024-09-08,1031.79
4641,Sofia Torres,Impresora,Centro,15.0,1114.63,2025-08-05,100.0
6839,Andres Ortiz,Camara,Occidente,55.0,883.83,2024-03-20,1563.68
3602,Ricardo Vargas,Teclado,Sur,17.0,779.9,,1174.77
9724,Carlos Ramirez,Silla,Sin Especificar,38.0,769.94,2024-11-30,2061.04
6267,Sofia Torres,Bocina,Sur,22.0,840.105,2024-11-14,1507.36
5789,Valeria Mendoza,Monitor,Occidente,40.0,592.4,2024-05-31,1654.53
2865,Diego Romero,Tablet,Centro,31.0,427.23,2024-06-19,1159.16
4366,Carlos Ramirez,Laptop,Sur,42.0,674.59,2025-09-07,1498.5
5372,Isabel Guzman,Silla,Centro,39.0,851.02,2025-12-12,837.47
1707,Diego Romero,Camara,Centro,58.0,622.75,2026-03-19,959.97
1243,Laura Sanchez,Monitor,Occidente,36.0,778.78,2025-02-22,1323.27
9389,Valeria Mendoza,Escritorio,Norte,27.0,339.84,2025-10-10,826.74
7843,Paola Rios,Impresora,Sur,40.0,1079.7,2024-07-27,1757.77
9591,Jorge Morales,Teclado,Sur,38.0,640.1,2025-05-28,1394.7
4269,Andres Ortiz,Escritorio,Centro,34.0,927.07,2025-12-15,1312.98
2421,Sofia Torres,Silla,Centro,38.0,938.41,2026-05-18,1508.03
7274,Andres Ortiz,Laptop,Norte,25.0,1029.15,2025-06-21,1347.73
2990,Daniela Cruz,Tablet,Centro,26.0,774.74,2024-03-16,1506.88
4928,Alejandro Diaz,Tablet,Sur,43.0,838.68,2024-05-12,1866.68
5375,Diego Romero,Silla,Sur,56.0,790.78,,1568.64
8848,Sofia Torres,Laptop,Occidente,30.0,1238.86,2025-05-08,1694.91
5466,Valeria Mendoza,Tablet,Norte,56.0,1183.53,2025-06-22,1076.72
8296,Andres Ortiz,Camara,Sur,35.0,849.39,2025-05-04,602.53
4291,Pedro Aguilar,Laptop,Centro,32.0,948.87,2025-12-13,1741.26
2055,Daniela Cruz,Laptop,Sur,53.0,1010.41,2024-07-02,1302.22
7746,Paola Rios,Teclado,Sur,34.0,813.25,2025-02-22,1511.26
5286,Ana Garcia,Mouse,Occidente,49.0,401.77,2024-02-11,1486.06
7059,Carlos Ramirez,Impresora,Occidente,48.0,260.69,2024-05-15,2038.2
5371,Pedro Aguilar,Escritorio,Norte,31.0,1440.27,2024-10-20,1071.28
365,Valeria Mendoza,Impresora,Occidente,47.0,947.08,2025-03-03,1271.67
4989,Alejandro Diaz,Silla,Norte,39.0,852.81,2026-03-01,1281.64
730,Fernanda Castro,Teclado,Occidente,62.0,774.34,2025-02-07,1443.05
6158,Camila Reyes,Mouse,Norte,30.0,373.22,2026-03-14,1803.52
6757,Pedro Aguilar,Bocina,Sur,26.0,896.9,,1018.85
8993,Diego Romero,Teclado,Sur,38.0,902.18,2026-03-24,963.13
3175,Daniela Cruz,Mouse,Norte,46.0,912.51,2024-09-04,812.62
9913,Andres Ortiz,Teclado,Centro,30.0,734.24,2026-05-06,1078.58
5748,Carlos Ramirez,Laptop,Centro,48.0,827.5550000000001,2025-01-11,1329.16
8956,Jose Martinez,Tablet,Occidente,38.0,860.64,2025-03-10,1540.48
3627,Ana Garcia,Laptop,Centro,24.0,750.13,2024-08-12,1332.83
6579,Daniela Cruz,Impresora,Norte,19.0,826.23,2025-08-12,1610.54
1122,Jorge Morales,Teclado,Norte,37.0,878.02,2024-01-16,1437.38
5592,Ana Garcia,Mouse,Occidente,50.0,819.72,2024-06-02,802.91
7554,Isabel Guzman,Monitor,Occidente,50.0,1167.26,2025-07-26,1439.0
8647,Ricardo Vargas,Escritorio,Norte,202.0,994.69,2025-09-05,1617.23
2536,Jose Martinez,Mouse,Norte,30.0,697.72,2025-10-22,1846.42
7382,Alejandro Diaz,Bocina,Centro,25.0,641.04,2025-06-09,1832.93
3748,Carlos Ramirez,Camara,Sur,35.0,824.79,2026-04-13,1879.44
4842,Miguel Flores,Bocina,Norte,46.0,1257.06,2026-12-01,1025.89
542,Fernanda Castro,Laptop,Sur,51.0,347.72,2024-05-31,1602.91
390,Jose Martinez,Silla,Norte,54.0,1208.58,2024-06-12,1385.81
9220,Diego Romero,Monitor,Sur,40.0,988.34,2026-04-02,2130.99
3605,Laura Sanchez,Impresora,Occidente,48.0,943.14,2025-10-18,1593.36
1684,Daniela Cruz,Bocina,Sur,50.0,866.88,,1656.5
7533,Valeria Mendoza,Camara,Sur,27.0,50.0,2026-05-16,1478.2
588,Fernanda Castro,Teclado,Occidente,38.0,814.17,2025-06-12,1756.8
630,Miguel Flores,Bocina,Occidente,22.0,840.105,2025-06-24,1267.95
512,Jorge Morales,Mouse,Centro,25.0,1203.67,2025-05-20,2081.92
800,Ricardo Vargas,Laptop,Occidente,17.0,1006.78,2024-05-20,845.94
8785,Ana Garcia,Escritorio,Occidente,46.0,828.7,2024-12-04,1056.26
679,Jose Martinez,Bocina,Norte,37.0,100.99,2024-07-08,1563.39
2656,Luis Hernandez,Camara,Sur,36.0,50.0,2025-09-14,1384.63
4296,Miguel Flores,Mouse,Sin Especificar,41.0,1023.73,2025-11-22,1497.86
9377,Maria Lopez,Silla,Occidente,41.0,1391.14,2024-04-22,970.21
8640,Laura Sanchez,Silla,Norte,32.0,1145.43,,1726.77
902,Jorge Morales,Impresora,Occidente,36.0,615.42,2024-02-02,1193.84
7268,Diego Romero,Tablet,Sur,42.0,818.6,2026-02-13,1359.92
6421,Isabel Guzman,Impresora,Norte,34.0,804.45,2025-06-20,1943.68
460,Camila Reyes,Teclado,Sur,36.0,378.22,2025-05-05,1496.66
755,Valeria Mendoza,Bocina,Occidente,25.0,860.76,2025-12-08,869.64
1495,Carlos Ramirez,Camara,Norte,47.0,1033.65,2025-05-31,1672.84
6624,Luis Hernandez,Monitor,Sin Especificar,38.0,834.12,2024-05-20,1774.47
9114,Andres Ortiz,Silla,Occidente,47.0,852.81,2025-10-08,805.44
1512,Carlos Ramirez,Teclado,Sur,37.0,1166.7,2025-01-29,1397.3
6960,Camila Reyes,Monitor,Sur,25.0,595.9,2026-04-14,1412.83
7805,Andres Ortiz,Camara,Norte,42.0,646.26,2025-03-03,1205.95
5088,Carlos Ramirez,Escritorio,Occidente,22.0,1445.65,2026-06-09,1733.21
7937,Alejandro Diaz,Mouse,Centro,50.0,1326.75,2025-11-09,1736.09
1464,Jorge Morales,Monitor,Sur,46.0,721.64,2024-08-25,1323.07
8206,Valeria Mendoza,Escritorio,Sur,71.0,1187.85,2024-08-02,1557.62
1242,Laura Sanchez,Camara,Sur,29.0,956.18,2026-06-04,1780.74
5462,Luis Hernandez,Laptop,Centro,20.0,732.44,2024-05-27,1669.29
5184,Maria Lopez,Laptop,Norte,52.0,1597.02,2024-11-23,1663.44
2751,Ana Garcia,Silla,Occidente,20.0,1381.29,2026-02-05,1061.88
6428,Jose Martinez,Laptop,Sur,49.0,1038.28,2025-02-06,2023.04
9972,Jorge Morales,Mouse,Norte,45.0,1363.06,2024-02-20,1359.57
3243,Daniela Cruz,Monitor,Occidente,50.0,815.31,2024-05-31,1063.4
7711,Ana Garcia,Silla,Centro,29.0,1083.76,2024-09-18,1669.78
2346,Luis Hernandez,Escritorio,Occidente,38.0,1427.98,2025-02-27,1016.08
7753,Pedro Aguilar,Silla,Centro,42.0,1021.29,2026-04-27,1934.8
8494,Ana Garcia,Laptop,Sur,51.0,595.29,2026-01-29,1222.87
5991,Jose Martinez,Mouse,Sur,58.0,512.25,2026-01-10,1030.63
1740,Laura Sanchez,Escritorio,Sur,49.0,1062.61,2024-04-22,1547.47
8304,Carlos Ramirez,Monitor,Occidente,25.0,1162.82,2026-02-20,1436.61
267,Maria Lopez,Tablet,Sur,35.0,465.49,2024-07-14,1113.1
4604,Luis Hernandez,Bocina,Sur,48.0,756.76,2025-07-17,2092.02
9854,Luis Hernandez,Impresora,Occidente,52.0,758.84,2026-05-05,1680.18
2297,Paola Rios,Escritorio,Centro,52.0,1175.8,2025-03-13,953.54
7149,Carlos Ramirez,Tablet,Occidente,37.0,533.17,2025-06-16,1494.34
3614,Carlos Ramirez,Bocina,Sur,47.0,1353.39,2024-12-31,1637.41
6975,Isabel Guzman,Tablet,Norte,33.0,1353.03,2024-09-14,1331.25
1539,Alejandro Diaz,Silla,Occidente,47.0,830.35,2026-01-10,819.79
8055,Laura Sanchez,Bocina,Occidente,43.0,1027.51,,1169.54
5427,Sofia Torres,Mouse,Occidente,21.0,755.2,2026-03-24,776.48
2457,Miguel Flores,Laptop,Norte,41.0,827.5550000000001,,1975.98
6446,Ricardo Vargas,Teclado,Norte,36.0,675.17,2026-04-21,1284.81
7885,Ana Garcia,Impresora,Norte,39.0,826.23,2025-02-08,1236.61
5423,Andres Ortiz,Mouse,Norte,38.0,958.38,2025-03-29,1649.28
8325,Jorge Morales,Camara,Norte,51.0,829.105,2024-06-23,1798.77
2496,Fernanda Castro,Mouse,Occidente,47.0,1139.11,2025-09-17,1197.17
1509,Jorge Morales,Mouse,Occidente,32.0,1127.43,2025-03-06,2010.96
729,Valeria Mendoza,Bocina,Norte,29.0,1221.57,2025-01-06,1644.07
1171,Alejandro Diaz,Tablet,Sur,54.0,399.08,,1213.67
8549,Daniela Cruz,Monitor,Occidente,34.0,1153.78,2025-08-31,797.23
2336,Camila Reyes,Escritorio,Sur,38.0,952.56,2026-05-04,1552.74
7287,Maria Lopez,Mouse,Sur,44.0,237.23,,1582.33
7479,Diego Romero,Impresora,Occidente,57.0,668.36,2024-11-21,2166.4
4475,Valeria Mendoza,Monitor,Occidente,50.0,765.26,2024-05-17,1421.75
3039,Alejandro Diaz,Camara,Norte,51.0,762.87,2025-10-04,2169.35
5815,Maria Lopez,Bocina,Occidente,44.0,1120.12,2024-05-09,1136.09
9053,Daniela Cruz,Tablet,Norte,33.0,1095.68,2025-11-12,1305.44
3874,Alejandro Diaz,Escritorio,Norte,47.0,598.78,2024-08-25,1155.95
2576,Fernanda Castro,Bocina,Norte,46.0,711.91,2024-10-21,1791.47
9840,Pedro Aguilar,Camara,Centro,32.0,829.105,2025-04-01,1982.48
5533,Sofia Torres,Laptop,Centro,40.0,656.04,2024-02-27,1190.41
6613,Pedro Aguilar,Silla,Sur,42.0,1042.23,2025-11-23,1772.65
8920,Sofia Torres,Laptop,Sur,31.0,873.12,2025-05-04,1243.56
7767,Andres Ortiz,Silla,Centro,27.0,872.22,2024-05-15,1352.32
6133,Camila Reyes,Impresora,Norte,36.0,796.94,2024-07-09,1441.17
4152,Maria Lopez,Escritorio,Occidente,38.0,1057.58,2024-03-07,949.26
5544,Ricardo Vargas,Laptop,Centro,16.0,406.83,2026-05-20,1409.8
9382,Carlos Ramirez,Bocina,Centro,38.0,840.105,2025-08-21,1587.07
3278,Ana Garcia,Laptop,Norte,39.0,638.59,2024-10-17,888.48
6496,Ricardo Vargas,Laptop,Norte,34.0,827.5550000000001,2024-03-08,1059.54
5107,Isabel Guzman,Camara,Occidente,50.0,319.19,2024-03-26,1514.15
1602,Pedro Aguilar,Silla,Occidente,35.0,917.59,2024-06-23,1893.09
193,Luis Hernandez,Laptop,Occidente,59.0,772.1,2024-03-29,1649.26
2569,Diego Romero,Monitor,Norte,62.0,782.66,2024-08-23,1389.01
9753,Maria Lopez,Laptop,Norte,56.0,484.97,2024-08-22,1536.53
2218,Diego Romero,Camara,Norte,24.0,1020.91,2024-10-16,1856.46
1676,Diego Romero,Teclado,Occidente,58.0,822.475,2025-03-24,1613.83
8751,Laura Sanchez,Tablet,Occidente,54.0,1107.5,2025-09-20,1625.43
2375,Fernanda Castro,Silla,Centro,35.0,915.21,2024-01-25,887.57
2123,Camila Reyes,Teclado,Sur,21.0,902.14,2026-02-13,758.12
8526,Camila Reyes,Bocina,Norte,37.0,230.02,2026-05-05,1765.62
1711,Ricardo Vargas,Monitor,Sur,57.0,1090.23,2024-04-28,1368.07
4563,Laura Sanchez,Monitor,Occidente,26.0,1036.07,2026-01-24,1145.99
1831,Andres Ortiz,Impresora,Centro,53.0,753.7,2024-07-18,1439.12
4748,Valeria Mendoza,Silla,Sur,49.0,541.49,2025-03-06,1112.8
1035,Maria Lopez,Teclado,Centro,40.0,596.47,2024-02-23,1194.32
7082,Daniela Cruz,Teclado,Centro,30.0,429.99,2026-05-22,807.71
2615,Isabel Guzman,Laptop,Occidente,35.0,626.51,2025-09-12,1676.97
6259,Ana Garcia,Monitor,Norte,48.0,833.245,2026-06-02,1479.35
3117,Fernanda Castro,Monitor,Norte,43.0,478.44,2024-10-12,1205.49
4180,Camila Reyes,Tablet,Centro,27.0,926.82,2025-02-28,1246.18
3222,Miguel Flores,Silla,Sur,30.0,852.81,2025-01-27,1146.69
2642,Valeria Mendoza,Tablet,Centro,37.0,838.68,2024-01-31,1664.46
6963,Pedro Aguilar,Silla,Norte,44.0,745.2,,1359.25
2293,Daniela Cruz,Escritorio,Sur,52.0,780.8,2025-08-17,1264.97
7011,Ana Garcia,Tablet,Sur,47.0,558.66,2026-01-03,1543.74
9042,Jose Martinez,Laptop,Centro,28.0,847.03,2024-05-18,1337.1
9278,Diego Romero,Silla,Occidente,60.0,824.15,2024-11-14,1283.17
6192,Isabel Guzman,Mouse,Occidente,34.0,1030.27,2025-06-04,1290.58
2449,Laura Sanchez,Teclado,Sin Especificar,34.0,1058.22,2024-10-07,1388.77
674,Diego Romero,Escritorio,Centro,38.0,650.27,2025-03-15,1449.43
3292,Andres Ortiz,Tablet,Centro,25.0,727.18,2025-08-10,1009.1
378,Carlos Ramirez,Tablet,Norte,47.0,783.54,2024-03-17,916.26
759,Paola Rios,Impresora,Sin Especificar,41.0,513.92,2026-05-18,1607.55
751,Andres Ortiz,Escritorio,Norte,31.0,949.23,,627.63
3542,Sofia Torres,Teclado,Centro,43.0,659.29,,1639.06
8858,Fernanda Castro,Mouse,Centro,49.0,810.71,2025-10-28,2294.99
2754,Fernanda Castro,Escritorio,Centro,37.0,832.48,2024-05-18,1543.24
4203,Valeria Mendoza,Laptop,Sur,60.0,881.15,2024-11-19,1767.24
2558,Jorge Morales,Camara,Centro,35.0,752.34,2024-05-15,1059.72
2704,Miguel Flores,Teclado,Norte,39.0,970.8,2024-04-24,1590.68
8313,Jorge Morales,Escritorio,Occidente,37.0,677.92,2025-05-02,1220.62
4329,Maria Lopez,Impresora,Centro,43.0,1295.26,,1302.62
6294,Miguel Flores,Silla,Norte,47.0,518.02,2026-04-30,1617.44
4166,Ricardo Vargas,Monitor,Centro,43.0,360.27,2024-03-22,1748.93
7356,Daniela Cruz,Bocina,Norte,31.0,874.42,2026-04-24,1337.47
8434,Miguel Flores,Monitor,Centro,66.0,1180.95,2025-08-01,1090.77
8063,Laura Sanchez,Escritorio,Centro,37.0,1281.04,2026-02-26,1505.0
8309,Valeria Mendoza,Impresora,Centro,19.0,1089.6,2026-05-30,1708.29
6364,Fernanda Castro,Tablet,Sur,51.0,812.23,2025-05-15,1203.42
8008,Ricardo Vargas,Camara,Norte,37.0,1176.6,2026-01-21,1705.16
8339,Ricardo Vargas,Bocina,Centro,37.0,825.11,2024-10-01,1288.5
6758,Diego Romero,Tablet,Norte,34.0,579.43,2025-10-16,1058.92
7312,Carlos Ramirez,Impresora,Norte,8.0,998.94,2026-07-03,1760.76
3528,Jorge Morales,Bocina,Sur,61.0,285.74,2026-04-10,1164.66
5604,Pedro Aguilar,Silla,Norte,21.0,1618.48,2026-02-01,1244.65
6863,Pedro Aguilar,Mouse,Sur,47.0,862.55,2024-05-02,1906.15
3032,Miguel Flores,Silla,Sur,24.0,749.35,2024-08-29,1362.7
241,Pedro Aguilar,Camara,Occidente,42.0,477.55,2025-05-04,1011.68
6770,Miguel Flores,Impresora,Centro,25.0,795.85,2025-03-15,1766.91
3226,Miguel Flores,Laptop,Occidente,49.0,1170.11,2026-02-05,1572.24
6051,Ricardo Vargas,Silla,Centro,37.0,933.48,2026-03-10,1404.45
2560,Carlos Ramirez,Laptop,Norte,32.0,1152.73,2024-02-05,1472.01
2040,Laura Sanchez,Tablet,Centro,27.0,896.81,2025-02-25,693.34
4937,Valeria Mendoza,Laptop,Centro,40.0,827.5550000000001,,1709.11
8770,Camila Reyes,Tablet,Centro,36.0,837.46,2024-08-02,1026.88
5520,Ricardo Vargas,Mouse,Centro,31.0,846.16,2024-02-26,798.46
1345,Miguel Flores,Mouse,Norte,30.0,1214.8,2025-04-18,1158.37
3382,Ana Garcia,Escritorio,Occidente,38.0,1033.92,2025-04-25,1146.56
9188,Laura Sanchez,Laptop,Centro,30.0,666.57,2026-04-30,1633.94
1791,Andres Ortiz,Silla,Sur,42.0,1225.06,2024-09-26,1159.31
5186,Carlos Ramirez,Monitor,Norte,56.0,323.22,2024-05-12,1313.98
3905,Maria Lopez,Camara,Centro,27.0,829.105,2025-08-17,1254.4
7026,Laura Sanchez,Impresora,Occidente,54.0,844.99,2024-05-01,1933.84
4978,Fernanda Castro,Silla,Centro,38.0,1532.06,2024-12-02,1549.91
672,Laura Sanchez,Tablet,Occidente,32.0,543.26,2025-09-09,1245.98
8587,Paola Rios,Teclado,Centro,48.0,960.47,2025-05-12,1293.32
7352,Fernanda Castro,Teclado,Norte,19.0,943.15,2025-04-29,850.24
9478,Camila Reyes,Laptop,Norte,42.0,428.81,,1359.96
5304,Pedro Aguilar,Impresora,Norte,32.0,826.23,2024-10-14,1251.63
1892,Jose Martinez,Laptop,Sur,49.0,684.85,2024-07-25,826.3
1145,Fernanda Castro,Escritorio,Sin Especificar,35.0,1344.74,2024-05-13,1503.68
853,Diego Romero,Camara,Norte,36.0,644.14,2025-04-01,706.9
446,Ricardo Vargas,Monitor,Centro,27.0,998.95,2025-10-26,1128.93
2521,Daniela Cruz,Impresora,Sur,52.0,603.7,2025-10-07,1404.13
4803,Andres Ortiz,Bocina,Occidente,54.0,1136.29,2026-01-10,949.67
5621,Fernanda Castro,Camara,Sur,45.0,761.1,2025-02-17,1797.64
8412,Ana Garcia,Teclado,Occidente,30.0,1104.52,2026-02-14,1045.43
4508,Alejandro Diaz,Monitor,Centro,27.0,1134.46,2024-08-22,1092.54
7062,Ana Garcia,Mouse,Norte,32.0,642.44,2025-09-28,1612.36
447,Miguel Flores,Bocina,Occidente,49.0,834.99,2024-05-25,1584.02
4370,Isabel Guzman,Bocina,Norte,43.0,891.53,2026-02-05,1841.65
8825,Jose Martinez,Monitor,Occidente,24.0,956.37,2025-09-16,2023.01
7033,Sofia Torres,Camara,Sur,38.0,670.19,2025-01-21,1595.01
2931,Alejandro Diaz,Teclado,Sur,48.0,997.44,2026-10-04,1427.61
2265,Andres Ortiz,Escritorio,Norte,25.0,707.27,2024-04-18,930.45
8790,Diego Romero,Laptop,Norte,50.0,767.51,2026-05-19,1307.4
478,Ricardo Vargas,Teclado,Norte,38.0,420.46,2026-05-24,1686.16
4315,Miguel Flores,Escritorio,Occidente,26.0,650.77,2025-05-25,744.83
530,Maria Lopez,Laptop,Occidente,32.0,1071.11,2025-01-01,1568.21
9551,Jose Martinez,Monitor,Sur,302.0,1114.22,2025-06-24,685.49
5463,Fernanda Castro,Monitor,Occidente,37.0,906.73,2024-07-31,1259.01
6822,Ana Garcia,Tablet,Sin Especificar,38.0,549.03,2024-07-30,1882.59
5050,Pedro Aguilar,Teclado,Sur,17.0,636.56,2026-05-15,1681.9
2647,Maria Lopez,Monitor,Centro,25.0,835.76,2025-02-17,2054.47
798,Isabel Guzman,Escritorio,Centro,38.0,527.32,2025-02-04,1473.26
7996,Laura Sanchez,Silla,Centro,29.0,579.09,2025-12-20,1134.09
8233,Pedro Aguilar,Escritorio,Sin Especificar,29.0,980.88,2026-05-19,1024.39
4025,Jorge Morales,Tablet,Centro,41.0,1252.17,2025-09-11,1031.99
5439,Jose Martinez,Camara,Norte,38.0,867.35,2025-01-23,1458.78
1101,Miguel Flores,Camara,Centro,34.0,305.08,2025-11-29,1281.01
5,Ricardo Vargas,Impresora,Norte,34.0,1205.99,,1176.04
5683,Maria Lopez,Mouse,Centro,41.0,517.05,2024-11-28,1159.34
1219,Ana Garcia,Monitor,Occidente,41.0,975.13,2026-05-09,1244.28
2232,Alejandro Diaz,Tablet,Sur,59.0,1374.25,2026-01-19,1475.94
4273,Camila Reyes,Camara,Sur,37.0,200.04,2024-04-01,1533.61
3994,Laura Sanchez,Silla,Occidente,34.0,1380.04,2025-11-03,2088.04
9095,Daniela Cruz,Bocina,Norte,33.0,879.62,2024-04-07,1359.6
14,Ana Garcia,Silla,Sur,38.0,1067.48,2026-04-01,1133.11
8574,Daniela Cruz,Camara,Sur,55.0,1050.02,2025-12-22,1022.33
2455,Diego Romero,Teclado,Sur,17.0,638.18,2025-01-16,1495.26
8651,Ana Garcia,Camara,Occidente,49.0,574.25,2024-04-02,1333.73
2734,Maria Lopez,Teclado,Centro,38.0,633.21,2025-01-03,1403.56
8598,Camila Reyes,Tablet,Occidente,31.0,939.4,2024-03-21,1525.92
5647,Laura Sanchez,Laptop,Norte,52.0,623.6,2025-07-25,1077.26
807,Carlos Ramirez,Silla,Norte,42.0,907.5,2025-07-15,1113.22
3572,Sofia Torres,Laptop,Centro,30.0,908.81,2025-03-25,945.93
1709,Jose Martinez,Escritorio,Norte,51.0,554.86,2024-02-20,1018.01
7360,Camila Reyes,Mouse,Occidente,46.0,1008.36,2025-06-19,1166.0
1907,Daniela Cruz,Tablet,Occidente,39.0,614.66,2024-05-08,1405.06
699,Luis Hernandez,Laptop,Norte,55.0,1164.8,2024-03-21,1141.41
4867,Jose Martinez,Tablet,Sur,18.0,811.52,2025-06-09,1238.34
2737,Miguel Flores,Bocina,Centro,28.0,840.105,2025-07-02,1352.61
9180,Sofia Torres,Impresora,Norte,34.0,384.02,,1347.42
714,Alejandro Diaz,Camara,Sur,30.0,196.89,2026-06-03,1056.62
4703,Daniela Cruz,Escritorio,Sur,374.0,653.52,2025-05-19,2204.09
5834,Daniela Cruz,Mouse,Sur,42.0,1440.37,2024-04-28,941.28
8064,Ricardo Vargas,Mouse,Occidente,25.0,1169.36,2025-10-27,1550.68
7728,Luis Hernandez,Silla,Occidente,36.0,1276.96,2024-04-03,1889.86
3461,Diego Romero,Teclado,Centro,30.0,1122.07,2025-01-17,1296.07
6095,Diego Romero,Escritorio,Occidente,61.0,1591.05,2026-03-02,1637.16
2689,Fernanda Castro,Mouse,Norte,46.0,794.32,,1772.35
9518,Fernanda Castro,Escritorio,Sur,21.0,1367.65,2024-01-28,1747.54
8821,Fernanda Castro,Monitor,Centro,19.0,561.0,2026-05-09,1652.03
9486,Laura Sanchez,Tablet,Occidente,58.0,838.68,2026-03-06,1264.8
4700,Andres Ortiz,Impresora,Occidente,46.0,813.27,2025-07-23,790.49
3601,Diego Romero,Impresora,Occidente,47.0,1477.32,2025-01-01,76000.0
611,Laura Sanchez,Bocina,Occidente,25.0,1496.85,2024-03-09,1169.04
5925,Ricardo Vargas,Silla,Occidente,43.0,846.28,2024-10-18,1113.58
2555,Diego Romero,Silla,Centro,43.0,1507.28,2025-12-03,1299.18
2351,Carlos Ramirez,Tablet,Sur,50.0,732.8,2025-09-21,1758.16
3753,Sofia Torres,Tablet,Norte,41.0,231.24,2025-01-03,1574.96
4713,Camila Reyes,Monitor,Occidente,32.0,794.37,2024-01-01,1443.1
434,Alejandro Diaz,Escritorio,Centro,50.0,832.47,2024-08-20,1432.12
7000,Laura Sanchez,Laptop,Sur,38.0,971.71,2025-11-28,975.23
7803,Maria Lopez,Tablet,Norte,38.0,1353.65,2025-11-12,1500.58
4005,Daniela Cruz,Teclado,Occidente,34.0,772.89,2025-10-17,1195.19
552,Valeria Mendoza,Teclado,Norte,53.0,851.92,2025-01-30,1330.38
971,Sofia Torres,Escritorio,Norte,64.0,832.48,2024-11-09,1816.19
8037,Pedro Aguilar,Impresora,Sur,57.0,675.1,2024-07-09,1859.22
6530,Jose Martinez,Escritorio,Norte,20.0,803.9,2025-12-17,1535.77
1859,Alejandro Diaz,Mouse,Occidente,34.0,819.92,2026-03-05,1367.92
341,Diego Romero,Silla,Norte,4.0,662.76,2025-12-24,1617.88
3954,Diego Romero,Monitor,Occidente,31.0,441.66,2025-11-02,947.54
1100,Maria Lopez,Teclado,Occidente,44.0,1319.26,2024-03-06,1381.6
313,Carlos Ramirez,Monitor,Norte,36.0,551.38,2025-01-11,1395.58
5873,Alejandro Diaz,Impresora,Sur,22.0,817.81,2024-09-07,2232.21
4246,Andres Ortiz,Escritorio,Sur,23.0,1081.64,2025-11-20,2243.05
52,Paola Rios,Camara,Occidente,2.0,1194.26,2025-08-31,1898.68
7242,Pedro Aguilar,Mouse,Norte,30.0,676.83,2025-04-05,1581.88
6297,Isabel Guzman,Silla,Occidente,37.0,932.98,2024-07-10,965.85
786,Andres Ortiz,Teclado,Norte,55.0,822.475,2024-02-18,783.22
7339,Pedro Aguilar,Bocina,Occidente,22.0,770.56,2025-07-14,1147.74
39,Sofia Torres,Bocina,Occidente,38.0,707.23,2024-05-20,1177.45
6402,Alejandro Diaz,Tablet,Sur,61.0,879.94,2026-06-14,1199.64
6920,Miguel Flores,Silla,Centro,32.0,1366.43,2024-04-06,1556.67
5235,Pedro Aguilar,Silla,Sur,38.0,954.9,2025-06-07,1592.1
4471,Pedro Aguilar,Impresora,Norte,29.0,777.36,2025-11-26,1022.62
6973,Jorge Morales,Mouse,Centro,48.0,819.92,2025-03-08,1720.41
997,Paola Rios,Escritorio,Sur,27.0,1154.73,2025-03-16,1009.2
9647,Alejandro Diaz,Laptop,Occidente,200.0,908.91,2025-08-13,1540.87
2802,Jorge Morales,Escritorio,Sur,37.0,762.19,2024-10-19,1031.11
2133,Alejandro Diaz,Silla,Sur,43.0,1040.47,2024-08-12,1303.38
9995,Camila Reyes,Escritorio,Occidente,50.0,772.46,2026-05-04,1031.64
5070,Alejandro Diaz,Mouse,Occidente,30.0,1100.48,2024-01-03,1404.15
8312,Ricardo Vargas,Monitor,Norte,55.0,1247.6,,1788.99
1123,Camila Reyes,Mouse,Norte,19.0,471.67,2026-05-09,1160.67
9900,Jose Martinez,Escritorio,Occidente,41.0,972.85,2026-03-27,1633.93
6979,Sofia Torres,Mouse,Centro,43.0,902.83,2024-06-13,1688.24
6035,Luis Hernandez,Tablet,Sur,62.0,1274.76,2026-10-05,895.09
4927,Daniela Cruz,Escritorio,Sur,21.0,791.51,2024-12-18,1525.71
9740,Luis Hernandez,Teclado,Occidente,24.0,693.43,2026-02-26,1568.16
8592,Andres Ortiz,Teclado,Occidente,34.0,1680.76,2026-06-12,1484.33
2552,Jorge Morales,Tablet,Sur,28.0,1097.91,2026-05-17,1554.28
2676,Andres Ortiz,Teclado,Centro,55.0,632.58,2024-09-07,1817.04
2400,Laura Sanchez,Camara,Norte,37.0,374.14,2026-05-28,1828.6
8916,Andres Ortiz,Monitor,Occidente,41.0,730.0,2025-04-06,1751.51
6623,Miguel Flores,Tablet,Sin Especificar,58.0,795.01,2026-05-11,1044.15
8292,Maria Lopez,Camara,Sin Especificar,27.0,771.74,2024-06-19,1513.54
8192,Luis Hernandez,Monitor,Norte,38.0,1080.53,2025-01-25,1982.96
4805,Valeria Mendoza,Mouse,Occidente,49.0,819.92,2024-05-05,1309.52
3791,Laura Sanchez,Tablet,Sur,34.0,801.94,2026-04-15,1696.81
5065,Jorge Morales,Bocina,Centro,53.0,1542.58,2026-07-04,781.62
8947,Ana Garcia,Tablet,Sur,29.0,1273.11,2024-07-15,1112.43
2422,Diego Romero,Tablet,Norte,35.0,757.86,,1947.69
5469,Paola Rios,Silla,Centro,48.0,566.4,2024-04-09,1974.7
1818,Luis Hernandez,Teclado,Centro,29.0,877.87,2025-06-06,1880.62
937,Pedro Aguilar,Silla,Occidente,25.0,767.99,2025-03-27,1204.08
9588,Sofia Torres,Camara,Centro,31.0,359.26,2025-05-30,932.74
1718,Pedro Aguilar,Monitor,Sur,46.0,833.245,2024-08-08,1271.4
808,Paola Rios,Escritorio,Occidente,45.0,181.07,2024-05-09,1710.43
5495,Valeria Mendoza,Laptop,Centro,53.0,827.5550000000001,2025-11-12,1730.76
917,Jose Martinez,Bocina,Occidente,23.0,50.0,2024-11-21,1343.79
3509,Pedro Aguilar,Laptop,Centro,49.0,827.5550000000001,2024-07-03,956.72
1266,Luis Hernandez,Silla,Centro,38.0,1145.34,,1550.79
1405,Diego Romero,Escritorio,Occidente,11.0,832.48,2024-06-04,2045.85
4143,Pedro Aguilar,Mouse,Centro,45.0,902.34,,1434.31
9438,Luis Hernandez,Laptop,Norte,38.0,725.61,2024-07-19,1311.7
1167,Carlos Ramirez,Camara,Occidente,64.0,596.82,2026-05-19,1715.94
2910,Sofia Torres,Silla,Norte,41.0,899.34,2025-12-14,1197.47
9545,Laura Sanchez,Bocina,Sin Especificar,37.0,939.79,2025-07-06,1156.55
5859,Paola Rios,Laptop,Occidente,30.0,1329.41,2026-03-28,1487.13
784,Camila Reyes,Impresora,Centro,31.0,909.15,2024-10-03,1934.76
6564,Jorge Morales,Escritorio,Occidente,35.0,698.03,,759.33
7587,Miguel Flores,Silla,Centro,32.0,50.0,2026-04-02,1823.8
2843,Pedro Aguilar,Impresora,Centro,31.0,756.52,2026-08-01,778.27
213,Luis Hernandez,Monitor,Centro,16.0,647.82,2025-04-11,816.57
9980,Valeria Mendoza,Bocina,Centro,46.0,1313.2,2025-10-14,1427.46
6490,Jose Martinez,Teclado,Norte,58.0,822.475,2024-06-12,757.77
7946,Paola Rios,Mouse,Occidente,25.0,1087.37,2025-08-11,1243.19
5215,Valeria Mendoza,Laptop,Sur,35.0,883.83,2026-09-01,1506.05
5228,Jose Martinez,Monitor,Centro,48.0,833.245,2025-12-28,1310.4
7333,Alejandro Diaz,Silla,Occidente,15.0,772.38,2025-08-08,1804.94
6319,Jorge Morales,Bocina,Norte,237.0,1186.51,2025-10-20,1498.04
9175,Diego Romero,Impresora,Centro,39.0,1135.0,2026-05-13,1400.57
1637,Laura Sanchez,Silla,Norte,39.0,1262.5,2024-04-27,1124.81
8201,Camila Reyes,Bocina,Norte,28.0,990.2,2026-02-09,1589.1
8802,Carlos Ramirez,Impresora,Occidente,35.0,1166.95,2026-06-13,1702.29
8336,Camila Reyes,Silla,Occidente,48.0,429.15,2024-03-10,1370.77
3645,Luis Hernandez,Impresora,Sur,38.0,1181.12,2025-08-10,1416.38
9882,Alejandro Diaz,Tablet,Sur,40.0,709.39,2025-05-03,1037.32
7072,Isabel Guzman,Camara,Centro,38.0,1035.61,2025-03-14,1425.36
1516,Laura Sanchez,Teclado,Norte,65.0,842.09,2025-02-02,1553.49
758,Jorge Morales,Teclado,Sur,49.0,832.12,2026-05-12,385.25
3023,Laura Sanchez,Silla,Occidente,47.0,852.81,2026-06-05,1620.01
6936,Pedro Aguilar,Bocina,Occidente,39.0,673.64,2026-05-28,1999.08
2921,Jorge Morales,Camara,Occidente,56.0,500.85,2024-08-15,1460.99
1339,Luis Hernandez,Tablet,Norte,33.0,878.68,2025-06-08,1801.47
6188,Laura Sanchez,Escritorio,Norte,40.0,95.6,2025-07-04,933.87
1548,Valeria Mendoza,Camara,Centro,22.0,1230.48,2025-09-13,1346.09
8440,Ana Garcia,Teclado,Sur,44.0,721.83,2025-11-29,1833.33
7806,Fernanda Castro,Impresora,Sur,38.0,826.23,2025-05-02,1015.1
6086,Sofia Torres,Impresora,Sur,55.0,986.09,2024-01-29,1159.76
4559,Camila Reyes,Camara,Centro,35.0,1081.69,2025-03-19,1508.01
1998,Pedro Aguilar,Bocina,Sur,38.0,780.34,2024-08-27,1651.88
3458,Miguel Flores,Tablet,Sur,41.0,881.85,2025-01-25,1462.38
8371,Ricardo Vargas,Bocina,Norte,34.0,840.105,2025-04-17,951.97
5284,Laura Sanchez,Teclado,Occidente,36.0,947.92,2025-01-10,1460.99
2430,Pedro Aguilar,Mouse,Sin Especificar,27.0,827.43,2025-04-15,1639.79
3341,Carlos Ramirez,Mouse,Occidente,51.0,490.76,2025-09-09,825.88
7739,Fernanda Castro,Teclado,Centro,16.0,693.91,2026-03-29,1167.35
7714,Ana Garcia,Teclado,Occidente,5.0,372.53,2024-07-27,1195.84
3178,Luis Hernandez,Silla,Sur,54.0,354.62,2026-04-29,1515.22
381,Isabel Guzman,Camara,Sur,24.0,1501.41,2024-02-29,1301.76
9558,Isabel Guzman,Camara,Norte,11.0,838.25,2025-05-19,1615.11
6999,Alejandro Diaz,Tablet,Occidente,33.0,910.93,2025-06-20,1338.48
4340,Pedro Aguilar,Mouse,Sin Especificar,20.0,938.68,2026-03-12,874.3
3127,Laura Sanchez,Impresora,Centro,216.0,1168.46,2024-11-03,1262.31
8669,Diego Romero,Silla,Occidente,30.0,796.03,2024-09-20,1495.21
6383,Maria Lopez,Escritorio,Sur,45.0,724.78,2025-12-17,925.3
7745,Jorge Morales,Bocina,Centro,16.0,869.24,2024-03-24,1259.35
1667,Sofia Torres,Tablet,Norte,45.0,996.47,2024-04-26,1208.81
7481,Carlos Ramirez,Silla,Norte,40.0,889.62,2024-01-05,1924.26
4584,Ricardo Vargas,Bocina,Sur,37.0,1295.64,2025-08-23,1535.3
3449,Paola Rios,Laptop,Occidente,49.0,895.81,2024-09-03,1549.59
9786,Laura Sanchez,Camara,Norte,30.0,465.63,2024-12-04,1401.81
3567,Valeria Mendoza,Teclado,Centro,37.0,1353.97,2026-06-04,1571.75
8451,Ricardo Vargas,Monitor,Occidente,30.0,834.0,2026-04-14,1970.02
2314,Fernanda Castro,Teclado,Centro,45.0,1266.37,2024-11-12,1756.97
5297,Diego Romero,Silla,Centro,40.0,693.62,2024-02-17,1358.43
702,Laura Sanchez,Laptop,Sin Especificar,35.0,1152.62,2024-05-13,1286.02
1307,Jorge Morales,Mouse,Norte,48.0,617.92,,1385.26
5644,Alejandro Diaz,Impresora,Centro,32.0,476.48,2025-05-30,1337.65
4783,Pedro Aguilar,Camara,Centro,24.0,610.27,2024-07-26,1410.26
2972,Laura Sanchez,Escritorio,Occidente,161.0,1057.83,2026-05-28,1721.06
4742,Luis Hernandez,Impresora,Centro,31.0,1184.05,2024-05-01,1018.85
3571,Maria Lopez,Impresora,Norte,34.0,1306.59,2024-07-08,1714.86
3701,Ana Garcia,Bocina,Norte,32.0,1346.02,2025-10-27,1297.72
4049,Isabel Guzman,Teclado,Norte,31.0,871.68,2024-08-28,1411.9
8432,Carlos Ramirez,Tablet,Occidente,13.0,1131.08,2025-04-24,1581.37
2700,Andres Ortiz,Silla,Sin Especificar,52.0,468.69,2026-05-23,1805.22
6843,Ricardo Vargas,Teclado,Centro,30.0,573.97,2024-11-28,1485.48
2466,Maria Lopez,Escritorio,Norte,44.0,936.9,2025-12-18,1950.86
7078,Ana Garcia,Camara,Centro,48.0,829.105,2024-01-25,1420.29
5453,Maria Lopez,Mouse,Occidente,30.0,484.03,2025-06-03,1343.85
7298,Luis Hernandez,Camara,Occidente,38.0,634.42,2025-01-21,1278.85
7689,Fernanda Castro,Escritorio,Sur,29.0,820.53,2025-12-30,1504.99
4028,Diego Romero,Escritorio,Centro,42.0,1249.3,2025-05-18,1492.54
6939,Ana Garcia,Silla,Centro,44.0,747.21,2025-09-22,1601.69
6607,Laura Sanchez,Bocina,Centro,37.0,966.74,2026-04-23,1208.53
1004,Camila Reyes,Camara,Centro,41.0,483.52,2024-04-04,1295.09
6977,Isabel Guzman,Impresora,Norte,37.0,1007.33,2026-02-20,1775.85
5115,Sofia Torres,Tablet,Sin Especificar,52.0,838.68,2025-08-22,2015.45
2982,Sofia Torres,Escritorio,Sur,52.0,1231.0,2024-03-14,900.25
562,Andres Ortiz,Bocina,Norte,66.0,844.21,2024-12-26,1333.24
1449,Miguel Flores,Bocina,Centro,40.0,840.105,2025-03-05,1195.62
9691,Andres Ortiz,Escritorio,Sur,55.0,980.85,2024-07-01,1824.42
731,Jorge Morales,Bocina,Occidente,56.0,1150.27,2025-02-08,1333.41
5732,Ricardo Vargas,Mouse,Norte,29.0,810.3,2026-03-07,1587.21
9643,Diego Romero,Bocina,Sur,21.0,754.33,2024-05-01,1011.64
7719,Jorge Morales,Impresora,Sur,19.0,772.62,2024-10-13,1577.99
9207,Jose Martinez,Silla,Centro,55.0,1592.26,2025-04-28,1187.52
8690,Ricardo Vargas,Teclado,Norte,34.0,457.3,2026-06-03,1375.39
8387,Jose Martinez,Impresora,Occidente,26.0,1130.52,2024-10-13,1487.45
1390,Luis Hernandez,Impresora,Norte,22.0,161.62,2024-08-16,1589.34
9763,Carlos Ramirez,Laptop,Sur,178.0,859.27,2025-03-04,1312.24
9844,Maria Lopez,Teclado,Occidente,48.0,1144.32,2024-07-11,870.54
3886,Alejandro Diaz,Mouse,Centro,39.0,792.66,2024-09-19,1193.89
6882,Miguel Flores,Tablet,Centro,29.0,1310.17,2024-04-04,1357.62
3548,Fernanda Castro,Monitor,Sur,27.0,833.245,2024-11-18,1372.03
38,Fernanda Castro,Mouse,Norte,43.0,1247.84,,1457.23
1129,Ana Garcia,Bocina,Sur,20.0,970.23,2025-07-14,746.53
84,Alejandro Diaz,Laptop,Occidente,33.0,328.27,2026-01-20,1955.08
9320,Maria Lopez,Silla,Norte,49.0,715.11,2024-08-20,1557.83
3124,Carlos Ramirez,Silla,Sur,34.0,815.08,2024-04-07,1079.05
1992,Alejandro Diaz,Monitor,Norte,19.0,110.45,2025-08-14,1729.5
2110,Alejandro Diaz,Teclado,Sur,39.0,586.85,2026-02-22,580.13
7899,Luis Hernandez,Mouse,Occidente,43.0,1114.49,2024-10-18,1688.04
1995,Camila Reyes,Teclado,Occidente,38.0,1218.54,2026-01-18,1475.51
8941,Maria Lopez,Monitor,Sur,28.0,1546.56,2025-04-17,1233.31
3184,Valeria Mendoza,Bocina,Norte,68.0,1650.06,2024-12-29,1967.81
7327,Andres Ortiz,Camara,Sur,31.0,50.0,2024-09-24,1609.88
7053,Sofia Torres,Tablet,Sin Especificar,48.0,1019.45,2025-02-05,1600.54
6384,Pedro Aguilar,Bocina,Occidente,21.0,682.56,2026-03-25,1695.69
6306,Laura Sanchez,Silla,Centro,11.0,460.34,2026-04-21,1088.39
4231,Laura Sanchez,Tablet,Sur,36.0,623.75,2025-02-23,1509.39
1356,Ricardo Vargas,Impresora,Sin Especificar,31.0,678.44,2025-11-09,1908.12
5154,Jose Martinez,Silla,Occidente,25.0,498.27,2024-09-27,973.13
2393,Paola Rios,Tablet,Sur,32.0,1290.76,2024-08-06,1674.4
9240,Valeria Mendoza,Monitor,Centro,42.0,833.245,2024-05-26,1846.99
7430,Luis Hernandez,Teclado,Sur,35.0,1350.97,2025-02-11,1673.52
90,Fernanda Castro,Silla,Sur,27.0,1008.81,2026-04-05,1473.4
846,Luis Hernandez,Mouse,Occidente,74.0,819.92,2024-03-09,1460.41
5855,Valeria Mendoza,Monitor,Occidente,41.0,1109.31,2024-05-06,2182.31
4521,Miguel Flores,Teclado,Centro,54.0,722.62,2024-01-08,1109.17
6050,Pedro Aguilar,Camara,Norte,18.0,1223.49,2025-09-18,1567.21
5705,Ana Garcia,Teclado,Norte,65.0,782.97,2025-08-12,1304.78
6906,Miguel Flores,Laptop,Sur,35.0,466.94,2025-10-15,1995.86
2224,Paola Rios,Laptop,Centro,40.0,992.46,2026-04-24,1178.63
3878,Valeria Mendoza,Mouse,Occidente,32.0,752.77,,1664.98
1065,Fernanda Castro,Laptop,Occidente,56.0,720.02,2025-05-11,824.92
4333,Pedro Aguilar,Bocina,Occidente,39.0,1149.21,2024-06-08,815.51
4969,Camila Reyes,Monitor,Occidente,41.0,688.56,,1506.59
781,Camila Reyes,Mouse,Occidente,37.0,1131.84,2024-07-18,1851.25
9125,Andres Ortiz,Teclado,Sur,18.0,1027.53,,1299.47
4854,Carlos Ramirez,Silla,Sur,35.0,849.14,2025-09-09,1298.52
2271,Isabel Guzman,Silla,Sur,41.0,665.69,2026-01-14,788.29
4011,Jorge Morales,Impresora,Sur,20.0,780.0,2024-07-20,1391.9
9196,Miguel Flores,Monitor,Sur,21.0,833.245,2025-02-08,1228.81
3378,Daniela Cruz,Impresora,Sur,38.0,826.23,,1311.26
1435,Andres Ortiz,Silla,Centro,33.0,1016.51,2024-09-21,849.53
3597,Ana Garcia,Escritorio,Centro,29.0,832.48,2024-03-02,1302.89
7299,Alejandro Diaz,Escritorio,Sur,38.0,696.38,2025-05-20,1311.84
5373,Carlos Ramirez,Camara,Occidente,33.0,990.48,2025-05-11,1949.47
7618,Miguel Flores,Tablet,Occidente,38.0,1284.0,2025-12-31,794.33
3595,Alejandro Diaz,Bocina,Norte,32.0,813.98,2024-07-22,1781.97
8731,Alejandro Diaz,Silla,Norte,26.0,1272.31,2025-08-08,1606.26
5198,Luis Hernandez,Bocina,Occidente,42.0,1084.87,2024-08-30,992.38
7008,Isabel Guzman,Tablet,Occidente,62.0,649.83,2024-07-23,1276.84
6437,Miguel Flores,Escritorio,Norte,49.0,957.99,2026-05-03,1471.24
8824,Sofia Torres,Tablet,Centro,34.0,1158.5,,1960.91
649,Miguel Flores,Impresora,Occidente,62.0,718.64,2025-05-19,1132.88
5778,Laura Sanchez,Laptop,Occidente,41.0,1171.47,2025-04-29,1373.37
3962,Ricardo Vargas,Teclado,Norte,40.0,86.36,2024-04-26,1778.59
7663,Ricardo Vargas,Silla,Sur,46.0,593.52,2026-05-18,1642.03
6725,Jose Martinez,Escritorio,Occidente,47.0,1260.3,2024-08-02,1978.49
457,Isabel Guzman,Tablet,Occidente,40.0,852.13,2024-10-08,1096.86
6382,Andres Ortiz,Laptop,Sur,42.0,824.38,2025-09-25,1444.61
8112,Carlos Ramirez,Tablet,Occidente,37.0,838.68,2026-03-12,1935.46
9568,Alejandro Diaz,Silla,Occidente,18.0,1175.41,2025-04-14,1637.14
6812,Valeria Mendoza,Tablet,Centro,30.0,327.61,2025-03-26,1467.15
8099,Ana Garcia,Monitor,Occidente,31.0,798.98,2025-01-01,905.64
8725,Miguel Flores,Bocina,Norte,33.0,443.41,2026-05-31,1735.68
6654,Camila Reyes,Bocina,Sin Especificar,52.0,866.75,2025-07-16,1501.88
8606,Maria Lopez,Teclado,Sur,29.0,822.475,2024-10-01,830.69
6375,Maria Lopez,Impresora,Norte,42.0,564.52,2024-01-26,1304.99
5219,Jorge Morales,Teclado,Sur,54.0,627.92,2025-11-26,1745.21
8420,Maria Lopez,Monitor,Occidente,40.0,1052.67,2025-06-02,160.91
4307,Ana Garcia,Mouse,Norte,53.0,634.94,2026-01-23,1593.23
8963,Laura Sanchez,Tablet,Centro,46.0,566.6,2024-09-23,1963.93
5369,Jose Martinez,Camara,Centro,39.0,1097.26,2024-09-05,1551.69
1809,Isabel Guzman,Mouse,Centro,31.0,819.92,2025-02-14,1977.65
2984,Miguel Flores,Monitor,Norte,26.0,396.64,2025-09-20,1707.33
1442,Maria Lopez,Camara,Occidente,13.0,619.44,2026-06-03,979.22
2417,Carlos Ramirez,Tablet,Sur,15.0,297.9,2024-05-22,1778.16
109,Ricardo Vargas,Mouse,Centro,29.0,1027.04,2025-02-25,1907.55
8672,Laura Sanchez,Bocina,Occidente,42.0,779.44,2025-04-15,2025.32
744,Maria Lopez,Tablet,Norte,33.0,1524.29,2024-09-22,1377.74
392,Andres Ortiz,Teclado,Sur,42.0,660.01,2025-02-24,1561.25
3895,Pedro Aguilar,Camara,Occidente,31.0,829.97,2025-06-30,1153.21
6638,Daniela Cruz,Camara,Sur,29.0,832.41,2024-03-19,1083.95
178,Daniela Cruz,Monitor,Occidente,32.0,760.28,2025-04-18,1458.03
8860,Luis Hernandez,Teclado,Centro,28.0,977.06,2024-02-16,1612.44
3384,Carlos Ramirez,Bocina,Norte,57.0,946.75,2024-09-22,1445.7
2204,Andres Ortiz,Camara,Occidente,46.0,615.83,2024-10-04,1515.9
3983,Fernanda Castro,Escritorio,Norte,30.0,1373.71,2024-12-30,971.9
5010,Miguel Flores,Bocina,Norte,24.0,546.47,2026-05-28,1133.82
4550,Valeria Mendoza,Silla,Centro,30.0,1246.14,2024-08-05,1162.15
6800,Paola Rios,Teclado,Occidente,36.0,909.64,2024-05-31,1813.73
5404,Valeria Mendoza,Teclado,Centro,17.0,806.34,2025-10-15,1516.81
2721,Laura Sanchez,Escritorio,Centro,32.0,312.85,2025-12-24,1944.36
153,Jorge Morales,Escritorio,Sur,34.0,832.48,2026-02-23,1414.81
4185,Diego Romero,Laptop,Centro,39.0,981.25,2024-07-29,857.8
2956,Andres Ortiz,Laptop,Occidente,30.0,798.86,2024-06-03,976.8
403,Daniela Cruz,Mouse,Norte,36.0,890.21,,1339.44
2743,Miguel Flores,Impresora,Sur,37.0,470.83,2025-08-18,1396.03
8923,Diego Romero,Camara,Norte,38.0,428.38,,696.75
8445,Laura Sanchez,Monitor,Sur,30.0,973.04,2025-01-28,1522.26
2994,Luis Hernandez,Bocina,Sur,23.0,440.84,2025-04-02,1576.09
7782,Carlos Ramirez,Silla,Norte,44.0,968.61,2026-02-02,1462.05
2587,Diego Romero,Laptop,Sur,27.0,712.18,2025-06-20,1195.77
918,Valeria Mendoza,Laptop,Sur,35.0,786.88,2024-03-23,1319.15
9163,Ricardo Vargas,Bocina,Norte,24.0,464.63,2025-07-22,960.01
3522,Sofia Torres,Silla,Norte,48.0,1104.93,2025-07-14,409.57
3354,Daniela Cruz,Teclado,Norte,43.0,954.68,2025-03-09,1613.95
5623,Miguel Flores,Teclado,Sur,31.0,933.01,2024-08-17,1445.06
6741,Ana Garcia,Laptop,Centro,11.0,643.09,2024-04-18,1448.73
4001,Ricardo Vargas,Teclado,Centro,47.0,284.25,2025-06-07,2002.2
3179,Miguel Flores,Tablet,Norte,35.0,513.21,2025-08-10,1219.98
1108,Maria Lopez,Mouse,Occidente,32.0,966.32,2026-01-03,1294.17
352,Daniela Cruz,Laptop,Centro,16.0,1230.05,2025-06-14,1120.94
4571,Maria Lopez,Tablet,Occidente,42.0,838.68,2025-02-21,1128.74
7582,Luis Hernandez,Laptop,Norte,34.0,677.63,2024-08-28,576.38
9561,Pedro Aguilar,Impresora,Centro,44.0,878.14,2026-03-25,1352.83
8915,Valeria Mendoza,Teclado,Norte,19.0,764.67,2025-11-20,1526.45
3264,Ana Garcia,Mouse,Norte,46.0,1142.78,2025-12-11,1261.24
8066,Laura Sanchez,Teclado,Norte,46.0,401.79,2025-05-04,1342.73
3471,Andres Ortiz,Silla,Occidente,35.0,883.82,2025-08-01,1109.33
4848,Daniela Cruz,Silla,Occidente,39.0,1044.6,2024-07-08,1630.62
5430,Daniela Cruz,Bocina,Norte,27.0,339.38,,1441.2
334,Ricardo Vargas,Tablet,Occidente,26.0,1290.49,2024-08-03,1541.07
2505,Pedro Aguilar,Silla,Norte,31.0,777.76,2024-05-20,576.62
4689,Carlos Ramirez,Silla,Sur,67.0,805.43,2024-07-07,1056.88
1685,Isabel Guzman,Tablet,Occidente,47.0,1069.47,2025-09-05,1448.09
3720,Pedro Aguilar,Silla,Sin Especificar,29.0,966.15,2025-04-24,1720.03
2902,Daniela Cruz,Monitor,Norte,40.0,1010.5,2024-02-23,1440.47
1750,Daniela Cruz,Camara,Centro,42.0,446.64,2026-02-01,2171.3
3434,Jorge Morales,Monitor,Sur,24.0,833.245,2026-01-30,1751.35
9185,Diego Romero,Camara,Centro,51.0,829.105,2024-12-17,1064.1
3285,Miguel Flores,Monitor,Centro,50.0,964.13,2025-04-12,665.47
8555,Camila Reyes,Teclado,Occidente,42.0,734.88,2024-06-13,1672.34
9402,Sofia Torres,Mouse,Occidente,57.0,486.76,2025-05-14,893.35
6185,Camila Reyes,Monitor,Occidente,54.0,833.245,2025-06-09,1365.31
4251,Jose Martinez,Tablet,Sur,28.0,950.42,2024-03-02,588.34
6094,Miguel Flores,Impresora,Sur,42.0,1079.31,2026-03-27,1465.29
7817,Alejandro Diaz,Impresora,Centro,39.0,771.23,2025-11-02,1224.34
3004,Valeria Mendoza,Silla,Sur,50.0,1052.78,2024-11-12,1685.48
3351,Camila Reyes,Bocina,Occidente,36.0,840.105,2025-04-26,983.84
408,Jose Martinez,Escritorio,Sur,50.0,663.89,2024-12-01,1723.58
1041,Miguel Flores,Silla,Sin Especificar,50.0,916.17,2024-01-14,1442.4
2484,Luis Hernandez,Tablet,Centro,41.0,962.33,2025-10-14,1708.78
83,Pedro Aguilar,Silla,Occidente,48.0,947.77,2025-05-15,1878.38
6289,Jorge Morales,Laptop,Sur,40.0,1178.6,2024-09-28,302.36
3061,Alejandro Diaz,Monitor,Norte,43.0,971.27,2026-07-04,1295.99
96,Paola Rios,Camara,Occidente,55.0,1063.71,2024-04-16,1495.78
9781,Andres Ortiz,Silla,Norte,72.0,511.88,2025-10-13,1614.25
9287,Pedro Aguilar,Impresora,Occidente,40.0,675.22,2024-02-12,1018.84
135,Camila Reyes,Escritorio,Occidente,41.0,889.12,2025-02-05,1896.79
9041,Luis Hernandez,Impresora,Sur,32.0,1203.54,2024-04-20,2117.43
5222,Isabel Guzman,Impresora,Sur,67.0,951.47,,1069.32
4668,Isabel Guzman,Bocina,Centro,27.0,1347.75,2024-07-05,1411.86
8184,Ricardo Vargas,Impresora,Sur,37.0,1079.51,2025-12-30,1378.17
1864,Carlos Ramirez,Silla,Occidente,44.0,626.38,2024-12-07,1466.06
9376,Carlos Ramirez,Tablet,Sur,34.0,637.14,2024-10-11,729.94
8367,Carlos Ramirez,Monitor,Centro,18.0,833.245,2025-06-03,2161.99
4716,Alejandro Diaz,Impresora,Norte,49.0,826.23,2026-02-22,1472.8
5481,Ana Garcia,Camara,Sur,48.0,952.73,2024-07-11,1312.28
9482,Maria Lopez,Teclado,Sur,31.0,522.91,2024-06-21,1326.19
688,Jorge Morales,Tablet,Norte,36.0,809.33,2025-08-30,1341.89
4509,Daniela Cruz,Teclado,Sur,38.0,881.97,2025-08-20,1570.44
6487,Carlos Ramirez,Tablet,Sur,40.0,289.74,2024-11-09,1445.24
597,Luis Hernandez,Camara,Sin Especificar,24.0,1260.46,,1338.54
6719,Fernanda Castro,Bocina,Occidente,23.0,337.88,2025-03-07,1672.61
5216,Pedro Aguilar,Escritorio,Sur,32.0,1062.75,2024-11-26,1793.4
9799,Jorge Morales,Laptop,Centro,26.0,768.61,2025-11-20,1757.3
8054,Fernanda Castro,Escritorio,Occidente,67.0,840.69,2026-01-31,1454.44
2005,Luis Hernandez,Laptop,Sur,46.0,840.66,,1645.47
5674,Maria Lopez,Impresora,Occidente,38.0,528.1,2026-12-06,2130.92
5541,Sofia Torres,Impresora,Occidente,32.0,961.28,2024-12-05,1993.74
7665,Diego Romero,Monitor,Centro,17.0,782.28,2025-02-18,1505.41
4953,Sofia Torres,Mouse,Sin Especificar,315.0,1105.89,2026-05-15,1141.04
2504,Maria Lopez,Escritorio,Sur,52.0,884.99,2025-06-23,1234.72
6195,Carlos Ramirez,Mouse,Sur,53.0,726.4,2024-08-31,1197.25
1603,Fernanda Castro,Camara,Norte,32.0,983.84,2025-11-15,1430.04
951,Camila Reyes,Laptop,Sur,44.0,1270.03,2025-06-23,646.9
4722,Diego Romero,Tablet,Occidente,63.0,854.73,2024-09-13,1445.96
9481,Jorge Morales,Laptop,Occidente,53.0,1355.74,,1121.22
3259,Ricardo Vargas,Tablet,Occidente,63.0,853.07,2026-06-07,1753.61
8978,Camila Reyes,Mouse,Sin Especificar,34.0,458.55,,1142.45
1708,Laura Sanchez,Impresora,Centro,43.0,802.69,2026-03-18,1537.42
742,Maria Lopez,Camara,Sur,30.0,908.93,2024-03-27,1185.39
3319,Miguel Flores,Tablet,Norte,371.0,1231.22,2024-10-14,1169.43
2202,Alejandro Diaz,Tablet,Occidente,36.0,633.79,2026-02-20,1824.25
6698,Isabel Guzman,Mouse,Norte,10.0,317.5,2026-03-03,1600.3
896,Valeria Mendoza,Silla,Norte,44.0,1637.04,2025-04-05,1251.4
2681,Sofia Torres,Camara,Occidente,26.0,693.82,2024-08-30,1131.96
3361,Carlos Ramirez,Monitor,Occidente,39.0,940.26,2024-06-12,1008.23
4232,Ricardo Vargas,Silla,Occidente,34.0,715.79,,1189.71
7374,Miguel Flores,Impresora,Sur,36.0,1096.74,2025-03-29,1422.02
247,Pedro Aguilar,Camara,Sur,27.0,860.77,2025-09-09,910.88
2251,Valeria Mendoza,Teclado,Norte,45.0,1409.05,2025-01-11,1286.38
9776,Jose Martinez,Escritorio,Sur,37.0,938.24,2024-04-29,1331.64
950,Ricardo Vargas,Tablet,Norte,48.0,838.68,2026-04-09,1371.79
250,Valeria Mendoza,Teclado,Occidente,16.0,958.81,2024-01-08,611.89
2070,Maria Lopez,Bocina,Centro,59.0,840.105,2025-05-30,1826.13
4046,Andres Ortiz,Silla,Norte,59.0,774.68,2025-12-14,1288.72
4489,Maria Lopez,Bocina,Norte,27.0,786.37,2025-02-10,1709.96
7469,Ricardo Vargas,Bocina,Norte,46.0,758.9,,902.26
5175,Jose Martinez,Impresora,Occidente,38.0,826.23,2024-03-29,1874.17
789,Sofia Torres,Camara,Centro,22.0,835.81,2025-09-22,1356.1
2629,Diego Romero,Monitor,Norte,32.0,885.81,2025-12-21,1332.83
4380,Camila Reyes,Teclado,Sin Especificar,30.0,526.89,,1114.62
8478,Alejandro Diaz,Mouse,Sin Especificar,42.0,789.91,2025-02-09,1840.31
5358,Camila Reyes,Escritorio,Norte,35.0,1184.11,2024-02-15,1238.33
9758,Carlos Ramirez,Silla,Occidente,28.0,1101.54,2026-01-12,1025.01
140,Laura Sanchez,Escritorio,Norte,29.0,497.72,2025-06-22,1567.24
9032,Luis Hernandez,Monitor,Occidente,46.0,765.16,2025-12-03,1230.37
4052,Miguel Flores,Escritorio,Occidente,37.0,848.13,2025-05-21,1359.97
4455,Isabel Guzman,Teclado,Norte,38.0,822.475,2025-05-11,1594.33
8951,Valeria Mendoza,Camara,Occidente,24.0,391.82,2025-01-22,1799.17
3781,Valeria Mendoza,Impresora,Occidente,45.0,705.69,2026-03-10,1281.15
8538,Paola Rios,Laptop,Sur,40.0,595.39,2025-12-03,1891.02
1618,Jorge Morales,Silla,Norte,35.0,755.96,2024-03-25,1664.66
2380,Pedro Aguilar,Teclado,Occidente,46.0,882.29,2026-01-02,1426.7
8968,Camila Reyes,Bocina,Sur,33.0,1185.2,2025-12-29,1605.56
8906,Miguel Flores,Tablet,Occidente,29.0,553.69,2026-06-07,1340.04
4410,Sofia Torres,Teclado,Sur,12.0,1110.06,2024-12-02,1557.71
373,Jose Martinez,Camara,Occidente,29.0,701.35,2024-11-01,866.08
4072,Paola Rios,Monitor,Norte,49.0,581.07,2025-03-24,1479.61
3211,Daniela Cruz,Camara,Centro,38.0,332.45,2025-02-24,1800.28
9444,Carlos Ramirez,Laptop,Sur,33.0,134.79,2025-02-14,1685.87
308,Valeria Mendoza,Camara,Sur,38.0,829.105,2025-07-28,1552.54
8410,Diego Romero,Mouse,Occidente,44.0,1331.38,2024-02-07,1160.53
1128,Jose Martinez,Impresora,Centro,30.0,585.18,2024-06-12,1277.15
3676,Laura Sanchez,Impresora,Sur,46.0,826.23,2026-02-04,1857.6
4984,Jorge Morales,Laptop,Centro,33.0,832.59,2025-10-19,1496.06
8139,Paola Rios,Silla,Norte,49.0,429.0,2026-02-27,1953.72
4579,Laura Sanchez,Bocina,Sur,31.0,1162.42,2024-01-24,1628.86
5733,Isabel Guzman,Laptop,Norte,20.0,468.48,2024-01-28,1586.39
8894,Sofia Torres,Laptop,Occidente,31.0,1104.14,2025-08-08,1371.91
5120,Laura Sanchez,Mouse,Norte,43.0,514.29,2025-11-22,1620.05
3273,Luis Hernandez,Camara,Centro,47.0,1000.55,2025-12-28,1381.48
2482,Ana Garcia,Impresora,Centro,52.0,1226.9,2025-02-28,1768.99
200,Maria Lopez,Escritorio,Norte,35.0,683.13,2024-01-24,900.85
3115,Daniela Cruz,Impresora,Norte,30.0,816.13,2024-08-05,1521.95
8225,Alejandro Diaz,Bocina,Norte,30.0,1080.65,2024-10-24,1432.71
5538,Paola Rios,Impresora,Sur,61.0,702.57,2024-11-09,864.75
2272,Ana Garcia,Tablet,Norte,46.0,1042.08,2025-11-07,1411.7
6901,Alejandro Diaz,Mouse,Norte,40.0,1305.56,2026-04-07,1217.32
8203,Ana Garcia,Camara,Centro,37.0,266.55,,1053.68
5603,Miguel Flores,Impresora,Sur,47.0,772.38,,1376.41
5397,Pedro Aguilar,Mouse,Centro,20.0,50.0,2025-10-28,1463.35
5630,Maria Lopez,Monitor,Occidente,45.0,1055.47,2024-03-18,548.89
4204,Andres Ortiz,Tablet,Occidente,39.0,1364.86,2024-10-24,1455.86
2114,Paola Rios,Camara,Centro,34.0,1426.67,2025-06-24,810.29
3398,Jose Martinez,Escritorio,Occidente,23.0,779.61,2026-06-14,789.08
8674,Valeria Mendoza,Bocina,Sur,35.0,840.105,2026-05-02,1799.25
3731,Luis Hernandez,Impresora,Occidente,38.0,750.42,2026-05-19,1983.13
2095,Camila Reyes,Laptop,Sur,51.0,493.73,2026-05-08,1302.9
7936,Carlos Ramirez,Teclado,Norte,47.0,1075.42,2026-07-02,1632.28
2646,Luis Hernandez,Monitor,Sur,14.0,805.46,2025-04-10,1387.66
3317,Carlos Ramirez,Silla,Sur,41.0,606.14,2025-03-10,1321.21
3334,Laura Sanchez,Teclado,Sur,50.0,1083.96,,1116.82
1878,Luis Hernandez,Monitor,Occidente,29.0,504.69,2024-12-15,1375.36
4930,Jose Martinez,Impresora,Occidente,40.0,884.91,2024-03-10,865.5
4097,Laura Sanchez,Teclado,Centro,47.0,479.38,2026-06-15,1580.88
5868,Ricardo Vargas,Camara,Norte,30.0,922.9,2024-06-29,125000.0
494,Maria Lopez,Monitor,Sin Especificar,48.0,1036.46,2025-01-20,1536.16
2672,Andres Ortiz,Tablet,Occidente,43.0,989.31,2026-10-06,1207.27
5629,Maria Lopez,Monitor,Norte,32.0,619.42,2025-10-10,1376.26
1964,Fernanda Castro,Escritorio,Occidente,38.0,778.25,2025-06-25,1158.39
9544,Valeria Mendoza,Mouse,Sur,32.0,512.86,2024-10-06,1444.83
9249,Sofia Torres,Teclado,Sur,42.0,822.475,2025-02-26,1799.82
5352,Maria Lopez,Impresora,Occidente,30.0,903.76,2024-11-02,1407.26
2874,Daniela Cruz,Impresora,Centro,37.0,475.47,2024-02-22,1529.95
9394,Camila Reyes,Mouse,Sur,38.0,1191.25,2024-04-24,1750.1
9717,Miguel Flores,Camara,Sur,23.0,451.81,2024-03-29,1580.85
124,Fernanda Castro,Teclado,Occidente,22.0,822.475,2025-11-10,2116.68
2611,Paola Rios,Laptop,Centro,38.0,643.9,2025-09-17,1496.56
655,Andres Ortiz,Bocina,Occidente,27.0,493.39,2024-04-19,988.83
899,Daniela Cruz,Escritorio,Norte,43.0,717.0,2025-12-15,1239.44
6301,Paola Rios,Monitor,Occidente,38.0,743.52,2024-05-02,1698.26
9638,Camila Reyes,Impresora,Occidente,43.0,685.67,2025-05-01,1310.14
9839,Ana Garcia,Laptop,Occidente,45.0,1313.21,,1106.23
1001,Pedro Aguilar,Impresora,Sur,49.0,805.81,2025-10-09,945.15
406,Fernanda Castro,Camara,Centro,31.0,1358.6,2025-03-09,1441.22
62,Jorge Morales,Monitor,Centro,30.0,1342.33,2024-01-12,1081.26
8351,Maria Lopez,Mouse,Occidente,29.0,380.21,2024-09-16,2109.16
1075,Ana Garcia,Laptop,Occidente,40.0,827.5550000000001,2025-10-30,1023.37
2964,Jorge Morales,Tablet,Occidente,46.0,736.83,2026-04-11,1565.28
2718,Jorge Morales,Tablet,Norte,50.0,635.96,2024-08-06,1606.63
913,Maria Lopez,Impresora,Norte,37.0,1376.38,2024-08-13,1231.64
1931,Diego Romero,Bocina,Norte,31.0,586.65,2024-12-03,1431.05
6670,Isabel Guzman,Mouse,Occidente,42.0,618.96,2025-02-07,1738.31
6029,Diego Romero,Monitor,Sin Especificar,17.0,1301.85,2024-03-25,1515.33
841,Ana Garcia,Mouse,Centro,18.0,831.54,2026-02-06,1634.98
4892,Jose Martinez,Mouse,Norte,15.0,1234.3,2024-06-07,1213.82
2236,Ricardo Vargas,Laptop,Occidente,39.0,962.04,2024-08-27,1391.75
9145,Luis Hernandez,Escritorio,Norte,30.0,832.48,2024-12-16,1731.47
9648,Camila Reyes,Tablet,Norte,40.0,992.9,2024-08-10,1155.58
7068,Carlos Ramirez,Bocina,Centro,48.0,999.93,2026-04-15,1062.55
3353,Jose Martinez,Monitor,Norte,38.0,1127.58,2024-06-24,1833.84
1079,Miguel Flores,Laptop,Norte,27.0,828.68,2024-05-11,1069.44
5672,Carlos Ramirez,Tablet,Norte,46.0,1075.31,2025-07-21,1291.11
6650,Miguel Flores,Camara,Norte,44.0,977.86,2026-02-18,1766.52
4809,Camila Reyes,Bocina,Sur,47.0,710.55,2024-09-02,1645.6
1282,Carlos Ramirez,Tablet,Centro,40.0,408.72,2025-08-17,1325.32
890,Jose Martinez,Monitor,Norte,49.0,858.3,2025-12-31,1185.87
1906,Camila Reyes,Laptop,Centro,46.0,645.27,2025-09-13,1125.64
701,Valeria Mendoza,Silla,Centro,56.0,440.59,2024-07-29,1406.81
7550,Paola Rios,Teclado,Centro,40.0,645.05,,1710.01
8664,Maria Lopez,Mouse,Centro,45.0,1419.59,2024-08-06,1675.67
8611,Paola Rios,Laptop,Occidente,39.0,698.26,2026-03-01,1348.94
8861,Jorge Morales,Silla,Occidente,49.0,1023.4,2026-05-07,1625.58
2290,Luis Hernandez,Impresora,Norte,63.0,879.25,2024-02-12,1774.61
1621,Jorge Morales,Impresora,Norte,56.0,828.51,2024-03-10,1159.83
6593,Carlos Ramirez,Impresora,Norte,48.0,565.58,2025-08-25,1427.49
7672,Camila Reyes,Teclado,Centro,25.0,460.29,2024-06-26,1587.78
5920,Jorge Morales,Escritorio,Sur,61.0,1031.46,2024-08-01,1031.45
5797,Carlos Ramirez,Monitor,Centro,29.0,580.48,2024-08-22,1500.79
2806,Camila Reyes,Camara,Occidente,57.0,526.64,2025-06-04,971.64
9410,Luis Hernandez,Escritorio,Occidente,20.0,1040.98,2024-08-21,1546.15
3649,Carlos Ramirez,Escritorio,Sin Especificar,36.0,876.62,2025-03-18,907.26
5892,Carlos Ramirez,Camara,Occidente,36.0,764.91,2024-11-10,1218.09
6976,Paola Rios,Tablet,Norte,52.0,567.41,2025-06-02,1389.37
4933,Miguel Flores,Silla,Sur,28.0,753.47,2025-12-23,1374.78
2696,Miguel Flores,Monitor,Centro,29.0,958.99,2025-01-14,1881.04
4512,Pedro Aguilar,Laptop,Norte,44.0,918.16,2025-10-06,1201.9
8470,Ana Garcia,Tablet,Sur,53.0,829.3,2024-01-24,1362.91
6612,Isabel Guzman,Tablet,Centro,30.0,862.69,2025-04-19,1858.41
6115,Paola Rios,Mouse,Norte,18.0,786.48,2024-07-28,1380.76
7183,Ricardo Vargas,Mouse,Centro,49.0,956.03,2025-03-07,1457.93
2987,Maria Lopez,Monitor,Sur,31.0,591.79,2025-12-09,1023.32
7175,Jose Martinez,Escritorio,Centro,47.0,1063.3,2025-07-23,1133.21
9805,Alejandro Diaz,Mouse,Sur,26.0,557.69,2025-11-19,1511.97
5680,Miguel Flores,Tablet,Sur,35.0,680.93,2024-07-27,1356.54
3144,Sofia Torres,Tablet,Occidente,40.0,838.68,2024-03-02,1319.73
4715,Laura Sanchez,Escritorio,Occidente,55.0,418.6,2024-05-26,1262.65
6378,Miguel Flores,Teclado,Norte,49.0,699.95,2024-04-07,1277.93
8279,Isabel Guzman,Impresora,Sur,16.0,1189.74,2025-08-28,1461.42
9948,Pedro Aguilar,Impresora,Occidente,20.0,1260.97,2024-12-07,1081.14
1883,Andres Ortiz,Monitor,Sur,32.0,833.245,2024-05-10,1555.64
511,Alejandro Diaz,Teclado,Occidente,41.0,1347.77,2024-10-25,1443.02
6068,Jose Martinez,Bocina,Norte,38.0,317.48,2025-07-06,1141.4
992,Luis Hernandez,Silla,Sur,37.0,1114.92,2025-11-10,1278.53
2054,Valeria Mendoza,Monitor,Occidente,42.0,1007.73,2024-12-02,1903.07
1258,Paola Rios,Monitor,Norte,52.0,1092.33,2025-07-14,1234.49
6235,Isabel Guzman,Silla,Sur,54.0,977.1,2025-06-13,1453.17
4916,Alejandro Diaz,Tablet,Norte,42.0,1155.78,2026-01-09,1292.71
4111,Maria Lopez,Camara,Norte,62.0,1080.4,2024-09-12,1014.65
9236,Fernanda Castro,Impresora,Norte,59.0,771.95,,1761.45
3893,Andres Ortiz,Tablet,Sur,32.0,869.52,2025-05-23,656.86
5696,Isabel Guzman,Teclado,Sin Especificar,39.0,1173.22,2024-08-11,1414.82
6287,Sofia Torres,Escritorio,Centro,50.0,915.14,2024-12-22,2014.11
4105,Ricardo Vargas,Camara,Sur,32.0,1250.59,2024-03-26,1379.92
4790,Jorge Morales,Camara,Centro,49.0,1080.66,2024-12-26,980.91
7586,Jose Martinez,Teclado,Sur,38.0,583.28,2025-08-15,890.06
3067,Paola Rios,Impresora,Centro,45.0,610.6,2025-10-30,976.05
3057,Paola Rios,Monitor,Centro,63.0,584.72,2024-03-03,1341.39
1208,Luis Hernandez,Laptop,Norte,26.0,936.74,2025-10-06,1569.19
8814,Ricardo Vargas,Laptop,Centro,37.0,315.35,2025-05-01,739.88
8007,Jose Martinez,Mouse,Sur,42.0,819.92,2024-09-09,881.5
1203,Pedro Aguilar,Laptop,Sur,35.0,722.98,2025-01-16,1759.74
5757,Maria Lopez,Impresora,Occidente,45.0,921.71,2025-01-03,528.29
8119,Paola Rios,Laptop,Sur,35.0,827.5550000000001,2024-08-26,1986.69
581,Ricardo Vargas,Mouse,Centro,35.0,1485.76,2025-09-04,1796.01
1265,Paola Rios,Teclado,Sur,47.0,767.62,2024-07-02,1068.81
7258,Andres Ortiz,Tablet,Occidente,25.0,443.94,2024-06-08,988.75
4956,Miguel Flores,Bocina,Centro,32.0,1319.13,2024-05-27,1350.2
706,Ana Garcia,Mouse,Centro,23.0,880.79,2024-07-03,1592.74
9456,Sofia Torres,Impresora,Sur,38.0,290.81,,1714.03
7735,Sofia Torres,Tablet,Occidente,39.0,900.02,2024-06-06,1336.63
1025,Paola Rios,Tablet,Centro,40.0,980.9,2025-12-24,1233.36
2649,Valeria Mendoza,Escritorio,Centro,20.0,1202.65,2025-08-07,1072.96
2102,Maria Lopez,Bocina,Norte,25.0,997.53,2026-01-09,1493.49
728,Paola Rios,Mouse,Norte,30.0,880.13,2025-04-17,810.08
8691,Jorge Morales,Teclado,Occidente,46.0,289.08,2024-11-03,1376.55
3145,Fernanda Castro,Escritorio,Sin Especificar,38.0,480.09,2024-01-06,1873.14
8853,Paola Rios,Bocina,Sur,54.0,645.79,2024-09-23,1301.62
8102,Jose Martinez,Impresora,Occidente,57.0,515.8,2024-02-19,798.4
9148,Isabel Guzman,Mouse,Norte,54.0,905.59,2025-10-28,1810.66
6008,Alejandro Diaz,Camara,Norte,35.0,1135.1,2025-11-01,2234.63
5539,Maria Lopez,Monitor,Centro,56.0,778.64,2025-06-26,1375.51
1292,Valeria Mendoza,Laptop,Occidente,20.0,640.45,2024-02-11,800.47
5799,Luis Hernandez,Mouse,Centro,23.0,860.98,2024-02-29,1610.86
6419,Ricardo Vargas,Tablet,Norte,32.0,870.84,2026-05-24,1962.79
5578,Jorge Morales,Monitor,Sur,56.0,203.24,,846.57
5207,Diego Romero,Teclado,Norte,36.0,1271.87,2024-11-25,1030.88
6422,Camila Reyes,Silla,Sur,39.0,1118.2,2024-03-27,1251.63
2811,Camila Reyes,Impresora,Sin Especificar,65.0,348.24,2025-10-23,1483.91
4153,Camila Reyes,Monitor,Occidente,38.0,1321.67,2025-11-29,1157.6
3332,Jorge Morales,Escritorio,Sin Especificar,26.0,135.3,2025-10-04,1988.51
7185,Daniela Cruz,Escritorio,Occidente,48.0,665.63,2025-07-08,1451.47
5759,Diego Romero,Escritorio,Sur,38.0,1128.07,2024-12-28,1784.34
2685,Ana Garcia,Monitor,Sur,12.0,1032.89,2025-12-04,2256.94
5524,Laura Sanchez,Mouse,Centro,53.0,397.66,2026-03-31,987.03
7654,Sofia Torres,Bocina,Sur,18.0,820.75,2024-06-20,1100.67
5885,Laura Sanchez,Monitor,Occidente,42.0,977.1,2026-01-18,2130.76
3022,Carlos Ramirez,Tablet,Occidente,35.0,1327.84,2025-11-17,1649.3
6988,Luis Hernandez,Teclado,Centro,49.0,668.77,2025-10-08,1654.61
8678,Luis Hernandez,Tablet,Centro,38.0,865.18,2024-05-19,1314.05
5793,Daniela Cruz,Silla,Norte,38.0,741.39,2025-07-28,1461.77
5192,Daniela Cruz,Bocina,Sur,24.0,367.71,2024-09-13,1225.02
7521,Andres Ortiz,Tablet,Sur,49.0,838.68,2024-03-21,1460.4
8075,Miguel Flores,Silla,Sur,50.0,1269.72,2024-06-14,1348.87
5767,Carlos Ramirez,Monitor,Centro,38.0,480.33,2025-05-07,1469.33
2906,Maria Lopez,Laptop,Occidente,29.0,1425.37,2026-04-17,2014.78
3650,Camila Reyes,Camara,Sur,21.0,854.22,2025-04-22,1492.14
1657,Paola Rios,Escritorio,Norte,45.0,679.96,2024-08-18,1449.89
1019,Paola Rios,Teclado,Norte,50.0,823.84,2026-01-31,1588.22
8946,Pedro Aguilar,Tablet,Centro,23.0,737.8,2024-12-23,1348.15
9202,Sofia Torres,Laptop,Sur,14.0,506.44,2025-06-06,1482.26
6343,Ricardo Vargas,Impresora,Sur,58.0,1087.92,2024-04-05,998.95
7297,Pedro Aguilar,Mouse,Centro,18.0,815.44,2024-10-26,1665.78
8527,Alejandro Diaz,Camara,Occidente,32.0,673.37,2026-06-01,887.94
3397,Jose Martinez,Impresora,Norte,35.0,348.21,2025-04-14,1660.27
4151,Paola Rios,Teclado,Centro,6.0,834.84,2024-07-12,1679.25
7984,Pedro Aguilar,Camara,Occidente,45.0,1156.93,2025-11-12,1118.87
9817,Andres Ortiz,Mouse,Norte,41.0,600.49,2024-11-29,1246.09
4320,Paola Rios,Escritorio,Sur,44.0,1352.03,2024-12-08,1011.75
7368,Maria Lopez,Escritorio,Occidente,27.0,1468.1,2026-05-19,1292.22
7201,Alejandro Diaz,Laptop,Norte,42.0,630.79,2024-07-31,1532.75
2823,Jorge Morales,Laptop,Sur,6.0,1224.98,2024-01-20,1158.52
9255,Pedro Aguilar,Impresora,Occidente,31.0,699.09,2024-11-30,1709.17
5047,Alejandro Diaz,Monitor,Occidente,28.0,963.52,2025-02-07,1488.91
165,Laura Sanchez,Tablet,Centro,24.0,1194.97,2025-11-24,1154.5
9936,Diego Romero,Tablet,Sur,12.0,964.84,2026-03-24,1573.65
1920,Luis Hernandez,Silla,Sur,37.0,706.54,,1135.41
8779,Alejandro Diaz,Camara,Norte,38.0,999.59,2026-01-04,1171.3
2474,Alejandro Diaz,Tablet,Norte,50.0,785.25,2025-12-12,1315.86
9333,Alejandro Diaz,Laptop,Centro,30.0,1041.64,2024-10-14,1795.46
5634,Daniela Cruz,Monitor,Occidente,43.0,1237.1,2025-09-14,1385.59
6854,Alejandro Diaz,Laptop,Centro,38.0,827.5550000000001,2024-10-21,1693.15
7831,Paola Rios,Tablet,Norte,26.0,559.54,2025-06-10,1717.24
6992,Fernanda Castro,Tablet,Sur,30.0,800.27,2024-03-07,1396.44
5692,Andres Ortiz,Monitor,Sur,49.0,1528.01,2025-11-05,1664.36
5731,Daniela Cruz,Laptop,Norte,41.0,827.5550000000001,2026-02-06,1155.5
139,Pedro Aguilar,Monitor,Centro,62.0,528.5,2024-04-21,1311.65
5944,Alejandro Diaz,Camara,Centro,37.0,1306.69,2026-06-16,518.01
7940,Alejandro Diaz,Tablet,Occidente,44.0,468.37,2026-04-10,1384.19
4661,Fernanda Castro,Camara,Norte,34.0,767.7,2025-04-28,1047.58
3960,Pedro Aguilar,Laptop,Sur,19.0,827.5550000000001,2026-06-15,1466.02
1387,Ana Garcia,Camara,Occidente,38.0,212.05,2025-07-27,1541.13
6251,Ricardo Vargas,Escritorio,Norte,45.0,948.73,2026-11-03,1422.49
6104,Andres Ortiz,Silla,Norte,44.0,1041.83,2024-12-10,843.55
2079,Ricardo Vargas,Escritorio,Centro,16.0,705.13,2024-02-11,1028.43
3312,Carlos Ramirez,Laptop,Centro,30.0,847.57,,1236.6
9480,Maria Lopez,Silla,Occidente,36.0,1015.09,2025-07-26,1696.19
2001,Fernanda Castro,Bocina,Sur,37.0,884.49,2024-08-21,1728.05
3244,Camila Reyes,Tablet,Sur,47.0,723.73,2024-07-17,1525.55
3314,Daniela Cruz,Bocina,Norte,52.0,840.105,2024-09-04,1493.84
27,Pedro Aguilar,Tablet,Norte,55.0,511.84,2026-06-06,1794.71
301,Valeria Mendoza,Impresora,Sur,30.0,547.64,2024-07-18,1822.28
1705,Valeria Mendoza,Escritorio,Sur,60.0,619.07,2025-04-26,1573.03
9618,Daniela Cruz,Impresora,Sin Especificar,17.0,669.89,2026-01-22,1031.65
4201,Daniela Cruz,Monitor,Centro,31.0,1253.82,2025-06-12,1064.51
3493,Sofia Torres,Laptop,Occidente,25.0,564.03,2025-04-05,1321.37
5919,Isabel Guzman,Escritorio,Norte,38.0,957.87,2024-08-28,867.17
7378,Andres Ortiz,Laptop,Norte,27.0,418.62,2025-10-10,1493.46
2908,Maria Lopez,Impresora,Occidente,40.0,980.48,2024-12-12,1448.55
3710,Paola Rios,Tablet,Sur,43.0,1155.15,2024-06-04,1567.5
5609,Ana Garcia,Escritorio,Sur,35.0,717.28,2024-10-25,1317.89
3183,Ricardo Vargas,Teclado,Centro,46.0,547.19,2025-04-18,975.7
5339,Valeria Mendoza,Teclado,Sin Especificar,48.0,1028.8,2025-07-15,1186.69
1133,Paola Rios,Mouse,Sin Especificar,28.0,712.7,2024-02-27,1459.89
509,Laura Sanchez,Laptop,Norte,30.0,741.55,,1211.34
2556,Miguel Flores,Teclado,Occidente,46.0,822.475,2024-08-17,400.63
9837,Pedro Aguilar,Silla,Sur,40.0,852.28,2025-02-03,1201.86
2216,Maria Lopez,Mouse,Occidente,42.0,882.11,2024-03-27,1951.88
9174,Ana Garcia,Camara,Norte,45.0,475.92,2024-06-25,1572.23
792,Jose Martinez,Teclado,Norte,23.0,704.09,2024-05-01,1614.34
8723,Alejandro Diaz,Escritorio,Sur,37.0,786.55,2025-09-16,1494.57
2523,Alejandro Diaz,Silla,Sin Especificar,38.0,669.66,2025-07-23,1863.27
6161,Diego Romero,Laptop,Centro,47.0,827.5550000000001,2025-12-07,882.33
6024,Ricardo Vargas,Teclado,Norte,49.0,1410.27,,1219.56
2851,Ricardo Vargas,Mouse,Occidente,28.0,619.19,2025-06-19,896.69
9807,Diego Romero,Monitor,Occidente,38.0,912.77,2024-09-29,1516.71
5030,Isabel Guzman,Bocina,Sur,42.0,840.105,2025-03-28,1471.42
1514,Luis Hernandez,Impresora,Occidente,24.0,1080.38,2025-07-21,1858.72
8983,Andres Ortiz,Laptop,Norte,16.0,439.27,2025-03-25,1294.27
4826,Alejandro Diaz,Silla,Centro,46.0,719.76,2025-02-26,1053.19
2258,Valeria Mendoza,Silla,Occidente,43.0,1139.02,2026-05-30,1562.33
9393,Paola Rios,Mouse,Centro,34.0,528.95,2025-07-10,1296.43
6406,Andres Ortiz,Bocina,Sin Especificar,41.0,989.47,2025-11-27,1573.12
1870,Luis Hernandez,Laptop,Sur,45.0,1208.92,2024-06-08,1435.99
2909,Paola Rios,Bocina,Occidente,37.0,1421.58,2024-11-25,969.76
2663,Daniela Cruz,Silla,Norte,33.0,1152.54,2024-02-25,1177.33
2735,Carlos Ramirez,Teclado,Occidente,38.0,624.37,2026-01-16,1312.97
3369,Andres Ortiz,Teclado,Occidente,38.0,822.475,2024-12-13,1161.71
8234,Diego Romero,Impresora,Norte,42.0,689.66,2025-08-11,1860.75
4542,Pedro Aguilar,Monitor,Centro,25.0,911.4,2025-04-26,1643.92
2094,Maria Lopez,Escritorio,Norte,56.0,857.9,2024-08-25,1347.51
9748,Pedro Aguilar,Teclado,Occidente,30.0,822.475,2024-01-11,1596.89
5788,Jorge Morales,Impresora,Sin Especificar,59.0,1020.37,2025-04-13,1988.5
7969,Maria Lopez,Mouse,Sur,14.0,816.39,2024-04-23,1339.01
1275,Ricardo Vargas,Mouse,Centro,15.0,735.83,2026-02-16,974.83
3479,Valeria Mendoza,Bocina,Sur,28.0,764.12,2025-06-11,1655.59
1929,Valeria Mendoza,Monitor,Centro,25.0,659.46,2025-07-21,1811.85
8472,Valeria Mendoza,Tablet,Norte,33.0,1255.07,2025-11-13,1910.76
8140,Paola Rios,Monitor,Occidente,35.0,694.31,2025-06-24,1816.75
994,Alejandro Diaz,Impresora,Sin Especificar,31.0,1133.44,2025-11-12,1222.28
25,Valeria Mendoza,Teclado,Centro,51.0,801.55,2024-04-22,2082.38
2925,Isabel Guzman,Escritorio,Sur,28.0,1159.82,2026-05-09,1511.6
645,Sofia Torres,Teclado,Centro,42.0,822.475,2025-01-08,1801.54
7867,Valeria Mendoza,Escritorio,Norte,39.0,594.7,2024-11-26,1019.94
3655,Luis Hernandez,Mouse,Centro,44.0,1022.77,2026-10-05,1627.43
4627,Diego Romero,Laptop,Centro,47.0,422.35,2024-10-25,1742.37
9688,Alejandro Diaz,Silla,Occidente,37.0,852.81,2025-03-26,1378.19
3506,Isabel Guzman,Escritorio,Sin Especificar,48.0,1270.1,2024-09-07,1403.9
3789,Pedro Aguilar,Teclado,Norte,57.0,212.71,2025-09-04,1286.98
8600,Jose Martinez,Teclado,Occidente,32.0,573.33,2024-04-05,1213.34
6425,Sofia Torres,Escritorio,Sur,39.0,1075.26,2024-08-02,783.51
146,Alejandro Diaz,Silla,Sur,62.0,710.05,2026-04-09,1866.75
3475,Fernanda Castro,Escritorio,Sin Especificar,24.0,1137.92,2024-10-14,1120.08
2538,Jorge Morales,Mouse,Centro,40.0,1387.97,2026-11-05,787.23
6026,Luis Hernandez,Mouse,Centro,38.0,627.67,2024-10-07,1401.03
9549,Pedro Aguilar,Mouse,Norte,33.0,1108.87,2026-03-17,1596.17
579,Fernanda Castro,Camara,Occidente,34.0,1120.08,,1242.94
2157,Alejandro Diaz,Laptop,Occidente,29.0,686.49,2026-05-03,1894.79
3641,Laura Sanchez,Mouse,Occidente,24.0,563.63,2025-02-19,1590.99
1507,Jorge Morales,Bocina,Occidente,24.0,839.8,2024-09-03,1845.15
1682,Ana Garcia,Monitor,Centro,20.0,225.9,2024-06-23,1569.65
128,Jose Martinez,Impresora,Norte,36.0,1262.59,2024-10-26,1960.87
5586,Fernanda Castro,Monitor,Norte,47.0,833.245,2025-06-16,1587.03
2812,Camila Reyes,Tablet,Norte,40.0,1330.82,2025-06-02,1585.74
8132,Andres Ortiz,Mouse,Norte,34.0,521.92,,1466.02
8781,Isabel Guzman,Mouse,Norte,26.0,1254.82,2025-03-17,1314.78
2287,Diego Romero,Teclado,Occidente,34.0,111.91,,1687.22
7676,Miguel Flores,Silla,Centro,31.0,1102.13,2025-03-29,1833.11
4702,Isabel Guzman,Camara,Sur,38.0,760.8,2025-04-30,1220.08
6353,Daniela Cruz,Teclado,Centro,18.0,270.19,,1351.28
2128,Valeria Mendoza,Teclado,Norte,64.0,1203.98,2024-05-06,1101.5
5309,Alejandro Diaz,Impresora,Sur,41.0,882.67,2025-08-01,2021.09
6539,Ricardo Vargas,Laptop,Occidente,46.0,1036.54,2024-09-10,2073.75
7602,Jorge Morales,Monitor,Norte,43.0,1118.75,2025-05-30,1325.32
3068,Jorge Morales,Camara,Centro,30.0,861.42,2024-05-09,1464.81
2307,Maria Lopez,Monitor,Occidente,36.0,833.245,2024-01-25,1154.79
6201,Laura Sanchez,Mouse,Centro,26.0,886.59,2025-03-02,1004.85
3588,Ana Garcia,Camara,Norte,35.0,577.68,2025-09-06,1116.29
9071,Ana Garcia,Tablet,Centro,57.0,104.57,2025-10-02,1455.16
8927,Diego Romero,Monitor,Centro,53.0,870.05,2024-10-13,1629.53
2289,Valeria Mendoza,Camara,Norte,36.0,1384.38,2024-11-16,1046.99
2870,Paola Rios,Mouse,Norte,40.0,146.57,2024-03-04,1378.53
8246,Jose Martinez,Silla,Norte,53.0,523.5,2024-04-10,1429.24
894,Diego Romero,Mouse,Centro,26.0,748.75,2025-03-27,1512.34
957,Miguel Flores,Mouse,Norte,45.0,682.96,2025-06-14,1549.25
6651,Jorge Morales,Mouse,Sur,27.0,225.91,2026-03-10,1803.96
2573,Maria Lopez,Monitor,Norte,37.0,1250.45,2026-05-26,1358.0
6339,Paola Rios,Impresora,Occidente,47.0,415.94,2024-08-17,1800.25
4655,Miguel Flores,Impresora,Occidente,45.0,826.23,2025-12-15,1140.62
282,Valeria Mendoza,Bocina,Sur,34.0,1168.13,2024-10-31,1043.81
9801,Alejandro Diaz,Teclado,Sur,30.0,849.87,2025-10-25,1616.99
8281,Jorge Morales,Tablet,Occidente,39.0,838.68,2025-08-12,1009.37
7103,Maria Lopez,Escritorio,Centro,28.0,662.76,2025-02-18,1313.69
900,Camila Reyes,Teclado,Sur,54.0,960.88,2025-03-05,1486.35
7642,Jose Martinez,Laptop,Norte,41.0,609.97,2024-10-08,1741.17
9607,Ana Garcia,Monitor,Norte,41.0,1006.33,2025-01-03,1803.17
1716,Pedro Aguilar,Monitor,Sur,28.0,833.245,2025-06-16,1089.48
8529,Carlos Ramirez,Bocina,Sur,31.0,1262.21,2025-02-22,1067.1
5475,Diego Romero,Escritorio,Occidente,25.0,811.46,2024-03-25,1388.32
8942,Ana Garcia,Monitor,Occidente,39.0,1057.94,2025-02-20,1225.69
7050,Pedro Aguilar,Silla,Occidente,45.0,876.27,2025-08-26,756.28
4663,Paola Rios,Monitor,Sur,30.0,871.47,2025-12-23,1651.01
8876,Jorge Morales,Laptop,Occidente,38.0,663.79,2024-08-18,1569.5
5635,Andres Ortiz,Bocina,Sur,27.0,708.97,,1215.7
5383,Daniela Cruz,Camara,Centro,40.0,847.58,2025-12-16,991.26
5018,Ana Garcia,Mouse,Norte,29.0,1185.36,2024-07-08,1151.54
134,Daniela Cruz,Escritorio,Sur,39.0,509.95,2025-06-05,934.24
3369,Andres Ortiz,Teclado,Occidente,38.0,822.475,2024-12-13,1163.16
3171,Luis Hernandez,Camara,Centro,22.0,508.65,2024-03-07,1611.81
5446,Andres Ortiz,Teclado,Centro,47.0,822.475,2024-06-15,1467.89
2318,Valeria Mendoza,Laptop,Norte,24.0,882.4,2026-01-05,1283.82
3215,Diego Romero,Escritorio,Norte,44.0,708.12,2024-01-15,1089.79
260,Sofia Torres,Escritorio,Occidente,51.0,647.16,2024-12-14,1534.11
585,Luis Hernandez,Escritorio,Occidente,57.0,904.89,2025-04-22,1330.47
476,Laura Sanchez,Silla,Sin Especificar,50.0,777.47,2024-08-23,1278.21
9431,Luis Hernandez,Laptop,Sur,51.0,374.23,2024-12-21,1240.48
5305,Maria Lopez,Escritorio,Centro,46.0,989.93,2024-09-08,975.11
5376,Ricardo Vargas,Silla,Norte,49.0,990.02,2024-04-05,1574.54
3682,Alejandro Diaz,Laptop,Occidente,33.0,522.52,2024-02-21,1575.0
442,Alejandro Diaz,Laptop,Norte,43.0,827.5550000000001,2024-12-19,944.79
8829,Pedro Aguilar,Bocina,Occidente,51.0,1384.39,,1279.17
8087,Luis Hernandez,Bocina,Norte,38.0,1669.24,2025-03-14,1542.05
4669,Pedro Aguilar,Tablet,Norte,37.0,567.11,2026-04-21,694.25
3539,Miguel Flores,Laptop,Centro,37.0,788.02,2026-02-05,1610.12
9938,Jorge Morales,Mouse,Centro,42.0,566.97,2026-04-17,1458.5
7477,Andres Ortiz,Tablet,Norte,46.0,1302.84,2025-05-29,1818.55
2458,Pedro Aguilar,Tablet,Norte,38.0,935.26,2024-02-01,2021.68
185,Ricardo Vargas,Mouse,Sur,35.0,189.65,2026-03-30,1360.73
7285,Daniela Cruz,Tablet,Centro,21.0,1130.14,2026-04-18,1805.64
1641,Valeria Mendoza,Monitor,Sur,32.0,864.22,2025-07-21,1111.23
3499,Ricardo Vargas,Monitor,Norte,38.0,720.49,2024-12-30,1054.85
1996,Jose Martinez,Escritorio,Centro,39.0,980.18,2026-04-13,1356.78
7832,Ana Garcia,Tablet,Centro,39.0,838.68,2025-05-28,1973.99
9039,Ana Garcia,Escritorio,Sur,50.0,511.27,2024-07-26,617.98
705,Daniela Cruz,Laptop,Sur,45.0,452.05,2024-07-31,1720.13
5326,Ana Garcia,Silla,Centro,25.0,691.41,2025-07-04,1403.31
5794,Camila Reyes,Mouse,Centro,54.0,1135.73,,1226.73
3187,Carlos Ramirez,Teclado,Occidente,15.0,707.16,2026-03-26,1890.56
9792,Andres Ortiz,Impresora,Sur,40.0,603.1,2025-03-02,1511.38
433,Andres Ortiz,Impresora,Sur,49.0,718.9,2024-11-02,1440.59
5349,Jorge Morales,Impresora,Centro,53.0,698.53,2024-02-03,1573.49
4326,Pedro Aguilar,Monitor,Sin Especificar,38.0,413.73,2024-09-11,1246.67
4569,Camila Reyes,Tablet,Occidente,42.0,282.73,2024-09-26,1329.93
3208,Laura Sanchez,Escritorio,Sur,22.0,645.57,2024-07-25,1631.75
6699,Ricardo Vargas,Mouse,Sur,53.0,1285.84,2024-07-25,1250.57
9778,Laura Sanchez,Tablet,Norte,40.0,1040.12,,1705.35
9945,Camila Reyes,Mouse,Centro,18.0,608.54,2024-10-06,1235.23
1882,Paola Rios,Silla,Sur,46.0,1571.76,2024-11-24,1753.73
905,Ana Garcia,Escritorio,Occidente,38.0,337.84,2024-08-25,2135.66
2377,Diego Romero,Camara,Occidente,55.0,978.06,2024-01-01,420.36
7425,Jose Martinez,Mouse,Centro,58.0,810.46,2025-12-30,1665.86
5433,Luis Hernandez,Mouse,Norte,38.0,760.3,2024-09-13,2011.77
4763,Laura Sanchez,Silla,Sur,57.0,1333.12,2024-01-02,1361.92
5077,Paola Rios,Tablet,Sur,14.0,838.68,2026-04-05,1694.15
9943,Alejandro Diaz,Tablet,Occidente,43.0,648.06,2026-05-21,1316.19
9172,Alejandro Diaz,Silla,Occidente,37.0,504.87,2026-02-23,1109.0
3407,Jorge Morales,Teclado,Centro,23.0,425.86,2024-05-04,465.69
3967,Miguel Flores,Silla,Centro,36.0,852.81,2025-02-03,1399.86
8456,Isabel Guzman,Monitor,Occidente,33.0,579.45,2024-09-02,1734.91
8880,Carlos Ramirez,Impresora,Norte,38.0,852.11,2025-06-04,1559.45
7286,Camila Reyes,Laptop,Sur,53.0,725.45,2024-09-17,1331.86
6884,Carlos Ramirez,Escritorio,Norte,32.0,261.87,2024-04-21,2159.21
6197,Miguel Flores,Monitor,Sur,40.0,406.99,2025-06-14,1122.76
2626,Luis Hernandez,Escritorio,Norte,35.0,446.07,2025-08-27,1271.93
1179,Diego Romero,Mouse,Norte,45.0,791.81,2025-02-27,1615.82
8939,Valeria Mendoza,Laptop,Norte,45.0,950.88,2025-10-29,1203.75
454,Andres Ortiz,Laptop,Norte,34.0,1053.4,2025-05-16,1240.93
2411,Alejandro Diaz,Monitor,Norte,31.0,799.88,2026-04-22,1625.62
8072,Maria Lopez,Mouse,Sin Especificar,46.0,1361.33,2025-02-17,813.56
1277,Miguel Flores,Escritorio,Occidente,29.0,1377.49,2024-09-11,1076.47
4365,Camila Reyes,Silla,Occidente,37.0,413.42,2024-11-02,1420.97
8683,Camila Reyes,Camara,Sur,47.0,719.04,2025-03-31,1881.54
2512,Jose Martinez,Impresora,Centro,44.0,665.98,2024-09-24,841.67
8089,Pedro Aguilar,Camara,Norte,38.0,453.76,2025-10-17,1243.48
2723,Pedro Aguilar,Bocina,Norte,35.0,934.01,2025-11-06,2064.85
6736,Valeria Mendoza,Escritorio,Centro,27.0,833.39,2025-05-11,1011.77
5360,Carlos Ramirez,Camara,Sur,30.0,622.26,2025-07-12,1556.31
4568,Luis Hernandez,Tablet,Norte,300.0,873.98,2026-02-15,1467.97
7512,Daniela Cruz,Silla,Sur,28.0,879.6,,1621.53
2225,Ana Garcia,Impresora,Norte,28.0,376.5,2025-08-29,1991.28
256,Miguel Flores,Monitor,Sin Especificar,12.0,606.85,2025-03-29,1116.16
1525,Valeria Mendoza,Impresora,Occidente,11.0,836.64,2025-12-27,1217.39
1186,Pedro Aguilar,Tablet,Centro,78.0,838.68,2025-10-25,1478.72
7098,Carlos Ramirez,Silla,Sur,35.0,210.14,,1252.34
2306,Ricardo Vargas,Tablet,Occidente,19.0,1339.02,2026-03-14,346.68
8301,Sofia Torres,Tablet,Occidente,46.0,750.7,2026-02-28,818.81
1429,Sofia Torres,Silla,Sur,36.0,399.64,2026-01-03,1350.32
5434,Camila Reyes,Monitor,Centro,41.0,488.76,2026-08-02,1173.29
2026,Ana Garcia,Tablet,Norte,36.0,1033.36,2025-10-04,1319.42
7569,Camila Reyes,Tablet,Sur,31.0,838.68,2026-01-05,1642.19
8696,Ricardo Vargas,Bocina,Occidente,66.0,837.83,2024-03-30,1188.71
1427,Camila Reyes,Impresora,Sur,29.0,1042.94,,1859.44
2614,Luis Hernandez,Laptop,Sur,35.0,427.84,2025-04-21,1354.44
1497,Jorge Morales,Silla,Sur,49.0,923.31,2025-12-17,1468.52
9496,Sofia Torres,Camara,Centro,37.0,1049.06,2026-01-10,1392.18
2443,Fernanda Castro,Laptop,Occidente,27.0,1002.84,2026-02-19,1352.73
5549,Fernanda Castro,Escritorio,Norte,32.0,685.29,2026-05-15,663.89
3733,Paola Rios,Teclado,Occidente,43.0,796.31,2024-07-05,1268.22
9987,Jorge Morales,Laptop,Occidente,59.0,779.27,2026-03-01,1771.62
3112,Laura Sanchez,Tablet,Occidente,28.0,851.14,2025-01-15,1235.68
5178,Ricardo Vargas,Mouse,Occidente,19.0,966.0,2025-07-05,1735.56
9608,Diego Romero,Silla,Occidente,23.0,235.42,2024-03-25,1193.85
5986,Valeria Mendoza,Impresora,Occidente,50.0,384.09,2026-01-23,2174.48
4237,Carlos Ramirez,Laptop,Norte,58.0,781.65,2025-08-25,1458.66
2315,Alejandro Diaz,Silla,Norte,26.0,50.0,2025-04-26,1346.59
9627,Pedro Aguilar,Laptop,Norte,48.0,782.14,2025-09-03,1226.37
432,Sofia Torres,Laptop,Occidente,48.0,699.25,2026-04-27,1892.53
8197,Jorge Morales,Impresora,Centro,53.0,781.01,2025-07-08,1394.65
6503,Luis Hernandez,Laptop,Sur,21.0,744.94,2024-03-19,718.74
6456,Laura Sanchez,Escritorio,Centro,40.0,842.39,2026-02-18,276.51
4570,Valeria Mendoza,Camara,Occidente,48.0,829.105,2025-12-19,1718.41
4084,Camila Reyes,Laptop,Sur,55.0,811.63,2024-07-01,1063.95
2888,Sofia Torres,Mouse,Occidente,36.0,393.93,,1308.81
5837,Luis Hernandez,Monitor,Occidente,51.0,1669.11,2025-04-19,1390.31
9782,Jorge Morales,Mouse,Centro,56.0,819.92,2024-06-20,1718.1
1846,Paola Rios,Bocina,Centro,36.0,907.45,2026-04-18,1284.71
8563,Luis Hernandez,Teclado,Occidente,47.0,640.53,2024-03-02,2163.46
9405,Ana Garcia,Tablet,Sin Especificar,43.0,536.55,2025-05-17,1194.45
7449,Paola Rios,Tablet,Sur,55.0,838.68,2024-06-16,1675.7
3286,Jose Martinez,Camara,Sur,30.0,961.53,2024-11-24,1239.68
4175,Sofia Torres,Laptop,Centro,23.0,649.01,2024-08-23,1102.15
1027,Jose Martinez,Monitor,Norte,38.0,1299.83,2026-01-16,974.87
8550,Jose Martinez,Impresora,Centro,42.0,713.34,2024-08-25,745.46
986,Alejandro Diaz,Silla,Occidente,22.0,886.33,,1698.45
1982,Fernanda Castro,Silla,Centro,34.0,1206.49,,1499.87
1033,Laura Sanchez,Laptop,Norte,46.0,470.47,2026-06-01,1410.71
4675,Ricardo Vargas,Escritorio,Sur,45.0,487.27,,806.26
2579,Alejandro Diaz,Camara,Occidente,52.0,116.32,,1317.01
6312,Laura Sanchez,Tablet,Occidente,38.0,1297.21,2024-12-15,1520.45
8414,Miguel Flores,Escritorio,Centro,3.0,662.07,2024-08-03,1647.53
7047,Isabel Guzman,Silla,Sur,17.0,777.77,2024-03-22,1229.06
6557,Sofia Torres,Camara,Norte,49.0,772.87,2026-01-29,1360.1
8746,Maria Lopez,Monitor,Norte,41.0,197.82,2025-10-22,1308.75
6495,Carlos Ramirez,Camara,Centro,38.0,675.46,2026-03-24,1378.92
6935,Ana Garcia,Tablet,Occidente,38.0,576.47,2024-08-06,1499.72
8110,Ana Garcia,Monitor,Occidente,38.0,833.245,2024-09-04,1347.83
9006,Fernanda Castro,Escritorio,Occidente,38.0,742.83,2026-05-12,1692.19
3282,Carlos Ramirez,Camara,Centro,25.0,1166.27,2024-05-08,2003.5
4313,Camila Reyes,Mouse,Norte,51.0,608.22,2025-08-10,1804.53
6581,Valeria Mendoza,Monitor,Sur,33.0,634.42,2025-11-27,1415.01
4092,Laura Sanchez,Escritorio,Occidente,58.0,710.05,2026-01-27,1454.79
9147,Valeria Mendoza,Escritorio,Sur,30.0,1032.84,2024-01-26,1441.1
3660,Paola Rios,Silla,Norte,54.0,674.29,2024-03-10,1500.07
6173,Carlos Ramirez,Camara,Centro,42.0,1065.25,2025-11-08,699.08
5853,Laura Sanchez,Camara,Occidente,46.0,868.23,2025-02-10,1158.21
1939,Alejandro Diaz,Teclado,Sin Especificar,37.0,1352.1,2025-03-06,1351.84
9445,Maria Lopez,Mouse,Norte,37.0,768.83,2026-06-16,1373.1
5238,Isabel Guzman,Bocina,Centro,28.0,860.49,2026-04-30,1726.62
1723,Alejandro Diaz,Laptop,Centro,49.0,550.51,2025-06-14,1598.13
7422,Isabel Guzman,Mouse,Norte,60.0,696.87,2024-12-11,1721.92
4505,Carlos Ramirez,Mouse,Norte,12.0,1016.21,2024-03-03,1737.24
3788,Alejandro Diaz,Tablet,Sur,47.0,799.94,2024-03-01,1393.48
8949,Carlos Ramirez,Laptop,Norte,25.0,489.86,2024-06-13,1494.36
2682,Sofia Torres,Bocina,Centro,42.0,607.53,2024-09-25,1797.06
3064,Fernanda Castro,Bocina,Occidente,30.0,1224.13,2024-12-19,1484.7
2671,Fernanda Castro,Laptop,Occidente,41.0,620.96,2025-06-28,1760.45
5084,Andres Ortiz,Mouse,Norte,33.0,1155.46,2024-06-15,1569.49
1515,Alejandro Diaz,Mouse,Norte,60.0,849.43,2024-12-28,1238.0
6955,Isabel Guzman,Impresora,Occidente,49.0,1165.08,2024-06-06,1173.44
1886,Pedro Aguilar,Bocina,Sur,24.0,840.105,2024-06-17,520.35
1061,Laura Sanchez,Escritorio,Centro,31.0,946.54,2024-01-21,865.91
9864,Pedro Aguilar,Laptop,Occidente,58.0,200.74,2024-07-23,1961.24
1404,Diego Romero,Camara,Occidente,41.0,601.46,2024-02-13,1586.19
2220,Daniela Cruz,Laptop,Centro,36.0,719.07,2026-03-22,1630.84
9994,Pedro Aguilar,Laptop,Norte,35.0,825.44,2024-05-07,2431.64
3751,Sofia Torres,Laptop,Centro,43.0,776.69,,1424.19
9247,Camila Reyes,Monitor,Occidente,46.0,479.8,2025-06-04,1511.25
7718,Maria Lopez,Bocina,Sur,24.0,797.66,2024-09-06,2297.85
6174,Miguel Flores,Laptop,Centro,47.0,431.91,2024-12-06,1581.05
2414,Carlos Ramirez,Silla,Centro,44.0,815.5,2026-07-01,1754.46
3818,Isabel Guzman,Tablet,Norte,34.0,754.77,2026-04-11,1716.08
2328,Carlos Ramirez,Silla,Sur,38.0,790.35,2024-05-07,1953.08
4576,Luis Hernandez,Mouse,Norte,49.0,892.29,2026-05-04,1098.81
6274,Fernanda Castro,Escritorio,Centro,37.0,568.52,2024-12-20,733.53
1176,Pedro Aguilar,Teclado,Norte,52.0,810.78,2024-08-31,1502.79
7100,Valeria Mendoza,Silla,Occidente,41.0,387.59,2024-07-06,1243.04
3258,Carlos Ramirez,Bocina,Norte,31.0,976.98,2025-09-22,896.66
9664,Valeria Mendoza,Bocina,Occidente,62.0,897.11,2025-01-06,1273.19
1107,Camila Reyes,Silla,Sur,29.0,1186.65,2025-01-25,1594.56
6852,Isabel Guzman,Bocina,Occidente,53.0,439.41,2024-10-08,1140.43
595,Diego Romero,Monitor,Norte,37.0,984.35,2024-11-27,1410.09
4241,Ana Garcia,Escritorio,Sur,26.0,553.89,2025-07-07,992.45
8125,Ricardo Vargas,Escritorio,Occidente,51.0,832.48,2025-06-17,1758.91
8334,Sofia Torres,Bocina,Centro,10.0,682.96,,1246.66
3151,Paola Rios,Impresora,Centro,25.0,1422.9,2024-07-12,2059.49
3363,Daniela Cruz,Mouse,Occidente,50.0,1231.42,2026-03-18,1228.93
132,Laura Sanchez,Tablet,Sur,40.0,355.29,2026-02-04,1417.16
9005,Pedro Aguilar,Bocina,Centro,28.0,755.04,2024-04-30,2125.35
7679,Pedro Aguilar,Bocina,Norte,43.0,977.1,2024-09-11,1527.09
9762,Laura Sanchez,Impresora,Norte,26.0,612.84,2024-05-07,1513.83
7413,Valeria Mendoza,Tablet,Norte,51.0,943.79,2024-11-28,1858.45
5127,Miguel Flores,Teclado,Occidente,60.0,908.47,2025-09-05,2035.55
2332,Camila Reyes,Monitor,Norte,20.0,705.74,2024-11-09,1180.26
9846,Daniela Cruz,Impresora,Centro,60.0,1434.15,2024-08-30,1884.13
1027,Jose Martinez,Monitor,Norte,38.0,1299.83,2026-01-16,978.63
9534,Isabel Guzman,Escritorio,Norte,47.0,902.92,,1564.09
2352,Sofia Torres,Laptop,Centro,46.0,1454.87,2026-03-01,1206.89
1147,Laura Sanchez,Camara,Occidente,47.0,1449.66,2024-09-21,1652.62
9968,Fernanda Castro,Laptop,Norte,43.0,387.74,2024-06-10,761.89
2652,Isabel Guzman,Camara,Occidente,38.0,763.95,2025-11-11,1462.78
8635,Pedro Aguilar,Tablet,Centro,49.0,518.57,2024-09-29,98000.0
1797,Andres Ortiz,Impresora,Occidente,43.0,889.7,,1333.96
2288,Carlos Ramirez,Teclado,Occidente,63.0,1127.57,2024-12-28,1467.67
9422,Laura Sanchez,Silla,Sur,25.0,788.93,2025-06-23,1094.64
7101,Ricardo Vargas,Impresora,Sur,50.0,850.75,2026-04-26,2062.9
7037,Isabel Guzman,Bocina,Occidente,42.0,751.5,,1653.61
5220,Miguel Flores,Teclado,Sur,38.0,730.72,2024-02-12,906.05
3891,Jose Martinez,Monitor,Occidente,29.0,915.75,2024-02-19,1431.84
4343,Fernanda Castro,Mouse,Occidente,36.0,54.05,2025-10-06,1257.41
8618,Sofia Torres,Bocina,Centro,31.0,1093.64,2024-11-05,1461.78
9672,Jose Martinez,Mouse,Occidente,50.0,686.97,2026-04-28,974.93
3130,Diego Romero,Escritorio,Occidente,38.0,428.99,2024-07-02,1523.29
5380,Paola Rios,Silla,Sur,59.0,638.24,2024-08-16,1075.89
2192,Ricardo Vargas,Silla,Sur,41.0,647.96,2025-06-06,942.71
3735,Ana Garcia,Impresora,Norte,50.0,496.53,2025-04-17,1393.29
5917,Maria Lopez,Impresora,Norte,25.0,749.23,2025-04-28,1721.12
5706,Diego Romero,Silla,Centro,34.0,852.81,,1009.2
6506,Camila Reyes,Monitor,Norte,29.0,1367.37,2025-11-19,1409.87
9501,Pedro Aguilar,Mouse,Norte,35.0,736.12,2024-11-11,1683.42
7693,Laura Sanchez,Camara,Sur,38.0,326.4,2024-04-12,1388.0
410,Ricardo Vargas,Monitor,Centro,34.0,833.245,2026-02-10,948.47
6576,Jose Martinez,Impresora,Centro,9.0,826.23,2024-09-02,1789.18
8663,Carlos Ramirez,Impresora,Sur,19.0,949.41,2024-05-12,1728.15
7210,Alejandro Diaz,Monitor,Sur,16.0,1169.73,2026-04-03,1602.52
9883,Ricardo Vargas,Bocina,Norte,23.0,840.105,2025-06-19,1586.0
8408,Paola Rios,Bocina,Sin Especificar,53.0,934.77,2026-05-20,1686.27
7548,Sofia Torres,Laptop,Norte,41.0,821.22,2024-01-17,1991.21
8628,Paola Rios,Mouse,Centro,36.0,819.92,,1715.95
9187,Luis Hernandez,Laptop,Occidente,58.0,1154.99,2026-01-30,1255.9
8123,Alejandro Diaz,Silla,Sur,55.0,563.87,2024-07-14,1317.73
8293,Fernanda Castro,Monitor,Norte,22.0,668.88,2024-09-10,899.59
5045,Laura Sanchez,Bocina,Occidente,46.0,840.105,2025-06-24,1667.72
6216,Daniela Cruz,Bocina,Sur,54.0,719.82,2025-01-12,1322.2
7678,Fernanda Castro,Mouse,Norte,22.0,1287.3,2025-10-30,1952.5
5202,Andres Ortiz,Laptop,Occidente,53.0,472.04,2025-07-20,1711.01
2593,Camila Reyes,Laptop,Sur,38.0,827.59,2025-11-17,1556.99
2672,Andres Ortiz,Tablet,Occidente,43.0,989.31,2026-10-06,1223.18
187,Diego Romero,Silla,Centro,15.0,1169.69,,1450.22
8466,Maria Lopez,Escritorio,Sur,43.0,940.58,2024-01-03,1416.35
318,Laura Sanchez,Mouse,Centro,50.0,1218.45,2025-05-13,1100.93
5435,Luis Hernandez,Impresora,Sur,27.0,1281.7,2024-04-20,1426.09
9430,Daniela Cruz,Monitor,Sur,51.0,1235.38,,1577.84
3899,Valeria Mendoza,Tablet,Sur,38.0,486.71,2025-02-09,1643.75
2250,Alejandro Diaz,Tablet,Centro,39.0,838.68,2025-01-06,1415.48
3550,Miguel Flores,Escritorio,Centro,41.0,1309.14,2024-11-28,1273.8
1612,Alejandro Diaz,Escritorio,Centro,12.0,1003.98,2025-03-14,1652.86
5129,Jose Martinez,Escritorio,Norte,32.0,1077.25,2024-12-21,867.34
3740,Ana Garcia,Silla,Occidente,41.0,691.98,2025-12-28,1084.63
2719,Maria Lopez,Monitor,Sur,42.0,648.18,2024-02-18,1156.55
7269,Jose Martinez,Escritorio,Sur,38.0,989.72,2025-10-19,1427.91
1032,Daniela Cruz,Laptop,Sur,22.0,647.01,2025-08-05,2135.44
7600,Diego Romero,Escritorio,Norte,41.0,388.65,2024-05-07,1681.77
4876,Ricardo Vargas,Silla,Sur,53.0,626.55,2025-07-26,1706.61
8026,Maria Lopez,Mouse,Norte,43.0,713.13,2025-08-19,1282.72
6101,Jorge Morales,Laptop,Occidente,32.0,519.85,2024-06-21,1349.75
8124,Jose Martinez,Teclado,Sur,42.0,888.06,2026-03-27,1675.38
5530,Sofia Torres,Tablet,Sur,32.0,560.97,2025-11-01,898.78
8708,Diego Romero,Mouse,Centro,66.0,1148.39,,1025.78
4620,Valeria Mendoza,Camara,Occidente,38.0,566.71,2024-10-24,1202.31
1151,Sofia Torres,Mouse,Sur,50.0,861.18,2024-06-24,1399.45
9818,Jose Martinez,Monitor,Occidente,32.0,700.79,2026-04-11,889.62
4282,Sofia Torres,Silla,Occidente,30.0,940.21,2025-04-28,921.52
3346,Luis Hernandez,Silla,Norte,54.0,777.46,2024-10-29,1566.92
4,Alejandro Diaz,Tablet,Occidente,38.0,757.85,2025-10-11,962.0
5100,Laura Sanchez,Tablet,Sur,56.0,615.41,2024-10-15,895.89
6902,Fernanda Castro,Monitor,Sur,67.0,871.16,2024-09-26,942.65
9205,Sofia Torres,Mouse,Sur,41.0,849.72,2025-06-16,1266.83
8135,Alejandro Diaz,Camara,Centro,54.0,829.105,2024-02-25,1556.15
6381,Luis Hernandez,Impresora,Occidente,26.0,582.23,2026-06-04,1438.0
5771,Ana Garcia,Escritorio,Centro,30.0,1206.02,2025-02-10,2113.45
9941,Carlos Ramirez,Monitor,Occidente,25.0,1132.59,2024-06-22,1396.34
4665,Diego Romero,Escritorio,Centro,42.0,1126.59,2024-07-30,1488.66
4746,Miguel Flores,Laptop,Sur,37.0,1396.4,2025-12-04,1812.27
1885,Isabel Guzman,Bocina,Occidente,39.0,619.32,2025-06-22,674.4
1003,Carlos Ramirez,Escritorio,Norte,34.0,1310.52,2025-11-30,853.67
633,Carlos Ramirez,Monitor,Norte,39.0,1488.91,2025-11-16,1454.58
7829,Luis Hernandez,Impresora,Sin Especificar,71.0,1159.32,,1278.19
5301,Jose Martinez,Tablet,Sur,67.0,838.68,2025-03-26,1220.52
7794,Luis Hernandez,Bocina,Sur,25.0,431.59,2026-02-16,1504.19
9494,Camila Reyes,Tablet,Occidente,53.0,927.86,2025-09-10,1313.77
2014,Carlos Ramirez,Tablet,Norte,35.0,996.88,2024-01-15,1981.91
8212,Laura Sanchez,Impresora,Centro,33.0,826.23,2025-06-11,1899.2
3228,Fernanda Castro,Camara,Occidente,46.0,829.105,,2216.59
5163,Camila Reyes,Impresora,Sur,22.0,1157.59,2025-04-13,613.95
6729,Ana Garcia,Camara,Norte,31.0,673.67,2025-01-17,1359.07
423,Camila Reyes,Tablet,Sur,34.0,1010.14,2026-03-22,1291.8
8870,Pedro Aguilar,Impresora,Occidente,38.0,461.39,2025-05-20,1250.48
4931,Jose Martinez,Bocina,Centro,48.0,1021.89,2024-05-04,1295.15
8199,Jorge Morales,Bocina,Centro,43.0,681.41,2024-02-18,1884.32
2003,Carlos Ramirez,Camara,Occidente,32.0,1002.46,2025-04-17,924.91
1333,Miguel Flores,Mouse,Occidente,43.0,819.92,2026-05-05,1036.5
6093,Miguel Flores,Laptop,Occidente,31.0,721.34,2025-10-10,854.77
2886,Pedro Aguilar,Tablet,Norte,62.0,1040.91,2026-02-04,1087.35
1351,Camila Reyes,Teclado,Norte,35.0,1267.79,2025-12-28,1407.05
6836,Carlos Ramirez,Teclado,Sur,38.0,1306.73,2025-09-20,2307.3
9028,Carlos Ramirez,Camara,Sur,47.0,1352.77,2024-01-22,1621.06
5413,Laura Sanchez,Impresora,Sin Especificar,28.0,667.38,2024-04-23,1297.13
3836,Isabel Guzman,Impresora,Norte,18.0,318.43,2025-06-03,1385.14
5580,Luis Hernandez,Tablet,Sur,52.0,1040.67,2024-11-09,1720.58
1431,Daniela Cruz,Teclado,Centro,38.0,1002.58,2026-02-20,1384.95
3817,Ricardo Vargas,Escritorio,Occidente,44.0,864.18,2024-06-21,1412.35
1445,Andres Ortiz,Impresora,Occidente,47.0,1297.84,2025-08-01,1635.24
9562,Diego Romero,Tablet,Norte,49.0,1038.77,2025-09-04,2087.49
2745,Pedro Aguilar,Laptop,Sur,32.0,1721.97,2026-01-10,1243.48
2960,Diego Romero,Tablet,Occidente,41.0,586.21,2024-11-28,1930.35
4176,Sofia Torres,Impresora,Sur,44.0,947.35,2025-06-15,1002.02
8533,Daniela Cruz,Escritorio,Norte,54.0,1179.04,2024-11-30,1250.9
2912,Daniela Cruz,Bocina,Centro,33.0,851.38,2025-02-14,1360.0
4504,Isabel Guzman,Silla,Centro,41.0,888.0,2024-05-09,1458.14
3622,Miguel Flores,Bocina,Norte,29.0,1040.05,2024-05-05,1083.21
7162,Carlos Ramirez,Monitor,Norte,38.0,733.47,2026-06-04,1248.08
218,Miguel Flores,Mouse,Norte,58.0,819.92,2026-06-08,1292.8
7838,Maria Lopez,Silla,Occidente,51.0,609.73,2026-03-22,1115.29
5741,Valeria Mendoza,Tablet,Sur,44.0,1063.08,2024-08-25,992.02
9611,Laura Sanchez,Escritorio,Sur,14.0,765.39,2026-04-07,1704.63
3680,Camila Reyes,Monitor,Norte,47.0,584.26,2026-02-21,1012.63
1312,Alejandro Diaz,Laptop,Sur,44.0,903.59,2025-11-18,1063.3
7517,Ana Garcia,Bocina,Sur,29.0,1259.35,2025-09-09,1175.85
9143,Miguel Flores,Mouse,Centro,39.0,815.72,2024-03-15,1362.24
7032,Maria Lopez,Mouse,Centro,40.0,810.42,2025-03-15,1518.38
3672,Ana Garcia,Escritorio,Sur,55.0,675.85,2025-03-19,970.88
651,Carlos Ramirez,Tablet,Norte,26.0,838.68,2024-12-04,1355.35
2489,Jose Martinez,Silla,Sin Especificar,49.0,770.43,2024-10-31,1581.73
4540,Valeria Mendoza,Tablet,Centro,38.0,491.45,2024-12-27,1442.06
7960,Miguel Flores,Escritorio,Centro,43.0,832.48,2025-04-30,1438.05
5999,Jorge Morales,Mouse,Occidente,55.0,1190.88,2025-03-31,1289.85
1582,Isabel Guzman,Mouse,Norte,42.0,1288.25,2024-01-08,1580.87
4446,Luis Hernandez,Camara,Occidente,42.0,482.63,,1602.7
7726,Carlos Ramirez,Tablet,Occidente,27.0,589.34,2026-04-03,1563.48
6856,Isabel Guzman,Monitor,Centro,18.0,688.08,2024-01-29,1350.94
4697,Ana Garcia,Silla,Sur,59.0,398.95,2025-04-22,1893.04
2899,Ricardo Vargas,Monitor,Centro,43.0,1053.04,2024-05-03,1464.95
360,Maria Lopez,Impresora,Centro,46.0,765.02,2025-12-15,1481.92
4311,Paola Rios,Bocina,Centro,22.0,840.105,2025-01-09,1552.92
1961,Fernanda Castro,Bocina,Sur,41.0,840.105,2025-04-21,2056.77
8298,Fernanda Castro,Bocina,Occidente,24.0,955.19,2024-08-29,1749.08
6177,Luis Hernandez,Teclado,Occidente,19.0,761.09,2025-09-28,1759.86
6186,Jorge Morales,Escritorio,Occidente,32.0,382.58,2026-01-15,1685.97
2205,Carlos Ramirez,Teclado,Occidente,52.0,863.77,2025-04-18,1664.6
7016,Jose Martinez,Camara,Centro,33.0,949.54,2026-04-28,1801.66
420,Luis Hernandez,Escritorio,Occidente,24.0,883.35,2025-09-20,1693.0
4299,Alejandro Diaz,Impresora,Sur,41.0,416.13,2025-11-03,1582.45
181,Valeria Mendoza,Escritorio,Norte,38.0,983.44,2025-11-28,1343.68
9538,Fernanda Castro,Bocina,Norte,51.0,727.83,2024-01-18,1542.93
9122,Isabel Guzman,Silla,Centro,37.0,1351.49,2024-11-06,1722.27
4284,Carlos Ramirez,Escritorio,Norte,27.0,984.9,2024-07-16,695.27
4057,Fernanda Castro,Escritorio,Occidente,37.0,1173.59,2024-06-03,1645.82
9097,Valeria Mendoza,Impresora,Occidente,26.0,959.06,2024-07-03,1114.75
6548,Laura Sanchez,Tablet,Centro,55.0,50.0,2025-07-12,936.73
978,Isabel Guzman,Teclado,Sur,20.0,464.59,2026-04-25,1231.8
787,Pedro Aguilar,Tablet,Sur,45.0,554.06,2024-02-04,1360.34
1958,Carlos Ramirez,Monitor,Sur,36.0,601.05,2024-05-13,1246.9
371,Carlos Ramirez,Impresora,Centro,34.0,523.4,2024-10-26,2153.96
3428,Jorge Morales,Monitor,Norte,30.0,477.45,2025-08-14,1269.29
5661,Laura Sanchez,Mouse,Norte,31.0,1287.95,2025-04-14,1027.04
9634,Isabel Guzman,Teclado,Sur,28.0,791.82,2024-01-06,1212.51
4883,Andres Ortiz,Monitor,Centro,44.0,711.64,,1808.91
8688,Laura Sanchez,Mouse,Occidente,27.0,440.41,2024-01-25,1402.55
1183,Miguel Flores,Bocina,Sur,52.0,610.9,2025-10-05,1171.25
4348,Jorge Morales,Camara,Occidente,36.0,661.51,2025-06-01,995.14
4095,Pedro Aguilar,Laptop,Centro,39.0,689.5,2025-08-11,1501.74
8919,Laura Sanchez,Camara,Occidente,63.0,868.03,2025-04-18,870.3
9029,Jose Martinez,Laptop,Occidente,58.0,474.26,2026-03-17,1766.35
3415,Andres Ortiz,Teclado,Occidente,56.0,681.51,2024-11-12,1271.39
9663,Laura Sanchez,Silla,Centro,48.0,458.25,2025-11-12,2142.34
2186,Camila Reyes,Escritorio,Sur,45.0,859.02,2026-06-11,2210.53
8115,Valeria Mendoza,Mouse,Sur,22.0,703.46,2025-05-16,1816.51
5971,Jose Martinez,Monitor,Centro,45.0,900.46,2024-12-05,939.16
9626,Ricardo Vargas,Teclado,Norte,57.0,1125.37,2025-03-27,1534.49
5321,Alejandro Diaz,Bocina,Norte,42.0,840.105,2026-11-04,1350.72
1071,Camila Reyes,Tablet,Norte,36.0,666.81,2024-08-13,1095.81
8044,Laura Sanchez,Tablet,Centro,25.0,794.21,2026-03-28,1627.94
1556,Fernanda Castro,Mouse,Occidente,51.0,1674.84,2024-02-08,1408.68
4450,Pedro Aguilar,Impresora,Sur,43.0,1226.0,2024-08-10,1303.02
4283,Camila Reyes,Bocina,Centro,56.0,1289.42,2024-12-27,1308.48
3323,Paola Rios,Impresora,Centro,28.0,488.74,2025-03-12,1664.84
2977,Andres Ortiz,Laptop,Norte,39.0,382.72,2025-08-01,1790.36
4913,Isabel Guzman,Tablet,Occidente,37.0,1103.74,2025-09-22,1563.35
6870,Andres Ortiz,Monitor,Norte,35.0,1742.82,2024-10-26,1453.34
2770,Isabel Guzman,Escritorio,Centro,33.0,1090.99,2025-05-11,1124.59
7296,Miguel Flores,Tablet,Norte,31.0,1511.95,2025-12-11,1192.77
503,Andres Ortiz,Silla,Sur,28.0,828.45,2026-02-03,1288.02
757,Daniela Cruz,Camara,Norte,27.0,393.16,2024-04-05,1278.69
4076,Laura Sanchez,Impresora,Sur,25.0,525.55,2024-07-31,819.62
6434,Pedro Aguilar,Mouse,Sin Especificar,60.0,58.58,2024-11-23,1808.85
7755,Alejandro Diaz,Impresora,Centro,47.0,533.1,2024-03-25,1270.07
2928,Ana Garcia,Impresora,Norte,59.0,929.47,2025-04-25,1134.9
2243,Diego Romero,Monitor,Centro,36.0,677.61,2025-03-01,1519.87
3335,Valeria Mendoza,Laptop,Norte,41.0,1055.1,2025-09-25,1575.36
532,Luis Hernandez,Mouse,Sur,16.0,964.1,,1952.64
2087,Paola Rios,Silla,Sur,33.0,1222.56,2024-10-02,1243.24
3304,Valeria Mendoza,Impresora,Sur,35.0,488.38,2026-05-25,1224.19
7667,Carlos Ramirez,Impresora,Occidente,21.0,751.29,2025-06-02,850.4
5303,Ricardo Vargas,Monitor,Centro,29.0,936.3,2025-07-21,1250.41
5346,Ana Garcia,Laptop,Centro,24.0,1317.89,2026-03-20,1602.55
4339,Ricardo Vargas,Impresora,Norte,37.0,1402.59,2025-10-04,1635.33
510,Sofia Torres,Tablet,Centro,46.0,871.54,2025-02-04,1973.08
7474,Andres Ortiz,Tablet,Sur,47.0,818.46,2025-12-06,1319.23
8597,Miguel Flores,Bocina,Sur,63.0,891.03,2025-03-22,1605.73
8500,Luis Hernandez,Escritorio,Occidente,32.0,753.51,2025-11-14,732.83
1060,Sofia Torres,Monitor,Sur,46.0,1281.07,2025-05-30,1599.43
9815,Maria Lopez,Escritorio,Occidente,197.0,939.04,2024-09-26,1425.17
7513,Miguel Flores,Impresora,Centro,31.0,1120.11,,1174.83
7962,Ricardo Vargas,Bocina,Norte,34.0,926.37,2024-01-02,1770.64
963,Fernanda Castro,Teclado,Sin Especificar,39.0,983.99,2024-10-31,1174.81
5974,Sofia Torres,Escritorio,Sur,66.0,746.6,2024-01-26,1620.37
6331,Fernanda Castro,Camara,Occidente,43.0,601.89,2024-04-19,1318.37
6304,Andres Ortiz,Tablet,Centro,43.0,865.6,2024-09-28,894.19
2065,Fernanda Castro,Camara,Centro,44.0,608.58,2025-07-13,1829.92
6076,Jorge Morales,Impresora,Norte,31.0,1193.34,2025-06-26,1534.86
626,Paola Rios,Teclado,Norte,39.0,866.2,2025-09-16,1222.94
7592,Luis Hernandez,Silla,Occidente,37.0,852.81,2024-06-13,1174.55
7495,Alejandro Diaz,Laptop,Centro,32.0,516.66,2025-04-25,2024.36
6202,Ana Garcia,Laptop,Occidente,43.0,672.16,2025-08-05,1022.8
3718,Pedro Aguilar,Escritorio,Norte,53.0,652.97,2025-04-13,805.43
5779,Valeria Mendoza,Laptop,Sur,27.0,566.18,2026-08-02,2043.32
4525,Andres Ortiz,Escritorio,Centro,50.0,832.48,2025-02-27,796.28
1565,Alejandro Diaz,Silla,Centro,36.0,614.22,2024-08-17,1187.57
4843,Fernanda Castro,Mouse,Centro,31.0,693.78,2025-05-02,1965.78
8317,Sofia Torres,Mouse,Sur,41.0,815.02,2026-06-15,879.33
9230,Laura Sanchez,Mouse,Centro,38.0,611.21,2024-05-17,1195.73
1116,Ana Garcia,Silla,Norte,36.0,644.03,2025-10-04,1929.15
622,Paola Rios,Impresora,Occidente,55.0,1066.24,2024-04-04,1716.02
7355,Sofia Torres,Laptop,Centro,26.0,1080.62,2024-09-16,1763.66
5472,Jorge Morales,Bocina,Sur,49.0,757.0,,1510.73
2270,Isabel Guzman,Mouse,Sur,35.0,650.28,2025-11-30,1155.94
6351,Fernanda Castro,Teclado,Sur,20.0,838.48,2024-01-19,1448.97
5723,Camila Reyes,Teclado,Norte,25.0,949.77,2024-12-05,1570.31
713,Ricardo Vargas,Camara,Norte,55.0,829.105,2025-10-23,997.96
3071,Alejandro Diaz,Silla,Sur,17.0,852.81,2025-12-11,832.35
327,Ricardo Vargas,Silla,Norte,39.0,852.81,2025-05-05,1807.36
2789,Laura Sanchez,Monitor,Centro,26.0,833.245,2025-12-17,1331.93
7560,Sofia Torres,Teclado,Sin Especificar,29.0,1096.25,2025-05-29,1290.11
3274,Fernanda Castro,Laptop,Occidente,33.0,827.5550000000001,2025-09-14,1336.8
3946,Alejandro Diaz,Escritorio,Centro,29.0,779.79,,1303.85
8158,Camila Reyes,Tablet,Centro,36.0,1110.54,2024-05-17,2220.54
6012,Laura Sanchez,Mouse,Norte,318.0,1185.14,2024-12-14,1921.91
3435,Luis Hernandez,Camara,Centro,26.0,501.15,2025-01-18,706.26
7631,Ricardo Vargas,Camara,Norte,39.0,1165.95,2024-12-04,1468.45
9487,Pedro Aguilar,Monitor,Occidente,25.0,833.1,2026-02-06,1960.71
5451,Sofia Torres,Escritorio,Occidente,38.0,329.35,2026-03-17,1284.23
6891,Daniela Cruz,Laptop,Norte,42.0,436.01,2024-12-05,960.16
8569,Laura Sanchez,Bocina,Occidente,62.0,566.71,2024-06-08,1473.21
1811,Fernanda Castro,Impresora,Sur,38.0,605.1,2024-12-31,1472.22
2821,Jose Martinez,Laptop,Norte,37.0,1230.45,2025-08-22,2015.11
9587,Carlos Ramirez,Silla,Occidente,54.0,1117.97,2026-05-10,999.6
8972,Laura Sanchez,Camara,Centro,51.0,564.08,2024-08-30,1283.28
8595,Luis Hernandez,Teclado,Centro,33.0,1243.43,2026-05-21,1391.43
5747,Jose Martinez,Camara,Norte,35.0,483.0,2026-02-02,1799.9
9666,Miguel Flores,Impresora,Sur,35.0,981.56,,1367.58
7887,Pedro Aguilar,Escritorio,Occidente,33.0,885.88,2025-03-15,1107.1
2712,Alejandro Diaz,Camara,Occidente,59.0,1055.1,2026-02-09,1361.76
2733,Andres Ortiz,Tablet,Centro,33.0,891.07,2026-06-03,875.43
173,Ricardo Vargas,Impresora,Norte,32.0,662.02,2025-11-20,1260.95
4499,Andres Ortiz,Silla,Centro,48.0,967.93,,1721.44
8098,Ricardo Vargas,Escritorio,Centro,300.0,1314.1,2026-04-19,1476.93
866,Ricardo Vargas,Monitor,Occidente,23.0,907.52,2025-07-04,1586.59
7507,Carlos Ramirez,Monitor,Norte,172.0,86.68,2024-09-30,1422.2
3884,Diego Romero,Silla,Norte,40.0,605.4,2024-01-19,837.65
6959,Ana Garcia,Impresora,Occidente,41.0,845.72,2025-04-28,2006.93
1752,Laura Sanchez,Mouse,Sur,40.0,819.92,2024-12-29,1572.85
2559,Isabel Guzman,Monitor,Norte,32.0,1138.98,,1049.46
9521,Alejandro Diaz,Monitor,Occidente,22.0,591.85,2024-10-12,1184.95
1760,Pedro Aguilar,Laptop,Norte,50.0,1245.88,2026-03-26,1543.34
1550,Carlos Ramirez,Silla,Sur,43.0,852.81,2024-09-01,761.02
8019,Ana Garcia,Tablet,Occidente,47.0,846.22,2025-08-09,1624.33
1209,Daniela Cruz,Monitor,Sin Especificar,48.0,1291.24,2026-03-20,1408.35
4056,Maria Lopez,Mouse,Centro,56.0,716.39,2025-06-18,1068.83
1140,Daniela Cruz,Teclado,Occidente,41.0,1320.1,2026-02-16,783.32
9355,Camila Reyes,Laptop,Sur,58.0,1070.06,2024-03-12,950.38
6330,Carlos Ramirez,Escritorio,Centro,40.0,778.99,2025-12-13,1114.86
6731,Pedro Aguilar,Silla,Occidente,39.0,560.26,2025-06-17,1160.49
8560,Miguel Flores,Silla,Norte,25.0,636.58,2024-05-29,1010.05
3041,Alejandro Diaz,Laptop,Centro,40.0,763.63,2026-12-02,2264.82
9514,Carlos Ramirez,Tablet,Occidente,3.0,387.65,2024-03-29,1041.92
7426,Fernanda Castro,Teclado,Centro,45.0,580.9,2025-08-05,1682.63
9377,Maria Lopez,Silla,Occidente,41.0,1391.14,2024-04-22,988.76
3642,Camila Reyes,Mouse,Sur,17.0,493.04,2024-08-21,1382.12
6196,Ana Garcia,Monitor,Norte,27.0,791.25,,1617.45
6622,Camila Reyes,Mouse,Sur,36.0,1148.58,2025-09-29,1313.78
7108,Carlos Ramirez,Escritorio,Occidente,63.0,489.69,2025-12-02,1540.26
7466,Luis Hernandez,Silla,Sur,60.0,971.63,2026-02-25,1561.72
9379,Carlos Ramirez,Laptop,Norte,26.0,827.5550000000001,2024-04-09,1563.41
6501,Isabel Guzman,Tablet,Centro,37.0,1155.51,2024-05-08,1188.52
192,Diego Romero,Silla,Occidente,43.0,870.08,2025-12-28,1037.67
5884,Camila Reyes,Laptop,Occidente,23.0,560.83,2024-05-12,1599.46
7886,Laura Sanchez,Monitor,Sur,33.0,1003.32,2025-08-31,1000.11
9018,Maria Lopez,Mouse,Sur,29.0,1330.04,2025-03-24,882.21
8017,Pedro Aguilar,Teclado,Occidente,31.0,1309.73,2026-03-08,1158.85
440,Diego Romero,Monitor,Sur,41.0,741.27,2025-04-25,1043.12
7738,Paola Rios,Impresora,Sur,3.0,720.97,2025-08-02,1516.9
1555,Sofia Torres,Mouse,Sur,23.0,338.98,2026-01-11,1650.82
3894,Jose Martinez,Tablet,Norte,41.0,1173.1,2025-02-22,1173.09
665,Isabel Guzman,Silla,Sur,40.0,577.68,2025-08-07,2300.53
1425,Camila Reyes,Tablet,Occidente,47.0,838.68,2025-09-04,1468.63
3169,Jose Martinez,Escritorio,Norte,33.0,1046.74,2025-05-24,1620.82
9325,Diego Romero,Escritorio,Centro,50.0,650.71,2026-02-16,1323.26
6595,Miguel Flores,Impresora,Centro,38.0,89.17,2024-12-10,1418.89
5054,Diego Romero,Escritorio,Centro,40.0,748.46,2024-01-03,1095.63
6937,Jose Martinez,Camara,Centro,27.0,1031.54,2025-03-11,882.41
1115,Laura Sanchez,Bocina,Sin Especificar,32.0,1005.66,2026-03-16,1015.62
9371,Valeria Mendoza,Teclado,Centro,32.0,950.77,,726.59
8908,Paola Rios,Silla,Norte,21.0,1172.37,2024-04-03,1563.77
2317,Jose Martinez,Silla,Norte,63.0,852.81,2024-08-30,791.69
6941,Carlos Ramirez,Camara,Norte,35.0,655.22,2024-02-25,1212.04
5989,Fernanda Castro,Silla,Occidente,50.0,1348.34,2026-02-17,1639.69
474,Andres Ortiz,Escritorio,Centro,41.0,678.17,2025-02-18,1129.56
8586,Andres Ortiz,Monitor,Centro,39.0,617.41,,1921.72
496,Andres Ortiz,Bocina,Sur,22.0,573.5,2025-07-10,964.59
2131,Camila Reyes,Camara,Sur,32.0,759.38,2025-01-06,1362.65
707,Pedro Aguilar,Camara,Centro,32.0,1030.58,2024-12-15,1019.13
7388,Diego Romero,Bocina,Norte,23.0,1344.14,2025-10-02,1128.39
9133,Pedro Aguilar,Monitor,Sur,52.0,833.245,2024-12-10,1886.34
4099,Ricardo Vargas,Camara,Centro,42.0,615.75,2026-05-05,1098.57
8643,Alejandro Diaz,Mouse,Norte,56.0,1151.67,2026-03-27,966.47
7121,Daniela Cruz,Tablet,Sur,36.0,1534.77,2024-03-08,1108.25
3803,Sofia Torres,Laptop,Sur,59.0,869.11,2024-10-28,1307.77
7498,Valeria Mendoza,Monitor,Centro,38.0,499.24,2024-11-08,1043.71
7809,Alejandro Diaz,Impresora,Sur,23.0,826.23,2024-04-24,1538.67
9253,Diego Romero,Monitor,Norte,42.0,834.9,2026-03-03,780.45
9978,Paola Rios,Mouse,Centro,28.0,187.67,2024-11-26,1354.2
9026,Isabel Guzman,Tablet,Centro,52.0,1025.5,,774.28
9275,Carlos Ramirez,Tablet,Sur,38.0,1105.48,2024-04-21,1035.69
4081,Fernanda Castro,Silla,Centro,44.0,1108.36,2024-10-22,1185.51
1189,Diego Romero,Silla,Norte,44.0,784.84,2025-04-22,1488.88
3489,Alejandro Diaz,Monitor,Occidente,34.0,999.13,2024-02-28,1531.26
4064,Maria Lopez,Silla,Centro,48.0,1082.08,2024-03-30,1593.59
9010,Alejandro Diaz,Tablet,Occidente,31.0,980.75,2026-06-07,1581.46
7415,Daniela Cruz,Laptop,Sur,47.0,999.73,2025-09-30,1307.47
4589,Luis Hernandez,Mouse,Occidente,48.0,221.0,2025-10-02,1787.94
1475,Ricardo Vargas,Escritorio,Sur,61.0,832.48,2025-08-26,1711.37
3537,Sofia Torres,Monitor,Centro,38.0,1054.33,2025-10-27,1805.72
5888,Ana Garcia,Camara,Occidente,54.0,480.45,2025-08-01,1617.86
1458,Ana Garcia,Tablet,Occidente,38.0,582.96,2025-12-29,2059.38
5353,Paola Rios,Silla,Centro,41.0,820.71,,1772.17
252,Laura Sanchez,Laptop,Norte,38.0,400.56,2025-04-20,897.68
3126,Andres Ortiz,Laptop,Centro,45.0,1093.75,2024-01-27,1566.25
1438,Andres Ortiz,Bocina,Centro,46.0,660.66,2026-02-02,1495.68
333,Jose Martinez,Monitor,Occidente,33.0,1455.14,2025-10-03,1008.05
4299,Alejandro Diaz,Impresora,Sur,41.0,416.13,2025-11-03,1551.53
9960,Valeria Mendoza,Camara,Occidente,57.0,1073.53,2025-12-11,1959.23
5422,Carlos Ramirez,Impresora,Occidente,45.0,826.23,2025-02-21,1589.16
7968,Jose Martinez,Camara,Sin Especificar,38.0,245.84,2026-01-17,987.18
1738,Luis Hernandez,Silla,Sur,44.0,837.56,2026-04-07,1272.7
60,Paola Rios,Monitor,Centro,48.0,914.78,2026-05-20,1549.21
6616,Daniela Cruz,Mouse,Sin Especificar,26.0,974.55,2026-03-15,1432.82
3582,Laura Sanchez,Escritorio,Sur,39.0,484.33,2024-02-07,824.81
8692,Luis Hernandez,Bocina,Norte,38.0,1214.91,2024-01-11,1297.35
6592,Paola Rios,Camara,Sin Especificar,21.0,720.49,2024-02-26,2098.29
9339,Pedro Aguilar,Bocina,Sur,47.0,757.67,2024-05-20,1023.24
1652,Camila Reyes,Bocina,Norte,7.0,886.17,2025-04-21,1260.37
4184,Carlos Ramirez,Escritorio,Occidente,26.0,757.31,2025-05-12,1341.86
2691,Luis Hernandez,Mouse,Norte,45.0,1504.58,2026-06-03,1357.12
3326,Diego Romero,Mouse,Norte,30.0,667.3,2026-03-23,1592.7
2196,Miguel Flores,Monitor,Occidente,58.0,467.44,2024-06-19,1521.13
2664,Miguel Flores,Mouse,Sin Especificar,33.0,780.66,2024-10-27,988.21
9098,Maria Lopez,Bocina,Occidente,27.0,1164.73,2024-12-01,1617.92
2699,Isabel Guzman,Silla,Norte,51.0,1080.8,2024-01-25,1796.78
3708,Sofia Torres,Bocina,Sin Especificar,35.0,360.74,2026-05-04,1471.51
7729,Ana Garcia,Camara,Occidente,44.0,989.26,2026-01-24,876.11
8607,Daniela Cruz,Escritorio,Sur,37.0,471.64,2025-03-15,1454.09
7098,Carlos Ramirez,Silla,Sur,35.0,210.14,,1205.49
8737,Carlos Ramirez,Escritorio,Norte,39.0,928.21,2026-03-18,1295.2
7133,Carlos Ramirez,Silla,Centro,47.0,871.74,2025-12-29,1686.06
9198,Jorge Morales,Bocina,Centro,31.0,840.105,2025-07-10,804.0
7216,Jorge Morales,Camara,Sur,38.0,1021.04,2025-02-12,1447.7
5385,Diego Romero,Bocina,Sur,45.0,840.105,,638.47
4615,Carlos Ramirez,Teclado,Norte,38.0,625.33,2026-05-01,1478.37
8320,Miguel Flores,Camara,Sur,43.0,696.35,2024-08-27,1283.69
6479,Isabel Guzman,Tablet,Occidente,38.0,1138.78,2025-09-21,1885.01
8289,Carlos Ramirez,Mouse,Centro,51.0,807.64,2024-12-28,1725.86
3438,Jose Martinez,Teclado,Norte,38.0,1122.78,2025-08-20,1343.38
6930,Diego Romero,Mouse,Centro,21.0,465.11,2026-04-29,1191.39
2311,Daniela Cruz,Laptop,Norte,42.0,543.45,2024-09-23,1565.51
3618,Isabel Guzman,Camara,Norte,52.0,1400.08,2025-12-01,1771.81
9234,Luis Hernandez,Mouse,Sur,48.0,664.61,2024-04-12,1547.25
1767,Alejandro Diaz,Escritorio,Norte,36.0,685.29,2024-11-19,2071.31
2408,Isabel Guzman,Monitor,Norte,44.0,1251.44,2024-12-08,1502.09
351,Andres Ortiz,Laptop,Sur,45.0,546.2,2024-08-06,1487.76
9310,Laura Sanchez,Mouse,Sur,34.0,616.03,2026-01-06,1841.86
7965,Luis Hernandez,Impresora,Sur,40.0,1416.52,2024-10-25,1118.95
919,Isabel Guzman,Mouse,Sur,49.0,1254.87,2025-05-02,1363.41
9414,Miguel Flores,Monitor,Centro,48.0,283.36,2025-02-04,860.89
2359,Jorge Morales,Silla,Occidente,38.0,1212.74,2025-09-30,1136.0
5827,Fernanda Castro,Silla,Norte,36.0,625.47,2024-12-31,1632.94
7222,Fernanda Castro,Mouse,Centro,38.0,701.38,2024-04-15,1251.99
1646,Diego Romero,Monitor,Centro,30.0,863.97,2025-09-03,1818.19
443,Jorge Morales,Impresora,Centro,45.0,1209.19,2025-01-30,860.75
7122,Camila Reyes,Tablet,Centro,37.0,609.15,2024-11-27,2134.32
8772,Camila Reyes,Mouse,Occidente,38.0,819.92,2025-05-02,1840.1
4122,Maria Lopez,Monitor,Centro,28.0,1177.09,2025-01-17,1100.08
4438,Jorge Morales,Escritorio,Norte,38.0,815.82,2024-01-07,1710.1
2433,Fernanda Castro,Impresora,Norte,39.0,1168.51,2025-07-20,1413.21
3469,Andres Ortiz,Camara,Occidente,38.0,845.4,2024-07-28,1492.13
7691,Carlos Ramirez,Escritorio,Sin Especificar,38.0,858.51,2024-08-09,1456.39
6980,Paola Rios,Tablet,Occidente,41.0,670.65,2024-12-31,1571.89
957,Miguel Flores,Mouse,Norte,45.0,682.96,2025-06-14,1558.86
1581,Ana Garcia,Bocina,Norte,37.0,840.105,,1502.38
6391,Laura Sanchez,Laptop,Norte,48.0,781.6,2026-02-17,1014.42
5881,Sofia Torres,Camara,Sur,38.0,707.28,2024-08-03,1575.78
6141,Isabel Guzman,Mouse,Sur,44.0,931.63,2025-04-03,1428.13
2613,Valeria Mendoza,Teclado,Occidente,34.0,822.63,2024-06-22,594.83
1223,Valeria Mendoza,Mouse,Sur,46.0,894.57,2026-06-09,1692.88
6890,Valeria Mendoza,Tablet,Norte,47.0,1545.02,2025-06-17,1470.28
9228,Pedro Aguilar,Escritorio,Centro,42.0,856.84,2025-10-30,2283.35
8483,Laura Sanchez,Camara,Occidente,34.0,743.22,2024-08-17,827.41
6834,Camila Reyes,Bocina,Centro,21.0,908.56,2024-07-09,1072.45
7789,Laura Sanchez,Tablet,Centro,26.0,595.15,2025-08-06,1443.25
9002,Fernanda Castro,Camara,Centro,53.0,641.71,2026-05-30,1956.64
2395,Maria Lopez,Silla,Occidente,23.0,388.92,2026-05-04,1766.09
3845,Valeria Mendoza,Impresora,Occidente,52.0,640.5,2025-08-01,1422.42
716,Jorge Morales,Silla,Centro,41.0,1222.18,2024-04-13,789.0
2366,Daniela Cruz,Tablet,Occidente,33.0,1121.34,2025-11-26,1435.75
4144,Maria Lopez,Laptop,Occidente,38.0,760.48,2024-12-14,1489.08
1856,Paola Rios,Camara,Occidente,42.0,50.0,2024-01-19,1364.62
7468,Isabel Guzman,Mouse,Centro,41.0,932.36,2025-06-10,485.3
2030,Maria Lopez,Camara,Norte,40.0,1106.39,2024-05-18,1123.58
8222,Maria Lopez,Tablet,Sur,40.0,962.2,2024-06-12,1086.61
6954,Laura Sanchez,Escritorio,Centro,33.0,832.48,2024-05-13,1000.27
3977,Jose Martinez,Mouse,Sin Especificar,40.0,750.02,2025-04-08,1479.19
6361,Valeria Mendoza,Teclado,Norte,52.0,898.44,2024-04-02,893.97
7721,Valeria Mendoza,Bocina,Centro,38.0,611.82,2024-07-12,1551.05
2634,Daniela Cruz,Monitor,Centro,233.0,721.67,2024-05-30,1791.11
6814,Maria Lopez,Teclado,Occidente,35.0,859.92,2025-12-07,1552.23
5724,Alejandro Diaz,Camara,Centro,21.0,850.65,2024-03-20,1066.61
2465,Diego Romero,Silla,Sur,36.0,385.75,2024-03-18,1208.43
1062,Carlos Ramirez,Laptop,Occidente,47.0,822.04,2025-02-12,861.58
3084,Luis Hernandez,Silla,Centro,24.0,491.97,2024-08-10,1696.61
8014,Sofia Torres,Silla,Occidente,31.0,658.56,2024-05-06,1512.23
9451,Daniela Cruz,Teclado,Norte,64.0,1118.0,2024-01-12,1418.3
4835,Diego Romero,Laptop,Centro,34.0,947.86,2024-11-19,1395.34
8883,Miguel Flores,Silla,Centro,37.0,535.3,2026-12-01,1772.42
8152,Carlos Ramirez,Tablet,Norte,54.0,1117.97,2026-06-04,1322.93
6379,Jose Martinez,Escritorio,Sin Especificar,30.0,906.11,2026-03-11,1519.19
8793,Ana Garcia,Laptop,Sur,42.0,827.5550000000001,2025-10-11,1834.4
2686,Jorge Morales,Mouse,Centro,48.0,1173.2,2025-08-17,1394.86
5951,Luis Hernandez,Camara,Sur,37.0,1174.58,2025-06-23,897.22
5970,Ana Garcia,Escritorio,Centro,46.0,832.48,2024-04-14,1869.59
7003,Sofia Torres,Laptop,Sin Especificar,48.0,1499.91,2024-09-02,1288.14
4376,Valeria Mendoza,Impresora,Occidente,58.0,1031.8,2024-10-26,1616.1
5618,Paola Rios,Laptop,Centro,38.0,842.43,2024-10-21,1414.63
5026,Camila Reyes,Tablet,Occidente,20.0,652.43,2026-02-19,1290.09
9186,Valeria Mendoza,Camara,Sin Especificar,23.0,829.105,2025-06-13,1780.22
7146,Daniela Cruz,Laptop,Occidente,39.0,827.5550000000001,2025-08-26,1165.14
5193,Fernanda Castro,Laptop,Norte,54.0,365.08,2026-05-01,1003.3
4596,Miguel Flores,Bocina,Centro,37.0,659.51,2026-05-06,1450.34
6014,Isabel Guzman,Impresora,Centro,42.0,397.02,2025-03-20,1767.47
4911,Ricardo Vargas,Laptop,Sur,58.0,1315.22,2024-01-03,754.76
3497,Valeria Mendoza,Escritorio,Sur,51.0,1002.32,2024-03-06,1335.37
4484,Laura Sanchez,Impresora,Centro,41.0,1060.27,2025-04-02,1467.38
3987,Alejandro Diaz,Camara,Norte,39.0,727.71,2026-05-11,1672.31
3166,Andres Ortiz,Silla,Sur,38.0,729.92,2024-09-11,1798.06
8505,Luis Hernandez,Bocina,Norte,39.0,488.73,2025-04-07,1769.54
3936,Luis Hernandez,Camara,Norte,41.0,776.94,2026-04-17,423.93
5931,Pedro Aguilar,Mouse,Occidente,41.0,1021.32,2025-09-21,2229.84
6240,Fernanda Castro,Mouse,Sur,40.0,1123.93,2026-05-10,1441.22
2748,Carlos Ramirez,Impresora,Norte,48.0,826.23,2024-08-21,1147.73
3581,Jose Martinez,Escritorio,Occidente,57.0,805.85,2025-02-09,2056.58
6732,Jose Martinez,Mouse,Sur,55.0,712.46,2025-12-13,1652.83
666,Diego Romero,Monitor,Occidente,62.0,1213.5,2025-01-10,1504.05
1119,Daniela Cruz,Bocina,Norte,39.0,309.03,2026-03-06,1923.56
3390,Laura Sanchez,Camara,Sur,27.0,509.57,2025-03-11,1316.68
1715,Ana Garcia,Tablet,Centro,35.0,333.06,2025-07-06,1696.42
7798,Paola Rios,Impresora,Centro,26.0,868.69,2025-11-03,1231.49
7877,Pedro Aguilar,Tablet,Centro,44.0,1161.15,,1237.84
9735,Miguel Flores,Monitor,Centro,41.0,851.91,2024-11-04,817.62
9578,Laura Sanchez,Camara,Sur,53.0,918.56,2024-03-18,1195.03
748,Isabel Guzman,Teclado,Occidente,20.0,729.47,2025-08-24,1962.36
6276,Ana Garcia,Bocina,Sur,27.0,614.56,2024-04-06,1143.59
3907,Carlos Ramirez,Escritorio,Centro,35.0,829.77,2025-06-04,1870.32
8522,Carlos Ramirez,Impresora,Occidente,36.0,422.67,2025-11-22,1717.15
2970,Jose Martinez,Teclado,Occidente,28.0,954.72,2024-01-21,1160.17
5138,Fernanda Castro,Silla,Sur,55.0,852.81,2025-07-09,1349.3
589,Maria Lopez,Impresora,Centro,41.0,454.16,,1621.94
7107,Maria Lopez,Impresora,Occidente,34.0,827.73,2024-02-13,1008.03
4189,Alejandro Diaz,Laptop,Sur,42.0,709.83,2026-02-20,1458.73
8276,Alejandro Diaz,Monitor,Occidente,47.0,1062.53,,1353.21
8750,Camila Reyes,Escritorio,Sur,38.0,1061.52,2025-07-29,1118.45
6744,Fernanda Castro,Laptop,Occidente,10.0,520.3,2025-05-04,1078.03
2279,Carlos Ramirez,Monitor,Norte,34.0,983.31,,1679.76
7188,Luis Hernandez,Tablet,Sur,53.0,828.74,2025-03-08,960.31
5110,Pedro Aguilar,Impresora,Sur,52.0,840.56,2024-12-03,1388.34
2178,Jose Martinez,Escritorio,Norte,30.0,832.48,2024-07-19,1693.22
7221,Ricardo Vargas,Camara,Norte,36.0,755.76,2025-06-07,1714.61
6912,Camila Reyes,Laptop,Norte,28.0,1228.9,2026-05-25,2002.66
9808,Laura Sanchez,Monitor,Norte,42.0,847.9,2024-11-19,1350.37
1839,Isabel Guzman,Teclado,Occidente,28.0,1050.35,2024-07-14,1955.06
7540,Jose Martinez,Mouse,Centro,51.0,1254.61,2025-08-12,534.35
5841,Maria Lopez,Escritorio,Sin Especificar,58.0,128.17,2025-10-21,1681.78
6369,Laura Sanchez,Monitor,Norte,51.0,1086.93,2024-09-28,1182.49
5997,Laura Sanchez,Teclado,Norte,39.0,994.25,2025-08-18,1829.94
3693,Laura Sanchez,Laptop,Occidente,53.0,872.25,2025-10-14,1083.04
1769,Daniela Cruz,Silla,Sur,46.0,775.52,2025-10-18,1385.49
2025,Isabel Guzman,Laptop,Centro,34.0,827.5550000000001,2024-12-03,1715.09
9103,Isabel Guzman,Bocina,Centro,51.0,556.82,2024-07-21,1083.44
988,Jorge Morales,Mouse,Occidente,41.0,756.71,2024-01-15,1164.6
9612,Andres Ortiz,Silla,Occidente,38.0,999.53,2025-04-05,1294.24
9919,Diego Romero,Escritorio,Norte,47.0,535.79,2024-11-15,1425.31
947,Carlos Ramirez,Escritorio,Sur,54.0,898.55,2026-05-24,1417.1
5570,Diego Romero,Tablet,Centro,17.0,840.5,2024-10-27,1651.15
3153,Fernanda Castro,Mouse,Occidente,34.0,1087.79,2025-12-03,938.44
9958,Jose Martinez,Mouse,Norte,50.0,448.94,2024-06-03,1145.4
659,Jose Martinez,Escritorio,Norte,26.0,976.36,2025-04-13,1582.55
5716,Daniela Cruz,Impresora,Sin Especificar,38.0,652.16,2025-12-09,1520.38
6871,Jorge Morales,Camara,Occidente,38.0,779.08,2026-04-24,2120.79
8403,Maria Lopez,Camara,Sin Especificar,36.0,421.82,2026-05-31,1648.45
1642,Maria Lopez,Impresora,Occidente,21.0,1128.47,,2075.11
9132,Pedro Aguilar,Impresora,Sur,39.0,932.87,2026-09-06,1883.45
2447,Diego Romero,Mouse,Centro,50.0,1133.09,2024-07-08,1042.71
7045,Miguel Flores,Impresora,Occidente,201.0,951.59,2024-10-14,1316.57
5334,Ricardo Vargas,Camara,Sur,39.0,1180.24,2024-04-08,1586.19
8749,Andres Ortiz,Monitor,Sur,12.0,398.22,2025-07-21,1474.17
1073,Jose Martinez,Tablet,Sur,26.0,838.68,2024-05-19,1918.48
8210,Paola Rios,Bocina,Occidente,71.0,391.86,2024-09-04,1635.55
3555,Camila Reyes,Camara,Occidente,18.0,829.105,,1723.33
5201,Jose Martinez,Escritorio,Centro,26.0,50.0,2025-08-01,1263.12
1263,Jose Martinez,Silla,Norte,34.0,1036.73,2025-09-11,1614.47
9946,Luis Hernandez,Escritorio,Sur,33.0,746.38,2025-09-05,1120.08
5171,Ana Garcia,Tablet,Norte,31.0,1084.09,2025-09-17,1547.5
8935,Laura Sanchez,Impresora,Occidente,43.0,681.08,2026-02-19,1096.68
471,Sofia Torres,Silla,Norte,35.0,738.36,2024-10-11,1613.96
1488,Maria Lopez,Laptop,Occidente,60.0,1111.4,,1776.21
5183,Isabel Guzman,Bocina,Centro,49.0,1187.93,2024-08-18,1599.49
4050,Fernanda Castro,Escritorio,Centro,34.0,1014.32,2024-12-24,817.38
8925,Maria Lopez,Mouse,Occidente,48.0,473.87,2024-03-03,1345.61
6509,Miguel Flores,Monitor,Norte,55.0,838.88,2025-02-04,125000.0
4691,Laura Sanchez,Tablet,Sur,34.0,816.4,2024-01-15,1270.72
4857,Andres Ortiz,Monitor,Centro,28.0,433.96,2025-04-16,1620.99
2156,Andres Ortiz,Teclado,Sin Especificar,55.0,879.24,2025-01-09,125000.0
7267,Pedro Aguilar,Bocina,Norte,37.0,1356.2,2024-04-26,1470.93
4882,Diego Romero,Impresora,Sur,25.0,942.25,2025-01-07,463.1
5565,Maria Lopez,Laptop,Norte,17.0,839.69,2025-04-26,1831.4
2773,Carlos Ramirez,Mouse,Norte,52.0,585.58,2025-10-05,1396.87
8823,Jose Martinez,Bocina,Centro,40.0,1081.33,2025-04-13,1505.42
5499,Jose Martinez,Laptop,Norte,23.0,922.12,2024-07-12,1642.41
8777,Daniela Cruz,Mouse,Occidente,48.0,438.71,2025-08-16,1492.06
3324,Miguel Flores,Impresora,Sur,23.0,1602.94,2025-03-05,1869.58
8864,Camila Reyes,Escritorio,Occidente,54.0,916.15,2025-01-03,1904.72
6342,Camila Reyes,Monitor,Centro,30.0,1417.67,2025-11-17,1327.36
8052,Camila Reyes,Tablet,Norte,17.0,926.91,2024-01-21,1227.92
3911,Sofia Torres,Monitor,Sin Especificar,34.0,1283.61,2025-02-15,1451.22
1702,Pedro Aguilar,Tablet,Sur,53.0,783.85,2026-01-20,1528.89
8634,Carlos Ramirez,Teclado,Occidente,17.0,721.15,2026-04-27,2122.96
1536,Daniela Cruz,Camara,Norte,38.0,677.17,2026-05-05,1337.88
5488,Daniela Cruz,Teclado,Norte,36.0,822.475,2026-02-05,806.13
5224,Jorge Morales,Teclado,Centro,36.0,1127.18,2024-06-26,1034.34
1190,Sofia Torres,Monitor,Norte,25.0,940.18,2024-09-06,1427.79
9441,Camila Reyes,Laptop,Sur,31.0,901.85,2026-08-03,1328.47
741,Carlos Ramirez,Impresora,Sur,40.0,734.37,2025-10-20,1860.71
130,Daniela Cruz,Escritorio,Occidente,30.0,1303.21,2024-03-05,1731.7
3355,Andres Ortiz,Camara,Centro,53.0,785.95,2025-06-23,1374.12
1410,Ricardo Vargas,Tablet,Sin Especificar,26.0,838.68,2026-03-17,1218.82
3095,Fernanda Castro,Tablet,Norte,58.0,521.54,2024-02-09,1710.5
2725,Miguel Flores,Tablet,Norte,38.0,838.68,2025-01-31,1355.36
6458,Ricardo Vargas,Tablet,Centro,38.0,1168.92,2026-04-17,1272.74
46,Fernanda Castro,Tablet,Sin Especificar,43.0,1144.11,,1434.83
3767,Jorge Morales,Teclado,Occidente,22.0,850.8,2026-02-09,1957.7
2041,Pedro Aguilar,Impresora,Centro,36.0,1002.56,2025-08-07,1344.82
6175,Sofia Torres,Teclado,Occidente,39.0,1029.59,2024-03-10,909.33
10000,Daniela Cruz,Bocina,Norte,30.0,1205.35,2024-07-09,1680.82
9582,Fernanda Castro,Camara,Centro,34.0,911.65,2026-01-05,1663.28
2868,Alejandro Diaz,Tablet,Sur,30.0,611.33,2025-04-10,1096.09
4186,Fernanda Castro,Silla,Centro,44.0,760.22,2024-10-06,1805.46
5441,Miguel Flores,Escritorio,Sur,34.0,526.28,2024-07-10,1160.47
9074,Valeria Mendoza,Teclado,Occidente,25.0,1035.37,2024-03-17,1346.32
3158,Pedro Aguilar,Teclado,Centro,24.0,670.55,,1012.11
7985,Luis Hernandez,Laptop,Occidente,39.0,1109.62,2025-01-22,1936.24
6497,Valeria Mendoza,Bocina,Sur,29.0,726.47,2024-04-02,1507.29
9966,Diego Romero,Teclado,Centro,31.0,1610.6,2025-02-20,1717.42
6746,Valeria Mendoza,Camara,Norte,32.0,1116.04,2025-06-01,1083.57
1850,Daniela Cruz,Mouse,Sin Especificar,57.0,1274.71,2024-11-20,1926.72
7431,Maria Lopez,Impresora,Norte,38.0,614.72,2025-12-06,1248.27
337,Miguel Flores,Laptop,Sur,50.0,827.5550000000001,2024-09-23,2138.32
1283,Valeria Mendoza,Impresora,Occidente,46.0,778.78,2026-02-16,1439.52
7118,Camila Reyes,Laptop,Sur,42.0,859.31,2025-06-04,1979.3
4943,Jorge Morales,Escritorio,Sur,46.0,1381.0,2025-07-17,1232.24
4030,Ana Garcia,Monitor,Sur,43.0,610.98,2024-07-26,1337.98
2562,Laura Sanchez,Teclado,Occidente,54.0,1095.14,2024-03-17,1602.92
1052,Fernanda Castro,Bocina,Sur,31.0,1400.39,2025-03-31,2046.1
4543,Jose Martinez,Silla,Centro,51.0,641.28,2025-05-31,1642.56
8645,Diego Romero,Camara,Occidente,11.0,921.32,2024-09-25,650.46
189,Jorge Morales,Camara,Occidente,45.0,559.14,2024-08-06,968.01
4818,Alejandro Diaz,Mouse,Occidente,49.0,865.06,2024-12-12,1424.05
2639,Maria Lopez,Escritorio,Sin Especificar,42.0,926.29,2025-12-19,1183.86
7027,Paola Rios,Laptop,Sur,35.0,961.3,2024-05-10,1052.34
6085,Ana Garcia,Laptop,Norte,25.0,277.37,2024-04-07,1395.79
8718,Diego Romero,Escritorio,Norte,42.0,1053.73,2025-02-11,878.64
6667,Jorge Morales,Impresora,Occidente,193.0,823.85,2026-01-16,1641.63
7716,Ricardo Vargas,Camara,Norte,47.0,829.105,2026-02-02,1714.89
5814,Luis Hernandez,Camara,Sur,29.0,829.105,2025-01-28,1564.58
2159,Fernanda Castro,Camara,Occidente,21.0,743.71,2025-05-04,1212.15
4815,Fernanda Castro,Monitor,Occidente,35.0,647.24,2025-04-17,1296.29
6155,Valeria Mendoza,Laptop,Norte,28.0,740.44,2025-11-25,1699.62
861,Isabel Guzman,Silla,Centro,47.0,848.04,2024-08-20,946.37
5290,Sofia Torres,Monitor,Centro,41.0,1077.73,2025-02-26,1475.21
8326,Ricardo Vargas,Silla,Norte,27.0,1226.68,2025-08-24,2312.73
4355,Jose Martinez,Laptop,Occidente,31.0,1005.18,2024-05-25,1270.19
6373,Andres Ortiz,Teclado,Norte,33.0,1084.63,2024-01-27,1573.68
3859,Valeria Mendoza,Camara,Sur,38.0,729.86,2024-11-15,1769.48
424,Sofia Torres,Camara,Norte,47.0,851.75,2025-10-15,850.89
428,Fernanda Castro,Bocina,Sin Especificar,49.0,777.24,2025-12-28,1703.07
9338,Carlos Ramirez,Escritorio,Occidente,39.0,1026.24,2024-02-08,1270.11
8782,Maria Lopez,Escritorio,Norte,50.0,817.91,2025-04-16,1777.25
9853,Jose Martinez,Tablet,Norte,50.0,838.68,2026-05-29,1013.66
204,Andres Ortiz,Camara,Occidente,35.0,1446.38,2025-10-30,1298.07
4986,Laura Sanchez,Laptop,Sur,38.0,863.19,2025-07-17,1283.6
4125,Jose Martinez,Tablet,Norte,48.0,1034.6,2025-10-24,931.89
6868,Jorge Morales,Silla,Occidente,47.0,770.91,2026-02-18,981.63
9369,Sofia Torres,Tablet,Centro,48.0,573.23,2025-12-13,622.16
5234,Daniela Cruz,Silla,Centro,36.0,852.81,2024-07-31,1382.03
6268,Jose Martinez,Teclado,Occidente,32.0,864.72,2024-12-29,1137.17
319,Jose Martinez,Monitor,Norte,28.0,364.17,2024-04-20,1640.08
4101,Carlos Ramirez,Monitor,Occidente,46.0,815.08,2025-12-05,1095.5
3474,Laura Sanchez,Bocina,Occidente,46.0,1105.62,2025-08-03,1787.66
1216,Daniela Cruz,Monitor,Sur,44.0,1401.42,,1273.96
7330,Sofia Torres,Teclado,Occidente,33.0,703.35,2024-04-09,693.3
4470,Carlos Ramirez,Escritorio,Sur,37.0,953.39,2026-01-07,1356.05
1735,Valeria Mendoza,Monitor,Norte,42.0,954.41,2024-06-30,1115.49
635,Miguel Flores,Silla,Centro,39.0,852.81,2024-09-15,1293.2
9157,Luis Hernandez,Monitor,Norte,62.0,833.245,2026-05-23,915.36
272,Daniela Cruz,Silla,Occidente,61.0,1153.82,2025-06-20,1230.73
4259,Paola Rios,Laptop,Centro,23.0,50.0,2026-01-20,1592.43
1558,Isabel Guzman,Camara,Sur,41.0,1364.68,2025-06-25,1613.0
1353,Sofia Torres,Escritorio,Norte,63.0,502.01,2024-04-29,1839.61
6709,Alejandro Diaz,Mouse,Centro,57.0,499.21,2026-06-02,711.39
3116,Camila Reyes,Bocina,Centro,36.0,603.52,2024-10-10,713.58
1043,Carlos Ramirez,Silla,Norte,41.0,588.92,2025-01-26,1656.65
4418,Fernanda Castro,Camara,Norte,41.0,1251.03,2026-05-05,1818.99
1956,Camila Reyes,Bocina,Norte,57.0,1416.42,2024-01-17,1452.68
6248,Fernanda Castro,Mouse,Occidente,52.0,680.04,2026-05-09,1414.59
4233,Miguel Flores,Teclado,Occidente,44.0,1082.03,2024-06-08,1837.23
6850,Ana Garcia,Camara,Norte,21.0,909.41,2025-05-29,1240.33
4737,Pedro Aguilar,Tablet,Norte,58.0,412.58,2024-07-08,1286.42
8406,Jorge Morales,Tablet,Occidente,60.0,912.03,2025-07-08,1568.75
2439,Pedro Aguilar,Escritorio,Centro,28.0,1330.93,2024-10-31,2014.18
3689,Pedro Aguilar,Teclado,Occidente,48.0,698.83,2024-06-08,868.68
2007,Miguel Flores,Laptop,Centro,46.0,868.31,2024-09-05,1607.23
1812,Paola Rios,Bocina,Sur,43.0,967.45,2025-08-16,1598.58
4518,Maria Lopez,Monitor,Sin Especificar,41.0,729.01,2025-10-30,1395.03
1648,Ricardo Vargas,Silla,Norte,28.0,852.81,2025-05-28,967.22
7454,Ana Garcia,Teclado,Centro,50.0,1334.55,2025-01-08,1573.21
8938,Daniela Cruz,Laptop,Sur,37.0,1171.56,2025-11-05,1308.97
5465,Luis Hernandez,Impresora,Occidente,54.0,974.71,2025-03-10,1638.45
3338,Pedro Aguilar,Mouse,Centro,36.0,644.01,2025-09-24,1022.3
4884,Maria Lopez,Tablet,Centro,36.0,838.76,2025-03-08,864.38
9793,Andres Ortiz,Laptop,Norte,62.0,903.3,2025-04-11,1223.96
8974,Ricardo Vargas,Laptop,Centro,72.0,348.77,2025-10-08,1509.02
3443,Isabel Guzman,Silla,Norte,30.0,843.79,2024-01-13,1097.15
3356,Miguel Flores,Silla,Sur,45.0,620.43,2024-01-27,1185.76
5936,Jorge Morales,Teclado,Norte,22.0,1053.65,2026-03-04,764.0
9509,Pedro Aguilar,Camara,Sur,25.0,1412.35,2024-08-05,1043.66
9986,Ana Garcia,Silla,Sur,47.0,866.49,2024-03-16,720.19
1776,Maria Lopez,Escritorio,Norte,12.0,1122.39,,1464.18
8732,Isabel Guzman,Bocina,Sur,33.0,966.32,2024-01-17,1591.87
3399,Andres Ortiz,Teclado,Norte,38.0,859.12,2026-05-08,623.99
9048,Sofia Torres,Monitor,Sur,24.0,610.03,2024-10-26,1445.06
934,Camila Reyes,Laptop,Centro,40.0,1309.95,2024-01-09,1174.38
6711,Luis Hernandez,Impresora,Norte,31.0,626.67,2024-10-04,1649.11
9603,Isabel Guzman,Bocina,Sur,42.0,891.1,2024-06-01,1751.26
4837,Jorge Morales,Camara,Sur,43.0,1002.74,2024-08-19,1026.14
9918,Daniela Cruz,Laptop,Norte,46.0,1274.11,2026-03-29,1531.23
6782,Jorge Morales,Escritorio,Occidente,31.0,62.05,2026-01-29,1187.21
9031,Paola Rios,Silla,Centro,33.0,509.09,2024-08-04,995.72
9349,Isabel Guzman,Laptop,Sur,62.0,1420.02,2025-03-12,2051.72
4478,Diego Romero,Escritorio,Norte,25.0,1171.27,2024-08-28,1289.37
8402,Camila Reyes,Bocina,Norte,38.0,311.99,2025-03-13,784.22
1615,Jorge Morales,Mouse,Sur,24.0,1083.35,2024-07-20,1215.18
7073,Paola Rios,Camara,Centro,28.0,1223.33,2025-01-08,1522.26
5503,Pedro Aguilar,Laptop,Centro,42.0,446.98,2024-12-21,1692.48
427,Sofia Torres,Bocina,Occidente,51.0,703.62,2024-05-26,1529.19
1704,Laura Sanchez,Monitor,Sur,33.0,658.39,2026-04-23,1534.5
3635,Carlos Ramirez,Mouse,Sur,235.0,1009.95,2025-07-01,2039.36
7333,Alejandro Diaz,Silla,Occidente,15.0,772.38,2025-08-08,1869.41
7744,Jorge Morales,Mouse,Centro,43.0,582.24,2024-03-19,1001.23
2164,Ana Garcia,Bocina,Centro,36.0,1085.56,2026-03-22,1099.65
3291,Sofia Torres,Bocina,Sin Especificar,14.0,819.86,2026-05-04,1717.07
1327,Valeria Mendoza,Impresora,Centro,35.0,712.04,2024-10-11,1165.76
5031,Sofia Torres,Impresora,Centro,42.0,1355.22,2026-02-17,1234.42
464,Valeria Mendoza,Laptop,Occidente,15.0,900.26,2026-01-08,1258.15
2312,Daniela Cruz,Mouse,Norte,41.0,1021.3,2025-11-12,1574.28
4473,Sofia Torres,Silla,Sur,14.0,683.33,2024-07-07,1074.59
6842,Fernanda Castro,Mouse,Sur,36.0,1059.58,2024-08-24,2254.2
7816,Ricardo Vargas,Camara,Sur,51.0,657.45,2025-08-28,1859.4
5177,Pedro Aguilar,Monitor,Centro,38.0,837.98,2024-05-12,1365.03
6420,Camila Reyes,Laptop,Norte,34.0,472.65,2025-08-30,1486.47
8056,Diego Romero,Monitor,Occidente,29.0,592.46,2025-06-23,1764.1
6037,Miguel Flores,Tablet,Centro,38.0,920.43,2024-12-20,1858.5
5554,Jose Martinez,Camara,Sur,38.0,1311.6,2025-07-02,1116.7
3336,Ana Garcia,Escritorio,Norte,38.0,1019.5,2026-03-03,1593.36
9990,Daniela Cruz,Monitor,Sur,33.0,311.54,2025-03-05,809.85
6625,Miguel Flores,Tablet,Norte,34.0,996.05,2025-08-05,1517.87
6090,Valeria Mendoza,Escritorio,Occidente,33.0,548.6,2025-08-31,1748.43
6796,Ana Garcia,Monitor,Centro,33.0,833.245,,1510.98
9906,Diego Romero,Monitor,Occidente,29.0,753.78,2025-09-15,1784.77
6176,Valeria Mendoza,Tablet,Sur,49.0,1123.53,2025-09-06,788.96
2121,Paola Rios,Silla,Centro,56.0,1112.95,2026-01-17,1654.2
399,Alejandro Diaz,Silla,Norte,38.0,1077.04,2024-09-27,1224.38
1985,Ricardo Vargas,Tablet,Occidente,52.0,717.72,2025-07-31,1162.62
7596,Ricardo Vargas,Camara,Norte,38.0,918.9,2024-07-05,954.39
4547,Miguel Flores,Camara,Sur,23.0,1020.35,2025-05-30,1229.3
2963,Daniela Cruz,Tablet,Sur,26.0,451.81,2024-05-15,1257.23
8404,Jose Martinez,Mouse,Centro,52.0,564.61,2024-09-10,1619.94
7048,Sofia Torres,Camara,Occidente,64.0,791.07,2025-09-22,1013.98
136,Luis Hernandez,Camara,Norte,37.0,743.9,2025-05-05,1074.6
9660,Luis Hernandez,Silla,Occidente,43.0,296.61,2024-06-19,1937.09
8355,Diego Romero,Tablet,Centro,49.0,894.06,2026-10-06,653.42
231,Ricardo Vargas,Camara,Occidente,41.0,1086.99,2024-06-07,828.36
2742,Camila Reyes,Tablet,Sur,24.0,848.53,2025-06-22,1119.25
7622,Jorge Morales,Bocina,Sur,21.0,1043.71,2024-09-29,1614.28
6148,Carlos Ramirez,Mouse,Norte,24.0,980.71,2024-01-05,820.88
7292,Carlos Ramirez,Bocina,Sur,32.0,1003.5,2024-10-16,898.84
4750,Carlos Ramirez,Impresora,Sur,17.0,746.08,2025-03-21,777.31
7250,Camila Reyes,Mouse,Norte,42.0,1215.63,2025-07-08,1019.51
1948,Jorge Morales,Silla,Occidente,32.0,377.94,,1172.85
7396,Laura Sanchez,Camara,Sur,38.0,829.105,2025-09-26,1393.57
2016,Maria Lopez,Impresora,Sur,41.0,670.34,2026-04-14,1216.27
2856,Paola Rios,Laptop,Norte,20.0,890.01,2025-06-28,1377.31
9835,Diego Romero,Laptop,Centro,59.0,1260.75,2026-03-16,984.07
965,Laura Sanchez,Mouse,Occidente,46.0,819.92,2025-07-23,1344.26
9708,Andres Ortiz,Tablet,Occidente,39.0,1014.82,2024-12-30,1494.59
7067,Alejandro Diaz,Camara,Occidente,28.0,1142.94,2025-07-28,1471.1
7104,Sofia Torres,Silla,Occidente,31.0,894.22,2025-11-07,1488.37
6311,Maria Lopez,Silla,Sur,44.0,1052.95,2024-05-28,1895.88
1941,Isabel Guzman,Camara,Norte,46.0,1634.42,2024-12-07,1268.64
4864,Diego Romero,Silla,Centro,43.0,1526.88,2026-01-28,1394.51
158,Ricardo Vargas,Tablet,Centro,32.0,1078.18,2025-04-05,927.84
8255,Jorge Morales,Tablet,Sur,18.0,670.52,2024-11-27,1262.96
8162,Ana Garcia,Mouse,Occidente,37.0,1512.8,2025-03-10,1089.32
8773,Ana Garcia,Teclado,Sur,21.0,635.61,2024-04-03,1065.54
8373,Miguel Flores,Mouse,Centro,50.0,1297.06,2024-04-03,1539.34
962,Carlos Ramirez,Tablet,Norte,44.0,838.68,2024-09-28,1808.07
1241,Diego Romero,Monitor,Occidente,29.0,119.93,2026-04-26,1846.32
5640,Pedro Aguilar,Bocina,Centro,22.0,1297.42,2024-09-06,1776.72
3512,Ana Garcia,Escritorio,Norte,39.0,574.1,2025-03-21,1393.21
980,Alejandro Diaz,Laptop,Centro,46.0,735.72,2024-06-01,1345.11
8837,Ana Garcia,Escritorio,Occidente,29.0,832.48,,1460.53
3806,Camila Reyes,Laptop,Centro,44.0,974.27,2026-03-25,1638.52
3113,Isabel Guzman,Monitor,Centro,269.0,946.91,2025-08-27,1769.46
8955,Pedro Aguilar,Tablet,Centro,41.0,1296.76,2024-07-31,1457.28
2345,Sofia Torres,Bocina,Occidente,55.0,840.105,2024-07-29,1164.65
5798,Luis Hernandez,Bocina,Sur,32.0,763.44,2026-05-23,76000.0
6111,Sofia Torres,Bocina,Occidente,42.0,968.32,2025-08-25,1658.44
5825,Andres Ortiz,Monitor,Occidente,36.0,656.33,2024-02-11,1284.82
5695,Luis Hernandez,Silla,Sur,33.0,852.81,2025-07-03,1070.41
9639,Laura Sanchez,Camara,Sur,30.0,1102.62,2024-02-01,1542.87
2191,Andres Ortiz,Monitor,Sur,38.0,587.87,2026-05-15,548.92
4102,Diego Romero,Bocina,Sin Especificar,32.0,438.76,,876.39
954,Andres Ortiz,Monitor,Sin Especificar,62.0,536.41,2026-01-09,1695.47
8513,Ana Garcia,Tablet,Sur,44.0,1190.62,2026-03-16,1598.34
9671,Diego Romero,Tablet,Occidente,31.0,256.28,2025-07-02,910.46
505,Carlos Ramirez,Silla,Centro,38.0,732.19,2024-02-02,1289.18
9141,Camila Reyes,Tablet,Sur,32.0,688.61,2026-01-23,1832.16
5547,Isabel Guzman,Camara,Sur,21.0,829.105,2026-01-24,1305.27
8249,Jose Martinez,Bocina,Occidente,41.0,875.83,2026-05-24,1341.88
4970,Isabel Guzman,Mouse,Occidente,47.0,783.08,2026-03-24,1340.18
4680,Fernanda Castro,Monitor,Sur,43.0,783.68,2026-03-18,1489.1
3015,Isabel Guzman,Camara,Norte,15.0,1364.79,2024-04-12,1763.87
8680,Sofia Torres,Teclado,Norte,27.0,1124.17,2025-02-22,1613.39
8349,Miguel Flores,Impresora,Sur,60.0,694.8,2024-11-04,953.08
4298,Jorge Morales,Impresora,Centro,40.0,472.26,2025-01-28,1406.02
8134,Sofia Torres,Camara,Occidente,26.0,1195.43,2025-02-22,1255.77
4115,Andres Ortiz,Teclado,Sur,41.0,822.475,2025-10-01,1507.19
2637,Camila Reyes,Laptop,Centro,22.0,827.5550000000001,2025-06-20,1512.21
5830,Luis Hernandez,Teclado,Centro,59.0,443.23,2024-08-21,1119.68
8998,Ana Garcia,Bocina,Centro,35.0,1136.13,,1173.98
3523,Jose Martinez,Teclado,Sur,19.0,947.23,2026-02-08,1313.0
2382,Luis Hernandez,Camara,Norte,36.0,829.105,2024-03-25,1819.76
6425,Sofia Torres,Escritorio,Sur,39.0,1075.26,2024-08-02,785.14
7559,Luis Hernandez,Teclado,Centro,47.0,861.77,2024-01-24,1380.61
9061,Diego Romero,Bocina,Sin Especificar,43.0,687.34,2025-11-15,1676.0
8003,Jorge Morales,Bocina,Centro,10.0,778.66,2025-11-26,2225.26
5760,Alejandro Diaz,Tablet,Sur,58.0,857.08,2024-09-06,1862.81
4594,Alejandro Diaz,Camara,Sur,75.0,1318.86,2024-09-21,2160.27
8864,Camila Reyes,Escritorio,Occidente,54.0,916.15,2025-01-03,1926.06
3037,Carlos Ramirez,Silla,Centro,29.0,852.81,2026-02-18,1579.68
6099,Maria Lopez,Laptop,Occidente,24.0,793.43,2025-07-10,1486.46
690,Luis Hernandez,Silla,Norte,44.0,946.97,2025-11-12,1782.51
370,Isabel Guzman,Laptop,Centro,31.0,525.93,2025-07-13,1524.64
9452,Pedro Aguilar,Silla,Sur,36.0,239.53,2025-03-20,1727.41
79,Andres Ortiz,Tablet,Occidente,42.0,635.19,2026-01-28,1663.99
9283,Pedro Aguilar,Impresora,Norte,35.0,826.23,2025-04-11,1915.66
5740,Jose Martinez,Bocina,Sur,31.0,803.38,2026-04-08,1290.8
9857,Ricardo Vargas,Mouse,Occidente,37.0,790.35,,800.25
4328,Camila Reyes,Laptop,Sur,22.0,681.86,2026-04-30,1254.62
2551,Jorge Morales,Impresora,Norte,48.0,443.21,,1597.66
5442,Andres Ortiz,Monitor,Centro,24.0,477.47,2025-08-14,1171.66
9780,Isabel Guzman,Escritorio,Centro,49.0,436.15,2025-08-05,1412.54
4693,Carlos Ramirez,Camara,Sin Especificar,36.0,829.105,2024-02-04,1618.58
6445,Ricardo Vargas,Teclado,Norte,32.0,684.08,2024-01-19,1483.3
8013,Valeria Mendoza,Impresora,Norte,39.0,698.33,2024-03-24,1903.53
4474,Ana Garcia,Bocina,Centro,35.0,717.42,2025-10-09,1316.14
1306,Valeria Mendoza,Monitor,Centro,27.0,206.74,2025-12-08,1470.16
3010,Sofia Torres,Escritorio,Occidente,30.0,479.27,2024-09-19,1904.34
8323,Alejandro Diaz,Teclado,Sur,48.0,789.78,,1627.99
6594,Carlos Ramirez,Impresora,Centro,50.0,690.38,2024-07-05,1430.79
8865,Ana Garcia,Monitor,Centro,49.0,993.41,2026-06-12,1504.04
3083,Andres Ortiz,Impresora,Norte,32.0,542.25,2024-02-02,1581.28
7443,Valeria Mendoza,Mouse,Sur,48.0,812.95,2024-11-08,1914.77
6714,Laura Sanchez,Teclado,Centro,41.0,822.475,2024-05-12,1830.58
2420,Pedro Aguilar,Silla,Norte,34.0,1112.59,2025-01-06,1134.19
1342,Paola Rios,Tablet,Norte,30.0,382.08,2026-04-29,1187.8
4666,Pedro Aguilar,Laptop,Norte,35.0,1347.43,2025-11-19,1108.66
4650,Isabel Guzman,Tablet,Norte,50.0,821.58,2024-03-07,1363.78
384,Ricardo Vargas,Teclado,Centro,30.0,1259.43,,1415.12
6641,Isabel Guzman,Camara,Norte,40.0,829.105,2024-01-23,1687.28
2417,Carlos Ramirez,Tablet,Sur,15.0,297.9,2024-05-22,1863.23
5267,Jose Martinez,Laptop,Sur,20.0,822.9,2024-10-02,1314.66
4658,Diego Romero,Camara,Norte,21.0,1126.33,2025-02-23,1338.2
3802,Laura Sanchez,Bocina,Centro,22.0,610.48,2025-03-02,1710.45
6239,Laura Sanchez,Escritorio,Sur,42.0,631.75,2025-08-09,1278.23
5260,Jose Martinez,Mouse,Sur,49.0,838.34,2026-04-26,1344.25
9116,Miguel Flores,Impresora,Occidente,40.0,563.74,2025-12-28,1296.02
2594,Andres Ortiz,Tablet,Occidente,42.0,565.57,2024-03-18,1636.31
1577,Valeria Mendoza,Tablet,Sur,47.0,472.9,2026-04-12,1525.07
8380,Jorge Morales,Bocina,Occidente,21.0,575.16,2025-03-05,1279.13
6151,Laura Sanchez,Laptop,Sur,33.0,865.43,,810.21
8273,Valeria Mendoza,Tablet,Norte,14.0,913.31,2025-08-31,1820.64
4962,Valeria Mendoza,Laptop,Occidente,50.0,1152.71,2025-01-23,1467.5
6970,Diego Romero,Laptop,Occidente,38.0,827.5550000000001,2026-06-09,1535.88
8344,Camila Reyes,Bocina,Sur,40.0,367.91,2025-08-13,1613.68
3930,Laura Sanchez,Tablet,Occidente,48.0,1257.38,,1881.16
7193,Diego Romero,Silla,Centro,31.0,852.81,2024-01-06,1414.98
2781,Isabel Guzman,Bocina,Sur,38.0,594.53,2024-04-20,1237.13
197,Camila Reyes,Teclado,Sur,50.0,784.6,2025-05-10,1438.96
743,Sofia Torres,Camara,Sur,33.0,792.42,2024-04-28,1936.97
9127,Isabel Guzman,Teclado,Centro,39.0,1068.14,2025-07-03,2541.06
6995,Ricardo Vargas,Silla,Occidente,23.0,1047.26,2024-04-29,1390.54
5652,Miguel Flores,Monitor,Centro,25.0,929.23,2026-02-05,953.2
5743,Alejandro Diaz,Laptop,Sur,54.0,803.04,2024-06-11,890.79
956,Ricardo Vargas,Tablet,Norte,34.0,1444.6,2025-02-14,1417.68
8509,Valeria Mendoza,Silla,Sur,57.0,756.19,2024-12-18,1826.62
3455,Carlos Ramirez,Silla,Norte,33.0,852.81,2024-09-09,1253.67
7295,Sofia Torres,Silla,Sur,26.0,395.76,,1528.38
5085,Isabel Guzman,Laptop,Sur,41.0,549.73,2025-11-09,98000.0
7115,Jorge Morales,Escritorio,Sur,35.0,1375.32,2025-04-18,1258.84
6264,Isabel Guzman,Mouse,Norte,34.0,413.4,2024-06-26,2251.52
7319,Jorge Morales,Impresora,Occidente,38.0,852.65,2024-05-10,951.18
6527,Alejandro Diaz,Bocina,Occidente,37.0,577.9,2024-04-29,1351.96
6620,Daniela Cruz,Bocina,Centro,45.0,763.13,2024-05-12,1479.86
7549,Pedro Aguilar,Camara,Norte,53.0,1215.03,2024-08-08,1521.36
8589,Pedro Aguilar,Laptop,Centro,52.0,947.95,2025-06-05,1051.62
1068,Diego Romero,Camara,Centro,45.0,831.65,2026-02-25,1478.33
7453,Miguel Flores,Mouse,Norte,25.0,1328.04,2025-10-01,928.13
6702,Diego Romero,Escritorio,Centro,51.0,486.33,2025-09-16,1162.97
1679,Jorge Morales,Camara,Norte,38.0,1276.68,2026-02-27,1156.02
4602,Pedro Aguilar,Tablet,Centro,18.0,692.41,2024-04-12,2030.68
2630,Ricardo Vargas,Bocina,Norte,27.0,1188.44,2024-09-02,1524.21
761,Diego Romero,Bocina,Norte,56.0,989.86,2025-04-11,1662.13
979,Carlos Ramirez,Monitor,Occidente,48.0,677.73,2025-11-16,1310.95
7164,Luis Hernandez,Escritorio,Centro,33.0,567.76,2025-11-15,1665.23
3114,Alejandro Diaz,Laptop,Norte,23.0,1397.79,2025-11-22,1718.52
5753,Diego Romero,Silla,Occidente,29.0,1825.01,2026-04-21,574.97
6413,Alejandro Diaz,Teclado,Centro,24.0,1018.99,2025-02-02,806.83
3053,Ricardo Vargas,Impresora,Norte,45.0,835.22,2025-11-23,2186.86
1796,Paola Rios,Escritorio,Sur,43.0,1090.37,2026-05-18,1450.31
4169,Ana Garcia,Tablet,Sin Especificar,19.0,888.78,2025-02-28,2237.71
8590,Jorge Morales,Mouse,Occidente,24.0,384.76,2024-11-19,1607.28
5633,Luis Hernandez,Silla,Centro,59.0,1296.27,2024-01-16,1239.2
8186,Valeria Mendoza,Camara,Sur,32.0,939.71,2026-02-26,2006.4
5550,Jorge Morales,Silla,Occidente,30.0,949.42,,1500.36
9353,Isabel Guzman,Laptop,Centro,24.0,1299.17,2024-03-29,1832.77
9356,Miguel Flores,Bocina,Sur,54.0,1053.2,2024-01-18,914.44
1083,Carlos Ramirez,Impresora,Norte,42.0,759.77,2025-04-07,1518.65
8105,Jose Martinez,Mouse,Centro,51.0,1341.9,2025-08-27,1834.61
6560,Daniela Cruz,Teclado,Norte,55.0,666.02,2025-03-07,1726.01
9768,Miguel Flores,Mouse,Norte,36.0,1436.9,2024-10-10,384.94
364,Camila Reyes,Impresora,Occidente,24.0,544.09,2025-06-19,813.57
3713,Fernanda Castro,Tablet,Sur,46.0,901.29,,1758.48
484,Carlos Ramirez,Tablet,Sin Especificar,53.0,709.19,2024-05-25,1443.85
4079,Fernanda Castro,Escritorio,Sur,51.0,823.12,2025-12-05,1585.27
8548,Valeria Mendoza,Mouse,Occidente,41.0,540.5,2026-01-30,1309.3
5542,Fernanda Castro,Mouse,Sur,15.0,425.06,2024-03-17,1394.62
372,Ana Garcia,Impresora,Centro,30.0,912.32,2026-01-06,1806.73
6149,Pedro Aguilar,Silla,Sur,21.0,112.97,2024-08-04,1302.09
7348,Miguel Flores,Escritorio,Centro,47.0,953.23,2025-03-21,1784.11
6792,Paola Rios,Camara,Centro,26.0,829.105,2025-05-20,538.05
4460,Jorge Morales,Impresora,Occidente,31.0,1029.51,2025-08-04,1262.96
3734,Valeria Mendoza,Bocina,Centro,13.0,1017.77,2024-03-19,1259.13
9276,Ricardo Vargas,Teclado,Sur,43.0,776.38,2024-06-30,1497.35
8621,Miguel Flores,Camara,Norte,43.0,764.75,2025-05-13,1262.01
9819,Jorge Morales,Impresora,Occidente,19.0,757.17,2026-04-24,2022.26
5174,Alejandro Diaz,Teclado,Norte,26.0,1724.85,2025-09-17,1474.73
2100,Ricardo Vargas,Escritorio,Norte,45.0,1115.92,2024-11-15,1402.65
4303,Paola Rios,Camara,Norte,27.0,700.8,2024-07-14,985.95
1077,Diego Romero,Silla,Sur,38.0,1344.27,2024-04-29,1470.75
2256,Luis Hernandez,Camara,Norte,42.0,797.68,2025-02-15,892.3
5151,Laura Sanchez,Escritorio,Centro,29.0,966.96,2024-04-10,1431.79
6803,Pedro Aguilar,Impresora,Occidente,35.0,832.62,2025-10-10,1486.03
5226,Isabel Guzman,Escritorio,Occidente,31.0,625.99,2025-04-17,1747.4
9489,Pedro Aguilar,Monitor,Norte,39.0,380.64,2025-10-22,1524.45
2784,Laura Sanchez,Escritorio,Occidente,59.0,987.31,2024-10-06,598.07
8535,Ricardo Vargas,Mouse,Centro,38.0,568.76,2025-11-27,1246.35
8352,Laura Sanchez,Camara,Norte,31.0,805.11,2025-02-23,1264.82
526,Maria Lopez,Bocina,Occidente,21.0,1287.42,2024-04-01,2015.89
1938,Carlos Ramirez,Laptop,Norte,34.0,706.2,2024-05-07,1383.95
1955,Ricardo Vargas,Silla,Occidente,34.0,1188.41,2026-04-10,965.22
2084,Laura Sanchez,Bocina,Occidente,35.0,1050.69,2026-02-08,1481.97
7470,Daniela Cruz,Impresora,Centro,45.0,847.23,2026-05-20,1487.51
1991,Maria Lopez,Laptop,Occidente,33.0,366.52,2024-01-23,1106.02
4537,Isabel Guzman,Teclado,Occidente,37.0,945.18,2025-11-18,1491.28
2279,Carlos Ramirez,Monitor,Norte,34.0,983.31,,1744.86
8623,Maria Lopez,Tablet,Sur,12.0,940.82,2025-03-14,1256.93
5464,Diego Romero,Bocina,Sur,31.0,728.04,2025-10-06,1541.74
20,Jorge Morales,Impresora,Occidente,38.0,697.09,2024-07-19,1178.28
468,Alejandro Diaz,Bocina,Norte,32.0,677.18,2025-11-22,871.84
3746,Isabel Guzman,Escritorio,Norte,29.0,1390.35,2024-04-08,1218.3
1719,Diego Romero,Silla,Norte,31.0,653.66,2026-01-26,1837.3
1037,Ricardo Vargas,Mouse,Centro,34.0,628.46,2024-12-12,1284.7
2379,Diego Romero,Teclado,Norte,38.0,638.35,2024-02-24,1412.74
1235,Luis Hernandez,Mouse,Centro,33.0,770.46,2024-11-20,1163.6
4735,Fernanda Castro,Laptop,Centro,39.0,918.77,2026-02-02,1547.8
9344,Fernanda Castro,Escritorio,Sur,25.0,823.18,2025-09-26,1470.58
5106,Alejandro Diaz,Silla,Occidente,26.0,1036.64,2025-12-09,1732.69
4838,Alejandro Diaz,Escritorio,Sur,49.0,851.62,2025-12-05,1185.27
4440,Isabel Guzman,Tablet,Centro,41.0,439.25,2025-11-04,1628.18
9879,Ana Garcia,Silla,Centro,39.0,865.41,2025-07-15,954.95
2148,Jorge Morales,Teclado,Occidente,37.0,742.23,2024-01-04,752.34
9886,Carlos Ramirez,Bocina,Sur,40.0,594.39,2024-04-02,1589.39
4647,Pedro Aguilar,Impresora,Centro,36.0,1444.33,2024-03-01,1524.85
2853,Miguel Flores,Tablet,Occidente,52.0,480.92,2025-03-15,1292.02
948,Ricardo Vargas,Mouse,Sur,34.0,927.93,2024-09-21,1150.24
6645,Daniela Cruz,Tablet,Sur,26.0,685.4,2025-01-12,1661.03
3448,Maria Lopez,Escritorio,Occidente,31.0,381.97,2024-01-26,1971.2
9554,Valeria Mendoza,Laptop,Sin Especificar,43.0,1502.19,2025-08-24,1569.71
8813,Carlos Ramirez,Teclado,Norte,27.0,1013.45,2026-02-17,1678.75
6147,Jorge Morales,Laptop,Norte,31.0,734.38,2024-08-15,1414.69
1493,Alejandro Diaz,Monitor,Sur,31.0,873.92,2025-10-31,1511.0
2586,Andres Ortiz,Tablet,Centro,27.0,889.32,2025-07-09,1547.06
6614,Sofia Torres,Mouse,Occidente,40.0,1029.59,2024-12-12,1423.38
9327,Maria Lopez,Monitor,Centro,45.0,872.16,2026-01-26,1272.45
6060,Jorge Morales,Tablet,Occidente,36.0,302.81,2024-04-30,1932.47
5795,Fernanda Castro,Escritorio,Norte,68.0,1072.73,2024-07-02,991.86
1524,Ricardo Vargas,Bocina,Centro,30.0,475.38,2024-08-17,1082.6
1626,Isabel Guzman,Silla,Occidente,35.0,1402.37,2025-09-10,1555.39
2449,Laura Sanchez,Teclado,Sin Especificar,34.0,1058.22,2024-10-07,1419.29
3195,Miguel Flores,Silla,Norte,35.0,972.49,2025-02-13,1450.25
3533,Sofia Torres,Escritorio,Centro,20.0,920.72,2026-04-03,1126.97
1337,Fernanda Castro,Monitor,Sur,53.0,371.76,2026-03-22,1361.87
778,Camila Reyes,Silla,Sur,43.0,1084.18,2026-04-14,1525.58
1669,Diego Romero,Silla,Sur,54.0,768.82,2025-05-03,1342.77
5891,Fernanda Castro,Monitor,Centro,31.0,829.39,2025-01-28,1898.42
8479,Jose Martinez,Laptop,Norte,38.0,509.41,2025-12-27,480.0
1433,Diego Romero,Bocina,Centro,60.0,919.41,2024-05-05,1557.61
2426,Valeria Mendoza,Escritorio,Centro,28.0,661.8,2025-02-01,1674.53
4572,Sofia Torres,Camara,Norte,42.0,625.07,2024-09-26,1579.94
2932,Sofia Torres,Monitor,Sin Especificar,45.0,809.41,2025-02-08,2046.45
8701,Pedro Aguilar,Bocina,Norte,59.0,1385.76,,1592.17
8824,Sofia Torres,Tablet,Centro,34.0,1158.5,,1915.76
5440,Alejandro Diaz,Bocina,Centro,44.0,661.29,2026-03-15,1198.69
6350,Camila Reyes,Teclado,Norte,13.0,670.25,2026-02-05,975.81
8328,Carlos Ramirez,Silla,Sur,32.0,666.63,2025-09-27,1843.33
1725,Carlos Ramirez,Bocina,Norte,31.0,619.76,2026-05-06,2241.83
636,Miguel Flores,Escritorio,Occidente,40.0,1047.29,2024-07-31,869.2
2985,Paola Rios,Laptop,Sin Especificar,45.0,532.82,2025-06-02,1590.42
8911,Paola Rios,Bocina,Sur,35.0,1016.76,2024-09-23,1724.5
513,Ricardo Vargas,Impresora,Sur,39.0,686.49,2024-08-27,1093.78
7375,Maria Lopez,Impresora,Centro,31.0,977.88,2026-03-22,1092.65
2687,Miguel Flores,Escritorio,Centro,19.0,721.67,2025-11-07,1127.3
6931,Maria Lopez,Laptop,Occidente,32.0,582.3,2025-01-11,1783.71
8871,Laura Sanchez,Impresora,Norte,31.0,1169.74,2026-04-06,839.87
7699,Ricardo Vargas,Bocina,Centro,18.0,114.78,2024-05-12,1245.67
2437,Pedro Aguilar,Bocina,Centro,43.0,906.56,2026-10-02,1090.0
9454,Daniela Cruz,Teclado,Norte,41.0,1163.29,2024-05-16,1368.12
9601,Ricardo Vargas,Teclado,Occidente,30.0,742.51,,881.56
961,Sofia Torres,Teclado,Norte,48.0,845.0,2024-01-22,1029.68
8288,Luis Hernandez,Mouse,Occidente,37.0,528.53,2024-05-13,1574.2
4385,Isabel Guzman,Camara,Occidente,49.0,833.32,,1644.15
608,Diego Romero,Bocina,Occidente,34.0,1170.13,2025-07-23,1197.7
1432,Carlos Ramirez,Tablet,Occidente,45.0,1506.29,2024-05-24,1712.21
7042,Pedro Aguilar,Impresora,Norte,27.0,669.93,2026-04-23,1376.52
2427,Valeria Mendoza,Tablet,Norte,49.0,1324.23,2025-04-24,1400.03
8448,Laura Sanchez,Mouse,Centro,31.0,640.31,2024-05-08,1580.26
4220,Paola Rios,Mouse,Occidente,45.0,1077.6,2026-05-22,1077.9
9600,Carlos Ramirez,Camara,Sur,27.0,142.05,2025-08-14,1474.86
4195,Laura Sanchez,Tablet,Norte,56.0,1220.28,2026-02-12,787.19
5981,Carlos Ramirez,Tablet,Centro,31.0,860.97,2024-09-02,915.57
5364,Paola Rios,Tablet,Centro,39.0,1065.04,2025-01-18,1802.28
6047,Pedro Aguilar,Teclado,Occidente,55.0,587.63,2024-01-17,1857.46
6257,Luis Hernandez,Monitor,Norte,18.0,1342.94,2024-04-06,1241.35
9281,Sofia Torres,Mouse,Norte,40.0,1162.28,2026-02-22,1213.87
3902,Jorge Morales,Bocina,Sur,41.0,515.72,2026-01-08,1166.86
2127,Paola Rios,Teclado,Sur,28.0,890.63,2024-08-21,1717.64
194,Ana Garcia,Mouse,Norte,53.0,826.06,2025-01-01,1449.19
1605,Isabel Guzman,Silla,Sur,30.0,1006.66,2025-01-14,1197.76
2235,Pedro Aguilar,Teclado,Centro,38.0,790.07,2026-04-14,1584.17
116,Miguel Flores,Teclado,Occidente,38.0,1338.25,2024-11-18,1431.64
4656,Maria Lopez,Monitor,Centro,44.0,1002.43,2025-11-14,1622.68
5641,Camila Reyes,Impresora,Sur,37.0,1342.75,2024-12-11,1158.53
5817,Maria Lopez,Teclado,Centro,36.0,335.72,2025-04-21,1325.71
8319,Andres Ortiz,Teclado,Centro,36.0,680.13,2025-03-09,1378.87
335,Jorge Morales,Escritorio,Occidente,36.0,1280.67,2025-09-13,664.66
8480,Ana Garcia,Monitor,Sur,38.0,547.9,2026-02-06,1267.51
652,Maria Lopez,Mouse,Sur,56.0,648.2,2026-04-21,1192.67
2389,Camila Reyes,Camara,Sur,48.0,889.11,2025-09-30,1667.28
2124,Carlos Ramirez,Camara,Centro,39.0,725.21,2025-05-17,1520.84
7129,Paola Rios,Bocina,Norte,28.0,538.12,2024-10-22,1874.17
6619,Camila Reyes,Tablet,Centro,53.0,1391.9,2024-04-05,1732.02
8748,Daniela Cruz,Escritorio,Occidente,37.0,1278.12,2024-02-24,1925.49
7813,Alejandro Diaz,Camara,Sur,42.0,759.33,2024-01-17,2060.05
5293,Andres Ortiz,Monitor,Occidente,52.0,602.21,2024-05-15,948.09
3229,Valeria Mendoza,Tablet,Centro,54.0,780.77,,1442.35
7801,Ricardo Vargas,Escritorio,Sur,49.0,1144.09,2026-04-05,2096.37
6377,Jorge Morales,Laptop,Occidente,19.0,345.45,2024-04-15,1609.38
7371,Valeria Mendoza,Monitor,Norte,41.0,82.65,2025-06-29,1365.33
7684,Andres Ortiz,Camara,Centro,21.0,238.48,,1438.29
2845,Jorge Morales,Monitor,Occidente,35.0,535.27,2024-08-28,1743.14
3492,Ricardo Vargas,Bocina,Norte,31.0,840.105,2026-06-16,1367.45
6739,Alejandro Diaz,Camara,Norte,45.0,835.13,2026-01-28,1364.34
5264,Diego Romero,Silla,Centro,43.0,918.22,2025-08-27,1002.39
801,Pedro Aguilar,Silla,Occidente,44.0,430.04,2026-02-20,700.15
2002,Alejandro Diaz,Mouse,Occidente,19.0,922.25,2026-02-05,1416.19
7669,Pedro Aguilar,Laptop,Sur,15.0,738.76,2024-01-21,2296.79
9433,Ricardo Vargas,Bocina,Centro,36.0,1089.05,2025-08-25,758.76
8828,Laura Sanchez,Mouse,Norte,54.0,782.74,2026-02-26,1557.56
3636,Ricardo Vargas,Bocina,Sur,48.0,794.7,2025-10-13,1213.15
7656,Daniela Cruz,Bocina,Centro,38.0,753.8,2024-02-29,1059.01
928,Sofia Torres,Tablet,Norte,56.0,507.68,2025-02-28,1317.0
1310,Jorge Morales,Monitor,Occidente,45.0,677.09,2025-04-21,1711.52
1352,Camila Reyes,Teclado,Occidente,31.0,706.95,2026-05-10,1117.2
1346,Maria Lopez,Mouse,Occidente,44.0,506.17,2024-01-21,1729.19
8177,Valeria Mendoza,Tablet,Centro,43.0,577.47,2026-02-23,919.54
8419,Luis Hernandez,Escritorio,Centro,42.0,751.1,2026-05-29,1272.02
2502,Alejandro Diaz,Teclado,Centro,23.0,1115.02,2024-09-04,1478.11
7939,Miguel Flores,Silla,Norte,36.0,1446.94,2024-03-16,1164.52
5444,Pedro Aguilar,Monitor,Norte,32.0,1374.0,2024-02-16,1228.5
9690,Jorge Morales,Monitor,Sur,26.0,1124.7,2026-01-09,1137.73
4120,Daniela Cruz,Tablet,Sur,16.0,838.68,,1859.78
2575,Alejandro Diaz,Laptop,Norte,34.0,1000.09,2026-01-13,1445.51
4408,Luis Hernandez,Mouse,Norte,29.0,1084.29,2024-09-09,1398.09
1803,Laura Sanchez,Silla,Centro,31.0,729.24,2025-03-12,1117.38
9218,Camila Reyes,Camara,Centro,15.0,460.18,2026-05-24,1889.12
4034,Miguel Flores,Tablet,Centro,42.0,854.63,,1349.44
7069,Ana Garcia,Mouse,Centro,297.0,174.33,2025-11-18,1190.39
7673,Alejandro Diaz,Monitor,Norte,51.0,556.98,2024-07-21,1650.77
6794,Luis Hernandez,Mouse,Occidente,16.0,800.12,2024-05-05,1488.31
2890,Laura Sanchez,Impresora,Occidente,22.0,655.89,2025-06-19,1524.38
1228,Daniela Cruz,Escritorio,Sur,29.0,1303.74,,1663.88
6938,Ricardo Vargas,Impresora,Sur,39.0,942.12,2026-01-31,1354.98
4055,Valeria Mendoza,Mouse,Occidente,26.0,684.61,2025-03-26,1585.95
6712,Diego Romero,Impresora,Sur,35.0,826.23,2025-03-03,1607.37
4067,Alejandro Diaz,Camara,Sur,28.0,829.105,2026-03-15,1178.05
8873,Miguel Flores,Mouse,Sur,39.0,990.7,2024-10-21,1816.82
2453,Camila Reyes,Mouse,Centro,32.0,729.86,2025-03-22,1114.89
4905,Maria Lopez,Silla,Centro,46.0,852.81,2025-04-06,935.56
7958,Maria Lopez,Mouse,Sur,49.0,985.54,2024-02-27,925.8
6766,Pedro Aguilar,Laptop,Occidente,31.0,390.5,2024-03-11,1446.44
2698,Luis Hernandez,Silla,Occidente,51.0,871.84,2024-02-20,1934.8
4871,Valeria Mendoza,Tablet,Norte,38.0,1061.29,2024-05-25,1174.45
1423,Ricardo Vargas,Silla,Centro,38.0,1174.98,2025-01-15,1365.41
49,Daniela Cruz,Tablet,Occidente,61.0,496.51,2024-06-04,1273.43
8080,Alejandro Diaz,Bocina,Centro,26.0,1041.74,2026-01-03,1296.23
6325,Fernanda Castro,Tablet,Norte,30.0,627.2,2024-08-25,1535.71
6291,Carlos Ramirez,Teclado,Centro,38.0,889.42,2024-07-15,1646.78
5491,Carlos Ramirez,Tablet,Sin Especificar,34.0,871.59,2026-02-18,293.49
4206,Maria Lopez,Silla,Sur,42.0,1010.43,2025-08-21,1561.01
6015,Alejandro Diaz,Teclado,Centro,40.0,50.0,2025-05-26,1319.35
7764,Paola Rios,Laptop,Occidente,42.0,974.25,2026-04-10,1636.63
6911,Carlos Ramirez,Laptop,Centro,43.0,1013.25,2024-09-03,1242.1
8425,Ricardo Vargas,Escritorio,Occidente,32.0,660.93,2024-03-06,1177.77
417,Isabel Guzman,Teclado,Sin Especificar,25.0,186.65,2026-03-29,1991.51
5117,Luis Hernandez,Escritorio,Sin Especificar,35.0,1254.74,2024-04-18,1519.01
694,Alejandro Diaz,Silla,Occidente,30.0,844.29,2025-11-22,1697.48
2459,Diego Romero,Monitor,Centro,21.0,833.245,2024-02-20,1368.75
1426,Paola Rios,Escritorio,Occidente,47.0,1036.14,,1136.92
7307,Diego Romero,Silla,Sur,25.0,727.46,2024-08-31,1425.93
5535,Camila Reyes,Impresora,Centro,26.0,718.1,2025-04-25,1742.72
6112,Ana Garcia,Bocina,Norte,39.0,1008.02,2026-03-23,1579.44
5905,Miguel Flores,Escritorio,Occidente,37.0,199.86,2024-12-12,1910.22
9118,Jorge Morales,Camara,Occidente,39.0,954.56,2025-04-09,2052.54
6630,Alejandro Diaz,Camara,Sur,24.0,919.18,2024-05-04,1765.85
4794,Ana Garcia,Laptop,Norte,32.0,1024.89,2024-04-26,1025.14
3009,Sofia Torres,Camara,Sur,21.0,351.94,2025-05-31,847.29
3293,Pedro Aguilar,Escritorio,Occidente,38.0,315.55,2025-02-16,1419.78
8542,Carlos Ramirez,Silla,Sur,20.0,493.13,2024-10-13,1857.43
5419,Sofia Torres,Tablet,Norte,33.0,1317.18,2025-09-24,1828.52
2764,Laura Sanchez,Laptop,Occidente,34.0,496.07,2025-12-06,1412.75
604,Jose Martinez,Impresora,Occidente,17.0,612.37,2025-06-23,2118.18
6435,Sofia Torres,Laptop,Centro,21.0,1152.51,2024-08-02,1288.8
1460,Sofia Torres,Escritorio,Norte,53.0,1096.78,2024-05-19,1676.87
3857,Alejandro Diaz,Silla,Sur,52.0,1311.2,2026-02-20,967.23
6031,Carlos Ramirez,Laptop,Sin Especificar,27.0,1092.02,2025-11-18,1112.9
6534,Alejandro Diaz,Camara,Sur,47.0,384.65,2024-08-21,1983.99
1472,Jorge Morales,Mouse,Sur,47.0,1100.36,2025-02-14,1160.28
9007,Daniela Cruz,Silla,Occidente,38.0,485.0,2025-02-27,829.65
9134,Diego Romero,Silla,Occidente,66.0,607.3,2026-05-24,1270.34
9522,Valeria Mendoza,Silla,Sur,33.0,491.68,2024-12-31,1269.72
8439,Andres Ortiz,Mouse,Norte,72.0,1181.75,2025-02-20,1593.33
4399,Valeria Mendoza,Mouse,Occidente,34.0,862.03,2024-06-16,1277.16
3136,Camila Reyes,Silla,Centro,36.0,968.89,2024-08-12,1358.79
2554,Daniela Cruz,Laptop,Occidente,46.0,844.95,2024-02-29,1541.1
1578,Luis Hernandez,Bocina,Sur,41.0,1106.87,2025-03-30,957.2
9543,Luis Hernandez,Bocina,Norte,44.0,658.65,2024-10-18,1006.31
8362,Andres Ortiz,Silla,Sur,41.0,1010.83,2026-02-15,1780.62
8988,Isabel Guzman,Escritorio,Sur,38.0,1445.27,2024-01-28,985.55
3973,Camila Reyes,Tablet,Occidente,52.0,603.92,2024-12-05,1609.19
5068,Luis Hernandez,Monitor,Sur,37.0,819.46,2024-05-26,943.95
9056,Andres Ortiz,Monitor,Centro,29.0,930.67,2025-06-13,943.21
105,Maria Lopez,Teclado,Centro,18.0,586.96,2024-08-22,786.05
5194,Daniela Cruz,Impresora,Sur,48.0,907.42,2024-01-10,1940.58
183,Pedro Aguilar,Camara,Norte,36.0,639.99,2025-06-08,894.44
6513,Pedro Aguilar,Laptop,Occidente,12.0,993.62,2024-06-01,908.59
1691,Alejandro Diaz,Camara,Norte,27.0,630.76,2025-03-22,1579.08
1329,Diego Romero,Mouse,Centro,50.0,898.1,2026-05-03,1596.8
881,Diego Romero,Impresora,Sur,56.0,1017.71,2024-05-04,1384.87
7460,Isabel Guzman,Bocina,Centro,38.0,1137.97,2026-03-07,1030.99
6914,Isabel Guzman,Mouse,Sur,42.0,749.6,2024-01-24,1737.28
3033,Pedro Aguilar,Tablet,Sin Especificar,34.0,704.59,2025-08-08,1046.36
3052,Luis Hernandez,Laptop,Centro,7.0,1014.86,2024-03-20,1173.32
5029,Pedro Aguilar,Laptop,Centro,51.0,942.88,2024-01-08,933.72
9328,Ricardo Vargas,Impresora,Centro,17.0,755.3,2026-05-23,969.74
6929,Valeria Mendoza,Mouse,Norte,37.0,418.33,2025-05-15,1074.83
732,Paola Rios,Mouse,Centro,39.0,1083.34,,1466.4
5341,Fernanda Castro,Teclado,Occidente,16.0,784.44,2024-12-29,1649.65
8964,Paola Rios,Monitor,Centro,19.0,664.47,2024-01-14,904.65
7529,Ana Garcia,Mouse,Norte,41.0,864.3,2024-11-30,1142.3
4829,Laura Sanchez,Tablet,Sur,47.0,838.68,2025-10-06,1509.9
6027,Miguel Flores,Mouse,Norte,26.0,758.94,2025-10-19,893.09
1606,Camila Reyes,Bocina,Occidente,32.0,797.77,2026-08-01,1370.02
5471,Camila Reyes,Laptop,Sur,41.0,603.63,2026-01-04,1564.61
8463,Maria Lopez,Impresora,Occidente,40.0,1122.77,2025-02-19,993.56
4387,Carlos Ramirez,Silla,Sur,32.0,943.12,2024-06-19,1348.87
8335,Pedro Aguilar,Impresora,Norte,17.0,1000.41,2025-12-31,1327.0
1105,Jorge Morales,Tablet,Sin Especificar,37.0,429.41,2024-03-17,1266.04
9546,Ricardo Vargas,Teclado,Centro,35.0,526.24,2024-08-11,1536.96
8486,Daniela Cruz,Laptop,Sur,39.0,906.85,2025-04-24,1164.71
838,Andres Ortiz,Impresora,Sur,54.0,769.63,2025-02-18,1768.96
6942,Miguel Flores,Mouse,Occidente,7.0,665.78,2024-02-27,1092.0
2298,Luis Hernandez,Impresora,Norte,54.0,562.88,2025-07-09,1663.11
1701,Ricardo Vargas,Camara,Norte,29.0,1047.34,2025-09-27,1320.32
4936,Ana Garcia,Monitor,Centro,38.0,989.7,2024-05-06,1096.88
2088,Jorge Morales,Camara,Occidente,53.0,1224.04,2026-02-19,1003.34
4507,Andres Ortiz,Laptop,Centro,42.0,913.25,2025-01-25,1034.9
1538,Diego Romero,Monitor,Centro,40.0,750.54,2026-04-01,1230.6
4611,Ricardo Vargas,Escritorio,Norte,35.0,717.21,2024-10-15,1402.19
1732,Ana Garcia,Mouse,Occidente,49.0,1125.2,2024-08-16,1012.91
8961,Ricardo Vargas,Monitor,Sur,43.0,778.64,2025-03-27,1689.62
677,Carlos Ramirez,Escritorio,Centro,32.0,832.48,2025-01-05,1570.75
3220,Carlos Ramirez,Camara,Norte,25.0,50.0,2024-11-24,1870.53
4301,Sofia Torres,Impresora,Sur,28.0,1460.48,2025-06-14,1507.93
3824,Miguel Flores,Monitor,Sur,45.0,833.245,2025-08-28,1212.75
2967,Laura Sanchez,Escritorio,Occidente,34.0,838.43,2024-06-18,1428.24
4651,Alejandro Diaz,Bocina,Centro,36.0,717.56,2025-08-28,125000.0
1748,Isabel Guzman,Escritorio,Centro,43.0,203.18,2024-07-16,1339.82
1713,Jorge Morales,Impresora,Sur,48.0,476.33,2025-07-30,1468.03
2077,Daniela Cruz,Silla,Centro,35.0,1165.66,2024-03-04,1067.12
5812,Diego Romero,Bocina,Occidente,54.0,820.95,2025-12-15,902.49
1528,Ana Garcia,Teclado,Occidente,47.0,822.475,2025-07-18,1428.41
5145,Daniela Cruz,Bocina,Occidente,56.0,840.105,2026-03-13,1444.45
1284,Diego Romero,Teclado,Occidente,44.0,983.1,2024-12-09,1537.94
3025,Maria Lopez,Laptop,Centro,32.0,613.92,2024-10-15,1180.97
5652,Miguel Flores,Monitor,Centro,25.0,929.23,2026-02-05,954.09
1922,Daniela Cruz,Escritorio,Norte,44.0,1069.54,2025-07-31,1058.29
3940,Andres Ortiz,Teclado,Norte,32.0,1002.04,2025-11-18,2009.36
2758,Pedro Aguilar,Silla,Norte,23.0,684.45,2025-11-10,939.82
5922,Laura Sanchez,Monitor,Occidente,28.0,1201.98,2024-06-07,1157.39
2826,Camila Reyes,Mouse,Sur,46.0,1154.83,2024-01-28,1127.06
9280,Camila Reyes,Bocina,Sur,38.0,1265.71,2026-01-05,1474.95
6681,Valeria Mendoza,Silla,Centro,33.0,535.3,2024-02-26,980.37
2608,Paola Rios,Bocina,Centro,44.0,511.63,2024-11-13,1753.48
1370,Luis Hernandez,Impresora,Occidente,26.0,588.35,2026-08-01,1869.99
2854,Laura Sanchez,Tablet,Norte,37.0,123.9,2026-06-06,1567.18
5233,Valeria Mendoza,Camara,Occidente,37.0,829.105,2025-05-19,1698.54
1529,Carlos Ramirez,Escritorio,Sur,30.0,1321.19,2025-09-23,1270.56
4483,Luis Hernandez,Laptop,Centro,35.0,790.76,2026-04-06,1235.56
5858,Miguel Flores,Escritorio,Norte,43.0,538.2,2024-08-28,1712.07
3218,Daniela Cruz,Escritorio,Sur,22.0,1156.12,2024-02-23,1575.43
9525,Valeria Mendoza,Silla,Sur,48.0,771.53,2026-03-12,1925.96
2046,Miguel Flores,Impresora,Norte,22.0,1409.28,2024-11-01,1176.98
7626,Alejandro Diaz,Impresora,Centro,61.0,465.1,2025-10-21,1605.87
343,Laura Sanchez,Impresora,Sur,38.0,860.97,2024-02-16,1738.81
1890,Maria Lopez,Escritorio,Norte,26.0,1203.2,2025-05-06,1286.23
391,Maria Lopez,Silla,Sur,23.0,1002.77,2024-05-21,1411.51
6726,Alejandro Diaz,Escritorio,Sin Especificar,284.0,832.48,2024-09-16,1753.19
8604,Jose Martinez,Escritorio,Sur,47.0,997.43,2025-07-07,1385.94
610,Valeria Mendoza,Teclado,Centro,49.0,854.29,2024-07-24,1570.91
1454,Camila Reyes,Silla,Centro,25.0,868.47,2025-08-07,1460.75
1039,Miguel Flores,Camara,Norte,43.0,460.99,2026-03-30,1904.98
9161,Alejandro Diaz,Bocina,Centro,11.0,1336.36,2026-03-02,818.51
8552,Pedro Aguilar,Camara,Norte,34.0,812.95,2025-10-30,1955.36
1450,Laura Sanchez,Camara,Occidente,47.0,1177.26,2024-07-26,1209.47
2938,Andres Ortiz,Laptop,Sur,50.0,1025.66,2024-09-22,1420.18
1772,Laura Sanchez,Bocina,Occidente,21.0,875.89,2025-10-28,1672.95
6546,Camila Reyes,Camara,Centro,33.0,475.39,2024-04-12,1322.95
8517,Camila Reyes,Silla,Centro,49.0,536.53,2024-05-31,1259.9
5377,Pedro Aguilar,Impresora,Centro,56.0,1087.68,2025-05-25,1973.67
405,Laura Sanchez,Laptop,Norte,36.0,827.5550000000001,2026-06-13,2034.67
6621,Jorge Morales,Tablet,Centro,38.0,524.56,2025-10-23,1533.8
6562,Jorge Morales,Tablet,Centro,47.0,927.49,2024-10-18,1599.13
1622,Isabel Guzman,Escritorio,Sur,46.0,832.48,2024-10-02,1467.0
5250,Paola Rios,Monitor,Centro,42.0,1001.14,2024-01-10,970.47
9342,Paola Rios,Laptop,Centro,33.0,909.84,2024-05-22,1508.04
6919,Ana Garcia,Tablet,Centro,40.0,768.59,2024-09-09,963.04
2636,Laura Sanchez,Camara,Occidente,37.0,1044.81,2025-08-17,1597.41
9346,Carlos Ramirez,Escritorio,Norte,26.0,951.27,2024-03-19,1256.19
9630,Pedro Aguilar,Teclado,Sur,32.0,1177.64,2024-06-30,614.64
8798,Ana Garcia,Tablet,Sur,20.0,867.46,2024-03-09,1160.02
133,Luis Hernandez,Tablet,Occidente,35.0,1271.28,2026-10-02,862.66
4468,Ana Garcia,Teclado,Sur,48.0,1103.79,2024-06-06,1221.97
362,Isabel Guzman,Laptop,Norte,36.0,1022.07,2024-05-27,1489.86
6466,Miguel Flores,Escritorio,Sur,24.0,948.01,2024-03-23,1167.4
329,Valeria Mendoza,Bocina,Sur,64.0,706.36,2025-11-03,1498.68
7779,Alejandro Diaz,Tablet,Sur,44.0,618.21,2026-01-27,1845.95
8082,Ricardo Vargas,Tablet,Occidente,62.0,1227.9,2025-12-28,1498.05
4062,Diego Romero,Mouse,Centro,49.0,1143.92,2025-05-05,1022.47
1381,Pedro Aguilar,Escritorio,Sur,21.0,1085.19,2025-07-29,1191.34
2605,Carlos Ramirez,Silla,Centro,24.0,1318.53,2025-01-12,1515.19
4374,Alejandro Diaz,Teclado,Occidente,47.0,1007.7,2025-08-06,1283.81
168,Jose Martinez,Mouse,Sin Especificar,35.0,598.0,2025-07-23,1465.04
5271,Fernanda Castro,Monitor,Norte,31.0,279.45,2024-01-19,1153.59
2695,Maria Lopez,Monitor,Occidente,42.0,906.36,2026-05-14,997.2
8443,Camila Reyes,Teclado,Norte,43.0,1258.71,2024-07-30,1038.22
2344,Diego Romero,Camara,Centro,49.0,1165.35,2024-09-30,1546.12
1959,Diego Romero,Escritorio,Occidente,52.0,488.46,2025-02-23,1710.64
4170,Ana Garcia,Bocina,Sur,41.0,1266.17,2024-08-31,1167.74
9829,Daniela Cruz,Mouse,Sin Especificar,35.0,1046.25,2024-02-25,1491.25
7446,Sofia Torres,Mouse,Norte,27.0,490.39,2024-02-12,1186.63
2497,Andres Ortiz,Silla,Sur,5.0,1294.24,2025-02-19,1343.54
8617,Isabel Guzman,Bocina,Occidente,32.0,59.42,2024-06-22,1107.36
6411,Andres Ortiz,Tablet,Occidente,37.0,578.04,2025-06-15,1716.03
1700,Luis Hernandez,Escritorio,Centro,66.0,551.73,2024-03-26,1193.39
4458,Andres Ortiz,Bocina,Norte,46.0,1555.84,2026-02-12,1348.68
5567,Valeria Mendoza,Mouse,Occidente,51.0,712.27,2024-07-01,1255.18
6236,Miguel Flores,Bocina,Sur,21.0,826.46,2026-03-06,1346.58
3531,Jose Martinez,Mouse,Centro,53.0,819.92,2025-05-10,1431.34
723,Carlos Ramirez,Tablet,Sur,29.0,486.55,2024-07-17,1367.07
8079,Ana Garcia,Teclado,Sur,26.0,1296.3,2025-01-28,1170.67
5414,Laura Sanchez,Camara,Centro,59.0,1079.46,,1276.95
2751,Ana Garcia,Silla,Occidente,20.0,1381.29,2026-02-05,1023.79
5656,Fernanda Castro,Monitor,Centro,34.0,732.43,2024-11-10,913.99
3914,Camila Reyes,Camara,Sur,35.0,924.81,2024-04-18,1888.23
2163,Maria Lopez,Escritorio,Sur,41.0,583.25,2024-10-03,1234.75
9766,Andres Ortiz,Tablet,Sur,38.0,1339.47,2026-01-27,911.96
5252,Jorge Morales,Escritorio,Centro,45.0,612.43,,1164.49
8665,Valeria Mendoza,Mouse,Norte,37.0,344.62,2025-09-08,1160.99
2986,Daniela Cruz,Tablet,Sur,37.0,967.85,2025-01-20,1470.81
6675,Jose Martinez,Mouse,Norte,44.0,1090.53,2024-05-24,1126.17
8251,Pedro Aguilar,Teclado,Centro,39.0,718.84,2026-03-15,1847.42
7135,Carlos Ramirez,Tablet,Occidente,38.0,848.48,2025-04-16,1443.4
6924,Sofia Torres,Impresora,Occidente,46.0,493.44,2024-01-07,1069.43
6971,Fernanda Castro,Tablet,Occidente,35.0,915.44,2024-08-16,1484.93
8383,Andres Ortiz,Silla,Centro,65.0,1049.63,2026-09-03,1299.89
8190,Daniela Cruz,Monitor,Norte,43.0,1097.75,2024-09-05,1693.67
9841,Paola Rios,Teclado,Sur,58.0,1274.62,2026-03-27,2058.97
8059,Alejandro Diaz,Impresora,Centro,33.0,785.5,2026-03-25,972.9
756,Paola Rios,Mouse,Sin Especificar,45.0,673.62,2025-09-22,1524.22
316,Miguel Flores,Laptop,Sur,27.0,996.44,2025-10-20,1559.87
9736,Diego Romero,Tablet,Sur,57.0,1086.88,2025-11-07,1945.4
2651,Laura Sanchez,Teclado,Centro,32.0,1428.42,2026-05-06,1571.54
7765,Laura Sanchez,Camara,Centro,38.0,599.74,2024-09-08,1199.0
215,Carlos Ramirez,Bocina,Centro,26.0,697.88,2026-04-23,1350.58
2257,Luis Hernandez,Camara,Occidente,44.0,829.105,2025-07-07,1728.26
5425,Luis Hernandez,Camara,Occidente,32.0,970.44,2024-06-10,1132.64
2137,Camila Reyes,Mouse,Norte,37.0,1030.3,2025-03-19,1723.0
6806,Alejandro Diaz,Camara,Occidente,5.0,568.81,2025-12-15,1274.12
2174,Ana Garcia,Teclado,Norte,39.0,1168.17,2025-06-16,1583.11
3939,Alejandro Diaz,Bocina,Norte,45.0,503.69,2026-02-17,1250.58
4755,Maria Lopez,Tablet,Occidente,47.0,628.7,2026-02-20,1427.24
4664,Pedro Aguilar,Laptop,Sur,45.0,632.67,2024-01-17,1048.65
6666,Maria Lopez,Monitor,Centro,43.0,979.22,2024-05-23,1740.27
8360,Laura Sanchez,Laptop,Occidente,23.0,718.38,2024-08-28,1865.52
9726,Isabel Guzman,Tablet,Occidente,21.0,606.22,2025-04-09,1449.17
4433,Daniela Cruz,Impresora,Centro,36.0,1120.57,2025-08-15,1584.5
1510,Maria Lopez,Bocina,Centro,27.0,837.22,2025-12-18,1711.51
1309,Alejandro Diaz,Monitor,Centro,41.0,745.31,2024-07-03,1133.64
747,Pedro Aguilar,Impresora,Centro,47.0,862.34,2025-09-19,1506.88
1304,Laura Sanchez,Laptop,Norte,37.0,791.24,2025-02-05,1407.64
5877,Daniela Cruz,Escritorio,Sur,46.0,663.89,2025-07-09,1332.05
9995,Camila Reyes,Escritorio,Occidente,50.0,772.46,2026-05-04,1015.55
5418,Jose Martinez,Bocina,Sur,28.0,803.35,2025-01-11,1796.94
9321,Daniela Cruz,Camara,Sur,55.0,980.72,2025-06-03,908.38
1887,Miguel Flores,Silla,Norte,47.0,1049.92,2024-06-06,1593.35
8924,Maria Lopez,Monitor,Sur,3.0,624.85,,1606.02
7636,Jose Martinez,Camara,Sur,40.0,678.22,2026-05-19,1807.87
2495,Camila Reyes,Teclado,Norte,26.0,1196.48,2025-03-13,1602.89
8091,Paola Rios,Laptop,Norte,59.0,620.26,2025-07-18,1698.83
5972,Carlos Ramirez,Silla,Norte,42.0,335.94,2025-08-15,700.27
6078,Diego Romero,Monitor,Sur,38.0,670.5,2024-11-05,969.84
5517,Jorge Morales,Laptop,Centro,16.0,1112.35,2024-07-14,1614.13
4413,Miguel Flores,Tablet,Centro,24.0,871.56,2025-10-02,1302.13
2973,Daniela Cruz,Teclado,Occidente,34.0,1022.57,2026-06-02,1607.77
290,Daniela Cruz,Bocina,Norte,49.0,1058.41,2026-02-23,587.77
1802,Carlos Ramirez,Monitor,Norte,28.0,927.1,2025-07-18,884.45
8995,Maria Lopez,Teclado,Norte,49.0,1490.11,2024-10-12,991.39
2883,Jose Martinez,Silla,Occidente,43.0,1124.5,2025-06-07,2231.38
5573,Andres Ortiz,Camara,Sur,22.0,538.85,2026-01-18,1567.15
3182,Sofia Torres,Teclado,Sur,45.0,1009.46,,1194.31
8677,Paola Rios,Mouse,Centro,38.0,995.09,2025-02-17,1499.4
3638,Isabel Guzman,Impresora,Norte,29.0,878.25,2025-07-23,1060.06
1059,Alejandro Diaz,Escritorio,Centro,27.0,1376.7,2025-08-06,1180.94
7834,Ana Garcia,Impresora,Sur,51.0,1211.55,2025-01-17,1674.22
3667,Fernanda Castro,Tablet,Centro,36.0,734.09,2024-04-19,1289.98
8179,Fernanda Castro,Camara,Centro,42.0,521.16,2026-02-20,1250.55
4610,Daniela Cruz,Escritorio,Occidente,23.0,1089.24,2025-02-22,1286.09
6432,Ana Garcia,Bocina,Sur,43.0,840.105,2025-03-29,1279.22
1343,Paola Rios,Monitor,Norte,40.0,744.71,2025-07-11,1485.45
2051,Pedro Aguilar,Teclado,Sur,194.0,682.89,2024-06-02,1700.51
2833,Andres Ortiz,Laptop,Sur,47.0,1172.8,,1601.44
6551,Jorge Morales,Teclado,Sur,22.0,767.76,2025-03-12,1085.36
6687,Luis Hernandez,Silla,Centro,54.0,1146.86,2024-01-27,1777.44
74,Miguel Flores,Camara,Centro,26.0,1022.21,2024-09-14,1201.91
1490,Camila Reyes,Silla,Centro,30.0,193.25,2024-10-25,939.37
7717,Ricardo Vargas,Camara,Norte,36.0,480.32,2026-01-26,955.37
8390,Luis Hernandez,Laptop,Sin Especificar,44.0,1240.59,2026-04-11,1416.0
826,Pedro Aguilar,Laptop,Sur,45.0,1145.97,2024-10-11,1027.78
4417,Andres Ortiz,Camara,Occidente,39.0,829.105,2026-04-01,1571.59
7951,Jorge Morales,Silla,Occidente,46.0,501.57,2025-11-24,1567.48
4082,Ana Garcia,Bocina,Occidente,29.0,317.78,2025-03-20,1124.73
493,Camila Reyes,Laptop,Sin Especificar,29.0,948.94,2024-12-26,1103.19
736,Diego Romero,Impresora,Sur,46.0,831.54,2024-06-24,1276.12
5500,Ana Garcia,Camara,Sur,41.0,819.96,2025-12-13,1118.44
3570,Isabel Guzman,Bocina,Occidente,41.0,678.75,2024-11-23,1559.34
8364,Carlos Ramirez,Silla,Norte,46.0,1239.37,2025-11-19,1312.28
8061,Alejandro Diaz,Escritorio,Sur,43.0,1092.71,2025-10-17,1268.02
650,Isabel Guzman,Camara,Sur,14.0,652.15,2024-02-28,1176.53
9079,Ana Garcia,Bocina,Occidente,47.0,801.24,2024-09-07,1314.75
7053,Sofia Torres,Tablet,Sin Especificar,48.0,1019.45,2025-02-05,1592.91
5452,Valeria Mendoza,Impresora,Centro,49.0,920.77,2025-01-02,887.18
3465,Jorge Morales,Escritorio,Centro,38.0,498.47,2024-04-11,1895.44
6598,Ricardo Vargas,Teclado,Occidente,29.0,1086.44,2024-04-29,2242.8
6644,Valeria Mendoza,Silla,Centro,47.0,690.78,2026-06-11,987.83
2749,Luis Hernandez,Camara,Centro,44.0,735.56,2026-03-12,1031.54
4352,Luis Hernandez,Bocina,Occidente,36.0,438.07,2026-02-05,1848.01
5172,Camila Reyes,Silla,Norte,42.0,967.92,2024-11-03,2289.66
6522,Jose Martinez,Bocina,Centro,51.0,806.92,2026-04-04,1702.04
7598,Daniela Cruz,Laptop,Centro,28.0,1340.31,2025-10-11,1699.1
6376,Isabel Guzman,Camara,Sur,43.0,996.75,2024-04-01,633.95
4222,Luis Hernandez,Monitor,Centro,38.0,625.51,2025-11-24,1053.53
4529,Fernanda Castro,Camara,Norte,15.0,829.105,2024-05-04,1055.75
2355,Carlos Ramirez,Escritorio,Sin Especificar,52.0,808.8,2025-08-28,1777.05
6242,Paola Rios,Laptop,Sur,38.0,641.13,2024-05-04,689.61
4045,Carlos Ramirez,Silla,Norte,44.0,641.37,2024-10-14,2068.8
3760,Ana Garcia,Laptop,Sur,36.0,843.24,2026-01-28,1554.35
5687,Daniela Cruz,Silla,Centro,29.0,897.02,,1036.74
774,Alejandro Diaz,Silla,Occidente,7.0,909.71,,971.71
4758,Alejandro Diaz,Monitor,Sur,40.0,898.33,2025-04-02,1094.62
26,Carlos Ramirez,Silla,Norte,38.0,1329.46,2024-03-12,1669.77
8131,Sofia Torres,Silla,Sur,34.0,678.78,2024-07-08,1550.15
4839,Carlos Ramirez,Camara,Occidente,38.0,501.09,,1506.45
3087,Andres Ortiz,Silla,Sur,43.0,588.02,2025-01-05,1299.94
2058,Alejandro Diaz,Silla,Centro,55.0,812.7,2025-09-25,1453.08
6799,Carlos Ramirez,Laptop,Centro,27.0,827.5550000000001,2024-05-15,1596.62
7694,Laura Sanchez,Silla,Occidente,52.0,508.22,2024-02-06,1355.3
3873,Sofia Torres,Laptop,Centro,13.0,592.76,2025-01-17,1264.44
7148,Pedro Aguilar,Camara,Sur,32.0,702.69,2024-01-15,1340.19
2923,Isabel Guzman,Escritorio,Centro,13.0,973.68,2024-12-25,1396.11
3391,Paola Rios,Tablet,Occidente,37.0,800.5,2024-01-21,2005.89
3059,Paola Rios,Camara,Sur,48.0,829.105,2025-02-11,1112.99
5527,Sofia Torres,Bocina,Occidente,28.0,840.105,2025-12-04,2048.63
7436,Maria Lopez,Tablet,Sur,28.0,871.08,2026-06-03,1586.62
8050,Ricardo Vargas,Monitor,Occidente,59.0,1289.68,2025-09-04,1069.99
3213,Ricardo Vargas,Tablet,Centro,56.0,838.68,2024-06-05,1510.21
4179,Alejandro Diaz,Monitor,Sur,57.0,376.51,2025-09-14,1276.33
2367,Luis Hernandez,Silla,Centro,38.0,766.63,2025-01-25,1358.13
8786,Ana Garcia,Laptop,Centro,32.0,1348.95,2025-06-21,1602.24
658,Maria Lopez,Tablet,Sur,44.0,1128.72,2024-07-18,1315.45
9575,Paola Rios,Mouse,Sur,52.0,524.69,2025-10-25,1268.42
1786,Sofia Torres,Tablet,Norte,48.0,267.21,2025-05-24,1606.7
9734,Jose Martinez,Laptop,Centro,27.0,1134.82,2024-10-13,1501.58
8000,Sofia Torres,Silla,Norte,7.0,897.87,2025-01-14,2236.1
4834,Carlos Ramirez,Bocina,Centro,63.0,1181.96,2025-10-04,1023.9
7361,Diego Romero,Silla,Sur,48.0,844.28,2025-03-03,952.45
9277,Fernanda Castro,Camara,Sur,30.0,580.09,2025-06-30,1827.05
8077,Carlos Ramirez,Mouse,Centro,1.0,848.28,2025-07-30,2510.72
5617,Ricardo Vargas,Escritorio,Centro,46.0,1022.77,2024-07-20,1499.17
4929,Diego Romero,Teclado,Sur,24.0,1179.77,2024-09-03,1576.44
7381,Miguel Flores,Teclado,Norte,155.0,1677.12,2026-02-13,1499.92
6283,Luis Hernandez,Bocina,Sin Especificar,37.0,1025.34,2025-03-11,1028.15
9530,Ana Garcia,Camara,Norte,40.0,580.73,2025-02-24,1439.32
8331,Sofia Torres,Tablet,Centro,25.0,418.43,2024-10-29,1178.39
5333,Valeria Mendoza,Silla,Centro,35.0,1057.84,2024-02-19,1172.96
6793,Pedro Aguilar,Tablet,Occidente,46.0,767.93,2025-01-27,669.17
7249,Maria Lopez,Camara,Occidente,38.0,594.87,2024-01-09,1473.52
5272,Ana Garcia,Silla,Occidente,48.0,1250.89,2024-07-20,883.27
9725,Fernanda Castro,Bocina,Sur,47.0,840.105,2024-03-03,1205.16
910,Fernanda Castro,Silla,Occidente,38.0,1002.96,2024-11-15,1289.67
6215,Camila Reyes,Impresora,Norte,29.0,806.33,2024-04-20,1058.18
5236,Paola Rios,Tablet,Sin Especificar,20.0,430.72,2024-10-10,1579.53
1979,Paola Rios,Tablet,Norte,51.0,838.68,2025-07-28,1719.75
933,Miguel Flores,Impresora,Norte,23.0,1277.21,2025-08-23,1025.76
8016,Sofia Torres,Impresora,Norte,54.0,934.37,2026-03-05,1514.98
1975,Isabel Guzman,Camara,Centro,373.0,237.39,2026-04-28,1591.2
1946,Pedro Aguilar,Bocina,Norte,43.0,1443.81,2024-04-06,1402.15
7377,Maria Lopez,Bocina,Sur,42.0,1096.19,2024-08-14,1286.21
1421,Alejandro Diaz,Camara,Occidente,34.0,935.26,2025-01-22,1283.71
1537,Daniela Cruz,Impresora,Norte,16.0,963.97,2025-11-21,1417.39
4701,Isabel Guzman,Escritorio,Sur,25.0,347.86,2024-06-03,1643.16
5942,Alejandro Diaz,Silla,Centro,45.0,726.93,2024-09-03,2129.45
7807,Pedro Aguilar,Teclado,Norte,34.0,768.19,2024-10-13,1117.06
6663,Daniela Cruz,Silla,Sur,49.0,1028.72,2025-05-22,981.75
5336,Camila Reyes,Escritorio,Centro,36.0,791.56,2024-02-22,1246.23
2935,Camila Reyes,Camara,Norte,41.0,1216.53,2024-11-25,1434.36
226,Jose Martinez,Mouse,Sur,39.0,301.78,2025-02-28,1428.38
6023,Miguel Flores,Monitor,Centro,29.0,746.63,2026-02-01,1991.65
1031,Jorge Morales,Mouse,Centro,29.0,1044.42,2025-04-12,1592.07
1072,Jose Martinez,Escritorio,Norte,64.0,877.51,2026-03-29,1079.36
8791,Ricardo Vargas,Camara,Norte,38.0,829.105,2026-04-01,1437.22
2557,Luis Hernandez,Monitor,Sin Especificar,41.0,833.245,2025-10-04,1644.12
5046,Camila Reyes,Teclado,Norte,55.0,1186.65,2025-10-03,1526.2
6427,Luis Hernandez,Camara,Sur,34.0,635.05,2025-04-25,626.07
9263,Maria Lopez,Laptop,Centro,26.0,605.86,2026-01-30,1268.94
7942,Camila Reyes,Escritorio,Occidente,47.0,951.01,2024-07-22,2084.95
8280,Pedro Aguilar,Silla,Norte,32.0,941.92,2024-11-23,334.77
8787,Fernanda Castro,Silla,Occidente,30.0,559.67,2024-03-16,1277.37
1350,Jorge Morales,Laptop,Norte,38.0,849.4,2025-02-19,1265.53
6982,Carlos Ramirez,Impresora,Occidente,45.0,1310.67,2026-05-17,1227.49
6969,Camila Reyes,Bocina,Norte,24.0,1145.68,2026-04-06,1507.64
8393,Isabel Guzman,Tablet,Sin Especificar,26.0,739.65,2024-11-26,948.62
9319,Luis Hernandez,Impresora,Centro,40.0,1090.32,2024-10-16,1620.4
5310,Jorge Morales,Bocina,Centro,33.0,1048.57,2024-07-13,2326.01
3562,Andres Ortiz,Silla,Occidente,25.0,476.17,2025-10-26,1421.91
2766,Miguel Flores,Tablet,Sur,54.0,1020.04,2026-08-06,1770.01
9809,Jose Martinez,Bocina,Occidente,17.0,824.55,2026-01-30,969.23
2493,Alejandro Diaz,Laptop,Norte,34.0,818.53,2025-10-26,824.35
5611,Ricardo Vargas,Monitor,Sur,36.0,761.91,2026-05-12,1305.77
7384,Maria Lopez,Bocina,Sur,46.0,912.32,2024-11-21,1693.82
8265,Ricardo Vargas,Mouse,Occidente,40.0,664.36,2025-10-07,1939.29
1126,Jorge Morales,Teclado,Occidente,44.0,682.46,2025-02-24,1299.26
4940,Jorge Morales,Silla,Sur,41.0,976.46,2026-01-17,1571.56
244,Fernanda Castro,Impresora,Centro,28.0,822.13,2024-07-09,1357.35
6518,Daniela Cruz,Mouse,Sur,53.0,819.92,2026-05-05,1225.34
2013,Pedro Aguilar,Laptop,Norte,33.0,817.71,,1774.37
5218,Luis Hernandez,Monitor,Occidente,35.0,881.46,2026-04-23,1028.21
7173,Alejandro Diaz,Tablet,Centro,32.0,1106.82,2024-04-11,1519.89
9365,Laura Sanchez,Bocina,Occidente,44.0,892.09,2026-02-28,1581.53
6559,Isabel Guzman,Escritorio,Sur,47.0,623.75,2025-07-06,1377.17
1217,Ricardo Vargas,Silla,Occidente,21.0,857.99,2024-12-09,1942.12
9577,Ricardo Vargas,Tablet,Norte,61.0,838.68,2024-01-09,955.98
5482,Sofia Torres,Mouse,Occidente,43.0,1229.33,2024-02-17,1158.87
2959,Fernanda Castro,Monitor,Norte,31.0,833.39,2024-06-19,2146.88
4727,Fernanda Castro,Escritorio,Centro,37.0,1392.05,2024-05-19,1385.17
3350,Isabel Guzman,Impresora,Sur,25.0,1083.13,2025-05-02,1442.24
6665,Carlos Ramirez,Tablet,Sur,37.0,379.05,2025-01-23,1551.46
6928,Alejandro Diaz,Mouse,Sur,39.0,451.53,2026-04-09,890.44
4364,Isabel Guzman,Laptop,Occidente,39.0,625.04,,2014.03
9476,Ana Garcia,Camara,Sur,31.0,1119.58,2025-06-23,1316.57
6743,Laura Sanchez,Camara,Occidente,26.0,640.11,2024-03-22,1297.27
7808,Paola Rios,Mouse,Norte,50.0,1304.32,2024-04-29,1632.98
283,Ricardo Vargas,Escritorio,Centro,28.0,808.21,2024-12-08,1506.14
3986,Ricardo Vargas,Mouse,Centro,45.0,1238.82,2025-07-01,821.27
203,Maria Lopez,Impresora,Norte,35.0,661.67,2026-04-10,1419.98
9606,Alejandro Diaz,Monitor,Occidente,32.0,997.19,2024-07-23,1562.69
4403,Andres Ortiz,Monitor,Centro,44.0,1227.62,2026-03-24,1300.83
8712,Pedro Aguilar,Mouse,Norte,42.0,1114.18,2025-06-04,1706.63
3439,Maria Lopez,Impresora,Occidente,48.0,930.93,2025-04-29,1256.48
4157,Andres Ortiz,Impresora,Occidente,43.0,764.8,2025-04-28,1854.5
5670,Pedro Aguilar,Escritorio,Occidente,15.0,1019.11,2024-01-11,1733.24
5921,Diego Romero,Escritorio,Norte,23.0,1411.39,2025-10-10,1941.3
2679,Maria Lopez,Escritorio,Occidente,56.0,922.77,2025-07-20,1339.78
6156,Maria Lopez,Escritorio,Centro,56.0,520.9,,807.72
3077,Fernanda Castro,Monitor,Sin Especificar,40.0,593.54,2024-06-09,1205.28
4552,Valeria Mendoza,Tablet,Norte,54.0,478.96,2024-09-30,1966.96
4973,Luis Hernandez,Tablet,Sur,34.0,771.58,2025-06-05,1545.43
5691,Paola Rios,Silla,Sur,26.0,285.25,2025-08-15,1087.88
2153,Camila Reyes,Bocina,Centro,41.0,1105.79,2025-04-27,1397.8
3703,Carlos Ramirez,Tablet,Centro,52.0,554.08,2026-01-10,1603.22
8224,Valeria Mendoza,Tablet,Norte,39.0,616.33,2025-10-10,1611.85
7520,Pedro Aguilar,Teclado,Occidente,51.0,512.59,,967.24
1195,Miguel Flores,Monitor,Centro,24.0,1280.96,2025-04-23,1133.58
2942,Ana Garcia,Mouse,Norte,21.0,1666.27,2024-11-20,2142.81
3111,Alejandro Diaz,Bocina,Occidente,38.0,1253.84,2025-09-08,2203.15
4194,Ana Garcia,Laptop,Sur,20.0,836.84,2026-03-23,1796.07
9885,Maria Lopez,Camara,Norte,44.0,621.85,2024-02-06,1513.44
4554,Luis Hernandez,Impresora,Sur,23.0,1219.21,2025-04-24,1535.09
5532,Sofia Torres,Laptop,Centro,22.0,327.69,2025-08-27,1893.32
9565,Camila Reyes,Bocina,Norte,47.0,986.01,2025-10-10,702.87
2471,Carlos Ramirez,Laptop,Centro,32.0,867.91,2025-05-27,1188.42
9237,Miguel Flores,Impresora,Centro,64.0,826.23,2024-02-20,1960.02
6000,Pedro Aguilar,Escritorio,Centro,44.0,721.45,2024-08-31,1981.95
1491,Carlos Ramirez,Teclado,Occidente,30.0,1078.33,2024-04-06,935.36
8322,Luis Hernandez,Tablet,Occidente,45.0,838.68,2024-11-12,1444.58
6545,Paola Rios,Bocina,Centro,43.0,1208.92,2026-01-11,1644.92
8588,Laura Sanchez,Monitor,Centro,15.0,1084.06,2025-06-19,1190.74
3797,Carlos Ramirez,Impresora,Sur,37.0,740.03,2024-08-27,2047.89
1078,Diego Romero,Teclado,Occidente,44.0,1205.22,2024-03-16,902.09
369,Camila Reyes,Bocina,Norte,52.0,367.11,2024-07-07,1585.59
2519,Laura Sanchez,Monitor,Occidente,42.0,886.32,2024-08-27,1334.05
3814,Paola Rios,Silla,Sur,45.0,871.56,2026-01-11,1415.01
8501,Ana Garcia,Camara,Sur,24.0,832.34,2024-01-07,1920.17
4659,Luis Hernandez,Monitor,Sur,26.0,1054.07,,1614.1
3692,Miguel Flores,Monitor,Sur,27.0,1131.78,2024-06-11,735.54
7014,Camila Reyes,Escritorio,Occidente,41.0,832.48,2024-09-06,1422.4
3643,Ana Garcia,Tablet,Sur,29.0,1038.61,2024-10-16,960.09
6339,Paola Rios,Impresora,Occidente,47.0,415.94,2024-08-17,1884.86
824,Fernanda Castro,Camara,Norte,17.0,342.99,2025-10-17,1494.27
700,Miguel Flores,Laptop,Occidente,49.0,220.08,2026-02-13,1863.59
9685,Camila Reyes,Mouse,Sur,32.0,553.77,2024-11-05,1211.77
9789,Maria Lopez,Tablet,Occidente,47.0,1004.32,2025-10-11,1613.82
8689,Ricardo Vargas,Monitor,Norte,35.0,833.245,2026-01-28,935.84
1380,Pedro Aguilar,Tablet,Occidente,31.0,360.48,2026-05-08,1970.24
9697,Sofia Torres,Camara,Centro,31.0,1022.11,2024-04-19,1244.01
8129,Maria Lopez,Camara,Norte,27.0,1047.49,,1517.28
3027,Miguel Flores,Impresora,Norte,49.0,902.18,2026-04-23,1591.76
4249,Alejandro Diaz,Bocina,Norte,35.0,1058.24,2024-05-13,1462.49
3426,Diego Romero,Escritorio,Centro,44.0,1290.36,2024-06-15,1295.05
7757,Camila Reyes,Tablet,Norte,39.0,967.81,2024-06-20,1231.24
229,Sofia Torres,Laptop,Occidente,37.0,459.29,2024-04-29,1806.03
9497,Andres Ortiz,Laptop,Occidente,51.0,684.73,2026-02-06,1113.83
3491,Alejandro Diaz,Mouse,Sur,41.0,508.51,2024-07-28,1873.72
9442,Pedro Aguilar,Monitor,Norte,36.0,669.19,2025-05-13,897.27
2473,Diego Romero,Monitor,Norte,40.0,1322.7,2025-12-12,926.32
1954,Carlos Ramirez,Mouse,Sur,20.0,784.8,2025-12-09,1144.8
3632,Pedro Aguilar,Teclado,Norte,28.0,1146.91,2026-04-23,1279.05
7630,Luis Hernandez,Escritorio,Centro,37.0,832.48,2025-11-29,1927.75
2260,Jose Martinez,Teclado,Sur,60.0,639.01,2026-03-03,1259.58
8713,Jose Martinez,Mouse,Sur,49.0,450.52,2026-04-09,1273.11
8895,Maria Lopez,Tablet,Norte,40.0,358.1,2025-01-30,1678.36
8778,Maria Lopez,Escritorio,Norte,29.0,815.98,2025-03-19,2054.03
9596,Laura Sanchez,Monitor,Occidente,38.0,50.0,2024-12-22,1519.3
5513,Jose Martinez,Escritorio,Occidente,35.0,901.87,2025-03-19,1066.23
3102,Camila Reyes,Monitor,Sur,22.0,1105.78,2024-09-06,607.58
6737,Laura Sanchez,Escritorio,Norte,34.0,826.07,2025-10-27,1589.4
5560,Miguel Flores,Mouse,Centro,19.0,754.72,2025-10-21,1135.24
3120,Ana Garcia,Teclado,Sur,34.0,564.65,2024-09-03,1122.68
931,Camila Reyes,Mouse,Norte,25.0,577.17,2024-05-19,1266.52
1599,Camila Reyes,Impresora,Norte,57.0,617.79,2024-04-08,1142.57
9770,Valeria Mendoza,Escritorio,Norte,64.0,1245.23,2024-09-30,1449.57
4981,Diego Romero,Escritorio,Norte,38.0,1160.33,2024-04-13,767.72
6541,Ana Garcia,Impresora,Centro,34.0,892.75,2024-04-18,1070.07
7837,Daniela Cruz,Laptop,Centro,35.0,402.7,2026-03-25,1991.03
6754,Miguel Flores,Teclado,Norte,66.0,556.73,2024-12-06,1037.23
7127,Maria Lopez,Camara,Sur,35.0,829.105,2025-11-20,1060.79
4369,Paola Rios,Monitor,Centro,36.0,606.06,2025-08-08,1816.0
8310,Sofia Torres,Monitor,Centro,56.0,539.08,2024-09-08,987.9
2187,Fernanda Castro,Impresora,Centro,42.0,1097.78,2026-05-13,1206.36
9988,Fernanda Castro,Tablet,Norte,42.0,473.67,2024-08-07,1706.75
3417,Laura Sanchez,Tablet,Centro,32.0,1026.21,2026-06-04,1930.96
5715,Jorge Morales,Monitor,Occidente,46.0,500.39,2024-05-25,1226.99
2947,Daniela Cruz,Camara,Sur,39.0,1057.7,2024-05-22,583.08
1377,Pedro Aguilar,Teclado,Centro,210.0,1201.92,2026-03-04,1925.83
7564,Valeria Mendoza,Impresora,Centro,31.0,716.69,2024-12-11,1558.01
5204,Sofia Torres,Mouse,Centro,27.0,806.46,2025-02-22,1488.73
8508,Pedro Aguilar,Camara,Occidente,33.0,563.45,2026-06-01,872.72
58,Fernanda Castro,Camara,Occidente,26.0,1342.1,2024-09-05,1284.09
8488,Luis Hernandez,Teclado,Sur,33.0,1037.84,2026-04-21,1866.2
5189,Jose Martinez,Impresora,Occidente,50.0,555.05,,778.91
7571,Camila Reyes,Camara,Norte,47.0,819.51,2024-06-11,931.95
5078,Valeria Mendoza,Bocina,Occidente,30.0,681.63,2025-03-22,1235.51
2064,Alejandro Diaz,Teclado,Sur,38.0,764.07,2024-09-15,1676.08
8967,Miguel Flores,Mouse,Centro,31.0,1432.3,2024-08-29,1494.46
9609,Daniela Cruz,Teclado,Occidente,37.0,823.28,2024-03-26,917.79
320,Luis Hernandez,Escritorio,Sur,39.0,661.74,2026-03-16,1545.63
3225,Valeria Mendoza,Bocina,Occidente,31.0,1022.69,,1884.49
4117,Carlos Ramirez,Mouse,Norte,39.0,499.98,2025-01-16,1550.24
2371,Ricardo Vargas,Mouse,Centro,42.0,859.5,2025-01-28,1289.01
6429,Jose Martinez,Teclado,Norte,51.0,663.34,2025-12-08,2168.34
4113,Jose Martinez,Escritorio,Centro,42.0,832.48,,1216.86
6305,Laura Sanchez,Monitor,Sur,33.0,968.23,2024-08-21,1649.4
2277,Alejandro Diaz,Teclado,Centro,12.0,1517.27,2025-06-04,1812.06
1794,Andres Ortiz,Laptop,Centro,40.0,1168.38,2025-10-15,1341.22
8106,Ana Garcia,Tablet,Occidente,19.0,1130.91,2025-01-07,1322.03
5356,Pedro Aguilar,Silla,Occidente,34.0,1117.82,2024-03-08,1141.65
2266,Ricardo Vargas,Escritorio,Norte,46.0,1036.03,2024-10-08,1078.04
4114,Sofia Torres,Teclado,Sur,28.0,549.07,2025-07-28,1159.07
8902,Laura Sanchez,Monitor,Occidente,38.0,201.54,2025-09-09,1667.66
9297,Pedro Aguilar,Tablet,Occidente,30.0,1270.21,2025-12-02,924.07
3185,Ana Garcia,Laptop,Sur,28.0,884.38,,1035.53
42,Laura Sanchez,Tablet,Sur,42.0,585.7,2024-07-27,1387.57
9605,Paola Rios,Monitor,Occidente,27.0,507.81,2025-01-05,973.93
839,Daniela Cruz,Escritorio,Centro,44.0,778.69,2024-02-20,1239.3
8045,Diego Romero,Teclado,Occidente,35.0,969.59,2024-08-23,2093.57
6019,Pedro Aguilar,Tablet,Centro,55.0,838.68,2024-09-04,1158.94
2183,Alejandro Diaz,Teclado,Sur,43.0,203.47,2026-06-13,2001.04
1730,Sofia Torres,Mouse,Sur,56.0,929.58,2026-04-19,1871.05
4684,Ana Garcia,Bocina,Norte,25.0,638.15,2025-09-03,933.81
6565,Camila Reyes,Teclado,Occidente,28.0,1373.79,,1206.14
8734,Diego Romero,Teclado,Sur,49.0,1003.35,2024-03-16,1595.98
5655,Ricardo Vargas,Laptop,Centro,41.0,1014.45,2024-05-23,1513.84
3759,Jorge Morales,Camara,Centro,35.0,781.84,2024-10-22,1181.36
7615,Jose Martinez,Camara,Sur,35.0,1256.49,2024-07-05,806.21
2971,Fernanda Castro,Tablet,Sur,52.0,773.2,2024-11-14,1391.18
7919,Ricardo Vargas,Laptop,Norte,26.0,1151.03,2025-03-13,1171.77
3191,Luis Hernandez,Tablet,Norte,28.0,838.68,2025-12-17,916.13
7979,Valeria Mendoza,Camara,Occidente,30.0,585.58,,1021.99
2080,Ana Garcia,Teclado,Norte,32.0,983.24,2025-11-01,1500.3
6470,Laura Sanchez,Escritorio,Centro,47.0,299.42,2024-01-31,1269.33
1765,Isabel Guzman,Teclado,Sur,54.0,704.7,2024-01-24,2449.95
4810,Jorge Morales,Camara,Sur,43.0,459.1,2024-02-03,1464.87
6409,Miguel Flores,Escritorio,Centro,40.0,832.48,2025-02-08,1395.23
3538,Camila Reyes,Monitor,Sur,50.0,1088.96,2026-06-05,692.25
196,Miguel Flores,Bocina,Sur,31.0,802.8,2025-05-03,1582.37
2017,Sofia Torres,Monitor,Occidente,50.0,396.16,2026-03-30,1912.35
6443,Andres Ortiz,Bocina,Norte,45.0,941.14,2025-08-05,1320.43
1448,Maria Lopez,Tablet,Norte,36.0,966.49,2025-09-16,1395.51
4265,Isabel Guzman,Impresora,Occidente,19.0,1101.58,2026-01-09,1058.5
94,Luis Hernandez,Laptop,Norte,44.0,1102.71,2024-02-17,1062.57
2327,Paola Rios,Tablet,Norte,48.0,564.86,2026-05-01,988.84
1645,Camila Reyes,Bocina,Centro,38.0,1240.63,2024-05-12,2122.06
9537,Maria Lopez,Laptop,Norte,32.0,493.23,2025-05-12,744.36
3152,Jose Martinez,Silla,Norte,35.0,1003.15,2026-02-13,2114.82
6407,Jorge Morales,Tablet,Norte,49.0,653.31,2024-10-23,1090.33
3412,Valeria Mendoza,Impresora,Sur,45.0,1063.74,2024-07-19,987.22
773,Alejandro Diaz,Mouse,Centro,26.0,1035.51,2026-05-29,1484.98
6211,Maria Lopez,Silla,Centro,37.0,346.57,2025-03-29,1867.52
6761,Luis Hernandez,Camara,Centro,46.0,682.16,2025-10-25,1810.02
2623,Ana Garcia,Teclado,Centro,45.0,591.84,2025-10-23,1586.98
6118,Isabel Guzman,Tablet,Sur,39.0,611.12,2025-03-18,1107.18
4130,Diego Romero,Bocina,Occidente,22.0,549.35,2024-07-11,418.95
1988,Pedro Aguilar,Monitor,Norte,56.0,1267.73,2024-01-12,1473.38
475,Andres Ortiz,Bocina,Occidente,43.0,1389.61,2025-01-22,1361.87
3154,Miguel Flores,Impresora,Sur,47.0,890.5,2026-05-22,1491.53
3466,Alejandro Diaz,Escritorio,Sur,38.0,845.36,2025-04-06,1325.34
398,Isabel Guzman,Teclado,Centro,44.0,782.09,2026-09-04,1389.13
5461,Isabel Guzman,Tablet,Centro,59.0,532.3,2025-05-20,1033.18
2944,Valeria Mendoza,Silla,Norte,16.0,1103.51,2024-10-12,1401.95
4466,Carlos Ramirez,Teclado,Sur,55.0,946.82,2025-05-13,1363.48
5324,Luis Hernandez,Silla,Norte,26.0,1492.5,2026-02-13,1036.28
7812,Paola Rios,Camara,Sur,46.0,1311.91,2024-02-02,1613.16
2237,Laura Sanchez,Tablet,Occidente,57.0,1179.78,,1532.62
9939,Sofia Torres,Laptop,Norte,24.0,838.68,2024-08-26,1077.49
7393,Jorge Morales,Impresora,Occidente,24.0,910.73,2025-02-10,886.31
2048,Jorge Morales,Teclado,Centro,21.0,1109.35,2024-03-22,1787.87
8516,Alejandro Diaz,Mouse,Sur,39.0,528.13,,973.81
9385,Fernanda Castro,Teclado,Sur,19.0,852.31,,1232.99
7792,Jose Martinez,Laptop,Occidente,42.0,1229.54,2026-05-24,1775.62
8490,Miguel Flores,Escritorio,Sur,42.0,1069.74,2024-08-25,1678.51
1766,Luis Hernandez,Impresora,Centro,32.0,826.23,2025-12-14,1742.59
4813,Isabel Guzman,Camara,Sur,44.0,1153.86,2026-01-07,980.36
3217,Pedro Aguilar,Escritorio,Norte,42.0,388.22,2025-05-23,1017.37
5398,Andres Ortiz,Teclado,Sur,26.0,1093.17,2025-07-28,1195.5
2221,Laura Sanchez,Laptop,Centro,27.0,827.5550000000001,2025-10-23,1601.84
1690,Sofia Torres,Monitor,Centro,53.0,933.7,2025-09-08,938.25
7177,Miguel Flores,Laptop,Occidente,42.0,1254.95,2025-01-31,1027.56
8765,Miguel Flores,Monitor,Norte,51.0,1012.27,2024-04-19,1410.58
8109,Miguel Flores,Impresora,Norte,58.0,808.06,2026-11-06,1310.81
9358,Isabel Guzman,Laptop,Sur,29.0,853.93,2026-06-18,1383.77
8735,Luis Hernandez,Impresora,Sur,28.0,1004.65,2024-12-22,1926.02
3139,Isabel Guzman,Silla,Norte,49.0,575.35,2026-04-20,1236.99
6107,Pedro Aguilar,Laptop,Centro,18.0,527.95,2025-09-13,1456.06
9746,Carlos Ramirez,Monitor,Centro,41.0,515.57,2026-01-26,1324.22
1239,Ana Garcia,Camara,Centro,32.0,581.42,2024-11-21,1514.34
6249,Alejandro Diaz,Impresora,Centro,43.0,676.18,2024-01-22,1257.11
6643,Alejandro Diaz,Impresora,Occidente,22.0,761.6,2024-08-26,1457.15
9784,Sofia Torres,Impresora,Sur,40.0,1087.0,2024-03-15,1251.38
2514,Daniela Cruz,Teclado,Norte,52.0,1261.35,2026-05-07,1518.91
8593,Jose Martinez,Mouse,Centro,44.0,829.86,2025-09-01,1501.03
2463,Camila Reyes,Silla,Norte,34.0,551.3,2024-06-29,1176.64
9443,Valeria Mendoza,Bocina,Norte,40.0,844.93,2025-11-27,1528.75
1837,Camila Reyes,Teclado,Occidente,42.0,1883.48,2025-07-28,1811.92
9517,Daniela Cruz,Monitor,Occidente,38.0,426.7,2026-04-05,1517.18
7448,Sofia Torres,Laptop,Occidente,38.0,682.87,2024-02-17,1602.94
6170,Daniela Cruz,Escritorio,Occidente,30.0,1022.29,2026-07-06,1535.67
161,Ricardo Vargas,Camara,Sin Especificar,44.0,443.96,2025-09-27,1551.89
3633,Maria Lopez,Tablet,Centro,29.0,643.01,2024-10-27,1176.83
1627,Andres Ortiz,Mouse,Sur,56.0,878.28,2025-01-24,1253.58
1972,Paola Rios,Teclado,Occidente,33.0,505.09,2025-12-24,1541.55
9060,Alejandro Diaz,Tablet,Occidente,16.0,935.44,2025-11-17,1444.29
3931,Ricardo Vargas,Impresora,Norte,38.0,827.72,2025-05-13,1285.71
3861,Isabel Guzman,Monitor,Norte,34.0,977.27,2024-03-12,1794.36
4546,Andres Ortiz,Escritorio,Sur,49.0,977.91,2025-02-24,1146.74
7901,Fernanda Castro,Escritorio,Sur,41.0,851.04,2024-12-03,1462.32
3092,Sofia Torres,Laptop,Sin Especificar,25.0,827.5550000000001,2024-06-06,1826.9
5709,Carlos Ramirez,Monitor,Norte,37.0,761.01,2024-10-27,1871.59
6200,Isabel Guzman,Mouse,Centro,14.0,586.39,2024-01-16,1071.79
8279,Isabel Guzman,Impresora,Sur,16.0,1189.74,2025-08-28,1486.33
8740,Camila Reyes,Camara,Norte,44.0,719.75,2025-10-18,1324.33
3557,Alejandro Diaz,Mouse,Occidente,50.0,960.96,,1488.69
5206,Jorge Morales,Impresora,Sur,27.0,50.0,2025-09-23,1269.97
6461,Camila Reyes,Silla,Centro,287.0,1145.64,2025-09-29,1234.83
8485,Miguel Flores,Mouse,Centro,53.0,486.44,2025-12-30,1007.62
4323,Paola Rios,Impresora,Norte,34.0,977.72,2024-02-16,1063.46
9556,Laura Sanchez,Silla,Occidente,25.0,528.22,2024-08-23,1287.94
445,Ricardo Vargas,Impresora,Norte,59.0,864.43,2024-08-27,1159.05
641,Isabel Guzman,Escritorio,Norte,33.0,528.32,2025-07-13,1056.99
3372,Paola Rios,Impresora,Norte,43.0,703.76,2025-01-23,664.97
3257,Ricardo Vargas,Monitor,Occidente,41.0,809.41,2025-04-01,1757.19
3887,Jose Martinez,Bocina,Occidente,51.0,651.59,2024-01-17,2116.47
2607,Miguel Flores,Tablet,Occidente,37.0,883.88,,1028.05
3488,Isabel Guzman,Camara,Sur,40.0,573.58,,1617.74
2922,Maria Lopez,Escritorio,Norte,52.0,816.53,2024-08-28,1318.25
1154,Andres Ortiz,Mouse,Centro,49.0,1173.87,2025-12-27,1419.39
3586,Pedro Aguilar,Teclado,Occidente,24.0,714.47,2025-02-09,1639.63
3589,Alejandro Diaz,Bocina,Occidente,51.0,828.22,2025-06-28,848.22
3422,Jorge Morales,Laptop,Norte,19.0,853.09,2025-03-30,1654.46
3199,Maria Lopez,Mouse,Occidente,32.0,1703.12,2026-05-29,1042.88
7120,Laura Sanchez,Teclado,Centro,30.0,910.33,2025-01-05,1710.23
5676,Paola Rios,Camara,Centro,32.0,868.01,2025-08-05,1093.64
1182,Andres Ortiz,Bocina,Centro,36.0,882.07,,1590.82
4832,Miguel Flores,Camara,Sur,38.0,1005.28,2025-10-19,1476.18
5298,Jorge Morales,Bocina,Norte,35.0,1387.05,2024-09-04,1511.53
5102,Paola Rios,Escritorio,Centro,49.0,1112.28,2026-04-21,1298.59
5596,Daniela Cruz,Impresora,Sur,52.0,1112.45,2024-01-28,1293.88
322,Laura Sanchez,Laptop,Sur,39.0,697.44,2026-01-29,1389.79
7889,Diego Romero,Bocina,Norte,30.0,1362.12,2026-02-03,1247.3
9000,Pedro Aguilar,Teclado,Norte,36.0,810.89,2024-08-30,981.14
3819,Valeria Mendoza,Mouse,Sin Especificar,46.0,580.35,2025-11-06,1161.54
6780,Ana Garcia,Tablet,Norte,36.0,640.43,2025-06-23,1183.2
4225,Paola Rios,Camara,Sur,42.0,1083.37,2024-09-08,1570.87
637,Diego Romero,Camara,Norte,40.0,829.105,2024-05-30,1754.98
2469,Sofia Torres,Escritorio,Occidente,27.0,898.82,2024-10-14,931.55
2385,Miguel Flores,Impresora,Norte,35.0,582.84,2026-05-05,2199.98
7932,Fernanda Castro,Laptop,Norte,44.0,1240.65,2024-09-14,1267.37
9081,Fernanda Castro,Laptop,Norte,49.0,544.81,2025-08-18,936.32
280,Alejandro Diaz,Bocina,Centro,25.0,1202.09,2024-03-25,1542.2
7130,Diego Romero,Tablet,Norte,50.0,1316.59,2025-09-07,1281.55
8346,Sofia Torres,Laptop,Norte,20.0,827.5550000000001,2024-05-09,1213.36
7790,Luis Hernandez,Camara,Norte,48.0,866.35,2024-03-09,1615.38
2798,Jose Martinez,Teclado,Centro,21.0,624.66,2024-03-04,1865.31
1821,Miguel Flores,Mouse,Occidente,41.0,819.92,2025-01-10,1560.82
9572,Fernanda Castro,Escritorio,Norte,28.0,832.48,2025-08-25,1407.56
7619,Maria Lopez,Escritorio,Norte,43.0,591.68,2024-06-09,1439.52
9555,Paola Rios,Escritorio,Centro,1.0,916.44,2026-01-03,1154.12
1144,Jose Martinez,Monitor,Centro,25.0,469.7,2025-01-15,1328.2
5134,Alejandro Diaz,Impresora,Sur,32.0,797.34,2024-10-06,1117.87
1295,Maria Lopez,Impresora,Centro,36.0,895.33,2024-05-20,1639.93
2553,Ricardo Vargas,Tablet,Norte,31.0,621.53,2026-01-26,868.42
6009,Daniela Cruz,Impresora,Occidente,60.0,608.72,2024-10-24,1136.92
7421,Andres Ortiz,Mouse,Sur,31.0,918.91,2025-09-21,1287.21
5813,Alejandro Diaz,Laptop,Sur,54.0,1642.0,2024-05-21,960.87
914,Ricardo Vargas,Monitor,Sur,19.0,833.245,2024-11-02,946.57
3700,Alejandro Diaz,Camara,Sur,53.0,664.97,,1528.6
7124,Isabel Guzman,Mouse,Sur,45.0,1004.53,2024-12-20,1406.15
2841,Diego Romero,Silla,Occidente,21.0,698.33,2026-02-11,1439.09
9696,Isabel Guzman,Silla,Centro,25.0,1181.21,2025-10-10,1254.21
121,Daniela Cruz,Monitor,Centro,26.0,1107.43,2024-01-28,1481.92
4073,Diego Romero,Camara,Centro,38.0,881.66,2025-02-14,1482.32
2436,Camila Reyes,Impresora,Centro,54.0,459.36,2025-08-31,1791.12
1587,Miguel Flores,Impresora,Centro,64.0,218.31,2026-03-14,1577.43
8838,Isabel Guzman,Laptop,Occidente,56.0,496.13,2025-02-05,1747.79
8176,Sofia Torres,Tablet,Centro,46.0,733.2,2024-03-23,1766.45
7804,Camila Reyes,Silla,Occidente,22.0,936.26,2024-05-04,1104.87
4134,Andres Ortiz,Bocina,Occidente,54.0,758.26,2025-11-21,1070.6
5930,Paola Rios,Mouse,Centro,22.0,849.62,,1676.04
4514,Maria Lopez,Laptop,Occidente,59.0,660.14,2025-10-26,1571.96
112,Jose Martinez,Bocina,Sur,32.0,617.46,2025-04-10,1558.01
1247,Diego Romero,Camara,Norte,41.0,583.46,,1219.28
3656,Pedro Aguilar,Camara,Norte,24.0,1050.63,,661.27
9871,Jose Martinez,Bocina,Occidente,36.0,1252.58,2024-03-26,1385.55
5160,Paola Rios,Bocina,Sur,8.0,925.12,2024-03-22,909.95
3227,Jose Martinez,Teclado,Norte,30.0,822.475,2026-05-18,1477.87
1245,Diego Romero,Bocina,Norte,35.0,840.105,2024-10-08,1523.84
2582,Ricardo Vargas,Impresora,Centro,53.0,1115.97,2026-10-01,1053.79
4342,Sofia Torres,Tablet,Centro,35.0,668.74,2024-10-26,2050.06
8043,Ricardo Vargas,Teclado,Sur,48.0,835.28,2026-01-11,1431.29
7599,Paola Rios,Silla,Occidente,34.0,1306.44,,2048.59
1848,Ana Garcia,Impresora,Norte,51.0,857.24,2024-04-28,1593.67
3620,Alejandro Diaz,Camara,Occidente,28.0,144.72,2025-10-20,1397.62
1296,Miguel Flores,Impresora,Sur,32.0,852.81,2025-07-22,1280.94
6918,Andres Ortiz,Escritorio,Sin Especificar,45.0,774.54,2024-02-15,1319.65
2772,Sofia Torres,Silla,Occidente,30.0,935.01,2024-07-20,869.05
3429,Jose Martinez,Bocina,Occidente,49.0,532.65,2025-03-23,1083.12
4290,Ricardo Vargas,Tablet,Occidente,38.0,389.48,2026-06-05,1505.74
5126,Camila Reyes,Laptop,Occidente,41.0,875.83,2024-07-26,1387.46
1727,Carlos Ramirez,Bocina,Sur,18.0,1194.01,2024-02-25,1428.24
4443,Valeria Mendoza,Bocina,Occidente,31.0,989.68,2024-11-27,1627.64
9033,Paola Rios,Silla,Centro,39.0,1264.45,2024-05-13,1697.63
9597,Pedro Aguilar,Bocina,Occidente,46.0,1140.22,2024-05-07,519.2
6334,Alejandro Diaz,Laptop,Centro,27.0,1234.36,2025-12-25,772.52
36,Diego Romero,Escritorio,Sur,31.0,746.31,2025-09-05,1643.16
3837,Alejandro Diaz,Teclado,Sur,45.0,1071.53,2024-11-27,980.49
3445,Luis Hernandez,Silla,Norte,24.0,1355.71,2024-06-12,728.18
4728,Pedro Aguilar,Impresora,Occidente,58.0,700.39,2024-01-16,1637.09
1722,Paola Rios,Bocina,Norte,61.0,1194.98,2024-01-29,822.56
4100,Ana Garcia,Laptop,Centro,29.0,558.76,2025-11-28,1667.3
9679,Jose Martinez,Tablet,Norte,52.0,1230.4,2024-04-07,1576.77
2130,Daniela Cruz,Laptop,Sur,30.0,1427.63,2026-03-19,1633.35
849,Diego Romero,Escritorio,Occidente,49.0,689.62,2024-07-25,1355.28
6926,Jorge Morales,Monitor,Occidente,81.0,1007.2,2026-01-11,1091.07
1633,Luis Hernandez,Mouse,Centro,27.0,567.8,2026-01-13,1528.19
1395,Ricardo Vargas,Mouse,Sur,38.0,1117.68,2025-05-13,1379.3
4302,Valeria Mendoza,Camara,Occidente,30.0,598.59,2024-10-21,1537.52
3534,Andres Ortiz,Escritorio,Centro,22.0,857.4,2024-02-13,1129.77
1619,Sofia Torres,Tablet,Sur,30.0,1033.52,2024-10-29,1775.64
8468,Camila Reyes,Laptop,Occidente,11.0,792.44,2024-07-05,1058.41
5390,Sofia Torres,Impresora,Sur,26.0,1204.57,2026-05-25,1279.89
2993,Paola Rios,Escritorio,Sur,39.0,1481.44,2025-07-05,1406.63
1896,Camila Reyes,Mouse,Sur,26.0,590.46,2024-09-28,1581.06
1543,Paola Rios,Escritorio,Norte,46.0,838.34,2025-05-03,1745.56
9194,Alejandro Diaz,Escritorio,Norte,44.0,917.88,2024-05-31,1929.26
680,Ana Garcia,Camara,Norte,38.0,1255.16,2024-03-04,1424.31
1728,Sofia Torres,Bocina,Sin Especificar,47.0,657.88,2025-07-30,1231.09
5155,Sofia Torres,Laptop,Norte,32.0,835.09,2024-01-02,1202.75
3812,Luis Hernandez,Teclado,Norte,27.0,710.09,2024-09-10,98000.0
8141,Jose Martinez,Impresora,Norte,40.0,777.14,2025-02-15,1706.37
8481,Andres Ortiz,Laptop,Norte,44.0,723.2,,1694.95
628,Valeria Mendoza,Camara,Norte,29.0,960.63,2025-04-07,1409.95
6934,Luis Hernandez,Mouse,Sur,35.0,940.04,2025-01-28,1789.31
8180,Carlos Ramirez,Bocina,Norte,18.0,788.88,2024-08-17,1429.62
8144,Isabel Guzman,Monitor,Centro,40.0,974.52,2024-10-07,1449.23
7002,Daniela Cruz,Monitor,Centro,38.0,912.45,2024-02-25,987.19
5728,Miguel Flores,Tablet,Sur,41.0,828.46,2024-01-11,1212.85
3402,Jose Martinez,Teclado,Sur,44.0,463.26,2026-08-02,1790.47
3816,Valeria Mendoza,Silla,Norte,33.0,727.32,2025-03-24,948.03
5887,Pedro Aguilar,Laptop,Centro,50.0,800.89,2026-03-09,1532.39
5411,Ana Garcia,Silla,Centro,26.0,622.58,2025-02-11,1526.8
449,Carlos Ramirez,Silla,Sur,40.0,1258.62,2025-04-15,972.0
208,Paola Rios,Tablet,Sur,56.0,1247.85,2025-02-26,1127.67
5528,Fernanda Castro,Laptop,Sur,34.0,821.32,2025-06-25,1039.63
9200,Paola Rios,Teclado,Centro,23.0,660.65,2024-05-21,2007.47
4976,Valeria Mendoza,Tablet,Occidente,23.0,1115.26,2024-08-11,1206.2
982,Miguel Flores,Bocina,Centro,38.0,873.89,2025-12-31,1008.5
8855,Carlos Ramirez,Teclado,Centro,51.0,697.42,2025-11-24,921.53
4751,Daniela Cruz,Bocina,Centro,25.0,1353.82,2024-07-24,1728.92
7329,Alejandro Diaz,Escritorio,Centro,44.0,537.71,,1149.28
7609,Jorge Morales,Mouse,Occidente,61.0,459.65,2024-06-21,1335.3
2981,Laura Sanchez,Impresora,Centro,36.0,827.7,2025-06-29,1056.54
8610,Jorge Morales,Tablet,Norte,57.0,487.01,2024-05-02,1314.27
8215,Valeria Mendoza,Escritorio,Occidente,37.0,338.53,2024-12-07,1365.09
7209,Fernanda Castro,Monitor,Occidente,51.0,1039.04,2025-01-10,1121.32
9637,Carlos Ramirez,Monitor,Sin Especificar,37.0,993.17,2025-05-12,1100.19
5196,Jose Martinez,Teclado,Norte,35.0,1099.82,2026-01-27,1601.27
5073,Ana Garcia,Laptop,Occidente,29.0,754.99,2024-06-24,1508.96
4908,Andres Ortiz,Monitor,Occidente,26.0,433.69,2024-11-04,1355.37
9350,Jorge Morales,Teclado,Centro,48.0,701.3,2024-07-25,1669.7
8489,Laura Sanchez,Monitor,Occidente,38.0,442.16,2024-12-30,958.53
8159,Sofia Torres,Tablet,Norte,44.0,1510.18,,1523.17
1267,Jose Martinez,Camara,Norte,38.0,874.12,2024-11-20,1415.21
3477,Miguel Flores,Escritorio,Centro,21.0,741.78,2024-01-19,1741.74
2849,Miguel Flores,Camara,Norte,54.0,755.35,2025-09-11,1160.57
7810,Sofia Torres,Escritorio,Norte,58.0,877.13,2026-01-12,1281.0
7800,Jorge Morales,Teclado,Centro,41.0,249.5,2024-07-26,1343.27
9515,Daniela Cruz,Camara,Sur,40.0,829.105,2025-10-23,2081.21
1771,Camila Reyes,Impresora,Sur,38.0,709.6,2024-06-10,1449.23
8370,Laura Sanchez,Laptop,Occidente,28.0,954.48,2025-11-11,1508.71
4623,Luis Hernandez,Bocina,Norte,39.0,463.07,2024-10-17,748.04
2020,Camila Reyes,Mouse,Centro,50.0,804.59,2025-02-20,1433.28
6011,Jose Martinez,Laptop,Sin Especificar,23.0,428.04,2025-04-10,1160.35
5417,Laura Sanchez,Bocina,Occidente,65.0,926.69,2026-03-23,1364.24
5900,Pedro Aguilar,Mouse,Sur,25.0,819.92,2024-02-03,1714.13
5275,Miguel Flores,Teclado,Norte,42.0,819.26,2025-03-14,1810.56
8711,Alejandro Diaz,Tablet,Sur,39.0,1060.18,2025-08-20,1554.27
2974,Pedro Aguilar,Impresora,Norte,57.0,441.37,2024-08-22,446.44
7752,Ricardo Vargas,Laptop,Centro,39.0,600.68,2026-01-19,1084.99
1586,Isabel Guzman,Impresora,Sur,25.0,1039.27,2024-05-06,1847.41
8428,Laura Sanchez,Mouse,Sin Especificar,60.0,911.65,2024-10-15,1852.53
6855,Ana Garcia,Silla,Occidente,51.0,852.81,2024-06-09,1857.59
9654,Daniela Cruz,Mouse,Sur,30.0,874.15,2026-02-24,856.69
9861,Alejandro Diaz,Laptop,Centro,43.0,1208.09,2025-02-27,1127.42
1053,Jose Martinez,Tablet,Occidente,36.0,213.17,2024-07-08,860.78
3113,Isabel Guzman,Monitor,Centro,269.0,946.91,2025-08-27,1706.79
8189,Pedro Aguilar,Teclado,Occidente,41.0,610.18,2024-04-19,1788.41
4534,Sofia Torres,Tablet,Centro,40.0,1091.26,2025-06-01,1712.35
9610,Sofia Torres,Mouse,Sur,35.0,851.87,,1796.5
8867,Ana Garcia,Teclado,Sur,28.0,959.92,2024-07-15,1505.27
3527,Pedro Aguilar,Laptop,Occidente,24.0,534.95,2025-06-29,1418.01
3050,Pedro Aguilar,Escritorio,Sur,40.0,977.39,2025-07-19,1174.21
5590,Luis Hernandez,Bocina,Sur,33.0,1386.71,2024-07-05,1430.13
2109,Alejandro Diaz,Laptop,Centro,45.0,973.98,2026-01-11,654.78
1086,Fernanda Castro,Teclado,Centro,41.0,934.43,2026-03-12,1197.54
9088,Isabel Guzman,Impresora,Centro,36.0,1024.29,2026-01-08,1883.81
8438,Isabel Guzman,Impresora,Sur,27.0,796.26,2025-07-16,1785.19
767,Pedro Aguilar,Camara,Sur,43.0,916.84,2025-01-24,1685.41
1747,Laura Sanchez,Laptop,Sur,28.0,705.15,2025-11-30,791.1
7647,Jose Martinez,Laptop,Norte,64.0,496.57,2025-09-21,1382.89
1009,Camila Reyes,Bocina,Norte,38.0,818.02,2024-08-10,859.97
5699,Ricardo Vargas,Bocina,Sin Especificar,57.0,848.16,2024-03-21,1114.87
623,Maria Lopez,Monitor,Centro,16.0,750.96,2026-04-27,1283.9
6536,Miguel Flores,Laptop,Occidente,50.0,368.18,2025-08-23,1768.93
3929,Carlos Ramirez,Monitor,Sur,31.0,996.2,2025-09-06,1470.85
6138,Andres Ortiz,Impresora,Sur,16.0,1342.18,2025-01-19,1554.89
5607,Jorge Morales,Mouse,Sur,43.0,1117.14,2024-05-17,961.53
6340,Camila Reyes,Monitor,Centro,53.0,833.245,2024-04-23,1904.53
6535,Diego Romero,Mouse,Sur,42.0,906.29,2024-11-07,1531.22
4994,Miguel Flores,Tablet,Occidente,28.0,458.32,2025-07-19,1310.28
3357,Valeria Mendoza,Laptop,Centro,24.0,1085.86,,2170.36
3508,Camila Reyes,Monitor,Occidente,25.0,980.95,2024-09-04,1431.01
4895,Miguel Flores,Monitor,Sur,59.0,697.92,2025-11-20,1354.99
5283,Maria Lopez,Monitor,Norte,38.0,470.15,,1444.51
6540,Ricardo Vargas,Impresora,Occidente,49.0,803.54,2024-09-21,1401.15
7650,Jorge Morales,Teclado,Occidente,38.0,887.68,2025-12-31,1672.31
3431,Miguel Flores,Tablet,Centro,44.0,1169.94,2025-09-03,1359.73
8875,Daniela Cruz,Bocina,Centro,38.0,560.58,2024-11-23,1186.82
2792,Jose Martinez,Impresora,Norte,23.0,1059.25,2024-06-27,1850.72
2622,Sofia Torres,Laptop,Centro,27.0,869.16,2025-11-23,1893.83
6602,Camila Reyes,Monitor,Sur,27.0,1227.95,2024-11-11,1312.37
8260,Diego Romero,Monitor,Norte,28.0,795.21,2024-05-25,716.85
3616,Jose Martinez,Silla,Sin Especificar,26.0,761.32,2024-01-28,1206.84
4638,Camila Reyes,Mouse,Norte,25.0,496.0,2025-05-15,706.66
1963,Ricardo Vargas,Monitor,Sur,37.0,1063.48,2025-08-19,1335.33
6473,Valeria Mendoza,Tablet,Sur,19.0,1149.91,2025-09-06,614.12
6212,Andres Ortiz,Tablet,Sur,30.0,1133.46,,1338.25
7590,Daniela Cruz,Escritorio,Norte,29.0,943.31,2024-01-07,1809.53
7373,Valeria Mendoza,Mouse,Centro,33.0,719.89,2025-08-16,829.71
4061,Maria Lopez,Mouse,Sur,27.0,304.0,2024-05-20,1438.31
8757,Diego Romero,Escritorio,Occidente,21.0,347.85,2024-11-12,1584.75
4609,Ana Garcia,Monitor,Centro,34.0,558.03,2024-09-19,1658.97
9179,Camila Reyes,Teclado,Centro,22.0,1289.98,2024-08-28,1494.16
8854,Ana Garcia,Silla,Norte,37.0,909.28,2024-07-31,1208.5
3943,Maria Lopez,Impresora,Occidente,49.0,801.18,2026-02-03,1584.8
5182,Jorge Morales,Impresora,Occidente,66.0,1231.48,2026-06-04,1722.45
9860,Paola Rios,Monitor,Sin Especificar,56.0,690.04,2025-12-11,1525.01
6528,Alejandro Diaz,Laptop,Occidente,42.0,632.44,2024-02-25,1637.66
692,Pedro Aguilar,Camara,Sur,41.0,897.57,2025-08-02,1976.86
5581,Valeria Mendoza,Camara,Occidente,54.0,946.55,2026-06-05,1064.21
4823,Fernanda Castro,Laptop,Sur,311.0,771.62,2026-02-28,1604.04
2480,Valeria Mendoza,Escritorio,Centro,33.0,510.68,2025-10-20,498.57
1456,Isabel Guzman,Escritorio,Sur,25.0,509.4,2024-08-24,1601.9
9712,Ana Garcia,Monitor,Centro,22.0,877.7,2025-03-11,1038.17
6610,Jorge Morales,Teclado,Occidente,44.0,222.5,2025-11-30,1282.58
5013,Laura Sanchez,Monitor,Centro,20.0,833.245,2024-07-22,1557.04
8153,Sofia Torres,Monitor,Sur,20.0,759.17,2025-10-24,1162.9
3979,Isabel Guzman,Tablet,Occidente,48.0,945.8,2024-05-31,1453.23
7300,Diego Romero,Teclado,Norte,50.0,822.475,2025-02-22,1573.09
9301,Carlos Ramirez,Silla,Norte,37.0,843.63,2025-02-05,1561.1
2027,Carlos Ramirez,Mouse,Occidente,38.0,957.03,2024-03-22,1465.36
8101,Miguel Flores,Bocina,Occidente,49.0,840.105,2025-03-04,1468.3
1601,Fernanda Castro,Bocina,Norte,38.0,840.105,2026-05-26,1745.72
9658,Luis Hernandez,Escritorio,Sur,39.0,832.48,2024-01-22,1131.82
3342,Paola Rios,Impresora,Sin Especificar,39.0,1471.0,2024-07-06,1155.46
1049,Jose Martinez,Bocina,Centro,34.0,1135.62,2024-02-21,1085.18
6717,Fernanda Castro,Monitor,Norte,38.0,719.69,2024-07-31,769.97
5743,Alejandro Diaz,Laptop,Sur,54.0,803.04,2024-06-11,904.13
6517,Fernanda Castro,Camara,Centro,39.0,1398.93,2026-05-17,1471.62
8178,Fernanda Castro,Tablet,Occidente,32.0,951.19,2026-01-25,1572.05
5211,Valeria Mendoza,Impresora,Occidente,42.0,1135.17,2025-02-20,1638.17
5526,Andres Ortiz,Laptop,Norte,29.0,833.22,2024-03-11,1449.75
799,Camila Reyes,Silla,Sur,58.0,988.1,2025-09-27,1638.15
3666,Daniela Cruz,Mouse,Sur,41.0,425.21,2025-01-24,1420.9
5722,Laura Sanchez,Camara,Occidente,38.0,730.99,2025-10-14,1777.95
2957,Maria Lopez,Escritorio,Sur,35.0,613.37,2025-08-08,1712.01
9500,Sofia Torres,Silla,Sin Especificar,37.0,609.05,2025-09-08,1561.24
8358,Laura Sanchez,Silla,Sur,38.0,967.66,2025-01-15,1186.86
4109,Camila Reyes,Teclado,Occidente,35.0,1023.43,2024-04-26,1071.03
2729,Jorge Morales,Teclado,Sur,41.0,1313.37,2026-04-06,2394.13
1311,Luis Hernandez,Laptop,Occidente,38.0,607.56,2026-02-25,835.97
9810,Miguel Flores,Camara,Centro,33.0,740.59,2025-05-18,1193.75
1756,Ana Garcia,Teclado,Occidente,38.0,678.45,2026-07-02,1400.88
8245,Diego Romero,Monitor,Occidente,34.0,903.21,2026-02-13,778.68
5918,Pedro Aguilar,Teclado,Norte,41.0,658.38,2025-08-19,1567.32
3630,Sofia Torres,Escritorio,Occidente,40.0,829.76,2025-12-05,1775.86
7383,Carlos Ramirez,Mouse,Norte,51.0,531.13,2025-12-23,924.5
1413,Jorge Morales,Impresora,Norte,18.0,1543.59,2024-05-19,1535.56
9406,Isabel Guzman,Teclado,Norte,38.0,875.96,2024-04-07,1082.01
6788,Miguel Flores,Laptop,Norte,39.0,1225.6,2026-02-06,1521.53
6430,Andres Ortiz,Bocina,Centro,32.0,840.105,2024-12-13,1813.77
9642,Fernanda Castro,Monitor,Occidente,30.0,910.33,2025-09-14,1589.74
626,Paola Rios,Teclado,Norte,39.0,866.2,2025-09-16,1179.19
1675,Jose Martinez,Laptop,Sur,14.0,1048.92,2025-01-18,836.24
8881,Jorge Morales,Monitor,Occidente,55.0,1163.17,2025-06-07,1106.58
2940,Jorge Morales,Bocina,Centro,312.0,718.83,2026-02-19,1664.49
8776,Carlos Ramirez,Monitor,Occidente,43.0,666.79,,1371.6
8720,Ana Garcia,Bocina,Sur,47.0,883.5,2025-07-26,1041.01
4324,Maria Lopez,Silla,Occidente,39.0,179.35,2025-05-03,1156.52
7331,Miguel Flores,Silla,Centro,28.0,796.97,2025-10-14,2081.32
6193,Diego Romero,Escritorio,Norte,46.0,1767.14,2025-08-14,1080.22
7929,Ana Garcia,Laptop,Sur,47.0,1256.26,2025-08-22,1712.21
5394,Luis Hernandez,Laptop,Norte,32.0,1512.71,2026-05-18,1106.03
9838,Diego Romero,Monitor,Occidente,38.0,779.24,2024-04-01,1142.68
7903,Diego Romero,Camara,Centro,53.0,653.41,2025-04-28,789.28
3552,Isabel Guzman,Teclado,Sur,11.0,770.01,2024-12-14,1531.98
4221,Alejandro Diaz,Camara,Sur,40.0,1247.64,2024-02-20,2083.6
2212,Alejandro Diaz,Silla,Centro,42.0,824.52,2024-02-18,1739.19
9295,Miguel Flores,Laptop,Occidente,26.0,401.41,2026-02-03,1400.3
2076,Sofia Torres,Silla,Norte,34.0,1270.81,2026-05-19,1560.64
8169,Paola Rios,Escritorio,Sur,44.0,283.82,2024-04-28,1532.47
7624,Maria Lopez,Monitor,Sur,35.0,1052.31,2024-08-18,1457.82
5585,Miguel Flores,Escritorio,Norte,39.0,879.99,,1372.66
7076,Sofia Torres,Monitor,Sur,28.0,847.29,2026-05-13,959.61
4321,Jorge Morales,Teclado,Norte,35.0,737.1,2025-06-01,1989.85
8654,Camila Reyes,Silla,Sur,42.0,1159.22,2025-09-04,844.18
8377,Ana Garcia,Bocina,Sur,55.0,743.6,,1560.3
4866,Jose Martinez,Silla,Centro,42.0,806.67,2024-01-10,1717.07
1563,Camila Reyes,Mouse,Sur,21.0,1104.22,2025-06-05,1402.57
8136,Andres Ortiz,Tablet,Centro,19.0,746.77,2025-04-18,1777.13
7761,Andres Ortiz,Teclado,Norte,28.0,682.4,2024-08-16,1481.41
3463,Andres Ortiz,Laptop,Occidente,7.0,1345.1,2026-02-05,1948.82
2498,Ana Garcia,Mouse,Norte,36.0,818.57,2025-11-27,1437.21
4375,Maria Lopez,Silla,Centro,33.0,1131.15,,1623.85
6114,Carlos Ramirez,Escritorio,Norte,27.0,684.62,2025-01-27,1267.78
1823,Camila Reyes,Impresora,Norte,43.0,826.23,2025-09-12,782.97
6486,Ana Garcia,Camara,Occidente,42.0,831.05,2024-06-12,1304.54
314,Sofia Torres,Mouse,Norte,37.0,850.19,2024-10-27,1286.35
438,Maria Lopez,Bocina,Centro,53.0,692.81,2024-01-08,1151.35
3610,Miguel Flores,Silla,Norte,53.0,584.61,2026-04-21,671.33
8717,Daniela Cruz,Impresora,Centro,32.0,1336.34,2025-11-24,1036.07
2713,Carlos Ramirez,Laptop,Norte,49.0,953.33,2025-05-08,808.06
9594,Pedro Aguilar,Laptop,Centro,31.0,872.68,2026-03-20,1235.47
5913,Ana Garcia,Monitor,Occidente,45.0,833.245,2025-02-23,1821.07
6241,Ana Garcia,Laptop,Occidente,42.0,682.19,2025-03-25,1788.4
6747,Andres Ortiz,Silla,Occidente,23.0,1316.5,2024-04-14,1701.13
9409,Camila Reyes,Laptop,Sur,39.0,714.63,2025-08-05,781.97
9873,Camila Reyes,Impresora,Sur,44.0,1515.52,2025-02-10,1643.82
4678,Jose Martinez,Silla,Sur,38.0,780.97,2025-04-24,1687.51
7170,Fernanda Castro,Mouse,Norte,27.0,477.83,2024-05-10,1159.02
9924,Laura Sanchez,Camara,Centro,42.0,254.22,2024-03-27,750.52
127,Pedro Aguilar,Bocina,Sin Especificar,23.0,635.33,2025-08-01,1537.21
3520,Ana Garcia,Bocina,Norte,44.0,476.25,2024-01-08,1655.43
8707,Luis Hernandez,Camara,Norte,53.0,1535.39,2025-05-20,1241.39
6532,Pedro Aguilar,Silla,Centro,42.0,418.4,2024-04-29,924.57
4614,Ana Garcia,Tablet,Centro,37.0,838.68,2024-03-15,1758.96
7395,Carlos Ramirez,Escritorio,Occidente,46.0,1222.57,2024-05-15,1653.55
8151,Valeria Mendoza,Camara,Sur,31.0,558.53,2024-10-02,810.86
6653,Andres Ortiz,Bocina,Sur,42.0,696.69,2025-02-09,1055.46
6327,Maria Lopez,Bocina,Norte,35.0,1142.31,2026-03-17,1540.06
2223,Diego Romero,Teclado,Sin Especificar,36.0,649.52,2024-11-04,1115.86
7993,Luis Hernandez,Escritorio,Occidente,51.0,1095.04,2026-01-17,1441.36
8578,Alejandro Diaz,Tablet,Sur,36.0,905.1,2025-08-24,1796.14
3774,Carlos Ramirez,Monitor,Norte,36.0,676.06,2024-05-13,848.01
2419,Alejandro Diaz,Impresora,Centro,18.0,1410.79,2025-05-11,657.06
1273,Isabel Guzman,Teclado,Norte,64.0,354.37,2025-07-21,1141.09
286,Daniela Cruz,Camara,Sur,31.0,705.81,2025-10-10,1666.17
3219,Maria Lopez,Monitor,Centro,21.0,994.63,,1096.38
5325,Camila Reyes,Mouse,Occidente,34.0,1295.9,2025-08-02,2087.56
8228,Paola Rios,Laptop,Centro,25.0,584.3,2026-04-24,1540.2
8381,Camila Reyes,Bocina,Sur,375.0,1092.23,2024-07-01,836.81
8648,Paola Rios,Mouse,Centro,45.0,501.52,2024-11-20,954.93
8104,Maria Lopez,Monitor,Sur,21.0,559.88,2025-03-10,1527.8
9104,Camila Reyes,Mouse,Centro,44.0,1131.92,2025-05-26,98000.0
172,Fernanda Castro,Escritorio,Occidente,30.0,1036.86,2025-11-11,1108.93
8738,Alejandro Diaz,Escritorio,Occidente,48.0,347.34,2025-12-21,1069.39
4603,Ana Garcia,Laptop,Occidente,21.0,1150.28,2024-01-04,1375.25
9470,Maria Lopez,Laptop,Norte,57.0,1248.6,2025-04-03,1478.07
9419,Carlos Ramirez,Mouse,Occidente,42.0,738.4,2025-05-11,1706.18
3515,Carlos Ramirez,Tablet,Centro,37.0,1526.36,2025-11-04,1109.88
7568,Pedro Aguilar,Bocina,Centro,26.0,1246.8,2024-05-13,1407.02
251,Laura Sanchez,Monitor,Occidente,46.0,691.24,2025-07-24,1947.17
1668,Fernanda Castro,Silla,Sur,49.0,765.32,2025-03-12,1377.86
6730,Andres Ortiz,Mouse,Norte,38.0,819.92,,1783.43
2090,Ricardo Vargas,Silla,Centro,28.0,1253.51,2025-07-22,616.29
4145,Sofia Torres,Impresora,Norte,20.0,274.99,2025-08-26,1054.86
8271,Laura Sanchez,Camara,Centro,43.0,597.66,2025-06-28,1358.44
3971,Diego Romero,Camara,Norte,42.0,992.43,2025-10-25,1677.0
4208,Paola Rios,Silla,Sin Especificar,40.0,945.4,2025-09-13,895.47
3000,Andres Ortiz,Impresora,Occidente,49.0,1209.61,2026-01-01,1285.58
1465,Jorge Morales,Monitor,Centro,25.0,1269.82,2024-04-03,1813.4
613,Maria Lopez,Bocina,Occidente,31.0,670.91,2024-11-13,1099.63
1520,Jorge Morales,Camara,Sin Especificar,44.0,829.105,2025-08-21,1923.08
2115,Valeria Mendoza,Silla,Occidente,29.0,1015.39,2024-02-22,914.67
7760,Fernanda Castro,Tablet,Norte,42.0,718.32,2025-09-11,490.24
6697,Isabel Guzman,Camara,Occidente,58.0,1342.07,2025-06-10,1461.39
2752,Pedro Aguilar,Teclado,Norte,36.0,771.89,2025-08-04,885.71
4769,Pedro Aguilar,Bocina,Occidente,25.0,1196.53,2026-01-27,2132.28
882,Ricardo Vargas,Escritorio,Norte,37.0,1070.68,2025-09-07,1781.92
9523,Miguel Flores,Laptop,Occidente,36.0,713.31,2025-09-08,479.32
6668,Diego Romero,Teclado,Norte,27.0,764.34,2025-01-09,1414.1
1233,Isabel Guzman,Impresora,Sur,26.0,516.03,2026-03-06,1174.82
1159,Isabel Guzman,Impresora,Centro,23.0,805.43,2026-02-21,1446.97
7628,Ricardo Vargas,Mouse,Sur,47.0,1047.99,2024-06-17,2256.5
7883,Diego Romero,Monitor,Occidente,5.0,1256.77,2024-12-11,1614.58
6728,Daniela Cruz,Monitor,Centro,10.0,721.65,2026-03-24,1812.78
5405,Jorge Morales,Silla,Sur,39.0,829.52,2024-01-13,2003.69
1774,Ana Garcia,Silla,Centro,24.0,1129.42,2024-06-08,1468.95
4878,Ricardo Vargas,Escritorio,Norte,22.0,832.48,2025-12-26,1053.54
4129,Jose Martinez,Bocina,Centro,56.0,840.105,2024-07-11,1753.25
5495,Valeria Mendoza,Laptop,Centro,53.0,827.5550000000001,2025-11-12,1720.81
7077,Maria Lopez,Teclado,Occidente,45.0,429.37,2025-08-24,1247.6
4332,Laura Sanchez,Teclado,Sur,15.0,550.08,2026-04-14,1147.99
5537,Laura Sanchez,Impresora,Norte,41.0,330.08,2026-02-25,1031.37
1338,Carlos Ramirez,Impresora,Norte,42.0,1064.74,2024-10-27,1933.65
6998,Alejandro Diaz,Silla,Norte,35.0,666.32,2026-02-09,1505.34
9566,Jose Martinez,Monitor,Centro,37.0,747.86,2024-06-02,1874.84
960,Jose Martinez,Silla,Sur,39.0,867.54,2025-04-08,1679.5
201,Daniela Cruz,Impresora,Centro,42.0,903.27,,1677.51
5342,Daniela Cruz,Silla,Sur,39.0,852.81,2024-11-22,1043.71
5866,Diego Romero,Tablet,Sur,57.0,958.85,2025-08-13,1430.98
6315,Jorge Morales,Teclado,Sur,27.0,1028.34,2024-05-07,917.9
7544,Fernanda Castro,Laptop,Sur,26.0,789.34,2024-02-11,1971.46
4979,Camila Reyes,Camara,Norte,39.0,225.14,2024-10-07,1062.07
2887,Miguel Flores,Bocina,Centro,52.0,840.105,2025-03-21,1388.38
568,Paola Rios,Monitor,Centro,40.0,882.52,2024-12-28,1244.08
6764,Pedro Aguilar,Laptop,Occidente,52.0,649.51,2025-05-19,1311.24
3425,Laura Sanchez,Monitor,Norte,11.0,989.42,2025-04-06,1294.13
7917,Isabel Guzman,Mouse,Sur,40.0,1138.88,2025-11-08,1581.33
2711,Carlos Ramirez,Camara,Sur,52.0,1141.47,2025-12-21,790.17
5559,Andres Ortiz,Tablet,Centro,31.0,1052.62,2025-09-16,1163.03
4634,Andres Ortiz,Teclado,Occidente,48.0,753.68,2024-02-16,1716.47
2583,Ricardo Vargas,Teclado,Centro,40.0,1293.2,2024-03-24,1213.8
8726,Jose Martinez,Tablet,Norte,25.0,1152.72,2026-04-16,1348.0
345,Daniela Cruz,Tablet,Occidente,1.0,752.95,2026-05-28,1186.02
5673,Valeria Mendoza,Escritorio,Sin Especificar,50.0,1074.73,2025-01-26,1152.09
9069,Valeria Mendoza,Silla,Sur,65.0,852.81,2025-01-04,1427.17
573,Carlos Ramirez,Laptop,Sin Especificar,31.0,1010.65,2024-12-06,1093.52
6582,Ana Garcia,Silla,Sur,36.0,873.55,2025-07-28,1482.94
6809,Fernanda Castro,Bocina,Occidente,38.0,667.28,2025-01-12,1467.42
6584,Diego Romero,Teclado,Occidente,29.0,1430.8,2025-10-05,1684.92
9273,Miguel Flores,Escritorio,Centro,28.0,254.35,2025-10-19,1562.69
8999,Luis Hernandez,Teclado,Norte,42.0,1073.31,,1584.97
9519,Luis Hernandez,Camara,Sur,45.0,515.78,2025-10-17,1599.87
8948,Luis Hernandez,Tablet,Sin Especificar,38.0,982.87,2025-08-23,873.64
5849,Sofia Torres,Escritorio,Centro,11.0,478.35,2024-02-14,1354.45
5852,Ricardo Vargas,Bocina,Occidente,27.0,1118.56,2024-10-16,1052.56
3956,Carlos Ramirez,Impresora,Sur,37.0,1411.58,2024-11-06,1355.24
374,Ana Garcia,Teclado,Sur,49.0,822.475,2025-01-02,1209.4
7060,Daniela Cruz,Mouse,Occidente,28.0,579.83,2025-11-20,2169.27
6510,Luis Hernandez,Tablet,Sin Especificar,40.0,598.57,2024-07-06,1732.37
6633,Sofia Torres,Escritorio,Centro,38.0,1032.64,2025-05-16,1357.42
4167,Laura Sanchez,Impresora,Centro,50.0,817.17,,2164.56
930,Camila Reyes,Monitor,Sur,52.0,904.16,2026-02-01,1302.58
9830,Jose Martinez,Camara,Centro,59.0,812.53,2024-07-02,853.27
4845,Sofia Torres,Mouse,Occidente,39.0,1256.26,2025-02-10,1394.18
5781,Isabel Guzman,Laptop,Centro,35.0,1311.26,2024-04-11,1431.83
1789,Jose Martinez,Impresora,Sur,39.0,687.26,2024-12-14,755.01
967,Ricardo Vargas,Mouse,Sur,59.0,1085.97,2025-12-26,1274.41
6833,Sofia Torres,Bocina,Centro,36.0,1530.63,2024-12-04,1483.58
8005,Andres Ortiz,Camara,Occidente,36.0,1048.41,2025-01-04,1568.12
8111,Jorge Morales,Teclado,Occidente,23.0,849.97,,1601.38
2703,Fernanda Castro,Mouse,Norte,53.0,452.97,2025-02-13,1123.84
8343,Paola Rios,Bocina,Sur,30.0,329.1,2024-09-16,1432.19
9602,Pedro Aguilar,Mouse,Sur,60.0,565.04,2024-01-13,1367.51
1382,Sofia Torres,Camara,Norte,44.0,839.49,2025-10-06,2079.47
3233,Maria Lopez,Bocina,Occidente,17.0,750.75,2024-07-14,993.03
7344,Carlos Ramirez,Laptop,Centro,60.0,1284.96,2026-01-23,1294.84
518,Ricardo Vargas,Tablet,Norte,68.0,1089.47,2024-01-13,1711.22
6627,Luis Hernandez,Silla,Occidente,37.0,1047.69,2024-04-02,1465.47
5829,Daniela Cruz,Impresora,Occidente,31.0,840.92,2024-10-31,826.21
230,Ana Garcia,Escritorio,Centro,50.0,1067.61,2024-10-24,1665.49
9448,Laura Sanchez,Camara,Norte,42.0,1245.23,2026-01-17,1843.67
2176,Paola Rios,Monitor,Sur,54.0,789.53,2024-01-23,1319.71
361,Isabel Guzman,Bocina,Sur,46.0,742.76,2025-04-22,1805.91
2373,Laura Sanchez,Tablet,Occidente,57.0,1054.57,2024-03-05,1864.59
802,Sofia Torres,Silla,Centro,33.0,938.64,2026-01-04,1713.82
6957,Daniela Cruz,Laptop,Centro,51.0,1231.29,2025-03-05,720.96
2078,Pedro Aguilar,Teclado,Occidente,52.0,822.475,2026-02-12,1774.37
4640,Carlos Ramirez,Teclado,Norte,30.0,960.07,2024-06-15,1807.13
6219,Alejandro Diaz,Monitor,Norte,46.0,391.96,2024-05-19,1192.71
1467,Isabel Guzman,Camara,Centro,44.0,512.69,2026-02-22,1548.32
4409,Jose Martinez,Camara,Norte,28.0,1065.57,2025-06-09,1196.5
2643,Miguel Flores,Camara,Norte,36.0,582.28,2024-02-17,1255.71
8784,Diego Romero,Bocina,Centro,60.0,749.73,2025-09-20,1403.99
6492,Jose Martinez,Laptop,Occidente,45.0,1128.31,2024-05-21,1555.34
1793,Paola Rios,Escritorio,Centro,53.0,549.36,2024-09-28,1686.7
5146,Diego Romero,Tablet,Centro,40.0,679.03,2024-01-10,1287.08
1363,Jorge Morales,Monitor,Centro,33.0,833.245,2026-04-19,910.54
6566,Isabel Guzman,Camara,Norte,61.0,737.38,2024-09-02,1397.15
1255,Paola Rios,Laptop,Norte,31.0,760.34,2024-05-26,1237.9
5725,Diego Romero,Tablet,Sur,36.0,838.68,2025-07-20,1302.47
5704,Jorge Morales,Bocina,Occidente,55.0,1196.74,2024-03-16,1733.69
5710,Fernanda Castro,Impresora,Occidente,48.0,700.37,2025-07-26,1288.93
7,Camila Reyes,Teclado,Centro,47.0,990.15,2025-10-07,1988.33
9911,Isabel Guzman,Tablet,Centro,38.0,838.68,2025-06-02,1909.23
1851,Camila Reyes,Tablet,Sur,50.0,838.68,2025-04-03,1488.19
2858,Luis Hernandez,Teclado,Sin Especificar,51.0,822.475,2026-10-01,2106.52
5677,Camila Reyes,Silla,Occidente,38.0,1153.72,2026-09-02,1109.31
9579,Luis Hernandez,Impresora,Occidente,62.0,1314.6,2026-05-05,700.05
9054,Sofia Torres,Impresora,Centro,52.0,826.23,2026-05-03,1973.99
6089,Luis Hernandez,Bocina,Sur,28.0,1036.18,2025-10-29,1188.79
8613,Miguel Flores,Mouse,Centro,32.0,1065.13,2025-09-01,1180.3
281,Diego Romero,Silla,Sur,40.0,508.15,,1218.0
9176,Ana Garcia,Mouse,Sur,34.0,1160.3,2025-05-03,1046.84
2780,Daniela Cruz,Escritorio,Centro,17.0,924.15,2025-11-29,603.65
6985,Alejandro Diaz,Camara,Occidente,37.0,687.05,2025-11-06,1379.38
8742,Sofia Torres,Laptop,Norte,44.0,815.33,2025-11-07,1044.88
5231,Luis Hernandez,Silla,Norte,49.0,852.81,2024-10-31,1270.2
4566,Paola Rios,Tablet,Sur,44.0,712.74,2024-11-27,1598.49
1130,Carlos Ramirez,Mouse,Occidente,38.0,1155.11,2026-06-11,1512.69
4357,Miguel Flores,Teclado,Occidente,49.0,798.63,2025-02-05,1148.4
2824,Andres Ortiz,Monitor,Centro,53.0,883.57,2026-06-14,1578.6
698,Laura Sanchez,Laptop,Norte,60.0,1126.78,2024-07-11,815.12
8307,Daniela Cruz,Laptop,Norte,46.0,1096.97,,1224.76
1703,Sofia Torres,Silla,Occidente,28.0,971.42,2025-11-21,1458.29
7052,Diego Romero,Laptop,Sur,28.0,580.86,2024-09-24,945.99
1388,Jose Martinez,Impresora,Norte,15.0,723.87,2025-06-21,1472.5
4277,Diego Romero,Mouse,Norte,35.0,695.88,2025-11-09,1223.1
8332,Ricardo Vargas,Monitor,Sin Especificar,30.0,964.41,2024-07-22,1607.57
8193,Luis Hernandez,Laptop,Centro,16.0,537.72,2025-03-22,1414.1
4068,Pedro Aguilar,Bocina,Centro,41.0,840.105,2024-06-14,1269.45
487,Pedro Aguilar,Escritorio,Sur,37.0,472.23,2026-09-01,1572.47
5094,Camila Reyes,Monitor,Sin Especificar,43.0,1029.13,2025-04-05,1677.55
9229,Jose Martinez,Escritorio,Centro,32.0,1053.15,2026-05-07,1337.93
9035,Andres Ortiz,Tablet,Occidente,48.0,941.56,2025-08-19,973.86
3744,Andres Ortiz,Tablet,Centro,12.0,838.68,2024-01-17,1274.67
3376,Miguel Flores,Silla,Occidente,36.0,1047.62,2024-01-12,1708.52
4528,Jose Martinez,Monitor,Centro,27.0,1186.19,2024-01-14,1967.13
9953,Pedro Aguilar,Teclado,Norte,28.0,822.475,2026-02-07,1592.87
570,Diego Romero,Tablet,Occidente,38.0,545.99,2025-09-12,1693.48
1501,Jorge Morales,Laptop,Centro,16.0,1037.86,2025-08-03,1611.5
88,Camila Reyes,Monitor,Norte,38.0,780.6,2025-07-23,1216.67
3961,Alejandro Diaz,Tablet,Sur,32.0,1155.77,2024-12-02,1546.7
7987,Camila Reyes,Camara,Centro,33.0,1203.72,2026-01-28,1611.56
6140,Pedro Aguilar,Escritorio,Occidente,38.0,880.72,2024-05-26,1546.36
5327,Daniela Cruz,Mouse,Occidente,53.0,1250.14,2025-08-23,1295.82
2529,Diego Romero,Impresora,Norte,32.0,826.23,2024-12-26,1091.63
4451,Andres Ortiz,Monitor,Sur,48.0,881.83,2024-10-30,1377.51
1950,Jorge Morales,Bocina,Centro,61.0,840.105,2026-01-31,1580.71
1826,Diego Romero,Silla,Sin Especificar,27.0,918.52,2024-08-09,1266.91
4139,Sofia Torres,Bocina,Norte,36.0,1170.79,2025-04-08,889.15
5990,Sofia Torres,Impresora,Centro,23.0,1271.23,2025-05-04,1339.7
7524,Fernanda Castro,Impresora,Sur,40.0,694.94,2025-11-22,1666.9
6499,Diego Romero,Tablet,Centro,62.0,935.63,2025-12-16,939.14
8025,Jose Martinez,Monitor,Sur,42.0,833.245,2025-11-17,1690.2
2267,Daniela Cruz,Mouse,Sin Especificar,46.0,1073.78,2026-02-24,1356.48
6968,Fernanda Castro,Tablet,Occidente,42.0,1290.32,2024-08-03,1808.01
5553,Ricardo Vargas,Bocina,Centro,32.0,281.09,2024-01-16,1670.67
6182,Diego Romero,Laptop,Norte,41.0,964.38,2025-04-19,1368.44
9665,Ricardo Vargas,Camara,Sur,43.0,1302.8,2025-10-17,1036.09
8078,Ana Garcia,Mouse,Occidente,13.0,804.05,,715.9
4018,Sofia Torres,Silla,Sur,44.0,990.52,2025-12-20,1915.89
5908,Paola Rios,Escritorio,Centro,28.0,529.88,2026-05-18,1430.98
9891,Alejandro Diaz,Mouse,Occidente,39.0,371.13,2026-05-14,1407.06
1784,Isabel Guzman,Escritorio,Occidente,31.0,576.21,2025-05-28,1392.61
1529,Carlos Ramirez,Escritorio,Sur,30.0,1321.19,2025-09-23,1263.33
4952,Jose Martinez,Mouse,Norte,10.0,768.21,2025-11-23,2139.39
265,Pedro Aguilar,Impresora,Centro,44.0,838.43,2024-08-11,1365.82
9267,Carlos Ramirez,Teclado,Sur,55.0,259.42,2024-02-18,1277.59
4360,Isabel Guzman,Laptop,Centro,20.0,1084.56,2024-09-20,1248.83
1106,Maria Lopez,Bocina,Occidente,38.0,880.84,2024-05-21,979.79
4583,Paola Rios,Laptop,Norte,24.0,1033.23,2024-08-03,1119.3
7392,Paola Rios,Monitor,Occidente,46.0,778.09,2025-07-03,1342.0
7105,Valeria Mendoza,Monitor,Occidente,46.0,900.1,2024-08-20,1827.62
5040,Valeria Mendoza,Escritorio,Sur,37.0,875.33,,2066.67
1585,Miguel Flores,Impresora,Sur,50.0,761.16,2025-04-30,1958.72
3238,Jorge Morales,Silla,Sur,49.0,1155.93,2025-05-02,1853.26
1375,Daniela Cruz,Camara,Centro,40.0,942.76,2025-07-26,1437.0
7220,Fernanda Castro,Tablet,Occidente,52.0,1169.28,2026-04-25,1280.2
6179,Isabel Guzman,Silla,Norte,51.0,715.41,2026-04-02,1145.77
2429,Fernanda Castro,Camara,Occidente,31.0,678.07,2024-07-04,1081.26
7857,Ricardo Vargas,Teclado,Occidente,51.0,925.88,2025-03-28,872.99
3574,Jose Martinez,Tablet,Centro,40.0,838.68,2024-12-25,1691.2
9875,Daniela Cruz,Silla,Sur,37.0,852.81,2024-12-30,1790.4
6877,Fernanda Castro,Monitor,Norte,41.0,1171.96,2026-02-12,1446.63
638,Maria Lopez,Tablet,Sur,17.0,1065.54,2025-10-03,1597.47
8474,Jorge Morales,Teclado,Occidente,34.0,796.92,2024-12-15,1489.34
7502,Jorge Morales,Bocina,Centro,31.0,1091.24,2024-05-03,1275.76
7309,Laura Sanchez,Tablet,Norte,24.0,1041.93,2024-02-09,1732.28
9887,Jose Martinez,Impresora,Occidente,51.0,497.33,2025-07-30,1622.24
5796,Paola Rios,Camara,Occidente,28.0,525.18,2025-06-21,1308.72
3623,Jorge Morales,Bocina,Occidente,33.0,499.53,2024-05-30,1139.85
5543,Isabel Guzman,Silla,Centro,15.0,545.76,,1785.28
842,Ricardo Vargas,Mouse,Norte,33.0,660.47,2024-07-04,1175.95
5536,Isabel Guzman,Laptop,Norte,34.0,843.92,2024-06-30,1110.0
2180,Miguel Flores,Bocina,Sur,31.0,1091.7,2025-01-08,1637.98
9715,Jorge Morales,Monitor,Norte,45.0,833.245,2025-06-06,1385.72
1909,Daniela Cruz,Teclado,Centro,47.0,329.16,2025-10-08,1739.7
3619,Ricardo Vargas,Silla,Norte,51.0,1177.51,2024-11-19,1176.99
9732,Isabel Guzman,Bocina,Occidente,20.0,339.25,2025-06-30,1049.75
2294,Alejandro Diaz,Escritorio,Occidente,24.0,307.96,2026-06-11,1609.32
7633,Daniela Cruz,Laptop,Sur,56.0,474.14,2026-01-11,1809.32
2895,Ana Garcia,Camara,Norte,40.0,932.92,2026-05-04,2216.51
8572,Sofia Torres,Silla,Occidente,53.0,856.43,2024-11-23,1526.76
1470,Jose Martinez,Laptop,Centro,48.0,418.75,2026-05-26,1178.74
9226,Isabel Guzman,Bocina,Occidente,37.0,1112.82,2026-03-24,923.35
1768,Sofia Torres,Impresora,Sur,47.0,684.86,2024-03-05,1585.05
5388,Sofia Torres,Laptop,Centro,28.0,950.49,2024-04-05,1243.82
8792,Diego Romero,Mouse,Sur,63.0,1494.45,2026-01-26,1701.22
2096,Camila Reyes,Escritorio,Centro,42.0,840.26,2025-11-15,1536.55
566,Luis Hernandez,Escritorio,Occidente,45.0,1079.78,2024-10-13,1408.28
6817,Daniela Cruz,Bocina,Centro,38.0,815.38,2024-05-22,1908.01
7842,Andres Ortiz,Impresora,Norte,40.0,1124.26,2026-02-01,1812.48
5774,Alejandro Diaz,Monitor,Sur,40.0,1216.24,2026-02-21,1148.71
9701,Ana Garcia,Laptop,Centro,36.0,724.58,2026-02-06,912.71
119,Miguel Flores,Mouse,Norte,34.0,819.92,,1390.49
1063,Miguel Flores,Teclado,Norte,30.0,1058.15,2026-03-23,469.28
6898,Isabel Guzman,Camara,Sin Especificar,26.0,779.09,2025-12-07,1318.43
7671,Fernanda Castro,Bocina,Sur,27.0,548.01,2025-03-27,818.79
7668,Sofia Torres,Escritorio,Norte,23.0,922.04,2025-07-19,1283.32
255,Isabel Guzman,Teclado,Occidente,24.0,1039.27,2025-02-12,1615.1
6520,Sofia Torres,Tablet,Sur,31.0,1187.98,2025-12-05,1528.26
8639,Ana Garcia,Escritorio,Occidente,28.0,859.86,2025-07-16,1790.14
7350,Carlos Ramirez,Monitor,Norte,62.0,811.76,2024-03-17,700.92
1852,Jose Martinez,Impresora,Centro,24.0,51.94,2024-08-29,1590.85
2932,Sofia Torres,Monitor,Sin Especificar,45.0,809.41,2025-02-08,2061.89
4685,Fernanda Castro,Bocina,Norte,46.0,853.95,2025-12-20,1697.71
6972,Maria Lopez,Bocina,Sur,52.0,796.24,2024-01-17,1605.13
4263,Camila Reyes,Mouse,Norte,75.0,724.73,2025-11-12,1401.75
9657,Carlos Ramirez,Mouse,Centro,46.0,777.14,2024-04-26,1706.86
2531,Daniela Cruz,Laptop,Norte,40.0,741.57,2025-12-08,1188.51
1611,Valeria Mendoza,Tablet,Centro,59.0,860.14,2024-06-16,829.38
3690,Camila Reyes,Monitor,Sin Especificar,43.0,845.18,2026-05-25,1821.11
1630,Miguel Flores,Bocina,Sin Especificar,47.0,1695.3,2024-08-02,1430.14
9932,Daniela Cruz,Teclado,Centro,40.0,642.59,2024-06-04,1094.38
8681,Laura Sanchez,Escritorio,Sur,32.0,1070.94,2025-01-20,1394.09
682,Sofia Torres,Camara,Occidente,38.0,995.02,2026-01-05,1489.38
709,Camila Reyes,Escritorio,Centro,32.0,648.17,2024-12-11,927.96
5166,Isabel Guzman,Escritorio,Sur,38.0,673.36,2024-02-18,961.16
5258,Ana Garcia,Mouse,Centro,46.0,566.38,,1867.16
7621,Jorge Morales,Mouse,Occidente,24.0,1167.74,2024-08-22,1306.21
2461,Laura Sanchez,Camara,Sur,25.0,829.105,2025-12-06,1607.52
3720,Pedro Aguilar,Silla,Sin Especificar,29.0,966.15,2025-04-24,1728.41
2503,Camila Reyes,Mouse,Norte,26.0,1017.14,2024-09-16,1904.22
5803,Camila Reyes,Teclado,Norte,43.0,822.475,2024-05-12,1212.52
1400,Sofia Torres,Camara,Centro,26.0,829.105,2026-04-18,1171.11
2989,Jose Martinez,Camara,Occidente,29.0,952.26,2025-12-21,799.13
5074,Fernanda Castro,Laptop,Centro,31.0,388.67,2026-02-08,1358.92
5143,Valeria Mendoza,Impresora,Sur,33.0,677.99,2025-03-21,1443.41
1547,Luis Hernandez,Escritorio,Sur,26.0,711.86,2024-06-10,1473.15
481,Alejandro Diaz,Camara,Norte,42.0,486.59,2025-08-15,1570.82
8686,Alejandro Diaz,Tablet,Sur,43.0,695.69,2024-12-24,1520.18
8913,Andres Ortiz,Tablet,Centro,37.0,696.03,2024-03-08,2028.91
6220,Jorge Morales,Escritorio,Occidente,35.0,965.27,2025-08-15,928.95
7649,Jorge Morales,Tablet,Norte,36.0,588.49,2025-11-18,1209.79
7827,Isabel Guzman,Monitor,Centro,38.0,794.8,2026-02-03,1824.29
7859,Alejandro Diaz,Impresora,Sur,36.0,735.29,,907.62
8018,Andres Ortiz,Silla,Occidente,51.0,797.1,2024-12-19,834.01
9513,Laura Sanchez,Mouse,Norte,27.0,755.06,2025-11-20,1504.3
2081,Andres Ortiz,Escritorio,Sur,51.0,819.35,2024-11-03,1325.6
7878,Fernanda Castro,Laptop,Sin Especificar,50.0,894.17,2024-12-15,1468.35
7093,Jose Martinez,Tablet,Occidente,24.0,1008.03,,1440.4
5240,Laura Sanchez,Tablet,Sin Especificar,4.0,1360.25,2024-01-03,1413.84
2537,Daniela Cruz,Silla,Sur,36.0,1092.43,2025-01-08,1183.89
2470,Jose Martinez,Laptop,Centro,50.0,1201.27,2025-06-26,907.33
2666,Sofia Torres,Silla,Sur,60.0,873.3,2025-04-23,1638.87
874,Jorge Morales,Bocina,Centro,46.0,641.08,2024-12-20,1153.07
357,Alejandro Diaz,Escritorio,Sur,43.0,361.41,2025-08-20,1945.13
302,Carlos Ramirez,Laptop,Centro,43.0,1035.14,,1583.19
1324,Carlos Ramirez,Mouse,Occidente,21.0,984.9,2025-07-17,1637.89
2206,Carlos Ramirez,Impresora,Centro,40.0,761.7,2025-11-04,1007.34
4462,Miguel Flores,Bocina,Occidente,34.0,976.66,2026-01-08,1632.02
5556,Sofia Torres,Camara,Norte,13.0,1639.99,2026-02-15,985.18
9629,Valeria Mendoza,Tablet,Sur,45.0,408.78,2024-08-07,1564.54
2535,Maria Lopez,Escritorio,Occidente,52.0,505.48,,1659.39
7160,Maria Lopez,Mouse,Sur,34.0,934.82,2025-01-29,1617.65
1816,Alejandro Diaz,Silla,Sur,56.0,990.92,2025-08-07,1344.31
9942,Fernanda Castro,Bocina,Occidente,21.0,776.78,2025-12-25,1814.5
6958,Ricardo Vargas,Monitor,Sin Especificar,40.0,649.06,2025-12-02,1425.21
7799,Ricardo Vargas,Mouse,Occidente,42.0,819.92,2025-01-13,1112.95
9535,Isabel Guzman,Bocina,Centro,40.0,736.67,2026-03-15,2000.46
9631,Andres Ortiz,Silla,Occidente,31.0,797.97,2025-05-08,1802.73
6907,Sofia Torres,Monitor,Occidente,35.0,1048.46,2025-06-27,1734.32
400,Paola Rios,Camara,Sin Especificar,51.0,862.36,2024-01-23,1015.06
639,Ana Garcia,Mouse,Norte,45.0,1089.13,2024-05-01,1604.01
2119,Laura Sanchez,Escritorio,Centro,60.0,1291.52,2025-03-14,1652.33
9483,Jose Martinez,Laptop,Sur,34.0,546.55,2025-02-17,1584.33
4954,Fernanda Castro,Bocina,Sur,31.0,433.91,2025-12-01,1354.16
1262,Ricardo Vargas,Teclado,Sur,31.0,834.14,2024-11-19,2113.71
9865,Isabel Guzman,Bocina,Norte,24.0,509.23,2025-05-31,1549.03
4677,Camila Reyes,Laptop,Sin Especificar,42.0,1156.66,,1481.97
2633,Laura Sanchez,Camara,Sur,42.0,957.38,2025-11-17,1634.67
9901,Fernanda Castro,Impresora,Occidente,46.0,1191.97,,1710.0
5510,Jose Martinez,Silla,Occidente,41.0,634.29,2024-06-04,1469.2
2945,Andres Ortiz,Teclado,Sur,44.0,199.27,2024-03-15,1927.49
7527,Laura Sanchez,Laptop,Norte,40.0,918.7,2024-07-20,1394.41
888,Alejandro Diaz,Escritorio,Centro,42.0,591.4,2024-09-14,920.73
3140,Carlos Ramirez,Tablet,Centro,18.0,1462.57,2025-08-17,1096.04
6634,Laura Sanchez,Tablet,Centro,31.0,816.42,2025-11-07,1285.22
114,Camila Reyes,Teclado,Norte,42.0,679.19,2024-03-03,1368.91
4358,Diego Romero,Laptop,Sur,30.0,569.65,2025-09-12,1414.12
268,Carlos Ramirez,Teclado,Centro,33.0,862.37,,1254.56
2882,Sofia Torres,Bocina,Centro,39.0,589.26,2026-01-27,1166.89
1500,Jose Martinez,Silla,Sur,21.0,238.03,2025-12-09,1611.44
1314,Daniela Cruz,Monitor,Sur,49.0,964.5,2024-11-09,875.53
2372,Camila Reyes,Tablet,Centro,50.0,815.97,2024-01-25,1802.57
3424,Jorge Morales,Camara,Centro,48.0,821.12,2026-01-05,1565.02
7240,Carlos Ramirez,Camara,Norte,29.0,1079.7,2024-01-02,1588.71
5840,Paola Rios,Bocina,Sin Especificar,46.0,990.51,2026-06-14,2016.64
6533,Ricardo Vargas,Monitor,Centro,37.0,147.97,2024-05-30,1750.25
9094,Carlos Ramirez,Teclado,Centro,40.0,778.76,,1740.74
6380,Maria Lopez,Tablet,Centro,44.0,691.44,2025-02-12,749.42
5844,Camila Reyes,Mouse,Occidente,25.0,1285.99,2025-10-13,1319.49
6357,Camila Reyes,Silla,Sur,41.0,786.64,2024-12-16,1129.65
7427,Pedro Aguilar,Bocina,Centro,57.0,616.24,2024-06-30,1679.71
2567,Ricardo Vargas,Camara,Centro,36.0,1049.28,2024-03-15,809.99
8558,Maria Lopez,Tablet,Occidente,59.0,963.86,2024-03-16,1799.07
9802,Andres Ortiz,Teclado,Centro,27.0,581.17,2024-08-27,1418.14
3446,Diego Romero,Escritorio,Norte,58.0,1019.03,,1077.14
793,Luis Hernandez,Mouse,Sur,40.0,865.53,2025-10-31,1805.79
6515,Paola Rios,Silla,Norte,42.0,1233.19,2024-10-23,1657.48
2566,Daniela Cruz,Camara,Sur,38.0,720.31,2024-09-02,1841.17
2835,Jose Martinez,Silla,Centro,14.0,586.62,2026-02-04,1235.89
6628,Jose Martinez,Mouse,Occidente,27.0,618.35,2025-01-24,791.95
4962,Valeria Mendoza,Laptop,Occidente,50.0,1152.71,2025-01-23,1401.17
8836,Carlos Ramirez,Impresora,Norte,52.0,508.59,2024-05-21,971.06
4741,Pedro Aguilar,Bocina,Centro,30.0,1489.59,2025-03-11,1602.84
3807,Luis Hernandez,Monitor,Centro,34.0,413.32,2025-03-15,1157.87
8625,Isabel Guzman,Teclado,Centro,48.0,823.27,2025-08-10,1278.7
1696,Jose Martinez,Mouse,Norte,44.0,988.64,2025-02-20,1071.75
4148,Daniela Cruz,Camara,Norte,246.0,874.8,2024-05-27,1830.44
8187,Maria Lopez,Escritorio,Occidente,51.0,1193.31,2026-05-29,1464.84
6358,Maria Lopez,Escritorio,Sur,37.0,750.36,2024-04-01,887.44
8980,Pedro Aguilar,Bocina,Centro,24.0,840.105,2024-06-09,1009.94
8930,Jose Martinez,Teclado,Sur,68.0,743.98,2026-03-02,1631.75
1779,Laura Sanchez,Camara,Centro,45.0,743.49,2024-08-23,530.6
2056,Sofia Torres,Impresora,Norte,17.0,1023.02,2024-08-07,1631.09
4771,Camila Reyes,Tablet,Norte,45.0,845.5,2024-08-22,1456.74
8619,Valeria Mendoza,Laptop,Occidente,30.0,847.33,2025-11-08,1404.83
2197,Luis Hernandez,Escritorio,Occidente,45.0,1178.48,2025-08-01,804.77
7226,Pedro Aguilar,Mouse,Sur,33.0,852.65,2025-09-01,1337.85
3188,Laura Sanchez,Escritorio,Norte,44.0,955.29,2024-03-03,1725.04
1628,Daniela Cruz,Impresora,Sur,53.0,1194.93,2024-08-30,1751.91
1332,Laura Sanchez,Silla,Occidente,28.0,977.03,2024-10-14,877.93
2227,Andres Ortiz,Mouse,Occidente,44.0,924.25,2025-11-06,1643.66
7270,Jorge Morales,Mouse,Occidente,27.0,1024.36,2025-05-23,1140.66
9495,Jorge Morales,Monitor,Sin Especificar,51.0,900.09,2025-07-19,1485.13
4493,Miguel Flores,Monitor,Occidente,46.0,1508.27,2025-12-13,1890.83
279,Alejandro Diaz,Camara,Norte,34.0,159.16,2025-10-29,1654.76
7343,Jose Martinez,Impresora,Norte,29.0,1496.84,2025-11-25,1032.33
4147,Jorge Morales,Camara,Occidente,6.0,841.26,2025-01-20,1698.1
8386,Paola Rios,Mouse,Occidente,32.0,1596.2,2025-10-28,1473.05
4519,Alejandro Diaz,Silla,Norte,22.0,824.97,2024-02-01,835.72
8614,Alejandro Diaz,Silla,Sin Especificar,28.0,1033.96,2024-07-04,2711.51
9490,Isabel Guzman,Teclado,Centro,52.0,822.475,2024-04-08,1264.44
1729,Ricardo Vargas,Monitor,Occidente,26.0,872.58,2025-12-13,1179.23
662,Ricardo Vargas,Impresora,Sur,56.0,1116.24,2026-04-24,2336.74
4909,Ricardo Vargas,Tablet,Sur,43.0,552.76,2024-04-16,1766.47
9331,Andres Ortiz,Camara,Occidente,24.0,945.47,,1206.11
2399,Luis Hernandez,Impresora,Occidente,36.0,794.07,2024-11-24,1756.05
4159,Camila Reyes,Camara,Centro,28.0,823.52,2025-04-06,1315.94
435,Daniela Cruz,Bocina,Occidente,34.0,1325.59,2024-11-23,895.19
1272,Fernanda Castro,Impresora,Centro,51.0,1140.29,2025-12-07,1114.51
5808,Daniela Cruz,Camara,Occidente,48.0,959.48,2025-12-08,1869.33
78,Camila Reyes,Mouse,Norte,48.0,506.4,2026-03-29,1016.82
6816,Isabel Guzman,Monitor,Centro,35.0,716.44,2025-04-12,1627.85
7172,Jose Martinez,Teclado,Sur,51.0,989.34,2025-01-19,1256.62
1257,Isabel Guzman,Monitor,Norte,33.0,1060.32,2024-09-08,1672.25
1047,Carlos Ramirez,Tablet,Occidente,38.0,1119.11,2025-09-21,1279.48
4920,Miguel Flores,Laptop,Centro,38.0,801.9,2024-03-06,1952.59
2939,Carlos Ramirez,Mouse,Centro,30.0,1654.53,2025-09-04,1187.3
2744,Valeria Mendoza,Teclado,Occidente,26.0,832.87,2024-07-13,1440.18
7306,Maria Lopez,Monitor,Sur,37.0,833.245,2026-06-02,1561.75
3785,Pedro Aguilar,Tablet,Sin Especificar,33.0,329.94,,1461.01
7086,Sofia Torres,Monitor,Centro,55.0,576.44,2026-04-11,1467.21
4782,Carlos Ramirez,Impresora,Centro,43.0,950.53,2025-05-09,1311.47
6321,Alejandro Diaz,Mouse,Norte,50.0,1462.21,2024-07-27,595.99
7334,Fernanda Castro,Silla,Norte,16.0,618.71,2024-09-26,973.64
547,Jose Martinez,Escritorio,Sur,34.0,476.59,2024-07-26,1811.3
7475,Ana Garcia,Impresora,Occidente,24.0,847.12,2024-10-21,1220.88
3832,Camila Reyes,Tablet,Sur,323.0,561.4,2025-08-16,1657.49
3916,Isabel Guzman,Silla,Occidente,33.0,852.81,2024-11-18,1591.74
3457,Valeria Mendoza,Monitor,Occidente,23.0,1255.48,2025-12-04,2169.96
4008,Valeria Mendoza,Bocina,Occidente,48.0,686.39,2025-05-20,1682.9
1125,Maria Lopez,Tablet,Norte,58.0,810.72,2026-01-11,1474.14
7882,Ana Garcia,Laptop,Occidente,36.0,708.39,,1148.19
768,Luis Hernandez,Laptop,Centro,38.0,917.33,,2076.73
1175,Isabel Guzman,Teclado,Norte,29.0,1154.14,2024-05-10,1398.02
9155,Valeria Mendoza,Camara,Occidente,19.0,1496.77,2026-04-12,1460.04
7972,Laura Sanchez,Impresora,Norte,31.0,1148.3,2025-07-08,1437.25
6036,Pedro Aguilar,Teclado,Occidente,35.0,834.2,2024-10-31,1668.53
8685,Ana Garcia,Teclado,Sur,33.0,814.14,2024-12-11,1947.32
263,Alejandro Diaz,Escritorio,Centro,46.0,955.9,2024-03-30,1824.64
1020,Sofia Torres,Camara,Sur,38.0,1226.76,2024-10-19,1470.99
5048,Daniela Cruz,Bocina,Occidente,45.0,813.86,2025-02-20,1946.25
3875,Andres Ortiz,Silla,Occidente,34.0,601.25,2025-11-16,1162.91
4739,Paola Rios,Silla,Occidente,50.0,681.17,2026-05-13,1855.57
1013,Camila Reyes,Camara,Norte,26.0,888.77,2024-10-03,76000.0
737,Jose Martinez,Camara,Norte,42.0,1745.51,2025-04-18,1282.05
2241,Ana Garcia,Escritorio,Sin Especificar,37.0,535.16,2024-08-30,882.72
6058,Daniela Cruz,Laptop,Sur,28.0,852.06,2025-02-28,604.19
6166,Isabel Guzman,Impresora,Norte,37.0,1038.36,2026-03-18,1362.72
8330,Ana Garcia,Laptop,Occidente,47.0,880.57,,1190.72
4457,Daniela Cruz,Tablet,Occidente,44.0,1253.32,2024-11-14,949.88
3869,Maria Lopez,Bocina,Sur,57.0,840.105,2025-08-17,681.29
3110,Paola Rios,Tablet,Centro,33.0,1009.35,2025-11-29,1373.76
5654,Daniela Cruz,Silla,Centro,28.0,879.5,2025-05-07,1166.14
6110,Daniela Cruz,Laptop,Sur,46.0,827.5550000000001,2024-05-13,1840.37
3007,Maria Lopez,Escritorio,Sur,56.0,1148.78,2026-03-15,1738.6
4681,Fernanda Castro,Mouse,Centro,23.0,650.7,2025-03-07,1394.03
6002,Laura Sanchez,Bocina,Sur,52.0,633.61,2024-10-24,914.34
9632,Jose Martinez,Monitor,Occidente,51.0,68.12,2025-09-06,1928.13
2911,Pedro Aguilar,Silla,Sin Especificar,23.0,1497.22,2025-06-24,1016.39
8247,Jorge Morales,Silla,Centro,60.0,1214.62,2024-04-14,1169.81
4558,Diego Romero,Silla,Norte,37.0,852.81,2024-08-08,1299.73
6415,Laura Sanchez,Bocina,Norte,33.0,1382.16,2024-08-15,2059.09
4764,Valeria Mendoza,Silla,Sur,169.0,994.81,2026-03-22,1804.64
3121,Maria Lopez,Mouse,Norte,13.0,499.5,2024-04-10,706.02
8706,Luis Hernandez,Tablet,Sur,63.0,1102.17,2025-03-16,1433.43
4717,Valeria Mendoza,Impresora,Sur,25.0,823.96,2025-06-08,1170.58
7203,Sofia Torres,Silla,Norte,48.0,840.05,2024-03-28,1337.67
1506,Paola Rios,Bocina,Occidente,62.0,1053.87,2024-11-28,1221.54
6591,Ana Garcia,Bocina,Norte,40.0,542.38,2024-08-23,1016.09
5008,Carlos Ramirez,Bocina,Sur,35.0,840.105,2024-07-01,483.83
3241,Miguel Flores,Tablet,Centro,30.0,1208.87,2025-12-05,600.94
8452,Alejandro Diaz,Escritorio,Centro,25.0,973.78,2024-10-28,1124.63
4520,Jose Martinez,Camara,Centro,29.0,856.51,2024-01-13,1404.0
8932,Carlos Ramirez,Teclado,Norte,35.0,567.08,2025-08-08,936.83
4236,Paola Rios,Monitor,Centro,48.0,833.245,2025-04-25,1447.65
415,Jorge Morales,Silla,Centro,38.0,1459.42,2024-07-11,1837.88
7316,Carlos Ramirez,Impresora,Sin Especificar,31.0,1279.93,2024-08-05,1257.03
6169,Fernanda Castro,Silla,Sur,54.0,1373.52,2024-07-02,912.64
1424,Maria Lopez,Monitor,Norte,26.0,732.45,2025-05-01,1522.63
5730,Camila Reyes,Camara,Sur,46.0,728.22,2024-12-26,1912.94
9169,Sofia Torres,Monitor,Occidente,40.0,952.55,2024-10-09,1377.73
6905,Miguel Flores,Teclado,Norte,37.0,817.62,2025-06-16,447.93
5631,Carlos Ramirez,Silla,Sur,32.0,645.77,2025-08-02,978.89
6826,Andres Ortiz,Escritorio,Norte,45.0,896.26,2025-10-13,2109.71
2300,Daniela Cruz,Impresora,Occidente,51.0,863.58,2025-11-21,1073.52
1930,Ana Garcia,Monitor,Norte,48.0,1154.58,2024-03-08,884.12
6126,Daniela Cruz,Escritorio,Norte,30.0,901.38,2026-04-01,1916.25
5028,Ricardo Vargas,Teclado,Occidente,25.0,407.46,2025-09-10,881.35
2509,Alejandro Diaz,Laptop,Occidente,51.0,793.3,2024-08-22,98000.0
157,Pedro Aguilar,Escritorio,Norte,27.0,891.03,2025-12-07,972.53
6951,Diego Romero,Tablet,Occidente,42.0,921.02,2024-06-23,1570.54
161,Ricardo Vargas,Camara,Sin Especificar,44.0,443.96,2025-09-27,1574.93
8591,Andres Ortiz,Teclado,Norte,36.0,1010.64,2024-06-12,1350.53
7778,Ricardo Vargas,Impresora,Centro,30.0,1034.97,2026-06-12,1485.41
2541,Fernanda Castro,Silla,Norte,30.0,921.21,2025-11-19,1448.52
670,Isabel Guzman,Escritorio,Centro,33.0,309.31,2024-05-26,1948.63
1023,Camila Reyes,Camara,Norte,34.0,631.42,2024-10-20,1623.59
4646,Jose Martinez,Silla,Sur,24.0,820.7,2025-09-15,1174.05
9271,Fernanda Castro,Silla,Centro,52.0,696.94,2025-12-27,1772.41
5221,Ana Garcia,Escritorio,Centro,27.0,920.1,2025-03-11,1620.19
9584,Valeria Mendoza,Mouse,Occidente,21.0,601.64,2025-05-06,632.04
2321,Andres Ortiz,Escritorio,Sur,53.0,516.03,2026-06-18,1762.9
9684,Pedro Aguilar,Laptop,Norte,61.0,704.71,2025-10-25,1325.68
1653,Paola Rios,Silla,Sur,33.0,980.69,2025-06-23,1261.57
884,Laura Sanchez,Laptop,Norte,53.0,728.85,2025-03-04,1371.53
34,Pedro Aguilar,Escritorio,Occidente,42.0,754.55,2025-04-30,1422.89
4104,Andres Ortiz,Mouse,Norte,31.0,1311.64,2024-08-18,1133.78
6262,Laura Sanchez,Mouse,Centro,35.0,792.16,2024-12-03,1318.1
669,Jorge Morales,Camara,Centro,26.0,1156.39,2025-12-08,1297.51
9747,Jorge Morales,Laptop,Occidente,21.0,939.14,2025-08-11,505.1
2609,Carlos Ramirez,Bocina,Sur,20.0,1234.83,2024-03-18,1388.38
9477,Diego Romero,Silla,Centro,25.0,1364.34,2025-01-13,1159.47
1910,Andres Ortiz,Tablet,Norte,42.0,889.92,2026-11-02,2531.63
8656,Miguel Flores,Impresora,Centro,36.0,695.9,2024-09-15,1528.12
7238,Miguel Flores,Silla,Sur,39.0,654.83,2025-06-10,1647.73
5973,Isabel Guzman,Monitor,Norte,38.0,710.71,2025-12-06,1132.98
5096,Laura Sanchez,Silla,Occidente,37.0,1057.47,2025-08-13,1149.85
6695,Laura Sanchez,Mouse,Occidente,59.0,1318.13,2025-12-15,1185.25
7157,Sofia Torres,Laptop,Occidente,16.0,827.5550000000001,2024-10-10,1664.28
4172,Isabel Guzman,Teclado,Centro,53.0,727.02,2026-01-13,745.72
2450,Ricardo Vargas,Teclado,Norte,31.0,822.475,2026-04-09,1137.27
3055,Maria Lopez,Escritorio,Occidente,35.0,1154.86,2026-02-16,1805.88
6658,Valeria Mendoza,Bocina,Norte,42.0,1152.92,2025-09-03,2207.75
9304,Jose Martinez,Tablet,Sur,35.0,1120.94,2025-09-12,1303.69
6797,Andres Ortiz,Laptop,Sur,36.0,50.0,2025-07-13,1185.64
1494,Diego Romero,Silla,Sur,36.0,1193.68,2025-09-08,865.1
5568,Maria Lopez,Monitor,Norte,25.0,874.95,2024-03-02,1303.32
6516,Daniela Cruz,Mouse,Norte,35.0,1066.92,2025-03-23,1341.32
8892,Sofia Torres,Mouse,Sin Especificar,45.0,829.79,,1403.88
1737,Maria Lopez,Monitor,Centro,24.0,691.94,2025-05-27,1429.66
1880,Paola Rios,Monitor,Centro,52.0,1215.59,2024-10-26,1757.71
599,Fernanda Castro,Monitor,Sin Especificar,24.0,1035.36,,1736.43
9505,Daniela Cruz,Impresora,Norte,45.0,456.35,2024-07-22,1293.59
1259,Sofia Torres,Monitor,Norte,14.0,1194.0,2025-02-07,1493.37
8024,Jose Martinez,Laptop,Sin Especificar,51.0,896.21,2025-08-17,1471.09
9616,Fernanda Castro,Mouse,Centro,41.0,1121.4,2025-01-04,1739.16
7557,Carlos Ramirez,Impresora,Sur,41.0,719.9,2024-08-10,1883.74
3306,Luis Hernandez,Impresora,Occidente,39.0,1113.9,2026-02-14,1339.89
9711,Isabel Guzman,Tablet,Centro,30.0,838.68,2026-04-20,1571.84
6885,Diego Romero,Monitor,Norte,31.0,573.6,,1480.49
7737,Alejandro Diaz,Camara,Centro,47.0,490.32,2025-09-01,1747.46
7989,Pedro Aguilar,Bocina,Centro,39.0,980.79,2025-03-22,1452.87
790,Sofia Torres,Camara,Norte,38.0,777.87,2024-09-13,1520.33
2881,Daniela Cruz,Laptop,Occidente,36.0,282.66,2024-12-26,1455.6
9380,Alejandro Diaz,Bocina,Sin Especificar,27.0,1140.72,2025-03-26,1804.24
4757,Miguel Flores,Silla,Norte,33.0,722.9,2025-12-05,1571.09
295,Laura Sanchez,Mouse,Norte,33.0,654.09,2026-01-14,1424.36
2958,Pedro Aguilar,Escritorio,Centro,28.0,480.51,,1169.71
1323,Fernanda Castro,Mouse,Occidente,19.0,1044.63,2024-04-29,1090.58
5729,Pedro Aguilar,Mouse,Sin Especificar,18.0,775.06,2025-11-27,1571.09
8391,Luis Hernandez,Tablet,Centro,41.0,1269.04,2025-06-03,1972.16
8329,Jorge Morales,Bocina,Centro,23.0,1175.14,,1147.82
2775,Camila Reyes,Monitor,Sin Especificar,36.0,426.1,2025-01-01,1027.08
7769,Jose Martinez,Monitor,Sin Especificar,29.0,518.46,2024-04-27,1613.92
7820,Alejandro Diaz,Escritorio,Centro,49.0,1001.53,2025-10-25,1876.93
8216,Luis Hernandez,Teclado,Occidente,26.0,1339.46,2025-11-20,1314.67
3174,Camila Reyes,Camara,Centro,49.0,781.02,2024-11-13,1383.14
8437,Jose Martinez,Camara,Occidente,35.0,50.0,2025-09-17,1017.01
2488,Luis Hernandez,Laptop,Centro,49.0,713.81,2025-05-22,1021.25
6414,Isabel Guzman,Tablet,Sur,49.0,584.4,2024-05-04,1280.08
6137,Daniela Cruz,Monitor,Sur,36.0,300.53,,1600.48
3085,Andres Ortiz,Monitor,Sur,52.0,366.13,2024-07-30,1526.0
3829,Sofia Torres,Bocina,Norte,25.0,785.6,2026-01-26,1287.39
945,Alejandro Diaz,Bocina,Occidente,37.0,1186.71,2024-07-09,1016.26
6336,Sofia Torres,Impresora,Occidente,29.0,740.33,2025-12-24,1153.71
2403,Maria Lopez,Teclado,Occidente,36.0,803.42,2026-03-17,964.31
4964,Carlos Ramirez,Camara,Occidente,42.0,254.37,2024-12-29,1447.65
1146,Isabel Guzman,Teclado,Occidente,24.0,994.37,2024-03-14,1459.88
8496,Jorge Morales,Silla,Sur,51.0,939.15,2026-01-14,2129.53
9667,Sofia Torres,Mouse,Sur,52.0,576.01,2024-04-26,1810.25
8103,Diego Romero,Monitor,Sur,31.0,544.41,2026-06-17,2079.83
3,Andres Ortiz,Laptop,Occidente,24.0,687.78,2026-01-04,1236.26
9130,Daniela Cruz,Teclado,Occidente,38.0,1070.87,2025-03-09,1862.56
6580,Valeria Mendoza,Silla,Norte,65.0,967.26,2024-04-19,1348.73
5061,Sofia Torres,Monitor,Sur,52.0,526.07,2025-04-03,1057.15
9645,Ana Garcia,Monitor,Sur,48.0,966.04,2025-03-24,1714.1
2534,Diego Romero,Mouse,Centro,26.0,882.95,2025-10-01,1960.83
6180,Diego Romero,Camara,Norte,39.0,745.32,2024-01-23,1386.94
654,Luis Hernandez,Mouse,Occidente,29.0,825.4,2024-11-12,1801.53
5457,Diego Romero,Impresora,Sur,38.0,551.87,2024-02-02,1513.68
7365,Valeria Mendoza,Bocina,Sin Especificar,59.0,1472.57,2024-02-17,1598.03
9170,Diego Romero,Bocina,Occidente,46.0,671.28,2025-12-17,1274.85
3777,Jose Martinez,Silla,Occidente,23.0,973.37,2025-06-16,499.39
3464,Pedro Aguilar,Monitor,Centro,38.0,616.19,2024-04-28,1466.23
8038,Alejandro Diaz,Camara,Sin Especificar,356.0,827.62,2024-06-30,1525.5
745,Paola Rios,Bocina,Sur,22.0,706.42,2024-08-19,2478.34
3408,Alejandro Diaz,Teclado,Sur,31.0,1251.8,2026-06-15,1776.41
4356,Fernanda Castro,Silla,Sin Especificar,1.0,681.42,2024-07-08,1930.57
2590,Maria Lopez,Escritorio,Sin Especificar,48.0,832.48,2025-08-04,1440.15
6555,Luis Hernandez,Escritorio,Centro,42.0,1464.49,2024-03-24,1683.86
4630,Isabel Guzman,Bocina,Centro,30.0,849.75,2026-10-01,1739.58
6583,Jorge Morales,Silla,Centro,35.0,852.81,2025-12-08,1828.84
2617,Luis Hernandez,Escritorio,Centro,320.0,849.62,2026-04-04,1460.79
634,Isabel Guzman,Tablet,Sur,57.0,1061.05,,1848.08
4653,Pedro Aguilar,Tablet,Sur,36.0,962.25,2025-10-17,1408.09
2969,Jorge Morales,Silla,Centro,58.0,1013.55,2024-03-10,1772.58
3505,Jose Martinez,Bocina,Sur,24.0,1354.68,2025-06-27,1450.38
8990,Laura Sanchez,Escritorio,Occidente,54.0,1262.85,2024-05-31,2155.06
591,Daniela Cruz,Laptop,Occidente,22.0,847.29,2025-05-23,1772.36
6500,Carlos Ramirez,Escritorio,Norte,42.0,770.06,2025-09-04,1413.95
6463,Alejandro Diaz,Tablet,Norte,66.0,1131.35,2024-06-25,915.81
887,Carlos Ramirez,Impresora,Sur,17.0,1199.66,2025-11-08,1289.77
3691,Valeria Mendoza,Tablet,Centro,33.0,457.05,2024-08-03,1437.04
4083,Pedro Aguilar,Laptop,Sur,18.0,1119.28,2025-02-22,1079.35
8817,Ana Garcia,Escritorio,Sin Especificar,54.0,581.61,2025-11-28,1385.13
3999,Diego Romero,Teclado,Norte,22.0,716.32,2025-12-27,1368.62
4592,Sofia Torres,Teclado,Occidente,27.0,749.61,2025-06-08,1409.4
3049,Fernanda Castro,Silla,Norte,43.0,1142.54,2024-04-29,1342.75
6571,Diego Romero,Escritorio,Centro,31.0,832.48,2026-06-01,1571.39
363,Andres Ortiz,Silla,Sur,49.0,1510.6,2026-06-10,1304.12
2028,Carlos Ramirez,Monitor,Norte,36.0,1001.09,2026-06-14,1561.61
8667,Jorge Morales,Silla,Occidente,58.0,717.03,2024-06-06,1774.77
5247,Isabel Guzman,Impresora,Norte,53.0,826.23,2024-11-25,76000.0
829,Laura Sanchez,Impresora,Norte,243.0,794.74,2024-05-05,1158.01
8956,Jose Martinez,Tablet,Occidente,38.0,860.64,2025-03-10,1558.53
644,Maria Lopez,Escritorio,Sur,39.0,437.02,2024-09-08,1336.71
9796,Laura Sanchez,Monitor,Centro,26.0,829.73,2024-07-12,1842.3
7186,Diego Romero,Teclado,Norte,396.0,1185.3,2025-10-31,592.06
6258,Isabel Guzman,Teclado,Sin Especificar,43.0,448.01,2025-06-22,76000.0
1017,Sofia Torres,Bocina,Norte,22.0,903.32,2025-09-02,1413.94
663,Pedro Aguilar,Mouse,Norte,42.0,783.36,2026-05-23,884.69
5090,Ana Garcia,Monitor,Centro,52.0,826.81,2026-06-04,1003.09
4745,Jose Martinez,Monitor,Sur,31.0,465.74,2025-01-23,1498.05
2083,Sofia Torres,Camara,Centro,27.0,674.09,2026-05-12,654.28
2168,Fernanda Castro,Bocina,Occidente,42.0,831.7,2025-02-01,1375.69
5809,Miguel Flores,Silla,Centro,42.0,905.51,2024-04-21,1190.81
71,Alejandro Diaz,Mouse,Occidente,12.0,819.92,2025-04-26,1442.49
9289,Fernanda Castro,Escritorio,Centro,14.0,491.07,2024-08-04,1210.24
5181,Camila Reyes,Teclado,Sur,36.0,858.61,2025-02-04,1273.03
8100,Fernanda Castro,Monitor,Sur,48.0,998.47,2024-02-03,1406.23
2627,Carlos Ramirez,Escritorio,Occidente,26.0,513.72,2024-01-30,1328.93
7158,Valeria Mendoza,Escritorio,Sur,39.0,881.48,2025-08-11,1451.96
9722,Isabel Guzman,Monitor,Occidente,50.0,1099.97,2025-06-27,1393.35
5783,Ana Garcia,Tablet,Occidente,55.0,1268.06,2025-06-04,1201.01
6386,Diego Romero,Silla,Centro,28.0,641.26,2025-10-07,125000.0
3197,Paola Rios,Silla,Norte,36.0,853.22,,928.17
5409,Maria Lopez,Laptop,Occidente,45.0,499.42,2025-02-20,1386.51
7376,Camila Reyes,Bocina,Occidente,31.0,686.03,2024-10-05,1299.3
2638,Valeria Mendoza,Silla,Centro,47.0,888.5,2025-09-12,1231.77
2312,Daniela Cruz,Mouse,Norte,41.0,1021.3,2025-11-12,1548.03
2222,Maria Lopez,Camara,Occidente,31.0,307.27,2025-11-13,793.81
9689,Valeria Mendoza,Mouse,Centro,46.0,755.43,2026-01-14,714.33
7418,Pedro Aguilar,Teclado,Centro,21.0,982.77,2024-03-29,966.95
7207,Alejandro Diaz,Tablet,Occidente,37.0,933.34,2025-04-06,1373.94
5025,Alejandro Diaz,Tablet,Occidente,21.0,480.61,2025-01-17,1569.4
8006,Paola Rios,Escritorio,Centro,18.0,590.0,2025-03-12,1552.89
6043,Maria Lopez,Mouse,Sur,33.0,50.0,2024-05-26,1567.86
7759,Alejandro Diaz,Teclado,Centro,37.0,376.86,2024-04-01,910.61
8283,Valeria Mendoza,Tablet,Occidente,36.0,1166.16,2025-12-26,1659.33
7627,Daniela Cruz,Mouse,Norte,42.0,1141.84,2024-07-16,1027.36
2896,Pedro Aguilar,Mouse,Occidente,45.0,1432.93,,1708.01
4059,Fernanda Castro,Tablet,Centro,33.0,948.64,2025-07-17,1463.85
2943,Luis Hernandez,Tablet,Sur,23.0,797.95,2026-03-16,1035.84
5985,Carlos Ramirez,Mouse,Centro,38.0,658.15,2024-02-05,1469.0
8580,Miguel Flores,Escritorio,Sur,36.0,1313.37,2024-03-20,1430.6
2657,Luis Hernandez,Tablet,Sur,43.0,879.95,2025-12-02,2016.3
8914,Alejandro Diaz,Bocina,Sur,40.0,840.105,2024-08-04,1223.51
3413,Luis Hernandez,Bocina,Norte,43.0,1092.96,2026-03-14,1518.67
9044,Carlos Ramirez,Teclado,Sur,24.0,869.26,2025-04-20,1232.2
10,Sofia Torres,Escritorio,Norte,30.0,349.33,2025-12-17,1357.64
9329,Alejandro Diaz,Camara,Centro,31.0,829.105,2024-10-07,1147.32
7455,Paola Rios,Bocina,Sur,46.0,1398.28,2025-07-20,1121.76
2454,Isabel Guzman,Mouse,Occidente,44.0,1126.71,2024-01-06,1244.68
9713,Pedro Aguilar,Silla,Sur,48.0,1166.42,2025-10-07,2094.45
5575,Ana Garcia,Mouse,Occidente,54.0,895.57,2024-04-29,1348.96
5906,Valeria Mendoza,Silla,Occidente,39.0,852.81,2024-07-16,1244.76
3066,Andres Ortiz,Monitor,Norte,52.0,1046.97,2025-06-11,1168.07
7167,Jose Martinez,Bocina,Norte,27.0,860.85,2025-03-04,1362.48
5534,Jorge Morales,Bocina,Occidente,31.0,897.33,2024-02-14,1508.14
1957,Ricardo Vargas,Camara,Sur,27.0,805.26,2024-01-10,1277.18
7698,Paola Rios,Camara,Centro,31.0,518.39,2025-10-24,814.64
7923,Ricardo Vargas,Camara,Sur,35.0,1242.73,2025-03-04,848.17
7477,Andres Ortiz,Tablet,Norte,46.0,1302.84,2025-05-29,1822.2
9836,Luis Hernandez,Teclado,Centro,46.0,851.44,2026-01-23,777.17
1483,Ricardo Vargas,Mouse,Occidente,29.0,783.77,2024-01-03,1681.37
4245,Alejandro Diaz,Impresora,Sur,43.0,731.86,2024-05-11,1151.84
8577,Jose Martinez,Laptop,Occidente,54.0,1001.42,2024-06-11,1410.27
2731,Diego Romero,Silla,Sur,43.0,437.19,2024-07-07,1413.98
8015,Ricardo Vargas,Bocina,Occidente,25.0,1332.99,,1160.27
2494,Andres Ortiz,Tablet,Centro,29.0,1059.63,2025-09-27,1799.42
4127,Jose Martinez,Mouse,Centro,39.0,651.49,2025-09-24,1279.53
7579,Jose Martinez,Escritorio,Sur,55.0,842.0,2024-09-30,1713.41
285,Camila Reyes,Monitor,Centro,36.0,833.245,,1038.97
3418,Luis Hernandez,Bocina,Centro,40.0,918.8,2025-05-18,1753.11
2037,Maria Lopez,Bocina,Sur,30.0,1047.43,2024-08-05,1357.56
821,Jorge Morales,Monitor,Centro,68.0,541.66,2025-11-26,1024.36
9895,Sofia Torres,Tablet,Sur,44.0,835.12,2025-01-21,1007.37
3877,Sofia Torres,Silla,Sur,41.0,838.7,2025-11-17,2112.82
8553,Camila Reyes,Escritorio,Sur,44.0,933.72,2024-12-27,1436.62
8766,Fernanda Castro,Mouse,Occidente,29.0,754.33,2024-06-23,1610.21
525,Isabel Guzman,Teclado,Norte,27.0,711.99,2026-03-23,1444.17
8582,Valeria Mendoza,Laptop,Norte,55.0,1022.12,2024-08-10,905.41
892,Jorge Morales,Escritorio,Occidente,39.0,748.06,2024-09-21,1238.29
3593,Fernanda Castro,Laptop,Occidente,30.0,760.59,2025-12-04,1176.35
7233,Jorge Morales,Mouse,Norte,21.0,973.82,2025-02-15,1193.95
4671,Daniela Cruz,Bocina,Norte,12.0,880.85,2025-08-27,764.04
7288,Luis Hernandez,Camara,Norte,39.0,1107.65,2024-08-31,1460.24
8594,Jose Martinez,Monitor,Occidente,36.0,833.245,2025-10-20,1309.22
1530,Sofia Torres,Laptop,Centro,24.0,1091.5,2025-08-06,1617.66
2943,Luis Hernandez,Tablet,Sur,23.0,797.95,2026-03-16,1054.18
499,Paola Rios,Camara,Centro,50.0,829.105,2026-05-18,1247.68
2547,Andres Ortiz,Mouse,Norte,33.0,724.58,2024-10-12,1704.32
2783,Maria Lopez,Escritorio,Occidente,16.0,1035.87,2026-04-19,838.29
5080,Laura Sanchez,Bocina,Occidente,57.0,627.92,2026-09-05,1513.15
6349,Alejandro Diaz,Tablet,Sur,30.0,945.81,2025-11-08,1554.5
4247,Paola Rios,Teclado,Sur,44.0,532.27,2025-12-12,1412.91
380,Laura Sanchez,Camara,Centro,32.0,1198.36,2024-05-15,1098.52
2581,Jose Martinez,Camara,Occidente,1.0,814.74,2024-11-24,2134.72
5197,Luis Hernandez,Silla,Occidente,36.0,510.78,2025-09-25,1088.27
4865,Carlos Ramirez,Impresora,Sur,52.0,1206.35,2025-10-23,999.65
9592,Diego Romero,Escritorio,Norte,51.0,896.5,2026-05-03,985.99
8564,Andres Ortiz,Tablet,Sur,34.0,693.52,2026-04-20,570.34
191,Daniela Cruz,Mouse,Centro,37.0,942.35,2025-02-27,1591.99
7001,Maria Lopez,Camara,Occidente,46.0,809.95,2026-04-26,913.96
1721,Camila Reyes,Bocina,Occidente,33.0,1201.73,2024-06-12,1239.3
8652,Daniela Cruz,Bocina,Sur,39.0,1404.5,2025-04-12,1246.38
7056,Paola Rios,Monitor,Sur,40.0,597.46,2026-04-07,1222.77
21,Camila Reyes,Silla,Sur,50.0,998.12,2025-05-07,1712.98
7688,Miguel Flores,Silla,Sur,24.0,558.91,2024-07-26,1180.45
7049,Laura Sanchez,Monitor,Norte,30.0,858.57,2025-04-02,2105.58
6394,Sofia Torres,Bocina,Sur,41.0,840.105,2025-05-14,1340.04
3889,Sofia Torres,Camara,Centro,34.0,1198.82,2024-01-09,1683.13
2867,Valeria Mendoza,Mouse,Norte,29.0,490.56,2024-03-25,1861.67
2047,Isabel Guzman,Laptop,Centro,61.0,1406.55,2024-04-25,1180.21
7975,Jorge Morales,Silla,Sur,50.0,998.98,2024-07-03,1567.4
9332,Andres Ortiz,Bocina,Norte,31.0,840.105,2025-09-12,1520.34
6117,Pedro Aguilar,Bocina,Occidente,36.0,709.81,2025-11-02,1400.03
5103,Jose Martinez,Silla,Occidente,31.0,1034.65,2025-02-12,1870.22
7910,Miguel Flores,Escritorio,Norte,35.0,1363.09,2024-10-30,1457.42
8616,Valeria Mendoza,Teclado,Centro,13.0,817.67,2024-06-15,1497.49
8899,Laura Sanchez,Impresora,Centro,40.0,743.6,2024-05-11,2116.23
9337,Jorge Morales,Monitor,Centro,29.0,1158.06,2026-01-13,1891.33
7875,Luis Hernandez,Teclado,Norte,39.0,510.07,2026-01-10,1833.51
190,Sofia Torres,Bocina,Sur,53.0,587.06,2024-03-28,1530.59
8641,Valeria Mendoza,Laptop,Occidente,42.0,842.13,2025-12-30,1368.29
4907,Pedro Aguilar,Monitor,Norte,48.0,915.1,2025-04-08,1515.22
151,Camila Reyes,Silla,Centro,34.0,790.58,2025-09-17,1274.57
8417,Ana Garcia,Laptop,Sur,35.0,743.37,2024-07-30,1641.87
23,Sofia Torres,Tablet,Sur,32.0,678.75,2024-12-02,1478.92
1976,Miguel Flores,Camara,Occidente,28.0,877.95,2026-01-03,1116.65
4967,Sofia Torres,Mouse,Sur,23.0,640.68,2024-04-30,1961.5
9112,Ricardo Vargas,Teclado,Occidente,39.0,371.02,2024-11-10,1242.74
5428,Andres Ortiz,Laptop,Sur,22.0,980.64,2025-02-16,1158.06
6917,Miguel Flores,Impresora,Norte,37.0,836.74,2025-10-19,816.62
7444,Jorge Morales,Camara,Occidente,42.0,233.97,2025-04-19,1301.85
4754,Ana Garcia,Mouse,Sur,28.0,844.49,2025-03-28,1138.09
2356,Alejandro Diaz,Silla,Norte,44.0,1132.73,2024-12-17,890.72
9216,Miguel Flores,Bocina,Occidente,49.0,633.78,2025-05-31,1854.37
8599,Camila Reyes,Mouse,Occidente,31.0,819.92,2024-12-11,1054.11
1383,Daniela Cruz,Impresora,Norte,34.0,1319.35,2026-04-24,1280.4
1808,Camila Reyes,Escritorio,Occidente,41.0,360.96,2026-06-05,1603.26
9121,Luis Hernandez,Monitor,Norte,29.0,1332.74,2024-08-06,2114.62
2799,Ricardo Vargas,Laptop,Sur,55.0,495.08,2024-12-03,1346.17
6059,Laura Sanchez,Monitor,Occidente,27.0,1340.52,,1326.66
9428,Fernanda Castro,Teclado,Occidente,58.0,1214.08,2025-01-25,1340.51
551,Sofia Torres,Mouse,Occidente,10.0,711.53,2025-04-21,1552.46
8378,Jose Martinez,Monitor,Centro,43.0,650.92,2025-08-20,1612.62
2707,Sofia Torres,Impresora,Occidente,61.0,456.9,2024-02-02,1832.81
1289,Jose Martinez,Tablet,Norte,47.0,944.89,2025-03-06,1525.47
6825,Isabel Guzman,Camara,Sur,44.0,137.84,2025-05-01,1167.48
9821,Diego Romero,Tablet,Occidente,27.0,1291.88,2025-07-09,1180.11
5036,Andres Ortiz,Monitor,Centro,37.0,776.17,2025-04-12,1553.2
7860,Daniela Cruz,Camara,Sin Especificar,35.0,925.08,2026-09-02,1618.73
2818,Camila Reyes,Tablet,Centro,54.0,587.9,2026-06-01,1806.08
8510,Jorge Morales,Impresora,Occidente,27.0,1402.4,2025-01-01,1135.57
7947,Camila Reyes,Bocina,Centro,49.0,842.65,2024-05-07,1087.3
8088,Jorge Morales,Bocina,Sur,42.0,366.29,2025-10-04,1480.61
6368,Jose Martinez,Camara,Occidente,11.0,635.75,2024-06-12,1587.74
9868,Camila Reyes,Monitor,Occidente,29.0,1330.1,2025-11-26,962.23
9598,Daniela Cruz,Bocina,Norte,39.0,863.79,2026-03-19,938.82
2104,Paola Rios,Tablet,Sur,29.0,788.75,2024-03-24,1231.06
5624,Carlos Ramirez,Tablet,Centro,35.0,789.9,2024-03-21,1498.3
4437,Camila Reyes,Impresora,Norte,22.0,829.29,2024-05-30,1602.82
2415,Andres Ortiz,Monitor,Norte,38.0,897.68,2024-07-03,1518.45
4991,Ana Garcia,Tablet,Centro,40.0,865.08,2026-02-22,1209.36
2830,Andres Ortiz,Silla,Norte,51.0,1085.59,2026-05-22,926.45
3604,Ricardo Vargas,Silla,Centro,53.0,927.66,2024-07-15,1688.17
4517,Jorge Morales,Escritorio,Sur,39.0,1027.6,2024-03-09,1667.75
4858,Carlos Ramirez,Laptop,Norte,59.0,1117.36,2024-05-17,1240.19
3516,Luis Hernandez,Mouse,Sin Especificar,36.0,872.14,,1056.83
2390,Carlos Ramirez,Monitor,Centro,37.0,1243.52,2024-12-15,1544.17
7094,Sofia Torres,Escritorio,Norte,38.0,512.0,2025-08-22,1462.23
7821,Camila Reyes,Monitor,Centro,47.0,596.7,2024-04-22,1609.38
865,Pedro Aguilar,Camara,Sur,33.0,671.76,2025-04-20,1549.45
1869,Maria Lopez,Impresora,Sur,27.0,826.23,2024-07-03,1477.24
4085,Sofia Torres,Tablet,Norte,36.0,824.38,2024-06-23,1605.52
504,Paola Rios,Laptop,Centro,37.0,827.5550000000001,2024-04-02,1474.36
3442,Carlos Ramirez,Bocina,Norte,28.0,778.64,,1243.66
5675,Fernanda Castro,Tablet,Occidente,59.0,515.16,2025-10-01,1352.55
8971,Andres Ortiz,Escritorio,Centro,43.0,1032.35,2024-11-06,1729.94
3805,Daniela Cruz,Teclado,Centro,47.0,654.77,2024-02-21,1143.8
770,Laura Sanchez,Teclado,Sur,41.0,1125.32,2024-10-07,1302.67
885,Ana Garcia,Tablet,Norte,32.0,997.59,2025-11-06,1502.26
5657,Miguel Flores,Impresora,Occidente,10.0,844.83,2024-01-11,1041.29
7040,Laura Sanchez,Teclado,Norte,59.0,665.75,2024-10-30,850.55
9434,Paola Rios,Impresora,Norte,54.0,536.35,2026-04-05,1800.56
7023,Jose Martinez,Bocina,Occidente,34.0,769.07,2025-07-20,1708.36
2527,Carlos Ramirez,Escritorio,Centro,60.0,796.49,2024-02-13,1339.6
9034,Ricardo Vargas,Teclado,Centro,21.0,933.55,2024-05-24,1558.58
2441,Miguel Flores,Silla,Centro,59.0,803.27,2025-06-15,570.99
4006,Isabel Guzman,Escritorio,Norte,40.0,163.09,2024-06-10,1188.77
1287,Laura Sanchez,Teclado,Norte,27.0,962.97,2024-03-20,1192.74
7660,Sofia Torres,Camara,Sur,31.0,518.78,2024-06-29,1681.23
5389,Daniela Cruz,Laptop,Occidente,44.0,774.49,2026-02-11,1369.73
3594,Luis Hernandez,Silla,Sur,20.0,773.03,2024-07-25,1727.93
711,Jose Martinez,Mouse,Occidente,60.0,951.07,2025-10-27,1167.06
2341,Camila Reyes,Impresora,Sur,49.0,947.72,2025-10-10,1618.82
1867,Daniela Cruz,Teclado,Centro,35.0,1023.32,2025-07-23,1180.64
99,Fernanda Castro,Laptop,Norte,46.0,1239.69,2024-08-23,1573.5
4987,Paola Rios,Silla,Centro,7.0,984.69,2024-09-27,864.92
1402,Ricardo Vargas,Teclado,Sur,48.0,1355.1,2025-10-10,1858.97
1983,Luis Hernandez,Silla,Centro,37.0,553.95,2025-08-11,1188.47
7119,Ricardo Vargas,Teclado,Centro,67.0,999.74,2024-11-16,1750.94
9070,Laura Sanchez,Camara,Occidente,41.0,996.12,2025-05-25,1940.69
5932,Luis Hernandez,Impresora,Occidente,35.0,983.19,2024-10-02,1860.58
5136,Fernanda Castro,Bocina,Occidente,30.0,840.105,2024-04-05,1629.37
4354,Luis Hernandez,Monitor,Sur,41.0,831.18,2026-07-04,1161.46
4893,Carlos Ramirez,Silla,Norte,30.0,923.91,2025-06-13,983.6
2596,Diego Romero,Teclado,Centro,59.0,1384.15,2026-04-24,1167.69
5052,Fernanda Castro,Mouse,Norte,43.0,1000.12,2024-07-05,1281.08
5159,Sofia Torres,Monitor,Sur,36.0,893.88,2025-11-07,886.34
6945,Pedro Aguilar,Laptop,Sur,52.0,1080.94,2026-03-16,953.35
1251,Daniela Cruz,Teclado,Sur,18.0,751.16,2024-02-22,1105.79
4674,Sofia Torres,Impresora,Norte,22.0,554.75,2024-03-13,1133.92
1466,Isabel Guzman,Laptop,Occidente,66.0,606.32,2024-06-10,1259.5
9045,Paola Rios,Teclado,Norte,23.0,629.71,2025-02-21,1314.47
9937,Valeria Mendoza,Tablet,Sur,50.0,1256.66,2026-06-11,985.68
6088,Camila Reyes,Bocina,Centro,51.0,1059.53,2025-07-03,1842.92
5727,Andres Ortiz,Tablet,Occidente,14.0,1077.9,2024-10-28,1693.65
1399,Diego Romero,Teclado,Occidente,47.0,870.86,2026-05-26,879.75
4767,Camila Reyes,Monitor,Sur,62.0,946.59,2024-06-21,1351.02
5359,Paola Rios,Mouse,Sin Especificar,34.0,1555.19,2024-07-31,1398.78
5523,Jose Martinez,Bocina,Centro,34.0,559.68,2026-01-20,1849.17
2762,Fernanda Castro,Impresora,Centro,27.0,703.24,2025-08-12,1345.58
6807,Ricardo Vargas,Mouse,Sur,46.0,899.59,2024-11-21,1257.42
6640,Luis Hernandez,Impresora,Norte,36.0,1001.47,2024-08-07,1431.45
4368,Isabel Guzman,Monitor,Centro,45.0,749.75,2026-05-29,1319.39
2023,Valeria Mendoza,Escritorio,Centro,34.0,1158.37,2025-12-11,2081.8
1197,Carlos Ramirez,Silla,Centro,53.0,1050.37,2025-06-17,2004.93
4513,Daniela Cruz,Monitor,Occidente,63.0,583.06,,1471.06
1134,Jose Martinez,Monitor,Sur,51.0,916.71,2024-08-27,891.52
2286,Andres Ortiz,Impresora,Norte,47.0,826.23,2024-03-11,1297.19
7646,Daniela Cruz,Mouse,Centro,7.0,768.58,2025-08-29,1673.66
5659,Jose Martinez,Camara,Sin Especificar,43.0,1004.06,2024-07-16,1783.84
7873,Alejandro Diaz,Tablet,Centro,33.0,1268.36,2025-07-27,947.2
7302,Sofia Torres,Tablet,Occidente,44.0,513.79,2024-01-12,2083.85
5400,Andres Ortiz,Laptop,Occidente,35.0,837.41,2025-08-07,1781.82
3452,Paola Rios,Impresora,Occidente,39.0,1015.02,2024-03-05,1125.65
8012,Isabel Guzman,Tablet,Centro,26.0,526.0,2024-05-22,1628.79
1012,Jorge Morales,Impresora,Norte,32.0,982.19,2025-09-27,1532.07
2644,Miguel Flores,Teclado,Occidente,18.0,946.52,2024-06-11,1127.51
7648,Andres Ortiz,Tablet,Occidente,49.0,741.53,2025-08-15,964.99
8760,Jose Martinez,Mouse,Norte,39.0,704.19,2026-01-05,1805.0
7701,Fernanda Castro,Bocina,Occidente,51.0,704.36,2026-01-16,1510.45
1237,Luis Hernandez,Camara,Centro,30.0,931.26,2025-08-05,830.19
5800,Daniela Cruz,Laptop,Sur,47.0,833.54,2026-01-07,1484.58
7959,Sofia Torres,Silla,Occidente,50.0,52.02,2024-04-07,1249.11
4995,Luis Hernandez,Teclado,Centro,46.0,595.54,2024-04-29,1460.13
9777,Fernanda Castro,Monitor,Norte,28.0,586.08,2025-08-07,1521.87
7632,Sofia Torres,Escritorio,Occidente,38.0,687.37,2026-02-24,1444.99
8287,Ricardo Vargas,Laptop,Norte,19.0,1157.05,2025-06-14,1368.36
3447,Maria Lopez,Bocina,Centro,39.0,1272.84,2025-09-02,1107.34
4297,Andres Ortiz,Impresora,Sur,20.0,967.71,2024-12-25,788.86
5824,Miguel Flores,Bocina,Centro,37.0,985.2,2024-01-07,941.2
9370,Jose Martinez,Impresora,Sur,42.0,965.22,2025-03-27,718.33
9090,Miguel Flores,Laptop,Sin Especificar,37.0,1097.68,2026-08-03,1371.51
1843,Isabel Guzman,Escritorio,Norte,28.0,685.0,2026-01-30,1339.46
8609,Diego Romero,Teclado,Occidente,70.0,822.475,2024-01-17,1045.1
735,Isabel Guzman,Tablet,Sin Especificar,32.0,947.99,2024-08-21,1739.51
463,Luis Hernandez,Impresora,Norte,22.0,820.88,2026-05-27,806.11
2740,Carlos Ramirez,Escritorio,Centro,48.0,1252.83,2025-02-02,1194.26
1207,Paola Rios,Bocina,Centro,32.0,840.37,2025-10-16,2169.43
7247,Jose Martinez,Mouse,Norte,43.0,1361.18,2025-12-09,1810.16
2320,Jorge Morales,Escritorio,Sur,23.0,1112.49,2025-02-14,1215.23
3065,Sofia Torres,Mouse,Occidente,25.0,332.06,2025-10-18,1453.55
600,Miguel Flores,Mouse,Sur,24.0,1236.13,2024-10-20,1172.87
8502,Isabel Guzman,Escritorio,Centro,27.0,681.07,2026-04-25,1534.87
3352,Jose Martinez,Escritorio,Occidente,28.0,384.46,2024-04-13,1415.08
9652,Alejandro Diaz,Silla,Centro,30.0,771.97,2025-01-20,1640.64
3545,Isabel Guzman,Bocina,Occidente,50.0,1080.51,2025-04-18,1341.39
401,Fernanda Castro,Laptop,Centro,32.0,1145.24,2025-09-28,1453.93
3322,Carlos Ramirez,Tablet,Sur,49.0,1138.38,2026-01-01,937.52
6713,Isabel Guzman,Bocina,Occidente,31.0,292.32,2025-06-03,1388.75
1777,Andres Ortiz,Camara,Sur,57.0,1363.44,2025-02-17,827.0
9650,Diego Romero,Camara,Centro,37.0,571.81,2024-11-26,1581.31
515,Sofia Torres,Laptop,Norte,36.0,835.43,2026-02-13,1328.5
3163,Laura Sanchez,Bocina,Occidente,46.0,655.58,2024-06-17,1001.8
5141,Paola Rios,Camara,Centro,58.0,1009.61,2025-10-25,2016.6
9641,Carlos Ramirez,Monitor,Sur,55.0,806.81,2025-01-28,1505.1
2545,Jorge Morales,Escritorio,Occidente,46.0,928.99,2025-09-27,1494.4
8068,Maria Lopez,Teclado,Norte,35.0,1239.31,2026-06-04,1146.51
7715,Camila Reyes,Impresora,Norte,68.0,935.62,2025-03-04,1369.9
5246,Laura Sanchez,Mouse,Occidente,36.0,360.94,2024-05-19,1775.67
815,Daniela Cruz,Impresora,Centro,25.0,1106.77,2025-05-14,1629.16
8182,Ana Garcia,Bocina,Centro,40.0,809.43,2026-04-25,1249.0
9022,Miguel Flores,Silla,Centro,38.0,538.6,2024-09-18,1387.99
2207,Carlos Ramirez,Monitor,Sur,43.0,831.69,2024-12-25,1556.29
2753,Laura Sanchez,Monitor,Norte,34.0,839.99,2024-07-15,1096.67
4988,Daniela Cruz,Monitor,Sur,41.0,751.18,2024-10-22,1153.18
8991,Carlos Ramirez,Mouse,Sin Especificar,55.0,993.36,2025-04-10,1442.21
9285,Valeria Mendoza,Silla,Norte,35.0,692.41,2025-11-07,1762.92
704,Maria Lopez,Impresora,Sin Especificar,28.0,826.23,2024-05-18,1655.29
830,Daniela Cruz,Laptop,Norte,33.0,695.89,2024-04-23,1973.05
6286,Fernanda Castro,Laptop,Norte,39.0,652.13,2026-04-18,1342.74
6927,Alejandro Diaz,Teclado,Sur,244.0,1038.79,2024-04-20,1490.74
1036,Andres Ortiz,Mouse,Centro,49.0,641.82,2026-02-17,643.21
8076,Ricardo Vargas,Escritorio,Centro,34.0,1163.18,2024-07-22,1926.29
220,Paola Rios,Silla,Sur,38.0,852.81,2025-09-30,1323.98
6362,Paola Rios,Escritorio,Occidente,46.0,774.6,2024-10-18,1654.79
8138,Ana Garcia,Camara,Sur,22.0,1326.01,2026-03-27,861.09
3549,Maria Lopez,Monitor,Occidente,54.0,878.67,2025-03-21,767.05
7088,Laura Sanchez,Tablet,Centro,383.0,1163.13,2025-11-28,1661.91
7582,Luis Hernandez,Laptop,Norte,34.0,677.63,2024-08-28,562.72
5361,Diego Romero,Tablet,Centro,29.0,694.64,2025-11-11,838.62
6925,Diego Romero,Teclado,Norte,38.0,816.58,2026-06-17,1596.01
8253,Luis Hernandez,Mouse,Centro,53.0,1098.49,2025-11-15,1309.77
6769,Laura Sanchez,Mouse,Sin Especificar,38.0,819.92,2024-06-03,1782.49
9362,Valeria Mendoza,Tablet,Occidente,45.0,435.62,2024-11-13,1308.77
17,Maria Lopez,Teclado,Centro,15.0,864.05,2026-04-07,921.05
9680,Diego Romero,Laptop,Norte,46.0,870.71,2024-09-17,1121.08
3644,Maria Lopez,Bocina,Centro,53.0,905.88,2025-11-15,1144.13
6418,Alejandro Diaz,Tablet,Centro,48.0,525.64,2024-09-17,1665.55
2787,Daniela Cruz,Escritorio,Centro,26.0,493.82,2025-08-16,2078.2
6469,Ricardo Vargas,Tablet,Sur,17.0,963.12,,1332.24
822,Valeria Mendoza,Tablet,Norte,36.0,1196.7,2025-09-14,998.13
4624,Jorge Morales,Teclado,Occidente,37.0,1055.41,2025-08-07,1517.76
2678,Miguel Flores,Teclado,Occidente,43.0,698.34,2025-01-09,613.48
5606,Diego Romero,Camara,Centro,25.0,784.59,2025-12-31,1456.3
4009,Daniela Cruz,Escritorio,Occidente,57.0,971.67,2024-03-21,1107.99
5511,Paola Rios,Escritorio,Occidente,47.0,725.97,2025-10-21,1352.45
517,Diego Romero,Escritorio,Norte,33.0,1558.7,2026-02-18,1479.62
7131,Andres Ortiz,Mouse,Sur,38.0,969.89,2024-03-24,1676.42
7030,Isabel Guzman,Camara,Sur,56.0,655.29,2024-05-05,1099.5
2049,Valeria Mendoza,Camara,Centro,23.0,1140.58,2024-01-10,579.12
5839,Miguel Flores,Silla,Occidente,48.0,631.83,2024-08-21,1274.62
7720,Andres Ortiz,Mouse,Occidente,78.0,829.72,2024-06-22,1498.58
9914,Isabel Guzman,Bocina,Centro,60.0,754.78,2024-09-05,1094.46
8704,Luis Hernandez,Silla,Norte,34.0,869.72,2026-01-25,1355.01
9323,Valeria Mendoza,Escritorio,Norte,23.0,814.67,2026-02-08,1387.74
601,Sofia Torres,Silla,Occidente,37.0,629.66,2024-11-04,1743.15
2750,Camila Reyes,Escritorio,Centro,35.0,691.11,2026-05-24,1900.61
9151,Laura Sanchez,Impresora,Centro,44.0,977.05,2024-03-16,1338.16
3256,Carlos Ramirez,Laptop,Norte,28.0,993.42,2024-04-13,1241.98
7583,Diego Romero,Laptop,Norte,56.0,1085.66,,1300.57
7635,Maria Lopez,Escritorio,Norte,49.0,795.59,2025-07-25,934.25
2840,Jorge Morales,Escritorio,Norte,42.0,370.38,2025-01-22,1888.57
7324,Ana Garcia,Monitor,Centro,31.0,451.33,2024-01-03,969.4
3236,Paola Rios,Tablet,Norte,42.0,556.67,2025-06-23,851.89
5600,Camila Reyes,Impresora,Sur,33.0,726.15,2024-01-03,803.15
9306,Sofia Torres,Escritorio,Occidente,37.0,781.88,2025-11-10,788.63
3840,Diego Romero,Teclado,Centro,48.0,50.0,2025-03-14,1187.8
9299,Camila Reyes,Mouse,Norte,15.0,1248.6,2026-04-13,1572.85
7552,Andres Ortiz,Silla,Sur,19.0,1445.76,2026-04-18,1030.13
7683,Daniela Cruz,Silla,Norte,28.0,911.39,2024-06-25,1553.0
3037,Carlos Ramirez,Silla,Centro,29.0,852.81,2026-02-18,1544.43
4951,Daniela Cruz,Monitor,Centro,14.0,896.12,2026-04-01,1379.13
488,Andres Ortiz,Bocina,Occidente,38.0,643.61,2025-08-22,1213.93
4967,Sofia Torres,Mouse,Sur,23.0,640.68,2024-04-30,1949.7
9386,Ricardo Vargas,Mouse,Norte,40.0,934.46,2024-05-12,1212.45
593,Fernanda Castro,Bocina,Norte,36.0,569.58,2025-07-05,1174.04
1609,Andres Ortiz,Camara,Sin Especificar,15.0,1533.27,2024-08-19,1502.65
9110,Miguel Flores,Impresora,Sur,36.0,812.49,2026-01-15,1378.0
6943,Ana Garcia,Impresora,Norte,19.0,701.54,2024-11-03,1370.55
5831,Camila Reyes,Escritorio,Norte,38.0,1065.04,2024-12-26,1473.37
4196,Camila Reyes,Silla,Occidente,55.0,495.15,,1119.31
7570,Laura Sanchez,Bocina,Norte,55.0,540.0,2025-08-08,1353.88
8985,Sofia Torres,Mouse,Occidente,43.0,1048.1,2024-04-28,1614.33
6229,Pedro Aguilar,Teclado,Sur,38.0,747.87,2024-07-18,1205.54
2075,Valeria Mendoza,Monitor,Sur,4.0,1141.6,2024-12-11,1240.02
9884,Isabel Guzman,Teclado,Centro,39.0,956.35,2025-06-15,1506.4
358,Valeria Mendoza,Bocina,Sur,41.0,395.28,2024-05-17,1161.91
2850,Andres Ortiz,Bocina,Occidente,34.0,615.21,2026-02-26,1430.42
4849,Sofia Torres,Mouse,Norte,50.0,480.73,2024-03-19,1187.95
3366,Andres Ortiz,Teclado,Sur,55.0,963.36,2026-03-05,1788.64
7263,Ricardo Vargas,Tablet,Sur,47.0,1065.78,2024-04-27,1136.44
312,Pedro Aguilar,Escritorio,Occidente,23.0,759.87,,1383.49
3315,Andres Ortiz,Bocina,Centro,34.0,901.38,2024-11-12,1453.54
3131,Fernanda Castro,Tablet,Centro,28.0,1089.08,2025-08-12,1394.28
254,Jose Martinez,Mouse,Occidente,41.0,1103.71,2025-08-01,968.36
4112,Andres Ortiz,Teclado,Occidente,43.0,740.48,2025-11-18,1506.92
1962,Sofia Torres,Impresora,Sur,34.0,379.1,2024-02-29,1330.48
4300,Isabel Guzman,Camara,Centro,57.0,698.95,2026-05-23,1292.68
4133,Diego Romero,Bocina,Occidente,29.0,1431.81,,1443.48
3405,Camila Reyes,Impresora,Centro,44.0,677.53,2024-01-08,647.52
436,Diego Romero,Laptop,Norte,161.0,1256.75,2026-03-27,1013.98
590,Valeria Mendoza,Camara,Centro,41.0,718.28,2026-03-24,1520.2
4002,Laura Sanchez,Laptop,Occidente,28.0,605.16,2025-10-31,1011.01
6062,Daniela Cruz,Monitor,Occidente,47.0,1088.02,2026-03-05,1011.31
3123,Diego Romero,Bocina,Sur,33.0,431.23,2024-06-23,1396.23
7278,Pedro Aguilar,Teclado,Centro,44.0,539.33,2025-06-27,1721.26
2383,Pedro Aguilar,Monitor,Occidente,38.0,895.65,2026-03-23,1809.19
6165,Carlos Ramirez,Teclado,Centro,49.0,1144.09,2025-04-24,1674.47
13,Isabel Guzman,Laptop,Norte,49.0,620.7,2026-04-20,1159.79
4753,Camila Reyes,Bocina,Occidente,28.0,1040.58,2024-11-04,1213.59
5545,Isabel Guzman,Impresora,Sur,48.0,846.94,2026-02-01,2150.82
3804,Diego Romero,Camara,Sur,32.0,921.76,2024-03-18,1808.86
6356,Laura Sanchez,Teclado,Occidente,54.0,473.01,2025-10-29,895.77
6993,Ricardo Vargas,Silla,Occidente,39.0,970.0,2024-02-01,1106.58
9472,Paola Rios,Monitor,Centro,34.0,833.245,2025-06-09,1130.43
1531,Camila Reyes,Impresora,Sur,45.0,878.58,2025-05-15,1368.61
4637,Laura Sanchez,Laptop,Norte,46.0,827.5550000000001,2026-05-02,1705.83
3263,Valeria Mendoza,Silla,Sur,23.0,1044.44,2024-05-09,1771.77
6887,Paola Rios,Monitor,Norte,24.0,1395.73,2025-08-17,1561.76
9403,Daniela Cruz,Impresora,Occidente,24.0,826.23,2026-05-03,1395.94
5022,Alejandro Diaz,Escritorio,Centro,34.0,832.48,2024-10-25,1490.28
3580,Pedro Aguilar,Impresora,Norte,38.0,1363.02,2026-06-05,1584.85
1221,Daniela Cruz,Monitor,Norte,58.0,1427.15,2025-02-20,1137.17
6677,Luis Hernandez,Teclado,Sur,30.0,1222.43,2026-01-12,1408.77
1496,Ana Garcia,Monitor,Norte,41.0,342.91,2024-07-10,1364.95
4616,Laura Sanchez,Bocina,Occidente,44.0,1202.86,2024-02-24,1853.58
7551,Paola Rios,Laptop,Occidente,37.0,980.09,2024-12-17,1816.08
9100,Andres Ortiz,Tablet,Norte,45.0,664.05,2026-03-30,1716.8
9136,Miguel Flores,Bocina,Sur,43.0,900.94,2025-02-26,1712.19
4108,Luis Hernandez,Silla,Centro,28.0,277.96,2025-07-25,1528.09
2528,Valeria Mendoza,Teclado,Centro,29.0,787.69,2025-01-14,1656.15
3970,Camila Reyes,Camara,Norte,50.0,956.47,2025-03-27,1178.9
4384,Paola Rios,Escritorio,Norte,37.0,784.61,2025-02-13,1104.73
7645,Andres Ortiz,Impresora,Centro,22.0,761.77,2024-12-14,1780.59
9453,Alejandro Diaz,Impresora,Sur,47.0,692.4,2025-02-23,1566.5
3386,Carlos Ramirez,Mouse,Occidente,30.0,1172.82,2024-07-13,1290.8
6298,Fernanda Castro,Tablet,Norte,48.0,778.84,2025-11-24,1285.1
6846,Valeria Mendoza,Tablet,Centro,70.0,311.67,2024-05-13,1808.26
1879,Andres Ortiz,Monitor,Occidente,26.0,1248.8,2024-01-01,1412.4
3149,Carlos Ramirez,Impresora,Centro,38.0,1054.71,2024-04-17,1658.01
1508,Jose Martinez,Teclado,Sur,34.0,618.14,2025-02-05,1385.38
4131,Laura Sanchez,Bocina,Occidente,32.0,1061.72,2024-04-10,999.45
3170,Miguel Flores,Silla,Sur,34.0,508.7,2025-10-25,2013.83
6404,Andres Ortiz,Silla,Sur,25.0,984.0,2024-11-15,1536.01
9072,Camila Reyes,Impresora,Norte,37.0,983.8,2024-07-10,1851.34
4802,Jose Martinez,Teclado,Occidente,37.0,1291.42,2024-11-07,1550.83
1845,Miguel Flores,Impresora,Norte,35.0,1068.66,2024-01-26,1612.35
3044,Maria Lopez,Mouse,Sur,29.0,873.81,2024-05-03,1181.77
8305,Sofia Torres,Camara,Centro,34.0,1043.92,2026-02-01,994.6
1981,Daniela Cruz,Bocina,Occidente,40.0,840.105,2024-08-23,1270.53
4536,Alejandro Diaz,Laptop,Centro,33.0,1145.36,2024-12-02,2012.77
5176,Diego Romero,Monitor,Centro,30.0,1213.76,2025-04-03,1981.54
2118,Ricardo Vargas,Tablet,Centro,48.0,724.96,2025-04-16,1138.21
2640,Jorge Morales,Impresora,Norte,52.0,826.23,2025-05-29,2436.86
7440,Jose Martinez,Escritorio,Centro,33.0,1127.2,2025-02-19,1198.61
5021,Maria Lopez,Bocina,Sin Especificar,34.0,1229.53,2024-01-18,1105.57
3715,Camila Reyes,Laptop,Sur,35.0,1340.78,2025-05-20,1451.88
1689,Andres Ortiz,Laptop,Centro,41.0,827.5550000000001,2026-04-29,1983.06
5786,Luis Hernandez,Tablet,Sin Especificar,59.0,850.67,2024-06-25,1443.02
5116,Maria Lopez,Bocina,Norte,45.0,1302.47,2026-01-06,1008.82
5653,Ana Garcia,Laptop,Sur,51.0,620.14,2024-07-13,630.15
903,Camila Reyes,Bocina,Norte,61.0,1275.72,2024-06-19,301.01
1135,Daniela Cruz,Teclado,Centro,35.0,822.475,2024-02-22,1124.11
6865,Miguel Flores,Impresora,Norte,45.0,712.14,2024-12-17,1378.75
1109,Miguel Flores,Teclado,Centro,45.0,822.475,2026-06-18,1137.16
4974,Isabel Guzman,Teclado,Occidente,33.0,759.31,2025-09-09,1583.01
3060,Luis Hernandez,Bocina,Sur,54.0,812.25,2026-02-28,855.98
9912,Ricardo Vargas,Silla,Centro,36.0,951.35,2025-09-07,1594.12
1144,Jose Martinez,Monitor,Centro,25.0,469.7,2025-01-15,1387.32
5492,Camila Reyes,Escritorio,Sur,50.0,909.24,2025-05-02,1146.94
8256,Ana Garcia,Escritorio,Occidente,32.0,1220.37,2024-12-27,1572.2
7818,Jorge Morales,Laptop,Centro,43.0,339.54,2024-10-05,1666.59
769,Paola Rios,Tablet,Sur,37.0,707.86,2026-02-18,1826.96
4850,Ricardo Vargas,Monitor,Sur,38.0,1266.7,2024-11-19,1575.65
9754,Sofia Torres,Impresora,Centro,53.0,802.69,2026-01-23,1608.65
618,Ana Garcia,Teclado,Norte,19.0,475.46,2025-12-21,1569.4
7401,Laura Sanchez,Camara,Centro,40.0,496.17,,1858.36
2139,Ricardo Vargas,Laptop,Norte,33.0,940.23,,1528.9
8073,Sofia Torres,Impresora,Norte,33.0,1013.21,2024-07-24,1490.8
796,Jose Martinez,Monitor,Occidente,57.0,1175.85,2025-01-06,946.39
4912,Daniela Cruz,Silla,Norte,37.0,719.42,2025-03-16,1411.38
3838,Luis Hernandez,Monitor,Sur,47.0,475.21,2025-01-20,1886.89
7420,Sofia Torres,Mouse,Occidente,43.0,1492.49,2026-04-30,1955.52
9197,Carlos Ramirez,Tablet,Norte,48.0,1139.11,2025-03-23,1047.95
3876,Carlos Ramirez,Silla,Sur,54.0,1302.87,2024-04-17,948.92
4734,Maria Lopez,Escritorio,Sur,42.0,102.94,2024-07-16,1667.56
8764,Sofia Torres,Monitor,Occidente,49.0,301.95,2025-01-02,1443.57
8398,Andres Ortiz,Silla,Sur,40.0,1041.04,2025-07-22,1494.03
3841,Sofia Torres,Escritorio,Centro,20.0,504.01,,2210.96
7435,Fernanda Castro,Teclado,Occidente,41.0,891.32,2024-06-15,1040.39
1326,Jose Martinez,Silla,Sur,25.0,639.24,,1493.49
9973,Alejandro Diaz,Escritorio,Occidente,30.0,1179.28,2025-11-21,1829.95
2165,Luis Hernandez,Monitor,Centro,51.0,1175.26,2024-01-29,1624.04
7145,Carlos Ramirez,Silla,Centro,60.0,789.18,2025-10-23,1552.71
3757,Camila Reyes,Tablet,Sur,44.0,1109.17,2026-12-06,1604.36
2111,Jorge Morales,Impresora,Norte,40.0,1553.32,2026-07-03,1544.49
1088,Diego Romero,Monitor,Sur,31.0,833.245,2024-04-07,1673.95
4078,Daniela Cruz,Escritorio,Centro,32.0,1096.94,2025-07-01,1076.59
8382,Alejandro Diaz,Silla,Centro,48.0,884.65,2024-01-30,674.45
4254,Jose Martinez,Silla,Norte,38.0,406.43,2024-05-08,1651.22
4535,Fernanda Castro,Monitor,Sur,43.0,924.24,2024-02-09,1224.79
8743,Camila Reyes,Camara,Norte,16.0,431.95,2026-03-21,1078.45
7132,Sofia Torres,Monitor,Centro,21.0,893.17,2026-06-18,1584.11
1570,Andres Ortiz,Teclado,Occidente,52.0,1595.62,2024-03-29,2033.68
1238,Diego Romero,Impresora,Sur,52.0,826.23,2025-06-26,1405.62
9398,Pedro Aguilar,Silla,Sur,28.0,1192.25,2025-11-17,1310.38
2305,Miguel Flores,Camara,Occidente,36.0,499.37,2024-04-14,1405.53
9721,Daniela Cruz,Silla,Centro,26.0,707.6,2025-05-22,893.9
1604,Jose Martinez,Monitor,Norte,18.0,779.18,2026-06-14,971.52
9993,Valeria Mendoza,Camara,Centro,42.0,767.42,2024-12-03,886.19
8090,Isabel Guzman,Laptop,Occidente,38.0,1149.85,2025-10-19,1509.72
9257,Fernanda Castro,Escritorio,Sur,54.0,730.65,2025-10-25,1335.61
8638,Alejandro Diaz,Camara,Occidente,36.0,816.3,2024-04-18,456.25
7819,Camila Reyes,Mouse,Centro,35.0,354.31,2025-07-02,1293.13
6692,Miguel Flores,Escritorio,Sur,58.0,1185.25,2025-07-07,1758.92
6157,Fernanda Castro,Teclado,Centro,48.0,773.66,2024-06-07,1579.33
4975,Paola Rios,Silla,Centro,30.0,778.1,2026-03-27,704.55
6459,Ana Garcia,Escritorio,Sur,47.0,1296.33,2025-11-17,1670.05
1540,Daniela Cruz,Bocina,Norte,38.0,677.2,2025-08-24,1250.4
6285,Isabel Guzman,Monitor,Centro,14.0,1149.93,2025-08-15,1483.65
909,Andres Ortiz,Teclado,Centro,35.0,902.7,2025-10-10,1715.44
848,Valeria Mendoza,Teclado,Occidente,38.0,659.69,2025-07-05,1432.76
462,Sofia Torres,Laptop,Norte,43.0,1144.9,2026-01-27,952.28
814,Ricardo Vargas,Teclado,Sur,37.0,822.475,2024-04-11,1274.27
8321,Fernanda Castro,Camara,Norte,46.0,236.02,2024-07-28,1582.62
1523,Daniela Cruz,Impresora,Centro,46.0,477.89,2024-01-26,2050.62
7783,Ana Garcia,Mouse,Sur,44.0,919.48,2024-07-31,862.42
5890,Paola Rios,Monitor,Sur,37.0,528.22,,1351.57
1055,Luis Hernandez,Tablet,Sur,47.0,460.35,2025-02-22,1160.84
5987,Andres Ortiz,Laptop,Norte,42.0,776.66,2024-01-24,1527.33
6707,Ricardo Vargas,Silla,Occidente,7.0,911.34,2026-02-16,1953.52
2219,Ricardo Vargas,Tablet,Sur,51.0,1162.09,2025-10-16,1313.9
1807,Valeria Mendoza,Monitor,Occidente,41.0,506.9,2025-12-23,1348.57
6488,Alejandro Diaz,Camara,Norte,44.0,479.87,2024-03-13,941.31
3742,Camila Reyes,Teclado,Centro,40.0,1215.93,2024-06-07,1243.33
4140,Jose Martinez,Tablet,Norte,36.0,499.35,2024-07-06,987.33
5277,Jorge Morales,Impresora,Centro,35.0,772.77,2024-01-13,1487.44
9140,Paola Rios,Laptop,Norte,28.0,665.14,2026-03-15,1050.48
7265,Diego Romero,Teclado,Occidente,29.0,480.7,2026-02-23,1906.78
3261,Miguel Flores,Laptop,Norte,41.0,1374.83,2025-10-19,1703.59
2158,Daniela Cruz,Monitor,Norte,43.0,1012.1,2025-01-13,1549.25
4833,Luis Hernandez,Tablet,Occidente,47.0,772.6,2026-02-22,1408.06
777,Diego Romero,Monitor,Sur,53.0,695.81,2026-05-17,1289.2
2860,Miguel Flores,Impresora,Sur,47.0,591.21,2026-01-05,1463.02
3927,Miguel Flores,Impresora,Norte,43.0,532.55,2025-06-15,1499.9
1871,Jose Martinez,Camara,Sur,24.0,170.7,2024-07-10,1759.52
8869,Miguel Flores,Camara,Sur,34.0,887.8,2024-07-05,1281.83
7385,Miguel Flores,Escritorio,Occidente,53.0,923.45,2025-12-19,1956.75
4786,Miguel Flores,Bocina,Sur,40.0,703.79,2025-08-12,951.86
3599,Jose Martinez,Teclado,Norte,28.0,996.98,2024-05-08,1331.65
7856,Daniela Cruz,Escritorio,Norte,35.0,703.99,2024-04-06,2154.55
1534,Carlos Ramirez,Teclado,Sur,38.0,1546.25,2025-06-18,1184.17
4288,Sofia Torres,Silla,Centro,50.0,1095.73,2024-10-30,1041.42
2274,Jose Martinez,Silla,Centro,44.0,784.77,2024-05-22,1383.43
4749,Jorge Morales,Bocina,Norte,28.0,949.83,2025-09-03,1670.61
8581,Miguel Flores,Laptop,Norte,35.0,1438.84,2025-04-25,1652.87
9020,Sofia Torres,Silla,Norte,43.0,1324.45,2024-08-19,1323.09
6184,Camila Reyes,Camara,Norte,27.0,973.77,2024-06-27,1625.2
3344,Miguel Flores,Tablet,Norte,43.0,872.12,2024-02-25,1149.53
5555,Camila Reyes,Bocina,Sur,43.0,840.105,2024-06-09,1736.8
4434,Jorge Morales,Tablet,Norte,24.0,646.42,2024-03-31,1289.94
1943,Paola Rios,Monitor,Centro,44.0,838.15,2024-08-24,1332.95
4992,Ana Garcia,Escritorio,Norte,30.0,1115.86,2024-07-24,1607.99
8805,Camila Reyes,Escritorio,Sur,27.0,784.77,2025-04-20,1491.97
1733,Miguel Flores,Bocina,Occidente,24.0,654.76,2024-01-17,1225.73
1504,Andres Ortiz,Mouse,Sur,35.0,965.52,2024-12-08,1220.8
8891,Jose Martinez,Monitor,Sur,28.0,833.245,2025-05-17,1635.09
6452,Alejandro Diaz,Mouse,Centro,43.0,762.89,2026-01-19,1713.3
8571,Miguel Flores,Escritorio,Norte,13.0,1066.48,,823.8
4224,Maria Lopez,Mouse,Occidente,45.0,442.22,2024-04-21,1532.16
2166,Pedro Aguilar,Monitor,Sur,30.0,1042.13,2025-06-13,1403.84
9947,Andres Ortiz,Camara,Sur,39.0,744.19,2026-03-09,609.66
794,Diego Romero,Monitor,Centro,43.0,925.18,2026-03-11,1694.78
820,Camila Reyes,Monitor,Norte,15.0,336.46,2025-07-19,1511.98
6659,Sofia Torres,Monitor,Norte,38.0,734.57,,930.76
7497,Diego Romero,Bocina,Centro,30.0,502.98,2025-08-12,865.11
8430,Daniela Cruz,Tablet,Centro,53.0,957.65,2025-05-07,880.82
7835,Paola Rios,Mouse,Sin Especificar,24.0,1247.07,2025-09-22,1741.27
9437,Diego Romero,Silla,Sin Especificar,32.0,1049.91,2026-04-15,1319.47
8646,Luis Hernandez,Laptop,Norte,49.0,827.5550000000001,2025-04-02,1356.81
3738,Paola Rios,Camara,Sur,28.0,1280.9,2024-03-26,1327.5
31,Ricardo Vargas,Impresora,Sur,36.0,703.46,2025-05-10,606.05
4014,Andres Ortiz,Escritorio,Norte,40.0,816.84,2026-01-22,777.2
1655,Paola Rios,Monitor,Sin Especificar,41.0,1222.5,2024-12-21,1945.01
3401,Pedro Aguilar,Silla,Norte,39.0,590.31,2025-11-03,1638.81
7332,Paola Rios,Laptop,Centro,41.0,827.5550000000001,2025-02-15,1656.03
1469,Diego Romero,Teclado,Centro,35.0,802.23,2024-11-25,1320.6
9991,Sofia Torres,Bocina,Occidente,45.0,742.53,2024-11-04,975.79
8771,Fernanda Castro,Silla,Occidente,28.0,940.23,,1818.42
1227,Jose Martinez,Laptop,Sin Especificar,45.0,711.7,2025-12-30,1424.59
3279,Diego Romero,Teclado,Norte,31.0,1074.63,2024-01-30,2181.5
8107,Valeria Mendoza,Impresora,Occidente,33.0,888.82,2025-05-18,1476.06
3563,Alejandro Diaz,Monitor,Centro,41.0,575.8,2024-03-01,1131.94
3800,Jorge Morales,Tablet,Centro,47.0,669.45,2024-12-28,718.7
9387,Valeria Mendoza,Tablet,Centro,50.0,1198.92,2024-01-16,1724.95
2683,Fernanda Castro,Silla,Occidente,38.0,1107.45,2025-05-17,1132.05
5024,Fernanda Castro,Camara,Occidente,53.0,1121.04,2025-07-02,987.76
863,Pedro Aguilar,Camara,Sur,31.0,829.105,2025-08-23,1183.02
9563,Jorge Morales,Impresora,Norte,37.0,847.08,2024-04-30,944.06
451,Diego Romero,Silla,Centro,31.0,1228.0,2025-12-03,1877.17
8945,Sofia Torres,Impresora,Sur,63.0,477.67,2026-06-04,1468.4
2914,Isabel Guzman,Mouse,Sur,50.0,1087.52,2024-12-27,811.94
7303,Alejandro Diaz,Monitor,Centro,28.0,907.03,2024-09-08,1935.62
1120,Jose Martinez,Bocina,Norte,34.0,937.92,2025-07-11,739.49
1914,Jorge Morales,Teclado,Occidente,17.0,677.36,,1062.88
5878,Andres Ortiz,Silla,Norte,38.0,760.95,2024-05-23,1006.28
1787,Paola Rios,Silla,Centro,46.0,1730.0,2024-04-03,1046.58
4421,Miguel Flores,Impresora,Centro,39.0,1050.19,2026-05-30,1584.63
92,Valeria Mendoza,Tablet,Centro,36.0,473.28,2025-01-31,1659.05
8401,Valeria Mendoza,Teclado,Occidente,52.0,676.35,2025-12-26,1589.28
9699,Alejandro Diaz,Escritorio,Centro,23.0,687.54,2024-11-07,1684.69
7194,Paola Rios,Tablet,Sur,23.0,838.68,,1040.64
4553,Andres Ortiz,Bocina,Sur,16.0,1166.38,2024-08-25,1070.15
1354,Luis Hernandez,Bocina,Occidente,27.0,938.81,2024-10-05,1501.57
6322,Isabel Guzman,Laptop,Sur,3.0,1572.11,2024-03-05,1366.53
2338,Fernanda Castro,Bocina,Sur,39.0,1013.63,2025-11-18,1281.99
9649,Daniela Cruz,Silla,Sur,20.0,1026.07,2025-11-13,2038.18
431,Sofia Torres,Bocina,Norte,29.0,1071.69,2024-06-19,907.18
5755,Camila Reyes,Laptop,Sur,41.0,509.36,2025-08-19,1385.46
3155,Valeria Mendoza,Laptop,Sur,38.0,1075.52,2024-01-15,915.78
9897,Daniela Cruz,Teclado,Norte,39.0,1473.52,2025-01-05,1258.1
8372,Andres Ortiz,Monitor,Centro,37.0,1130.61,2026-03-03,1408.3
8149,Pedro Aguilar,Camara,Norte,35.0,1102.84,2024-03-13,1387.65
9859,Andres Ortiz,Bocina,Norte,49.0,840.105,2025-12-21,729.08
8081,Camila Reyes,Escritorio,Occidente,41.0,789.23,2024-06-15,1069.37
2063,Sofia Torres,Mouse,Sur,37.0,712.4,,970.3
5978,Miguel Flores,Tablet,Norte,53.0,909.64,2026-05-12,1367.54
5833,Sofia Torres,Escritorio,Sur,57.0,395.89,,1182.6
410,Ricardo Vargas,Monitor,Centro,34.0,833.245,2026-02-10,950.14
8520,Laura Sanchez,Mouse,Centro,48.0,417.1,2025-04-06,1038.81
6531,Ricardo Vargas,Silla,Norte,37.0,757.24,2024-03-07,1388.91
6187,Valeria Mendoza,Escritorio,Occidente,27.0,966.64,2026-02-17,1024.11
137,Daniela Cruz,Camara,Occidente,24.0,808.58,2025-11-21,1700.5
3678,Carlos Ramirez,Impresora,Centro,29.0,826.23,2024-08-16,1441.66
2926,Jose Martinez,Escritorio,Norte,35.0,1226.49,2026-05-25,942.27
6724,Isabel Guzman,Bocina,Sin Especificar,27.0,395.58,2025-03-10,983.17
6225,Sofia Torres,Monitor,Sur,47.0,530.61,2025-01-02,1337.55
7009,Valeria Mendoza,Bocina,Centro,11.0,306.81,2024-03-21,1034.55
3721,Ana Garcia,Camara,Occidente,36.0,561.26,2025-09-13,1207.03
5563,Carlos Ramirez,Laptop,Sur,49.0,617.76,2026-03-08,1274.03
9439,Diego Romero,Teclado,Centro,49.0,582.25,2024-11-05,1506.39
4898,Diego Romero,Impresora,Centro,32.0,291.42,2025-11-28,821.43
8921,Miguel Flores,Bocina,Norte,39.0,498.75,2024-02-20,745.74
7028,Maria Lopez,Silla,Occidente,51.0,551.42,2024-08-15,1417.81
9096,Ana Garcia,Silla,Centro,45.0,852.81,2025-02-23,1375.96
2901,Diego Romero,Teclado,Sin Especificar,59.0,541.16,2024-11-09,1552.03
533,Valeria Mendoza,Monitor,Norte,46.0,1089.32,2024-12-23,1371.44
2281,Miguel Flores,Bocina,Sur,41.0,488.83,2024-09-23,1743.51
8083,Andres Ortiz,Bocina,Norte,46.0,752.75,,1365.11
7653,Luis Hernandez,Tablet,Sur,44.0,551.64,2024-07-08,1605.16
8227,Luis Hernandez,Monitor,Occidente,42.0,1145.09,2024-09-04,1575.42
7963,Laura Sanchez,Impresora,Sur,10.0,989.39,2024-08-11,1733.85
8745,Jorge Morales,Escritorio,Norte,35.0,1035.5,2024-09-06,1181.78
3892,Maria Lopez,Laptop,Sin Especificar,24.0,1183.98,2024-06-09,1265.81
340,Pedro Aguilar,Monitor,Centro,32.0,1000.06,2025-12-08,1167.96
6748,Ricardo Vargas,Mouse,Centro,24.0,950.86,2025-07-14,1522.3
4636,Valeria Mendoza,Bocina,Occidente,44.0,755.01,2026-03-14,1524.92
5766,Jose Martinez,Escritorio,Norte,43.0,1036.72,2024-10-11,1605.89
3598,Camila Reyes,Tablet,Occidente,49.0,609.89,2025-05-20,531.04
8809,Daniela Cruz,Monitor,Sur,17.0,833.245,2026-04-19,1322.84
7952,Ricardo Vargas,Laptop,Sur,29.0,529.7,2026-01-05,125000.0
1048,Jorge Morales,Laptop,Occidente,69.0,730.87,2025-10-19,1282.98
7182,Luis Hernandez,Mouse,Occidente,55.0,847.08,2024-10-12,1142.38
35,Camila Reyes,Teclado,Centro,53.0,1096.13,2025-09-21,1626.53
7995,Paola Rios,Laptop,Norte,35.0,827.5550000000001,2025-02-19,1412.86
7930,Valeria Mendoza,Silla,Occidente,39.0,1020.19,2024-09-10,1280.96
8374,Laura Sanchez,Mouse,Occidente,33.0,679.2,2025-01-29,1258.87
9816,Sofia Torres,Monitor,Occidente,52.0,680.95,2026-01-08,1026.11
6696,Diego Romero,Laptop,Centro,44.0,705.39,2025-08-06,1792.82
5628,Laura Sanchez,Teclado,Centro,34.0,1410.92,2024-04-22,1533.29
5000,Camila Reyes,Mouse,Occidente,43.0,1190.66,2026-02-06,1500.15
7476,Luis Hernandez,Mouse,Norte,29.0,384.97,2025-04-06,1255.87
4359,Ricardo Vargas,Bocina,Centro,25.0,723.95,2025-10-17,1569.41
1917,Miguel Flores,Laptop,Sur,48.0,893.14,2024-07-26,836.58
5248,Laura Sanchez,Bocina,Norte,28.0,1081.91,2026-05-17,1362.71
8937,Fernanda Castro,Teclado,Norte,6.0,837.76,2025-08-07,1116.6
6393,Sofia Torres,Bocina,Sur,48.0,909.25,2024-11-19,1007.66
9030,Paola Rios,Bocina,Sur,29.0,838.5,2024-03-04,1413.07
7494,Andres Ortiz,Mouse,Occidente,54.0,1324.2,2024-01-20,1174.95
7163,Ana Garcia,Silla,Sur,44.0,770.37,2025-04-29,505.23
9270,Carlos Ramirez,Impresora,Occidente,31.0,529.32,,1213.84
6878,Paola Rios,Camara,Occidente,47.0,960.24,2025-08-22,1475.58
6721,Luis Hernandez,Monitor,Occidente,66.0,510.27,2024-02-05,1728.71
7227,Paola Rios,Tablet,Sur,37.0,782.8,2025-08-05,1233.09
7675,Alejandro Diaz,Laptop,Norte,39.0,827.5550000000001,2024-04-20,1697.74
6266,Paola Rios,Teclado,Sur,56.0,978.73,,1684.43
2838,Jose Martinez,Silla,Centro,52.0,959.3,2025-02-11,1574.46
3769,Fernanda Castro,Mouse,Occidente,53.0,691.24,2024-11-16,1474.63
6326,Laura Sanchez,Teclado,Occidente,42.0,760.36,2024-12-11,1469.13
3681,Fernanda Castro,Monitor,Norte,49.0,845.45,2025-10-23,1892.73
498,Camila Reyes,Tablet,Sur,38.0,915.38,2026-05-15,1174.32
1860,Alejandro Diaz,Mouse,Norte,22.0,509.4,2025-10-22,1309.41
2479,Valeria Mendoza,Bocina,Centro,53.0,1201.35,,984.71
5104,Ricardo Vargas,Camara,Centro,32.0,243.96,2024-02-11,1898.57
5122,Fernanda Castro,Silla,Sur,45.0,1036.73,2024-02-18,1479.93
3988,Valeria Mendoza,Silla,Centro,38.0,1177.02,2024-05-10,1597.36
8166,Laura Sanchez,Monitor,Norte,51.0,329.59,2025-04-17,1448.12
3080,Luis Hernandez,Silla,Sur,10.0,852.81,2025-03-31,1488.13
6256,Paola Rios,Impresora,Occidente,11.0,1227.31,2025-11-02,1768.44
998,Jorge Morales,Silla,Sur,36.0,832.93,2025-06-20,1658.85
7165,Paola Rios,Tablet,Centro,36.0,626.1,2025-03-22,1926.05
3684,Valeria Mendoza,Monitor,Sur,55.0,415.96,2025-05-15,1225.17
1663,Andres Ortiz,Escritorio,Sur,48.0,638.04,2024-08-28,1233.18
3717,Daniela Cruz,Silla,Occidente,14.0,1070.37,2024-04-08,1081.72
8011,Maria Lopez,Laptop,Sur,38.0,827.5550000000001,2024-07-04,1127.54
9265,Maria Lopez,Camara,Centro,43.0,882.82,2025-03-22,2125.54
6829,Sofia Torres,Camara,Sur,38.0,605.1,2026-01-21,1841.87
235,Fernanda Castro,Impresora,Occidente,25.0,704.79,2025-12-24,948.43
3524,Laura Sanchez,Impresora,Norte,46.0,957.43,2025-12-04,1708.82
2082,Jose Martinez,Bocina,Sur,47.0,1084.4,2024-05-31,1530.83
8376,Ricardo Vargas,Bocina,Sur,21.0,710.04,2024-02-15,1212.84
1118,Jose Martinez,Monitor,Sur,53.0,1147.33,2024-10-10,1401.31
4047,Luis Hernandez,Escritorio,Occidente,40.0,887.73,2026-08-06,1244.12
199,Isabel Guzman,Bocina,Sur,32.0,628.65,2024-09-30,1400.47
9633,Isabel Guzman,Teclado,Sur,47.0,852.31,2025-09-15,1702.86
6160,Jose Martinez,Camara,Sur,36.0,925.16,,1394.06
8716,Pedro Aguilar,Tablet,Norte,52.0,1024.29,2024-09-12,1389.79
7849,Alejandro Diaz,Laptop,Norte,26.0,827.5550000000001,,1349.47
3669,Maria Lopez,Escritorio,Sur,16.0,781.06,2025-05-08,1086.67
5791,Jose Martinez,Teclado,Norte,46.0,980.14,2025-07-25,1714.48
5941,Jose Martinez,Bocina,Norte,15.0,969.89,2024-02-24,1617.64
548,Alejandro Diaz,Escritorio,Occidente,30.0,808.69,2025-03-25,1113.11
8524,Luis Hernandez,Silla,Occidente,33.0,898.97,2025-03-02,663.1
4038,Ricardo Vargas,Silla,Occidente,48.0,988.69,2025-08-06,2068.18
7542,Laura Sanchez,Camara,Occidente,21.0,937.55,2024-10-06,1503.84
1888,Isabel Guzman,Escritorio,Centro,48.0,917.38,,930.36
3205,Alejandro Diaz,Teclado,Centro,13.0,1218.33,2026-01-07,834.27
565,Valeria Mendoza,Escritorio,Sur,51.0,832.48,2025-08-27,1700.79
6859,Luis Hernandez,Bocina,Centro,41.0,602.41,2024-06-13,1201.72
4791,Ricardo Vargas,Monitor,Centro,20.0,1010.05,2024-01-11,1025.69
8694,Daniela Cruz,Camara,Occidente,38.0,930.94,2024-12-19,1505.29
5344,Carlos Ramirez,Escritorio,Sur,46.0,889.77,2025-03-10,1011.63
8874,Ricardo Vargas,Mouse,Occidente,29.0,435.41,,1152.54
3162,Pedro Aguilar,Teclado,Sin Especificar,35.0,674.83,2025-08-15,1575.28
2797,Diego Romero,Teclado,Occidente,27.0,1151.02,2024-11-05,1956.39
6873,Paola Rios,Mouse,Occidente,52.0,1024.84,2026-01-29,939.65
6756,Isabel Guzman,Tablet,Sur,69.0,483.82,2025-06-26,1019.56
238,Daniela Cruz,Impresora,Norte,43.0,1055.85,2025-05-19,1685.97
1051,Alejandro Diaz,Monitor,Occidente,58.0,1101.73,2024-12-02,1160.82
7159,Alejandro Diaz,Camara,Norte,46.0,948.69,2025-08-17,1629.87
4801,Jose Martinez,Impresora,Sur,42.0,330.18,2024-05-06,1225.06
6813,Alejandro Diaz,Bocina,Sin Especificar,54.0,499.73,2025-09-09,1168.75
5429,Carlos Ramirez,Mouse,Sur,33.0,846.78,2024-03-19,1432.44
3396,Fernanda Castro,Tablet,Centro,49.0,644.58,2025-11-29,1459.09
9305,Camila Reyes,Monitor,Centro,49.0,794.06,2025-08-26,1521.78
9435,Valeria Mendoza,Monitor,Occidente,46.0,942.46,2024-04-10,1391.4
3848,Jorge Morales,Teclado,Norte,41.0,756.57,2024-02-24,821.33
299,Paola Rios,Escritorio,Sin Especificar,38.0,793.12,2024-05-07,1234.81
3558,Luis Hernandez,Camara,Occidente,44.0,704.32,2025-07-28,1470.8
1117,Ana Garcia,Escritorio,Occidente,29.0,1013.05,2025-08-24,985.92
5496,Luis Hernandez,Bocina,Norte,34.0,772.96,2026-01-16,984.3
1804,Ricardo Vargas,Impresora,Centro,32.0,1218.34,2024-06-11,1248.71
3043,Ana Garcia,Impresora,Centro,42.0,818.95,2024-08-22,1244.36
1439,Jose Martinez,Laptop,Norte,27.0,856.77,2025-03-25,823.1
7768,Alejandro Diaz,Camara,Centro,25.0,1239.28,2025-02-08,1598.93
2979,Luis Hernandez,Teclado,Centro,48.0,1076.11,2025-12-01,1031.08
4337,Isabel Guzman,Impresora,Occidente,36.0,799.79,2025-07-14,1658.22
9787,Miguel Flores,Mouse,Centro,35.0,646.91,2026-01-17,1838.07
5255,Ricardo Vargas,Tablet,Centro,46.0,756.49,2025-06-09,1650.21
9012,Valeria Mendoza,Monitor,Occidente,40.0,791.51,2026-05-10,1193.72
456,Fernanda Castro,Escritorio,Norte,47.0,1124.7,2025-06-04,1508.19
5540,Camila Reyes,Teclado,Norte,27.0,374.55,2026-04-13,1024.5
2975,Paola Rios,Laptop,Occidente,9.0,1065.44,2025-10-19,1653.29
6436,Alejandro Diaz,Laptop,Occidente,44.0,664.26,2026-05-12,1235.73
7223,Camila Reyes,Monitor,Norte,55.0,564.69,2024-05-22,1473.06
7483,Maria Lopez,Escritorio,Centro,38.0,955.7,,1884.62
106,Luis Hernandez,Escritorio,Centro,28.0,666.57,2025-04-11,1365.74
1894,Daniela Cruz,Teclado,Centro,64.0,459.35,2025-02-24,1399.06
4824,Carlos Ramirez,Teclado,Sur,52.0,887.8,2025-10-19,1568.32
8523,Miguel Flores,Escritorio,Norte,38.0,831.81,,1596.61
5923,Isabel Guzman,Impresora,Norte,45.0,456.95,2025-08-02,1374.75
3379,Ricardo Vargas,Laptop,Centro,46.0,658.93,2025-01-24,1353.29
8603,Luis Hernandez,Monitor,Sur,33.0,966.38,2025-10-17,1875.33
2976,Valeria Mendoza,Bocina,Occidente,41.0,801.9,2025-09-23,1224.43
8250,Paola Rios,Camara,Occidente,32.0,1003.03,2024-05-30,1149.32
823,Camila Reyes,Camara,Occidente,38.0,900.27,2025-11-01,1423.09
7750,Alejandro Diaz,Impresora,Occidente,32.0,575.57,2026-03-28,1732.37
5712,Luis Hernandez,Tablet,Sur,48.0,1351.11,2024-09-02,1570.46
1006,Camila Reyes,Camara,Occidente,34.0,1149.41,2024-05-11,1035.9
4293,Jose Martinez,Tablet,Centro,34.0,1259.38,,1344.66
9640,Fernanda Castro,Escritorio,Centro,54.0,516.82,2025-07-18,2428.16
2654,Alejandro Diaz,Teclado,Occidente,38.0,777.99,2024-06-04,1357.89
7134,Laura Sanchez,Mouse,Centro,36.0,819.92,2025-05-18,1673.95
1213,Carlos Ramirez,Escritorio,Occidente,18.0,832.48,2025-11-12,1693.64
6482,Andres Ortiz,Camara,Sur,31.0,1027.83,2025-07-09,1461.11
8157,Maria Lopez,Camara,Norte,38.0,829.105,,1339.6
6603,Fernanda Castro,Camara,Centro,36.0,725.92,2024-07-03,1528.24
9357,Jose Martinez,Camara,Sur,40.0,590.14,2024-11-11,1274.02
6337,Luis Hernandez,Tablet,Sur,52.0,1264.22,2025-06-02,1798.6
7793,Andres Ortiz,Escritorio,Sur,26.0,832.48,2026-01-20,1470.77
6861,Valeria Mendoza,Escritorio,Norte,33.0,1604.68,2024-02-16,1584.86
627,Ana Garcia,Mouse,Centro,43.0,1374.09,2024-09-13,1362.18
6371,Pedro Aguilar,Camara,Centro,43.0,1089.53,2024-11-06,559.29
1365,Laura Sanchez,Silla,Occidente,27.0,623.64,2026-02-01,1556.32
6553,Pedro Aguilar,Mouse,Norte,46.0,132.89,2026-05-15,1309.86
3830,Isabel Guzman,Mouse,Occidente,23.0,718.87,2026-01-15,1492.98
9719,Laura Sanchez,Impresora,Centro,28.0,1345.39,2025-05-23,1211.87
24,Carlos Ramirez,Silla,Norte,41.0,1247.73,,2083.64
9625,Andres Ortiz,Camara,Centro,30.0,1099.49,2025-07-19,1652.85
4672,Paola Rios,Escritorio,Occidente,39.0,676.36,2024-05-08,1074.8
1944,Isabel Guzman,Monitor,Norte,21.0,833.245,2026-06-15,1523.64
9165,Isabel Guzman,Impresora,Norte,38.0,1209.26,2025-05-22,1800.4
4527,Valeria Mendoza,Mouse,Sur,32.0,283.21,,1484.3
721,Alejandro Diaz,Teclado,Norte,29.0,956.91,2026-02-16,1575.35
2844,Daniela Cruz,Teclado,Norte,53.0,1415.63,2024-03-07,1486.81
7982,Alejandro Diaz,Monitor,Norte,52.0,799.85,2026-02-15,1412.89
3947,Paola Rios,Bocina,Norte,38.0,771.62,2024-07-29,1281.56
5775,Fernanda Castro,Escritorio,Centro,47.0,806.44,2026-06-03,1289.06
7973,Sofia Torres,Laptop,Centro,30.0,784.93,2024-08-10,1047.41
8608,Jorge Morales,Impresora,Sur,29.0,921.16,,1773.84
6412,Laura Sanchez,Silla,Centro,40.0,617.47,2025-06-23,1237.78
194,Ana Garcia,Mouse,Norte,53.0,826.06,2025-01-01,1383.02
2878,Paola Rios,Monitor,Occidente,50.0,567.16,2026-06-05,968.11
5402,Valeria Mendoza,Camara,Norte,12.0,967.87,2025-02-24,1387.92
4168,Isabel Guzman,Tablet,Occidente,46.0,886.06,2026-06-01,1764.74
3910,Maria Lopez,Teclado,Norte,35.0,827.85,2024-09-05,1333.86
1211,Ricardo Vargas,Impresora,Centro,43.0,421.71,2026-09-03,1401.68
6244,Luis Hernandez,Monitor,Occidente,51.0,833.245,2024-06-17,1084.61
179,Laura Sanchez,Laptop,Sur,39.0,1007.67,2024-08-18,517.14
9364,Miguel Flores,Bocina,Sur,29.0,873.05,2025-06-16,959.08
5746,Jorge Morales,Bocina,Sur,5.0,840.105,2026-03-19,821.21
620,Camila Reyes,Monitor,Sur,28.0,469.31,2025-10-08,1460.76
8342,Alejandro Diaz,Camara,Occidente,28.0,876.98,,1104.4
2624,Andres Ortiz,Bocina,Sur,44.0,1363.66,2024-12-13,1399.56
2561,Sofia Torres,Laptop,Occidente,48.0,860.32,,640.63
8994,Luis Hernandez,Laptop,Centro,42.0,1301.9,2024-08-25,1275.97
8933,Sofia Torres,Escritorio,Centro,23.0,641.64,2024-05-18,1247.01
4190,Maria Lopez,Teclado,Sur,41.0,1047.56,2024-05-30,1283.07
311,Isabel Guzman,Monitor,Occidente,44.0,1163.53,2024-12-15,1178.46
7353,Carlos Ramirez,Teclado,Centro,47.0,672.62,2026-01-09,1358.14
4239,Laura Sanchez,Laptop,Norte,52.0,499.85,2026-03-26,1517.56
9158,Valeria Mendoza,Laptop,Sin Especificar,12.0,776.29,2026-06-07,800.06
9407,Luis Hernandez,Mouse,Occidente,38.0,743.59,2025-09-12,1467.79
7029,Carlos Ramirez,Teclado,Sur,63.0,298.72,2026-03-12,1303.71
3772,Ricardo Vargas,Laptop,Sur,39.0,1207.02,2024-08-30,999.23
1933,Valeria Mendoza,Bocina,Norte,30.0,547.89,2025-07-13,1208.51
3036,Alejandro Diaz,Mouse,Sur,23.0,817.89,2025-10-28,1174.89
9047,Ricardo Vargas,Monitor,Norte,60.0,1079.68,2024-05-19,1624.91
7941,Fernanda Castro,Tablet,Centro,10.0,1027.65,2024-11-22,1499.57
9206,Pedro Aguilar,Silla,Occidente,31.0,832.85,2026-03-20,1655.97
7990,Andres Ortiz,Camara,Centro,38.0,439.3,2025-03-26,1440.06
6605,Laura Sanchez,Bocina,Occidente,24.0,728.35,2025-11-25,1968.79
8449,Isabel Guzman,Silla,Sur,29.0,939.55,2025-06-08,1516.08
9888,Sofia Torres,Silla,Centro,49.0,1153.56,2024-07-04,1445.39
41,Jorge Morales,Monitor,Centro,45.0,1095.15,2025-05-31,1803.46
5982,Ricardo Vargas,Mouse,Occidente,57.0,775.25,2024-10-09,1227.22
827,Laura Sanchez,Monitor,Sur,35.0,1046.23,2024-04-20,987.78
4814,Ricardo Vargas,Tablet,Sur,57.0,1044.43,2025-06-08,1424.28
6021,Camila Reyes,Camara,Centro,62.0,788.24,2026-01-03,1667.96
3133,Camila Reyes,Mouse,Centro,38.0,719.15,2026-05-30,1156.49
8897,Pedro Aguilar,Teclado,Sur,50.0,708.77,2024-06-02,1752.55
8973,Carlos Ramirez,Impresora,Centro,44.0,446.17,2025-08-21,1001.67
9574,Carlos Ramirez,Mouse,Occidente,14.0,462.4,2025-01-24,1276.69
8624,Camila Reyes,Impresora,Norte,26.0,892.01,2026-05-14,1387.12
6986,Pedro Aguilar,Laptop,Sur,39.0,1073.94,2024-04-27,1829.32
4530,Alejandro Diaz,Mouse,Norte,38.0,513.61,2026-01-04,1462.99
8446,Luis Hernandez,Mouse,Norte,37.0,1262.57,2024-04-30,1406.12
528,Maria Lopez,Laptop,Sur,69.0,1107.85,2025-07-29,966.94
3490,Daniela Cruz,Camara,Centro,35.0,1117.9,2025-01-18,1035.67
6150,Jorge Morales,Impresora,Centro,31.0,525.16,2025-07-20,1391.38
3296,Andres Ortiz,Teclado,Centro,47.0,1363.02,2025-07-28,947.11
5754,Ana Garcia,Impresora,Sur,22.0,894.53,,1569.77
2319,Diego Romero,Bocina,Sur,32.0,840.105,2024-01-01,1563.11
6044,Sofia Torres,Laptop,Sur,43.0,1503.66,2025-04-23,1806.58
2692,Jorge Morales,Bocina,Norte,40.0,711.08,2025-01-05,1527.72
6279,Maria Lopez,Teclado,Norte,32.0,803.85,2025-12-02,1503.37
4449,Alejandro Diaz,Teclado,Occidente,30.0,1169.24,2024-08-12,1480.79
6847,Jose Martinez,Escritorio,Centro,22.0,713.3,2024-08-23,1863.88
895,Isabel Guzman,Teclado,Centro,43.0,773.67,2026-12-02,1172.42
4586,Laura Sanchez,Mouse,Sur,37.0,637.11,2025-09-11,1467.47
4621,Jorge Morales,Mouse,Occidente,32.0,849.68,2024-12-12,1343.16
3972,Ana Garcia,Escritorio,Sin Especificar,7.0,573.53,2025-01-13,869.31
7986,Jose Martinez,Mouse,Sur,43.0,853.23,2024-03-01,960.03
911,Daniela Cruz,Mouse,Centro,33.0,867.78,2025-11-15,1240.89
2542,Fernanda Castro,Monitor,Occidente,43.0,733.96,2025-06-02,530.08
2006,Fernanda Castro,Escritorio,Sur,37.0,580.35,,1371.55
4600,Carlos Ramirez,Bocina,Centro,26.0,840.105,2024-08-07,1093.69
559,Paola Rios,Tablet,Norte,22.0,1069.1,2024-01-12,1543.57
125,Paola Rios,Tablet,Sur,41.0,906.79,2024-07-02,1891.86
1471,Jose Martinez,Camara,Occidente,40.0,1228.37,2024-04-04,1394.94
5650,Camila Reyes,Laptop,Occidente,41.0,629.18,2025-08-05,2168.86
5381,Isabel Guzman,Camara,Norte,31.0,256.39,2025-01-26,1919.3
7966,Miguel Flores,Bocina,Centro,44.0,1501.3,2024-03-20,1091.98
7905,Andres Ortiz,Escritorio,Occidente,42.0,469.09,2025-11-08,1807.63
7895,Jorge Morales,Bocina,Sin Especificar,43.0,1056.82,2024-09-30,1919.99
5191,Ana Garcia,Bocina,Sur,12.0,840.105,2025-07-28,2137.72
2019,Maria Lopez,Monitor,Sur,50.0,833.245,2026-03-22,550.87
1775,Maria Lopez,Escritorio,Norte,41.0,872.48,2025-11-05,1084.31
1213,Carlos Ramirez,Escritorio,Occidente,18.0,832.48,2025-11-12,1746.3
1184,Ricardo Vargas,Camara,Centro,38.0,962.99,2026-05-19,1571.72
225,Pedro Aguilar,Impresora,Centro,34.0,1162.98,2026-05-04,1354.82
7921,Diego Romero,Mouse,Norte,38.0,530.32,2024-12-28,1793.88
1952,Alejandro Diaz,Silla,Centro,33.0,590.51,2025-11-17,2045.89
8818,Ricardo Vargas,Camara,Sur,45.0,1028.46,2025-07-16,1331.07
5137,Ana Garcia,Laptop,Norte,58.0,957.33,2026-02-20,1728.27
429,Maria Lopez,Mouse,Occidente,37.0,490.56,2024-12-02,1868.5
9220,Diego Romero,Monitor,Sur,40.0,988.34,2026-04-02,2225.61
1372,Carlos Ramirez,Mouse,Sur,37.0,771.76,2025-06-05,1222.45
5454,Camila Reyes,Bocina,Norte,34.0,1080.97,2024-10-02,891.69
4781,Jose Martinez,Mouse,Centro,16.0,785.08,2025-10-27,1236.35
3252,Jose Martinez,Monitor,Norte,41.0,420.31,2025-11-05,1826.55
828,Daniela Cruz,Camara,Sur,37.0,838.97,2025-01-26,1213.24
3310,Ricardo Vargas,Camara,Norte,43.0,841.84,2024-06-23,857.83
7362,Fernanda Castro,Escritorio,Centro,38.0,800.56,2025-12-17,1465.05
4729,Diego Romero,Camara,Sin Especificar,36.0,1505.33,2026-04-28,1501.51
3745,Jorge Morales,Laptop,Occidente,29.0,240.04,2025-07-17,1004.18
5338,Ricardo Vargas,Tablet,Occidente,52.0,1156.6,2025-03-09,1355.04
2526,Luis Hernandez,Bocina,Norte,29.0,1152.51,2024-02-14,1614.56
1672,Maria Lopez,Bocina,Occidente,46.0,385.69,2024-10-07,1138.2
5557,Luis Hernandez,Camara,Centro,40.0,1047.61,2026-05-10,1077.37
5494,Pedro Aguilar,Escritorio,Occidente,165.0,832.48,2025-05-26,858.22
2859,Ana Garcia,Monitor,Occidente,42.0,833.245,2025-04-30,1770.54
1278,Jorge Morales,Teclado,Norte,37.0,1034.93,2024-04-10,1577.91
7731,Luis Hernandez,Bocina,Centro,36.0,960.15,2024-06-27,812.74
746,Pedro Aguilar,Escritorio,Sur,31.0,539.32,2024-04-08,997.82
5845,Diego Romero,Laptop,Occidente,34.0,1225.87,2025-09-25,1444.03
8862,Alejandro Diaz,Impresora,Sur,56.0,1219.17,2026-02-13,561.87
4694,Camila Reyes,Tablet,Sur,16.0,389.47,,1315.2
142,Andres Ortiz,Monitor,Centro,29.0,641.03,2025-01-15,1721.73
9418,Sofia Torres,Camara,Centro,26.0,613.43,2026-04-01,1215.26
4901,Laura Sanchez,Bocina,Sur,37.0,413.24,2025-11-11,1228.15
9261,Paola Rios,Silla,Sur,56.0,852.81,,1646.89
5302,Carlos Ramirez,Bocina,Sur,41.0,706.39,2024-08-26,1520.1
2578,Isabel Guzman,Silla,Occidente,38.0,999.46,2024-05-05,1577.72
9235,Ricardo Vargas,Impresora,Norte,45.0,775.44,2025-07-04,925.92
2249,Paola Rios,Laptop,Norte,58.0,1174.97,2024-11-27,1355.5
455,Luis Hernandez,Laptop,Norte,49.0,990.32,2024-08-02,1385.42
4869,Maria Lopez,Silla,Centro,55.0,910.33,2026-08-04,1017.9
7280,Jose Martinez,Camara,Sur,42.0,1192.77,2025-01-25,1703.81
507,Valeria Mendoza,Laptop,Occidente,28.0,751.92,2025-02-16,1469.28
7548,Sofia Torres,Laptop,Norte,41.0,821.22,2024-01-17,2001.26
3652,Pedro Aguilar,Tablet,Centro,36.0,1400.38,2026-05-17,2145.9
441,Diego Romero,Silla,Sur,28.0,1353.02,2025-10-23,1857.32
3251,Alejandro Diaz,Mouse,Occidente,29.0,1048.86,2026-04-11,1063.46
7723,Andres Ortiz,Teclado,Centro,30.0,1349.36,2024-03-15,1410.78
6577,Ana Garcia,Monitor,Centro,36.0,320.11,2024-11-18,1108.46
1828,Jorge Morales,Bocina,Centro,46.0,782.48,,1619.83
111,Laura Sanchez,Mouse,Sur,28.0,790.29,2025-11-07,925.41
9192,Isabel Guzman,Laptop,Centro,18.0,827.5550000000001,2026-02-17,1551.36
2997,Sofia Torres,Camara,Norte,40.0,830.74,2025-10-03,635.12
7550,Paola Rios,Teclado,Centro,40.0,645.05,,1733.83
3201,Valeria Mendoza,Impresora,Sur,39.0,826.23,,1863.04
1518,Maria Lopez,Monitor,Norte,38.0,1149.88,2024-01-04,1013.24
985,Sofia Torres,Tablet,Norte,50.0,1369.55,2024-01-29,1343.6
715,Fernanda Castro,Silla,Norte,27.0,686.13,2025-06-29,1796.07
1746,Ana Garcia,Bocina,Sur,54.0,1220.23,2024-07-03,1637.37
5802,Miguel Flores,Teclado,Centro,46.0,952.41,2024-07-22,1006.76
7006,Pedro Aguilar,Silla,Occidente,30.0,859.02,2026-05-30,2007.97
6922,Jose Martinez,Laptop,Norte,52.0,827.5550000000001,2024-12-31,1451.37
1583,Isabel Guzman,Bocina,Occidente,38.0,909.22,2025-08-25,751.45
5067,Jorge Morales,Impresora,Norte,49.0,824.69,2025-01-31,811.95
2448,Pedro Aguilar,Camara,Norte,26.0,813.22,2025-10-22,894.05
5939,Carlos Ramirez,Teclado,Sur,16.0,979.5,2025-12-07,1421.1
6966,Maria Lopez,Teclado,Norte,34.0,1020.86,2026-12-05,625.42
8057,Daniela Cruz,Silla,Sur,38.0,1144.42,2026-06-09,967.95
8534,Jorge Morales,Bocina,Sur,33.0,947.04,2025-04-06,2075.03
3099,Jose Martinez,Impresora,Occidente,29.0,534.11,2026-05-07,1821.87
8844,Jorge Morales,Bocina,Sin Especificar,34.0,1165.78,2024-01-31,1000.04
377,Carlos Ramirez,Camara,Norte,44.0,616.39,2025-10-06,1223.94
9959,Ricardo Vargas,Monitor,Centro,38.0,1021.02,2026-06-11,2053.22
206,Daniela Cruz,Teclado,Norte,59.0,858.16,2024-10-18,821.1
6308,Carlos Ramirez,Monitor,Occidente,50.0,1199.56,2024-09-01,1669.26
2195,Camila Reyes,Teclado,Occidente,30.0,1113.17,2025-07-26,1172.35
5473,Sofia Torres,Teclado,Centro,60.0,319.71,2024-04-21,1620.61
9984,Ana Garcia,Tablet,Occidente,28.0,1085.47,2025-04-01,1453.46
7840,Ricardo Vargas,Camara,Centro,41.0,1310.97,2024-05-19,1564.51
8887,Pedro Aguilar,Monitor,Norte,49.0,974.32,,1528.02
2179,Paola Rios,Bocina,Norte,33.0,756.16,2026-07-04,1352.6
6033,Diego Romero,Impresora,Sin Especificar,16.0,826.23,2025-11-09,1504.79
3702,Miguel Flores,Monitor,Norte,15.0,1161.61,2025-09-18,2200.21
7439,Camila Reyes,Mouse,Norte,24.0,1040.99,2025-12-07,1284.67
6514,Fernanda Castro,Tablet,Centro,43.0,922.02,,849.95
3529,Miguel Flores,Tablet,Norte,38.0,838.68,2025-08-13,1146.23
419,Ana Garcia,Mouse,Centro,49.0,830.53,2025-05-30,1568.34
284,Ricardo Vargas,Escritorio,Centro,39.0,590.96,2024-08-06,1142.48
3551,Daniela Cruz,Escritorio,Sur,55.0,1126.53,2026-02-24,1325.98
4075,Miguel Flores,Teclado,Sin Especificar,26.0,1450.24,2026-08-02,1309.3
872,Ana Garcia,Mouse,Centro,34.0,897.06,2024-05-23,1154.26
2146,Jorge Morales,Escritorio,Norte,29.0,528.78,2026-01-13,1244.65
8191,Miguel Flores,Tablet,Norte,31.0,710.78,2026-04-24,836.54
355,Andres Ortiz,Bocina,Occidente,41.0,1007.0,,1713.92
8852,Luis Hernandez,Mouse,Occidente,50.0,761.85,2025-11-30,1449.86
8763,Paola Rios,Impresora,Sur,26.0,856.3,2024-05-10,1438.41
2363,Diego Romero,Camara,Occidente,15.0,634.84,2024-11-27,1769.56
7991,Camila Reyes,Laptop,Sur,22.0,50.0,2025-06-14,1155.44
9524,Diego Romero,Mouse,Sur,48.0,819.92,2026-02-24,1682.98
8405,Valeria Mendoza,Silla,Norte,6.0,1363.32,2025-12-19,1208.23
7862,Carlos Ramirez,Monitor,Centro,47.0,1232.16,2025-07-03,1020.73
5262,Fernanda Castro,Teclado,Centro,49.0,822.475,2024-02-14,1066.97
5756,Carlos Ramirez,Laptop,Centro,29.0,407.49,2025-01-12,878.04
1141,Jorge Morales,Camara,Occidente,29.0,283.14,2024-01-01,855.05
5693,Jorge Morales,Monitor,Centro,31.0,453.98,2025-11-24,2036.14
7252,Camila Reyes,Camara,Occidente,43.0,775.09,2026-06-17,1347.68
5566,Ricardo Vargas,Mouse,Centro,47.0,288.67,2025-11-03,611.97
5698,Pedro Aguilar,Monitor,Norte,35.0,594.26,2026-04-14,967.79
4187,Alejandro Diaz,Monitor,Centro,34.0,689.81,2024-06-20,974.31
6544,Camila Reyes,Escritorio,Sur,33.0,832.49,2026-02-24,1676.9
4555,Ana Garcia,Impresora,Norte,47.0,1009.7,2025-07-20,1233.85
2024,Maria Lopez,Bocina,Sur,46.0,645.6,2025-03-12,1204.3
1634,Jorge Morales,Silla,Centro,35.0,503.41,2025-01-04,1482.22
1639,Maria Lopez,Tablet,Centro,49.0,1119.2,,1005.17
779,Pedro Aguilar,Laptop,Centro,52.0,902.21,2024-09-21,1162.66
9142,Valeria Mendoza,Tablet,Occidente,25.0,876.65,2026-05-13,1273.02
4522,Diego Romero,Escritorio,Norte,41.0,1093.75,2024-07-08,943.11
3736,Camila Reyes,Impresora,Occidente,44.0,378.01,2024-01-29,1527.98
376,Ana Garcia,Mouse,Occidente,54.0,365.9,2026-02-04,1165.89
2423,Paola Rios,Monitor,Sur,43.0,976.83,2026-01-26,1780.55
4980,Daniela Cruz,Bocina,Norte,29.0,1115.84,2025-06-06,1333.98
5697,Laura Sanchez,Camara,Occidente,45.0,1139.55,2026-06-05,1029.85
4788,Jorge Morales,Laptop,Occidente,36.0,442.14,2024-01-03,1385.89
7198,Daniela Cruz,Tablet,Centro,34.0,1266.59,2024-05-02,1526.47
9109,Isabel Guzman,Teclado,Norte,24.0,384.29,2025-06-05,1377.52
6020,Pedro Aguilar,Impresora,Centro,29.0,846.4,2025-08-05,2114.5
6860,Miguel Flores,Monitor,Sin Especificar,26.0,1418.86,2025-01-10,1158.05
4723,Diego Romero,Tablet,Centro,39.0,829.85,2024-01-11,1765.65
7043,Pedro Aguilar,Mouse,Norte,47.0,245.51,2025-03-18,1430.37
7386,Paola Rios,Monitor,Sur,28.0,1080.81,2025-09-27,1052.04
8300,Miguel Flores,Camara,Norte,49.0,829.105,2025-10-18,1517.13
4414,Ana Garcia,Tablet,Sur,34.0,1271.02,2025-10-04,314.35
3347,Alejandro Diaz,Monitor,Occidente,42.0,999.55,2026-10-05,1645.67
1169,Sofia Torres,Laptop,Centro,51.0,1016.64,2025-07-12,1638.42
8705,Miguel Flores,Tablet,Sur,38.0,956.06,2024-05-21,1989.71
1903,Maria Lopez,Tablet,Norte,38.0,1064.02,2024-08-20,1550.42
631,Ana Garcia,Escritorio,Sur,33.0,749.92,2025-01-24,1421.97
4605,Camila Reyes,Laptop,Centro,40.0,915.1,2025-10-25,1462.79
4330,Maria Lopez,Impresora,Occidente,27.0,1250.14,2025-10-19,1477.04
9828,Sofia Torres,Impresora,Occidente,38.0,956.2,2024-12-06,1809.93
3209,Andres Ortiz,Camara,Norte,38.0,829.105,2025-08-07,1636.09
2595,Carlos Ramirez,Camara,Norte,29.0,1292.15,2025-10-23,943.24
177,Pedro Aguilar,Escritorio,Norte,60.0,640.07,2025-08-10,1350.6
3631,Ricardo Vargas,Impresora,Norte,45.0,582.63,2024-11-26,1085.16
3898,Sofia Torres,Bocina,Centro,33.0,744.23,2024-08-25,1109.96
8724,Sofia Torres,Mouse,Sur,49.0,585.4,2025-07-02,1267.18
2101,Jorge Morales,Teclado,Norte,42.0,1167.09,2026-04-10,1041.23
9999,Miguel Flores,Escritorio,Centro,47.0,846.16,2025-12-20,1613.42
4851,Fernanda Castro,Impresora,Occidente,29.0,826.23,2026-03-26,1297.3
4888,Paola Rios,Impresora,Centro,40.0,820.58,2026-01-24,1254.04
3787,Jorge Morales,Impresora,Norte,38.0,598.34,2024-12-22,1883.85
3934,Miguel Flores,Silla,Sur,48.0,974.11,2025-12-09,1312.41
1551,Daniela Cruz,Bocina,Norte,30.0,1115.75,,1435.97
9421,Laura Sanchez,Impresora,Centro,26.0,1160.7,,1658.39
9343,Maria Lopez,Teclado,Occidente,43.0,822.475,2024-05-18,873.49
126,Andres Ortiz,Impresora,Centro,51.0,826.23,2026-02-04,1715.31
8532,Alejandro Diaz,Teclado,Norte,32.0,767.05,2024-10-25,1606.26
3782,Ricardo Vargas,Escritorio,Occidente,163.0,160.52,2024-06-02,1047.32
8863,Isabel Guzman,Escritorio,Sur,47.0,941.5,2025-02-06,1267.58
3367,Maria Lopez,Laptop,Norte,35.0,826.44,2025-03-06,1565.32
2544,Pedro Aguilar,Escritorio,Norte,12.0,1162.17,2025-01-12,1416.55
1600,Andres Ortiz,Escritorio,Sur,60.0,1130.67,2026-03-31,98000.0
1503,Fernanda Castro,Monitor,Sur,38.0,1043.48,,1086.39
213,Luis Hernandez,Monitor,Centro,16.0,647.82,2025-04-11,832.94
8789,Pedro Aguilar,Mouse,Sur,53.0,348.92,2025-09-10,1326.95
2015,Ricardo Vargas,Escritorio,Centro,32.0,1123.13,2025-08-30,1467.54
3206,Jose Martinez,Tablet,Occidente,19.0,956.62,2025-03-20,1445.94
7281,Camila Reyes,Silla,Occidente,48.0,1132.87,2025-08-15,1172.48
9738,Carlos Ramirez,Monitor,Norte,53.0,755.41,2025-09-18,1756.92
2440,Luis Hernandez,Teclado,Occidente,44.0,251.03,2025-08-16,1185.23
7245,Fernanda Castro,Teclado,Norte,56.0,906.85,2024-10-04,1186.57
8565,Ricardo Vargas,Camara,Norte,48.0,1225.66,2024-11-14,1570.45
9569,Valeria Mendoza,Monitor,Sur,22.0,853.41,2024-08-08,1018.47
1417,Jose Martinez,Tablet,Occidente,30.0,882.91,2024-11-18,1481.79
5261,Camila Reyes,Silla,Occidente,51.0,955.58,2025-02-20,1887.77
8185,Pedro Aguilar,Mouse,Centro,23.0,463.16,2025-12-03,1354.36
8739,Camila Reyes,Bocina,Norte,27.0,891.55,2025-11-15,1282.71
7704,Luis Hernandez,Tablet,Norte,48.0,1241.01,2024-07-09,1174.46
9152,Miguel Flores,Escritorio,Occidente,30.0,842.13,2024-04-03,1610.18
5265,Laura Sanchez,Bocina,Centro,42.0,1487.41,2025-09-15,1770.74
1416,Jorge Morales,Impresora,Sur,52.0,952.14,2026-04-19,1508.42
5004,Andres Ortiz,Escritorio,Sur,40.0,657.4,,1384.97
4332,Laura Sanchez,Teclado,Sur,15.0,550.08,2026-04-14,1099.76
7156,Andres Ortiz,Impresora,Centro,62.0,251.82,2025-01-09,1400.16
4397,Carlos Ramirez,Tablet,Occidente,37.0,955.83,2025-02-25,1399.62
2741,Jorge Morales,Camara,Sur,33.0,1068.71,2025-12-08,1644.96
8205,Daniela Cruz,Monitor,Sur,29.0,965.44,2024-07-15,1732.11
9427,Maria Lopez,Impresora,Norte,53.0,446.65,2025-04-19,1408.72
5926,Miguel Flores,Escritorio,Occidente,34.0,721.44,2024-03-07,689.25
4531,Laura Sanchez,Tablet,Sur,22.0,532.91,2024-04-15,1293.19
1830,Jose Martinez,Teclado,Occidente,32.0,861.19,2024-05-22,1815.18
9831,Laura Sanchez,Silla,Occidente,29.0,728.0,2026-05-01,942.22
4581,Jorge Morales,Teclado,Occidente,48.0,1063.39,2024-07-24,2335.07
6609,Carlos Ramirez,Tablet,Sin Especificar,32.0,798.44,2024-05-13,2064.92
8666,Valeria Mendoza,Monitor,Centro,51.0,833.245,2024-08-24,861.32
9951,Isabel Guzman,Monitor,Sur,44.0,238.27,2024-01-27,1554.47
4959,Luis Hernandez,Mouse,Sur,74.0,1458.06,,1204.3
8831,Alejandro Diaz,Tablet,Sur,16.0,759.31,2024-03-07,1241.52
5237,Miguel Flores,Bocina,Sur,30.0,948.92,2025-05-08,1555.95
873,Isabel Guzman,Monitor,Centro,39.0,682.55,2025-02-14,1145.43
936,Diego Romero,Escritorio,Occidente,41.0,1005.76,2025-02-06,1303.75
6455,Laura Sanchez,Teclado,Sur,40.0,599.2,2025-09-29,1375.7
7690,Maria Lopez,Silla,Occidente,36.0,1117.89,2025-08-18,1066.65
2264,Sofia Torres,Teclado,Sur,26.0,817.73,2025-09-13,2036.01
2746,Maria Lopez,Tablet,Occidente,36.0,1042.2,2026-03-22,1428.73
8979,Diego Romero,Silla,Centro,53.0,852.81,2025-03-30,1284.94
1934,Miguel Flores,Tablet,Centro,41.0,800.57,2024-01-01,1180.72
7874,Jose Martinez,Impresora,Sur,39.0,570.49,,978.33
7868,Sofia Torres,Teclado,Norte,52.0,979.9,2026-03-11,1282.21
6475,Paola Rios,Laptop,Sur,17.0,841.94,,1304.93
7401,Laura Sanchez,Camara,Centro,40.0,496.17,,1932.93
8465,Maria Lopez,Silla,Sur,39.0,931.25,2024-02-03,1207.07
929,Jose Martinez,Teclado,Norte,36.0,1016.28,2026-05-05,891.5
8626,Andres Ortiz,Tablet,Sur,52.0,1156.83,2025-08-07,1387.27
6010,Isabel Guzman,Escritorio,Centro,22.0,896.65,2024-12-25,1514.65
3863,Ana Garcia,Bocina,Norte,31.0,840.105,2026-03-05,1689.3
4378,Valeria Mendoza,Tablet,Norte,19.0,863.0,2025-12-28,1067.41
9484,Camila Reyes,Mouse,Norte,37.0,593.1,2026-06-18,1237.4
3002,Fernanda Castro,Impresora,Sur,44.0,268.56,,1500.91
5870,Jose Martinez,Silla,Centro,44.0,535.54,2024-09-05,1140.1
5946,Ana Garcia,Monitor,Norte,18.0,812.36,,1119.06
9396,Luis Hernandez,Teclado,Sur,37.0,1219.69,2025-10-27,1881.54
8165,Camila Reyes,Bocina,Occidente,52.0,738.59,2025-02-04,719.25
1579,Camila Reyes,Monitor,Sin Especificar,21.0,702.43,2025-06-07,1126.79
4436,Jose Martinez,Bocina,Centro,66.0,1175.21,2026-01-11,1216.65
2510,Isabel Guzman,Monitor,Centro,48.0,97.48,2025-11-07,1561.82
898,Ricardo Vargas,Silla,Norte,59.0,1044.26,2024-07-16,1669.14
3798,Pedro Aguilar,Tablet,Occidente,48.0,461.64,2024-10-02,1404.65
3957,Maria Lopez,Mouse,Sur,35.0,851.44,2026-04-27,1230.17
4492,Jorge Morales,Mouse,Occidente,47.0,1462.41,2025-06-20,1660.35
4275,Jose Martinez,Escritorio,Sur,48.0,626.44,2024-05-05,1120.9
9003,Daniela Cruz,Impresora,Sur,38.0,1318.37,,662.5
3019,Alejandro Diaz,Tablet,Sur,47.0,309.08,2026-06-18,1302.88
5164,Ricardo Vargas,Camara,Norte,35.0,829.105,2025-05-13,1087.5
803,Camila Reyes,Mouse,Occidente,39.0,741.57,2026-05-02,1291.8
1919,Carlos Ramirez,Monitor,Sur,30.0,899.4,2024-02-12,1109.65
9791,Sofia Torres,Escritorio,Centro,45.0,1481.93,2025-12-30,1352.56
5253,Andres Ortiz,Laptop,Norte,38.0,1253.38,2025-11-17,1651.8
7902,Laura Sanchez,Camara,Sur,52.0,912.0,2025-06-14,1356.5
207,Luis Hernandez,Tablet,Centro,53.0,564.67,2024-07-09,2126.59
3100,Maria Lopez,Tablet,Norte,29.0,361.44,2024-06-17,931.32
4548,Valeria Mendoza,Mouse,Sur,50.0,819.92,2024-05-19,928.36
9447,Sofia Torres,Silla,Norte,28.0,894.69,2024-07-28,1394.57
2988,Carlos Ramirez,Escritorio,Centro,45.0,673.5,2024-03-11,2151.06
70,Andres Ortiz,Silla,Centro,43.0,777.86,2026-09-02,1089.56
2386,Isabel Guzman,Teclado,Centro,42.0,643.28,2025-10-16,1055.21
9426,Carlos Ramirez,Monitor,Centro,29.0,727.83,2026-05-24,1001.7
8118,Isabel Guzman,Camara,Norte,25.0,324.43,2024-06-22,1904.2
993,Laura Sanchez,Impresora,Norte,37.0,857.66,2026-05-16,1968.16
3320,Laura Sanchez,Impresora,Norte,37.0,718.49,2025-02-18,1544.69
3374,Valeria Mendoza,Laptop,Occidente,28.0,625.48,2025-09-30,822.22
6100,Andres Ortiz,Bocina,Norte,31.0,799.25,2025-12-13,1195.24
3665,Paola Rios,Teclado,Centro,31.0,578.38,2026-01-17,2252.49
9352,Jose Martinez,Silla,Centro,26.0,920.2,2024-01-28,1348.11
6716,Valeria Mendoza,Impresora,Norte,23.0,835.19,2026-05-09,1316.51
2167,Daniela Cruz,Escritorio,Sur,33.0,1028.29,2025-03-19,1495.75
9242,Alejandro Diaz,Laptop,Sur,8.0,495.62,2024-11-05,1342.34
5316,Miguel Flores,Bocina,Centro,28.0,1382.97,2024-01-01,1281.28
8071,Pedro Aguilar,Monitor,Occidente,38.0,900.26,2025-11-10,1314.16
4031,Jorge Morales,Bocina,Norte,47.0,692.69,2024-03-18,1452.82
859,Paola Rios,Escritorio,Occidente,41.0,446.13,2025-10-05,736.45
466,Alejandro Diaz,Laptop,Norte,48.0,571.77,2024-03-05,1724.39
3925,Alejandro Diaz,Mouse,Sur,38.0,978.07,2025-10-10,2000.24
6134,Maria Lopez,Laptop,Sur,31.0,634.02,2025-12-28,1232.48
297,Jose Martinez,Tablet,Sur,21.0,366.74,2024-12-14,1421.9
5694,Isabel Guzman,Camara,Sur,31.0,418.37,2024-12-08,1160.47
9366,Daniela Cruz,Teclado,Occidente,36.0,814.76,2026-04-20,1487.28
1359,Pedro Aguilar,Bocina,Occidente,47.0,841.16,2024-12-17,1800.23
8469,Daniela Cruz,Escritorio,Occidente,41.0,767.23,2024-01-02,901.42
6265,Paola Rios,Laptop,Norte,39.0,818.68,2025-04-10,1144.16
9511,Miguel Flores,Teclado,Norte,48.0,1020.69,2024-07-25,1222.51
7341,Miguel Flores,Camara,Sin Especificar,40.0,798.23,2026-05-01,1727.43
7651,Valeria Mendoza,Monitor,Norte,46.0,1331.5,2024-02-24,1864.57
4676,Andres Ortiz,Impresora,Occidente,36.0,746.7,2025-10-27,1033.89
6338,Pedro Aguilar,Monitor,Sur,35.0,833.245,2025-11-25,1864.93
2571,Daniela Cruz,Bocina,Occidente,36.0,1099.62,2025-02-28,958.1
3903,Ana Garcia,Tablet,Norte,70.0,838.68,2025-04-15,2201.26
2544,Pedro Aguilar,Escritorio,Norte,12.0,1162.17,2025-01-12,1448.1
7535,Jorge Morales,Silla,Centro,35.0,1171.77,2025-09-29,1351.17
2091,Maria Lopez,Escritorio,Sur,37.0,331.97,2024-04-24,1622.37
9264,Camila Reyes,Tablet,Occidente,25.0,1034.01,2025-02-16,1669.21
9933,Laura Sanchez,Laptop,Centro,12.0,1028.78,2024-03-18,1633.17
8426,Valeria Mendoza,Impresora,Sur,23.0,668.2,2025-03-03,1636.42
1256,Maria Lopez,Bocina,Occidente,38.0,588.47,2024-11-02,1185.59
2155,Diego Romero,Mouse,Norte,50.0,755.14,2024-09-06,812.16
1288,Valeria Mendoza,Laptop,Norte,30.0,645.56,2024-02-15,1004.09
2873,Ricardo Vargas,Laptop,Norte,55.0,942.39,2025-03-03,1428.32
8359,Camila Reyes,Impresora,Sur,41.0,788.6,2024-01-02,1243.11
6417,Jorge Morales,Camara,Norte,52.0,308.85,2024-07-02,1314.53
6398,Camila Reyes,Tablet,Sur,32.0,1336.42,2024-06-17,1537.39
1519,Fernanda Castro,Laptop,Norte,36.0,613.94,2024-07-02,1226.75
2184,Fernanda Castro,Impresora,Occidente,66.0,1510.19,2024-01-11,1182.77
3026,Isabel Guzman,Teclado,Centro,32.0,623.39,2026-04-18,1466.24
5119,Andres Ortiz,Tablet,Centro,44.0,247.4,2024-03-28,1470.1
9832,Pedro Aguilar,Camara,Norte,39.0,1249.93,2024-12-26,2214.55
6762,Camila Reyes,Camara,Occidente,33.0,1092.56,2024-08-26,1618.18
5909,Carlos Ramirez,Laptop,Norte,47.0,1091.48,2026-02-19,1222.82
9516,Luis Hernandez,Tablet,Centro,28.0,1123.62,2026-02-10,1139.91
8314,Jose Martinez,Teclado,Norte,52.0,255.59,2026-04-19,1359.94
9105,Camila Reyes,Camara,Sur,50.0,513.12,2026-04-22,1559.64
8816,Paola Rios,Impresora,Norte,25.0,1110.88,2025-10-06,1040.52
4036,Isabel Guzman,Impresora,Centro,24.0,1339.11,2024-06-02,1280.68
7822,Luis Hernandez,Mouse,Norte,23.0,996.11,2024-09-01,1312.61
8270,Paola Rios,Mouse,Occidente,48.0,884.03,2025-09-23,1550.67
2803,Andres Ortiz,Camara,Sur,33.0,800.85,2025-08-13,2051.09
9896,Diego Romero,Camara,Norte,31.0,598.79,2026-04-28,1846.88
3896,Diego Romero,Monitor,Occidente,57.0,1257.94,2024-02-20,1275.25
7581,Sofia Torres,Camara,Centro,30.0,758.63,2025-07-12,1083.55
837,Jorge Morales,Bocina,Centro,26.0,825.47,2024-05-12,1811.33
5867,Ricardo Vargas,Mouse,Centro,53.0,939.97,2025-05-01,1732.29
7166,Isabel Guzman,Mouse,Occidente,35.0,864.92,2024-11-04,924.56
7192,Sofia Torres,Impresora,Sur,50.0,886.37,2024-09-03,374.68
7116,Jorge Morales,Laptop,Occidente,40.0,199.45,2024-08-04,1337.66
5476,Daniela Cruz,Impresora,Occidente,36.0,345.7,2024-09-08,1589.56
546,Daniela Cruz,Escritorio,Norte,22.0,1139.4,2025-04-22,868.81
4612,Fernanda Castro,Mouse,Norte,36.0,954.13,2024-11-27,1342.18
2410,Alejandro Diaz,Escritorio,Centro,48.0,966.87,2024-03-20,2152.01
3210,Miguel Flores,Silla,Sur,42.0,734.88,2024-08-02,1082.07
6830,Laura Sanchez,Silla,Occidente,52.0,838.56,2025-01-20,1069.33
8722,Maria Lopez,Impresora,Norte,32.0,441.64,2024-08-14,1602.76
430,Diego Romero,Mouse,Norte,237.0,924.62,2024-05-22,1152.58
4900,Camila Reyes,Teclado,Centro,38.0,343.21,2024-01-21,1127.29
9727,Miguel Flores,Camara,Sur,38.0,1062.56,2026-04-26,1088.97
9077,Miguel Flores,Bocina,Centro,298.0,949.14,,908.65
1980,Carlos Ramirez,Bocina,Occidente,34.0,786.86,2026-01-30,1152.76
8658,Camila Reyes,Impresora,Occidente,31.0,826.23,2025-10-03,1581.86
5314,Sofia Torres,Camara,Occidente,43.0,1054.17,,1559.16
2217,Miguel Flores,Monitor,Sur,40.0,805.9,2024-07-30,955.8
269,Luis Hernandez,Mouse,Sin Especificar,39.0,884.58,2024-06-22,1420.58
3932,Jose Martinez,Mouse,Norte,45.0,1106.4,2024-08-02,1160.33
9927,Carlos Ramirez,Monitor,Centro,31.0,891.48,2024-08-29,1585.25
18,Diego Romero,Silla,Centro,35.0,1051.07,2024-03-22,1913.56
6718,Sofia Torres,Teclado,Occidente,52.0,566.63,2024-10-04,1345.92
1152,Ana Garcia,Silla,Occidente,47.0,350.23,2025-10-18,1420.86
7099,Paola Rios,Teclado,Norte,27.0,579.62,2026-04-20,1553.83
4875,Camila Reyes,Laptop,Centro,52.0,829.52,2024-03-18,669.38
8318,Jorge Morales,Monitor,Sur,31.0,833.245,2024-04-21,1286.2
6372,Carlos Ramirez,Bocina,Sur,29.0,1489.33,2026-01-12,1333.09
253,Jose Martinez,Mouse,Centro,36.0,1098.89,2024-08-22,1623.17
4740,Diego Romero,Impresora,Norte,66.0,583.61,2024-01-02,1234.3
1505,Laura Sanchez,Silla,Norte,38.0,236.38,2024-05-06,1981.48
3470,Jorge Morales,Impresora,Occidente,43.0,691.15,2024-09-27,1284.5
4193,Jose Martinez,Teclado,Centro,44.0,781.59,2024-05-31,970.19
6122,Carlos Ramirez,Teclado,Occidente,36.0,733.05,2026-02-28,1636.29
8629,Carlos Ramirez,Silla,Occidente,45.0,1188.72,2025-04-24,667.82
6367,Daniela Cruz,Camara,Centro,31.0,856.95,2024-08-26,1338.93
7863,Fernanda Castro,Mouse,Centro,22.0,1180.78,2026-04-01,1166.69
5299,Ricardo Vargas,Escritorio,Sur,44.0,384.03,2025-09-21,1782.87
3536,Miguel Flores,Monitor,Norte,13.0,732.03,2024-01-27,1371.17
2161,Isabel Guzman,Bocina,Sur,27.0,734.56,2026-03-26,1834.37
8769,Jose Martinez,Escritorio,Occidente,32.0,602.52,2026-05-14,1878.33
6146,Diego Romero,Laptop,Centro,44.0,827.5550000000001,2024-01-08,1455.06
5608,Ana Garcia,Laptop,Occidente,50.0,597.04,2024-12-15,904.23
7155,Paola Rios,Silla,Occidente,43.0,1361.45,2026-01-16,1394.53
6824,Fernanda Castro,Teclado,Centro,38.0,1087.62,2026-01-10,1426.03
9964,Miguel Flores,Mouse,Occidente,44.0,817.02,2024-08-22,1258.61
1553,Pedro Aguilar,Silla,Occidente,27.0,477.86,2025-10-30,1415.21
77,Fernanda Castro,Tablet,Norte,33.0,1030.23,2025-01-18,1689.45
9785,Fernanda Castro,Escritorio,Occidente,38.0,760.17,2024-06-25,1494.29
4985,Andres Ortiz,Mouse,Centro,42.0,826.81,2024-02-12,1418.39
9619,Daniela Cruz,Tablet,Sur,38.0,495.39,2026-05-06,1273.62
8679,Ricardo Vargas,Escritorio,Norte,47.0,746.87,2024-02-08,1353.38
6837,Alejandro Diaz,Silla,Norte,42.0,753.51,2026-03-28,913.64
6680,Valeria Mendoza,Monitor,Occidente,30.0,1047.63,2025-02-24,1372.01
3093,Sofia Torres,Silla,Centro,37.0,1319.77,2025-04-11,1707.02
3958,Paola Rios,Escritorio,Occidente,47.0,1001.95,2025-09-02,1237.25
9395,Maria Lopez,Monitor,Occidente,38.0,833.245,2025-12-26,1142.05
9963,Sofia Torres,Tablet,Occidente,32.0,1306.91,2024-09-24,860.74
5486,Laura Sanchez,Laptop,Occidente,28.0,664.76,2026-06-07,952.15
3500,Miguel Flores,Camara,Centro,38.0,821.1,2025-06-24,737.01
1080,Jorge Morales,Camara,Centro,52.0,577.3,2024-05-11,1607.09
7275,Miguel Flores,Tablet,Centro,34.0,628.05,2026-08-04,1735.91
3915,Miguel Flores,Teclado,Occidente,44.0,709.57,2025-07-24,1222.09
4944,Ana Garcia,Silla,Occidente,30.0,1578.24,2025-01-06,961.76
7953,Isabel Guzman,Camara,Occidente,16.0,837.71,2025-07-22,1091.09
6673,Jose Martinez,Tablet,Occidente,43.0,628.26,2024-01-17,1867.41
9706,Andres Ortiz,Bocina,Sur,44.0,642.67,2026-03-20,1835.53
561,Alejandro Diaz,Laptop,Norte,26.0,1124.94,2024-12-22,1866.09
9962,Fernanda Castro,Silla,Centro,23.0,979.39,2025-05-20,1417.05
9195,Fernanda Castro,Mouse,Centro,45.0,532.84,2025-07-13,1503.63
1482,Miguel Flores,Tablet,Centro,27.0,627.01,2026-01-16,1027.21
3514,Jorge Morales,Camara,Occidente,51.0,829.105,2024-02-28,1300.53
4118,Laura Sanchez,Bocina,Centro,21.0,935.54,2024-07-18,1742.57
4539,Isabel Guzman,Bocina,Sur,38.0,840.105,2025-04-20,842.36
2123,Camila Reyes,Teclado,Sur,21.0,902.14,2026-02-13,741.13
7080,Miguel Flores,Monitor,Centro,25.0,759.3,2024-01-27,871.01
8958,Fernanda Castro,Teclado,Sur,20.0,562.14,2024-11-22,1127.67
6768,Paola Rios,Impresora,Sur,45.0,1216.11,2024-09-27,734.49
7326,Pedro Aguilar,Silla,Occidente,28.0,1016.44,2024-11-14,1012.72
9210,Sofia Torres,Bocina,Sur,42.0,454.27,2024-07-21,1287.5
8684,Alejandro Diaz,Impresora,Centro,38.0,976.64,2026-01-18,1305.02
908,Andres Ortiz,Camara,Norte,36.0,381.91,2024-01-25,1832.87
1977,Camila Reyes,Monitor,Sur,40.0,811.36,2024-02-10,1223.95
3825,Daniela Cruz,Escritorio,Occidente,44.0,736.34,2024-04-22,1522.42
4331,Ana Garcia,Silla,Norte,7.0,691.47,2026-07-02,1947.93
2198,Pedro Aguilar,Tablet,Norte,48.0,1119.06,2024-11-03,1075.39
3968,Sofia Torres,Monitor,Sur,28.0,644.95,2025-09-06,1513.56
2229,Valeria Mendoza,Mouse,Sur,61.0,752.64,2024-09-25,1571.7
4181,Maria Lopez,Tablet,Centro,47.0,917.69,2025-04-26,1078.67
8795,Alejandro Diaz,Camara,Centro,38.0,761.24,2024-08-06,1491.06
6423,Daniela Cruz,Camara,Sin Especificar,34.0,1040.72,2024-11-22,1516.45
9075,Carlos Ramirez,Silla,Norte,5.0,665.8,2025-06-19,2268.68
7150,Andres Ortiz,Mouse,Centro,35.0,471.07,2025-04-24,978.89
3280,Jose Martinez,Bocina,Norte,53.0,996.52,2024-03-23,767.28
9038,Luis Hernandez,Laptop,Norte,43.0,472.78,2024-10-08,1126.1
8121,Camila Reyes,Silla,Norte,24.0,988.0,2026-01-22,1510.96
9917,Camila Reyes,Camara,Sin Especificar,25.0,353.6,2024-09-04,1302.1
6727,Valeria Mendoza,Camara,Norte,36.0,1090.41,2024-07-21,1794.86
3860,Carlos Ramirez,Tablet,Occidente,45.0,1128.63,2024-09-02,1502.91
9576,Sofia Torres,Laptop,Centro,42.0,772.83,2025-05-06,1180.03
9894,Isabel Guzman,Laptop,Norte,52.0,1133.42,2024-11-29,1391.89
1046,Carlos Ramirez,Monitor,Centro,19.0,1185.66,2026-05-24,796.02
7070,Ana Garcia,Bocina,Occidente,47.0,840.105,2025-03-11,1094.57
3559,Laura Sanchez,Escritorio,Sur,31.0,634.04,2026-03-02,1270.16
1636,Daniela Cruz,Laptop,Occidente,40.0,827.52,2025-02-20,1837.25
2062,Paola Rios,Escritorio,Norte,53.0,1168.34,2025-02-21,1819.72
6649,Paola Rios,Monitor,Norte,31.0,1306.43,2026-02-08,1105.87
4154,Andres Ortiz,Escritorio,Occidente,19.0,889.71,2024-09-26,1552.64
3761,Ricardo Vargas,Impresora,Occidente,54.0,1400.68,2025-07-02,1804.87
4086,Pedro Aguilar,Laptop,Centro,50.0,618.39,2025-08-18,1236.41
2193,Daniela Cruz,Monitor,Centro,13.0,447.11,2024-04-07,2267.06
1473,Pedro Aguilar,Escritorio,Norte,65.0,564.51,2025-03-07,1913.02
9102,Miguel Flores,Mouse,Norte,45.0,698.98,2024-04-21,1338.07
1204,Diego Romero,Bocina,Centro,21.0,783.28,2024-08-19,994.17
1455,Jose Martinez,Monitor,Sur,46.0,549.12,2024-04-23,1876.79
647,Isabel Guzman,Impresora,Norte,38.0,877.92,2026-11-03,1254.34
7411,Ana Garcia,Tablet,Sur,27.0,378.52,2025-04-03,1221.61
6883,Fernanda Castro,Teclado,Sur,28.0,837.75,2026-01-05,1322.92
5665,Miguel Flores,Camara,Centro,50.0,988.0,2025-05-17,1290.22
3076,Valeria Mendoza,Impresora,Centro,26.0,1041.61,2025-02-22,1659.99
4562,Carlos Ramirez,Camara,Sur,41.0,829.105,2025-01-22,1726.72
3072,Pedro Aguilar,Tablet,Sur,27.0,934.05,2025-08-04,1990.75
5686,Ricardo Vargas,Laptop,Sin Especificar,44.0,349.33,2024-01-12,931.88
3603,Daniela Cruz,Silla,Occidente,33.0,1432.94,2025-03-29,1870.78
5105,Isabel Guzman,Mouse,Centro,50.0,818.58,2025-05-23,1745.15
9092,Isabel Guzman,Mouse,Sin Especificar,41.0,1351.31,2025-05-28,1736.99
1580,Sofia Torres,Bocina,Occidente,37.0,660.82,2025-09-08,1199.44
1305,Isabel Guzman,Mouse,Sur,51.0,981.07,2024-05-26,1892.92
5392,Valeria Mendoza,Teclado,Norte,49.0,383.8,2025-03-07,1752.44
347,Luis Hernandez,Camara,Occidente,40.0,786.5,2026-01-16,1765.25
4599,Luis Hernandez,Monitor,Sur,18.0,981.44,2024-01-01,1938.93
5329,Isabel Guzman,Impresora,Occidente,54.0,722.63,2024-02-05,797.18
1644,Luis Hernandez,Escritorio,Occidente,39.0,879.19,2026-06-12,1702.4
2991,Ana Garcia,Impresora,Occidente,35.0,652.51,2025-05-12,860.87
834,Camila Reyes,Tablet,Sur,18.0,1618.84,2026-01-02,1475.83
5135,Ana Garcia,Camara,Centro,31.0,1653.2,2024-11-13,1382.08
6237,Jorge Morales,Laptop,Occidente,55.0,1020.17,,1611.04
6708,Ricardo Vargas,Monitor,Norte,39.0,828.77,2024-07-15,2046.4
9681,Sofia Torres,Tablet,Centro,23.0,1043.99,2024-03-27,1409.98
1165,Maria Lopez,Camara,Norte,30.0,1192.27,2024-06-15,1376.05
7225,Daniela Cruz,Tablet,Norte,53.0,804.62,2024-01-21,1162.99
8847,Alejandro Diaz,Teclado,Centro,20.0,687.2,2025-07-07,1411.16
3596,Isabel Guzman,Mouse,Sur,35.0,1003.38,,1206.73
1293,Jose Martinez,Silla,Occidente,34.0,852.81,2024-08-27,1593.08
5522,Laura Sanchez,Camara,Sur,40.0,600.05,2026-03-15,1108.65
4639,Ana Garcia,Camara,Occidente,51.0,829.105,2026-04-05,1627.25
1492,Sofia Torres,Escritorio,Norte,38.0,901.94,2025-01-05,1171.29
7740,Daniela Cruz,Impresora,Centro,11.0,826.23,2024-07-01,1306.77
9266,Diego Romero,Bocina,Sur,45.0,853.33,2025-05-20,703.34
8843,Daniela Cruz,Impresora,Sur,40.0,862.47,2026-06-04,1362.29
8172,Carlos Ramirez,Impresora,Sin Especificar,49.0,1104.44,2025-07-12,1247.41
3051,Isabel Guzman,Monitor,Sin Especificar,54.0,1220.84,2025-10-19,1337.36
9272,Miguel Flores,Impresora,Centro,31.0,561.02,,895.06
8341,Laura Sanchez,Bocina,Norte,38.0,1071.61,2025-09-23,1129.23
4662,Jose Martinez,Monitor,Sur,71.0,1352.1,2025-05-07,1708.67
264,Ricardo Vargas,Laptop,Norte,57.0,642.55,2024-04-21,1245.09
9760,Ana Garcia,Laptop,Sur,31.0,300.86,2024-05-04,1306.94
5421,Valeria Mendoza,Mouse,Sur,29.0,420.39,2025-02-02,1854.92
382,Jose Martinez,Bocina,Norte,55.0,986.7,2026-01-18,1221.39
4500,Andres Ortiz,Tablet,Centro,73.0,613.36,2024-03-06,2261.24
614,Miguel Flores,Escritorio,Centro,36.0,832.48,2024-06-29,1743.49
4135,Daniela Cruz,Monitor,Sin Especificar,43.0,684.36,2024-05-28,125000.0
216,Andres Ortiz,Monitor,Sur,37.0,1189.14,2024-02-18,1278.88
8700,Daniela Cruz,Monitor,Centro,53.0,963.56,2026-04-08,1103.59
9669,Daniela Cruz,Monitor,Occidente,29.0,325.38,2025-08-16,1525.79
5199,Andres Ortiz,Bocina,Occidente,28.0,550.69,,1717.42
6075,Alejandro Diaz,Laptop,Sur,61.0,854.25,2024-12-09,1264.9
2836,Sofia Torres,Teclado,Centro,39.0,1025.59,2024-04-28,1529.2
3427,Valeria Mendoza,Teclado,Norte,40.0,1153.37,2024-11-11,1608.19
2866,Diego Romero,Escritorio,Sur,41.0,1274.79,,1359.67
3387,Camila Reyes,Escritorio,Sur,37.0,1192.23,2024-10-18,1518.9
1113,Alejandro Diaz,Laptop,Occidente,34.0,1033.88,2026-02-12,1695.69
8957,Camila Reyes,Monitor,Centro,26.0,535.46,2025-10-02,948.97
7012,Valeria Mendoza,Monitor,Sur,29.0,139.03,2024-12-06,1720.17
3404,Valeria Mendoza,Silla,Norte,35.0,851.12,2026-02-06,1830.85
9241,Ana Garcia,Silla,Centro,168.0,852.81,2024-11-30,1465.15
8257,Carlos Ramirez,Escritorio,Sur,42.0,925.56,2024-02-11,1456.17
1694,Ricardo Vargas,Impresora,Norte,40.0,268.71,2024-07-28,1329.38
5714,Laura Sanchez,Mouse,Norte,44.0,466.02,2024-11-26,1590.04
9934,Carlos Ramirez,Tablet,Norte,37.0,621.7,2024-08-14,1327.94
6284,Luis Hernandez,Monitor,Sur,17.0,628.88,2024-11-29,2319.66
3056,Diego Romero,Mouse,Norte,54.0,1232.81,2024-07-08,2291.34
33,Paola Rios,Silla,Sur,45.0,852.81,2026-06-09,1456.14
5902,Andres Ortiz,Mouse,Centro,51.0,819.92,2026-09-04,1223.11
115,Daniela Cruz,Tablet,Sur,40.0,1061.94,2026-05-31,1388.07
4812,Laura Sanchez,Impresora,Centro,28.0,781.09,2025-06-10,1746.78
1028,Valeria Mendoza,Bocina,Occidente,47.0,811.75,2024-03-16,788.85
6385,Carlos Ramirez,Monitor,Sur,42.0,994.4,2026-03-19,1972.14
4917,Carlos Ramirez,Monitor,Sin Especificar,35.0,582.06,2026-04-28,848.8
9903,Daniela Cruz,Silla,Sur,40.0,1009.58,2024-03-03,949.32
9057,Alejandro Diaz,Mouse,Sin Especificar,42.0,425.16,2025-03-23,1340.39
3272,Maria Lopez,Tablet,Occidente,28.0,486.12,2025-11-19,1019.91
587,Jorge Morales,Mouse,Centro,55.0,852.55,2024-10-01,1176.65
1348,Alejandro Diaz,Impresora,Occidente,22.0,826.23,2025-08-28,1726.64
8981,Fernanda Castro,Escritorio,Occidente,49.0,461.35,2026-02-20,1546.64
1099,Luis Hernandez,Silla,Sur,53.0,756.09,2024-11-29,1335.7
5460,Fernanda Castro,Camara,Centro,40.0,764.27,2024-05-18,1849.63
394,Ana Garcia,Teclado,Centro,33.0,766.17,2024-01-06,1185.84
8653,Luis Hernandez,Monitor,Occidente,56.0,422.67,2026-02-17,76000.0
8612,Fernanda Castro,Monitor,Sin Especificar,18.0,897.1,2025-11-29,1304.18
725,Diego Romero,Teclado,Norte,42.0,1168.83,2026-06-16,1586.13
7613,Carlos Ramirez,Impresora,Sur,28.0,961.94,2025-03-06,1547.5
2446,Miguel Flores,Monitor,Sur,45.0,1174.67,2024-06-30,1031.13
5948,Jorge Morales,Teclado,Occidente,44.0,720.33,2024-11-19,1937.6
3478,Luis Hernandez,Impresora,Norte,43.0,998.15,2024-11-19,1808.21
7321,Laura Sanchez,Mouse,Norte,31.0,884.55,,1780.1
5619,Maria Lopez,Laptop,Sur,39.0,996.52,2025-10-30,1524.32
2329,Luis Hernandez,Impresora,Occidente,49.0,1025.49,2026-04-18,1553.39
4314,Alejandro Diaz,Tablet,Centro,48.0,604.97,2025-01-29,1365.65
305,Andres Ortiz,Impresora,Norte,6.0,666.71,2025-07-23,2159.19
1710,Pedro Aguilar,Teclado,Occidente,37.0,960.86,2024-09-21,1230.24
984,Carlos Ramirez,Laptop,Centro,20.0,510.63,2024-04-14,880.94
4286,Andres Ortiz,Mouse,Occidente,28.0,161.21,,1276.45
9744,Andres Ortiz,Tablet,Sin Especificar,34.0,1151.8,2026-05-15,1580.18
9432,Paola Rios,Silla,Sur,41.0,1127.56,2024-06-06,1384.71
5718,Luis Hernandez,Escritorio,Centro,46.0,465.46,2025-08-16,1561.67
554,Luis Hernandez,Escritorio,Centro,26.0,554.46,2025-06-09,1656.09
544,Jose Martinez,Tablet,Norte,62.0,425.65,2025-11-09,1283.95
8602,Jorge Morales,Mouse,Norte,24.0,506.9,2025-07-19,1450.61
3308,Isabel Guzman,Silla,Norte,38.0,864.16,2025-06-01,1318.12
1409,Pedro Aguilar,Bocina,Occidente,45.0,1175.62,2025-09-15,1674.51
5477,Ana Garcia,Teclado,Norte,37.0,693.64,2025-06-28,1602.06
8067,Alejandro Diaz,Silla,Occidente,39.0,852.81,2024-04-09,1125.71
7273,Jose Martinez,Monitor,Occidente,20.0,833.245,2026-05-04,1070.81
1254,Camila Reyes,Laptop,Centro,51.0,668.96,2025-11-06,1389.79
4787,Carlos Ramirez,Teclado,Centro,46.0,668.94,2024-09-14,1383.7
7854,Sofia Torres,Monitor,Sin Especificar,30.0,557.51,2024-11-04,1578.24
4946,Diego Romero,Laptop,Norte,60.0,853.34,2026-04-02,1937.71
999,Luis Hernandez,Laptop,Sur,44.0,619.08,2024-04-13,1895.44
3129,Pedro Aguilar,Laptop,Centro,18.0,774.65,,1395.62
2788,Andres Ortiz,Mouse,Sur,62.0,635.37,2026-01-18,1268.59
8544,Laura Sanchez,Mouse,Norte,59.0,638.58,2024-04-29,1291.98
8644,Laura Sanchez,Camara,Occidente,65.0,829.105,2024-09-08,1331.17
4501,Daniela Cruz,Escritorio,Sur,30.0,1313.26,2024-01-18,1711.17
5880,Ricardo Vargas,Escritorio,Sur,23.0,830.24,2024-10-29,793.95
667,Alejandro Diaz,Teclado,Centro,43.0,384.66,2024-05-04,1541.55
8266,Daniela Cruz,Camara,Centro,35.0,1026.88,,1761.23
2680,Andres Ortiz,Mouse,Norte,54.0,293.28,2024-12-23,1620.66
1414,Ricardo Vargas,Escritorio,Centro,42.0,1058.63,2025-02-15,1543.94
1136,Fernanda Castro,Tablet,Norte,36.0,916.23,2025-08-28,1624.62
529,Camila Reyes,Camara,Centro,57.0,829.105,2024-09-16,1792.98
9106,Paola Rios,Laptop,Norte,29.0,703.87,2025-08-10,1230.89
9673,Isabel Guzman,Silla,Occidente,22.0,281.23,2026-06-16,1289.91
9225,Maria Lopez,Bocina,Sur,39.0,912.0,2025-04-20,1850.66
4444,Miguel Flores,Mouse,Centro,22.0,844.14,2025-01-01,1101.17
2061,Diego Romero,Escritorio,Norte,52.0,848.21,,1184.81
486,Jorge Morales,Impresora,Occidente,54.0,575.08,2024-02-16,1459.21
3592,Camila Reyes,Silla,Centro,49.0,737.66,2024-02-21,1527.57
9417,Isabel Guzman,Silla,Occidente,20.0,852.81,2025-02-21,1451.19
3852,Ana Garcia,Laptop,Sur,40.0,803.43,,1111.84
7412,Ricardo Vargas,Camara,Occidente,44.0,915.3,2024-05-01,1165.45
7732,Carlos Ramirez,Silla,Norte,55.0,1341.34,2025-11-13,1252.19
3858,Alejandro Diaz,Impresora,Norte,29.0,499.22,2026-03-21,1232.5
712,Jose Martinez,Monitor,Norte,26.0,913.89,2024-04-18,2215.01
9581,Andres Ortiz,Monitor,Sur,31.0,1094.43,2026-05-17,1426.1
862,Valeria Mendoza,Tablet,Occidente,50.0,956.15,2025-11-11,1114.15
6779,Daniela Cruz,Silla,Norte,25.0,631.9,2026-01-17,740.5
2782,Diego Romero,Camara,Occidente,38.0,829.105,2024-01-06,1578.76
4200,Ana Garcia,Bocina,Occidente,27.0,954.43,2026-04-26,753.07
3864,Laura Sanchez,Laptop,Sur,50.0,746.72,2025-07-12,1396.17
2918,Pedro Aguilar,Escritorio,Occidente,42.0,650.81,2024-02-26,1646.11
9449,Sofia Torres,Escritorio,Centro,41.0,947.64,,1266.44
9351,Andres Ortiz,Monitor,Norte,38.0,833.245,2024-05-02,1692.37
1549,Jorge Morales,Laptop,Norte,40.0,1334.83,2025-12-30,1350.09
6299,Valeria Mendoza,Teclado,Occidente,26.0,507.04,2024-06-02,1263.88
1598,Valeria Mendoza,Mouse,Centro,31.0,796.35,2025-07-09,1281.25
7143,Camila Reyes,Silla,Norte,40.0,881.38,2026-04-20,1349.28
9467,Miguel Flores,Camara,Occidente,38.0,971.95,2024-04-13,1285.73
4255,Jose Martinez,Monitor,Sur,36.0,863.1,2024-12-06,1474.91
7893,Carlos Ramirez,Teclado,Centro,33.0,459.16,2024-09-03,1120.93
1468,Luis Hernandez,Monitor,Sin Especificar,22.0,901.95,2024-02-05,1742.77
338,Sofia Torres,Tablet,Centro,46.0,1228.48,2026-02-20,2106.87
3289,Pedro Aguilar,Silla,Occidente,35.0,1436.71,2024-06-15,1452.69
7390,Luis Hernandez,Silla,Centro,50.0,1060.97,2024-07-20,1429.72
5574,Carlos Ramirez,Mouse,Occidente,46.0,223.96,2024-08-07,1850.79
7117,Jose Martinez,Camara,Sur,35.0,802.27,2024-04-16,870.66
7566,Jose Martinez,Laptop,Sur,34.0,1189.21,2026-02-15,1087.67
8200,Alejandro Diaz,Monitor,Occidente,36.0,833.245,2024-11-06,1684.86
1526,Carlos Ramirez,Camara,Sur,30.0,518.74,2025-08-17,1295.14
8294,Andres Ortiz,Teclado,Norte,30.0,760.28,2026-09-06,1684.26
8482,Jorge Morales,Escritorio,Centro,55.0,708.22,2026-06-15,992.21
1124,Ana Garcia,Impresora,Sur,36.0,534.15,2025-01-08,1600.63
7402,Sofia Torres,Mouse,Sur,37.0,725.84,2024-08-19,1404.2
9751,Jose Martinez,Tablet,Sur,38.0,1248.13,2026-01-26,1219.67
227,Daniela Cruz,Camara,Norte,48.0,962.55,2025-07-24,969.68
6477,Andres Ortiz,Laptop,Norte,52.0,978.39,2024-06-02,1753.49
1029,Ricardo Vargas,Silla,Occidente,40.0,1022.12,2024-03-12,1595.35
3670,Diego Romero,Escritorio,Sur,51.0,714.33,2024-03-21,1423.54
3904,Maria Lopez,Silla,Sur,50.0,659.81,2026-01-18,1438.18
9646,Daniela Cruz,Silla,Centro,40.0,924.5,2024-01-07,1734.2
556,Valeria Mendoza,Escritorio,Norte,53.0,832.48,2026-06-09,1409.73
2138,Fernanda Castro,Silla,Sur,47.0,852.81,2024-03-29,1187.65
9411,Pedro Aguilar,Camara,Norte,8.0,980.32,2024-07-11,2008.3
7031,Diego Romero,Tablet,Norte,38.0,712.64,2025-12-30,1283.65
1341,Ricardo Vargas,Silla,Centro,40.0,166.12,2024-09-28,1792.43
7202,Miguel Flores,Mouse,Sur,35.0,971.54,2025-03-02,1055.33
8252,Paola Rios,Impresora,Sur,40.0,616.82,2024-09-22,1445.04
7017,Fernanda Castro,Monitor,Norte,42.0,1024.26,2025-07-30,1084.39
3687,Maria Lopez,Camara,Sur,28.0,605.53,2024-11-02,1020.99
8943,Ana Garcia,Silla,Norte,60.0,685.45,2024-08-19,1682.9
2880,Jose Martinez,Laptop,Sin Especificar,39.0,758.75,2026-06-07,1397.47
6442,Camila Reyes,Camara,Norte,27.0,1088.41,2026-01-22,1200.73
9695,Valeria Mendoza,Laptop,Sur,67.0,1064.33,2024-11-21,768.42
8484,Laura Sanchez,Mouse,Centro,32.0,782.53,2024-12-21,1614.01
9108,Andres Ortiz,Camara,Centro,38.0,1292.43,2025-04-16,845.8
708,Paola Rios,Tablet,Occidente,44.0,985.85,2025-02-23,1435.34
9457,Ricardo Vargas,Teclado,Centro,38.0,545.9,2024-07-24,1547.89
9954,Pedro Aguilar,Escritorio,Sur,43.0,1357.95,2024-12-29,1443.56
490,Maria Lopez,Bocina,Occidente,34.0,809.46,2025-09-20,1410.46
3729,Alejandro Diaz,Escritorio,Occidente,36.0,390.16,2024-09-30,1524.82
4416,Jorge Morales,Laptop,Norte,20.0,652.76,2024-01-01,1399.6
3659,Alejandro Diaz,Mouse,Norte,50.0,1229.64,2024-06-22,1654.84
292,Isabel Guzman,Silla,Norte,38.0,712.3,,1870.26
8695,Carlos Ramirez,Laptop,Occidente,39.0,490.63,2026-02-02,1240.19
3833,Laura Sanchez,Laptop,Sin Especificar,23.0,997.74,2025-02-16,838.42
1172,Camila Reyes,Silla,Sur,9.0,1155.96,2024-04-12,1426.94
3277,Ricardo Vargas,Laptop,Occidente,42.0,873.28,2025-05-20,1574.43
5552,Valeria Mendoza,Monitor,Sur,15.0,297.68,2024-05-31,1682.25
9779,Alejandro Diaz,Camara,Centro,14.0,984.87,2026-10-06,1276.59
2777,Jose Martinez,Bocina,Occidente,33.0,970.35,2025-01-29,912.36
1656,Laura Sanchez,Impresora,Sin Especificar,39.0,923.24,2025-02-17,1829.14
5507,Valeria Mendoza,Laptop,Centro,43.0,385.05,2025-02-09,1207.34
2677,Pedro Aguilar,Silla,Centro,26.0,1451.76,2024-05-29,1522.06
8642,Isabel Guzman,Camara,Sur,23.0,829.105,2024-01-27,886.02
22,Sofia Torres,Escritorio,Occidente,38.0,1127.9,2025-03-10,610.25
4423,Ricardo Vargas,Mouse,Centro,21.0,819.92,2025-05-02,1908.94
7824,Luis Hernandez,Silla,Norte,52.0,1048.03,2025-02-13,1559.2
477,Jose Martinez,Silla,Norte,54.0,798.28,2025-04-30,1048.52
8324,Carlos Ramirez,Tablet,Occidente,18.0,696.82,2026-06-04,1791.86
9292,Luis Hernandez,Teclado,Centro,36.0,876.05,2025-02-01,1729.87
1841,Pedro Aguilar,Mouse,Centro,25.0,1903.53,2024-01-08,646.74
2513,Paola Rios,Tablet,Sin Especificar,24.0,999.78,2025-09-22,1544.45
2066,Andres Ortiz,Silla,Centro,51.0,1046.0,2025-12-19,1181.51
104,Ricardo Vargas,Laptop,Centro,43.0,1088.05,2026-01-16,1320.03
8467,Daniela Cruz,Teclado,Centro,22.0,822.475,2025-03-18,1951.88
9392,Carlos Ramirez,Tablet,Centro,51.0,1498.62,2026-02-21,1203.02
4632,Paola Rios,Laptop,Occidente,39.0,612.73,2026-04-19,1535.95
9979,Laura Sanchez,Tablet,Centro,40.0,472.14,2025-04-27,1554.55
4635,Ricardo Vargas,Monitor,Sur,49.0,832.02,2025-03-24,1665.96
524,Diego Romero,Silla,Centro,38.0,732.26,2026-01-28,1700.03
5089,Diego Romero,Impresora,Centro,42.0,215.04,2024-05-20,1434.86
6348,Diego Romero,Silla,Centro,37.0,1172.31,2024-12-14,1721.07
5927,Maria Lopez,Camara,Sur,49.0,308.02,2024-03-04,1113.43
5703,Maria Lopez,Silla,Norte,40.0,1590.25,2025-02-25,1786.62
9146,Ricardo Vargas,Bocina,Norte,43.0,1560.46,2025-08-19,1382.46
4827,Alejandro Diaz,Silla,Centro,52.0,924.0,2024-04-10,1219.92
67,Luis Hernandez,Laptop,Sur,26.0,973.3,2024-08-07,1229.26
8303,Alejandro Diaz,Escritorio,Sin Especificar,37.0,673.05,2024-01-19,1869.54
9001,Ana Garcia,Escritorio,Norte,34.0,661.3,2024-11-12,1093.26
3046,Alejandro Diaz,Escritorio,Centro,33.0,1126.97,2025-07-12,1239.51
4336,Diego Romero,Tablet,Centro,21.0,1124.87,2024-12-13,1267.53
3900,Ricardo Vargas,Impresora,Sur,55.0,874.14,2025-04-09,1558.22
6397,Miguel Flores,Tablet,Occidente,61.0,838.68,2025-05-15,2006.17
6245,Jorge Morales,Teclado,Occidente,32.0,846.61,2025-01-16,1261.78
1940,Andres Ortiz,Laptop,Occidente,16.0,802.33,2024-11-10,1587.7
2667,Miguel Flores,Monitor,Sur,24.0,1455.77,2025-09-26,1440.22
1397,Paola Rios,Escritorio,Norte,57.0,1069.93,2025-01-03,1465.8
2869,Valeria Mendoza,Impresora,Sur,23.0,481.21,2025-11-23,1356.99
752,Pedro Aguilar,Impresora,Occidente,43.0,1187.93,2026-06-06,809.01
8885,Luis Hernandez,Impresora,Norte,38.0,1062.93,2024-05-09,1200.09
9043,Ana Garcia,Camara,Norte,37.0,700.31,2026-06-18,1227.05
4585,Fernanda Castro,Silla,Sur,46.0,864.2,,1426.61
4066,Ana Garcia,Tablet,Norte,26.0,654.25,2024-03-04,1564.72
7796,Camila Reyes,Camara,Norte,35.0,994.98,2024-08-12,1706.59
5113,Sofia Torres,Laptop,Centro,14.0,839.67,2024-04-28,1175.87
2107,Sofia Torres,Silla,Centro,27.0,852.81,2025-08-07,925.72
2234,Luis Hernandez,Bocina,Occidente,50.0,622.81,2024-06-18,1133.23
8559,Diego Romero,Silla,Centro,39.0,810.91,2026-02-15,1586.22
9975,Laura Sanchez,Teclado,Occidente,28.0,929.46,2024-01-03,1342.59
9998,Miguel Flores,Impresora,Centro,35.0,242.25,,1724.47
6352,Laura Sanchez,Impresora,Sur,41.0,650.13,2025-06-10,1819.79
6416,Camila Reyes,Impresora,Occidente,60.0,1075.73,2026-02-22,853.92
2004,Alejandro Diaz,Monitor,Centro,78.0,910.29,2024-03-10,772.42
6347,Pedro Aguilar,Silla,Norte,27.0,668.7,,1914.95
8657,Andres Ortiz,Silla,Centro,38.0,388.2,2024-06-08,1913.59
3556,Sofia Torres,Camara,Centro,30.0,639.82,2025-09-03,1587.41
703,Paola Rios,Tablet,Norte,37.0,984.8,2026-01-24,1933.58
9214,Isabel Guzman,Laptop,Occidente,52.0,517.18,2024-07-13,1388.83
5821,Ana Garcia,Escritorio,Norte,52.0,820.16,2025-01-04,2432.31
11,Carlos Ramirez,Impresora,Occidente,41.0,826.23,2025-12-05,1916.49
8511,Ricardo Vargas,Silla,Sur,53.0,1016.5,,1223.7
2201,Daniela Cruz,Mouse,Sur,58.0,672.2,2026-01-20,1167.1
2098,Camila Reyes,Camara,Occidente,30.0,1238.53,2024-10-24,1083.27
5075,Maria Lopez,Escritorio,Occidente,42.0,546.4,2024-05-03,1821.42
2273,Jorge Morales,Monitor,Centro,52.0,666.24,2024-06-21,1204.92
8703,Paola Rios,Camara,Norte,27.0,1396.57,2025-10-30,1594.85
775,Maria Lopez,Teclado,Norte,37.0,1124.22,2026-06-17,2064.05
760,Isabel Guzman,Silla,Centro,33.0,1067.27,,1805.56
7176,Daniela Cruz,Teclado,Occidente,33.0,822.475,2024-02-28,1833.31
5708,Carlos Ramirez,Silla,Occidente,45.0,632.37,2025-04-19,1094.11
5033,Ana Garcia,Bocina,Norte,21.0,958.66,2025-02-20,1678.1
6317,Pedro Aguilar,Laptop,Centro,29.0,869.39,2025-12-04,683.32
8495,Isabel Guzman,Tablet,Sin Especificar,38.0,812.73,2025-04-20,1312.47
6172,Pedro Aguilar,Tablet,Sur,24.0,668.2,2024-04-09,701.06
2966,Laura Sanchez,Mouse,Occidente,33.0,1518.07,2024-11-09,1248.77
4207,Daniela Cruz,Bocina,Norte,57.0,1024.73,2024-03-19,1153.07
1607,Miguel Flores,Impresora,Centro,38.0,480.83,2025-01-12,1029.66
4948,Sofia Torres,Tablet,Occidente,30.0,999.48,2024-08-10,1327.34
9302,Luis Hernandez,Bocina,Occidente,39.0,840.105,2025-09-06,1427.26
7089,Maria Lopez,Laptop,Norte,37.0,912.94,2024-08-04,1762.95
491,Ricardo Vargas,Monitor,Centro,41.0,593.2,2026-02-11,1009.1
1191,Miguel Flores,Tablet,Centro,38.0,603.52,2024-12-02,1533.37
4003,Isabel Guzman,Teclado,Occidente,17.0,653.47,2024-10-21,1454.69
1090,Diego Romero,Silla,Centro,38.0,1021.89,2024-04-20,1363.0
7424,Sofia Torres,Mouse,Occidente,36.0,858.71,2024-02-07,1386.89
4243,Ana Garcia,Teclado,Centro,26.0,474.12,2025-02-19,1456.9
1480,Maria Lopez,Monitor,Norte,49.0,1273.27,2025-03-27,1489.93
5896,Paola Rios,Monitor,Occidente,18.0,799.58,2025-07-03,1371.79
3202,Diego Romero,Escritorio,Sur,12.0,411.82,2024-04-22,2128.07
6164,Daniela Cruz,Impresora,Sur,38.0,568.95,2024-06-21,1649.96
6003,Sofia Torres,Bocina,Norte,34.0,661.68,2024-05-25,1007.41
9662,Maria Lopez,Impresora,Sur,26.0,960.01,2024-01-02,1798.83
7144,Ricardo Vargas,Teclado,Occidente,37.0,1179.06,2025-05-03,1105.21
5395,Jose Martinez,Impresora,Centro,38.0,1252.6,2025-08-10,1182.0
2073,Carlos Ramirez,Bocina,Centro,48.0,1230.74,2025-01-22,1639.63
6840,Luis Hernandez,Monitor,Occidente,23.0,1153.62,2025-09-15,1677.25
5663,Miguel Flores,Monitor,Sur,46.0,833.245,2025-08-30,1010.18
72,Laura Sanchez,Camara,Sur,40.0,836.93,2024-03-14,1930.59
8977,Sofia Torres,Laptop,Sin Especificar,39.0,710.77,2026-01-21,1362.22
6705,Laura Sanchez,Laptop,Occidente,15.0,1232.57,2024-04-19,958.55
6127,Ricardo Vargas,Bocina,Sur,31.0,914.49,2024-08-20,1531.29
5239,Valeria Mendoza,Monitor,Occidente,14.0,1125.36,2024-05-23,76000.0
1853,Laura Sanchez,Mouse,Sur,49.0,587.28,2025-02-01,1353.35
2728,Pedro Aguilar,Escritorio,Centro,39.0,956.33,2025-10-08,1490.88
6039,Miguel Flores,Bocina,Sur,34.0,840.105,2024-01-10,1682.63
6511,Miguel Flores,Laptop,Centro,44.0,356.79,2025-11-06,1678.85
8161,Diego Romero,Camara,Norte,36.0,1087.17,2024-05-26,1018.57
7184,Fernanda Castro,Tablet,Norte,21.0,573.69,2025-07-08,1023.24
4281,Jose Martinez,Silla,Occidente,60.0,813.64,2026-03-08,1621.9
3849,Ricardo Vargas,Laptop,Centro,40.0,761.14,2025-02-07,1160.31
7110,Camila Reyes,Tablet,Centro,31.0,662.68,2024-03-09,1298.36
825,Camila Reyes,Laptop,Sur,48.0,983.66,2025-05-27,1110.13
387,Sofia Torres,Bocina,Sur,32.0,950.78,2025-12-23,931.31
5816,Camila Reyes,Silla,Occidente,27.0,469.4,2026-01-13,1644.9
348,Jose Martinez,Escritorio,Sur,26.0,1137.28,2026-03-24,884.76
3673,Diego Romero,Tablet,Sur,51.0,707.85,2026-02-08,1376.37
6153,Ricardo Vargas,Silla,Occidente,55.0,852.81,2025-02-21,1159.11
2808,Camila Reyes,Tablet,Sur,29.0,1107.25,2025-04-18,1651.86
7518,Jose Martinez,Teclado,Occidente,34.0,780.08,2025-05-14,1852.27
6866,Daniela Cruz,Tablet,Occidente,13.0,1064.46,2025-03-11,900.46
9021,Paola Rios,Teclado,Norte,20.0,475.62,2024-12-05,1688.6
8940,Camila Reyes,Bocina,Norte,49.0,983.37,2026-02-14,1683.76
469,Maria Lopez,Monitor,Norte,30.0,1172.24,2026-01-17,998.68
7638,Jorge Morales,Laptop,Occidente,60.0,827.5550000000001,2024-08-03,2339.14
1419,Paola Rios,Monitor,Sur,26.0,872.87,2025-07-23,1358.53
8637,Ricardo Vargas,Impresora,Occidente,43.0,351.86,2026-04-15,1745.48
4633,Ricardo Vargas,Impresora,Centro,24.0,951.75,2024-05-04,975.89
4846,Miguel Flores,Monitor,Centro,57.0,853.56,2024-10-08,1698.63
9066,Daniela Cruz,Teclado,Norte,52.0,1418.93,2025-02-04,1011.32
342,Jorge Morales,Camara,Norte,31.0,534.66,2025-01-11,1087.97
8232,Jose Martinez,Silla,Norte,25.0,569.22,2024-05-28,1985.03
1300,Pedro Aguilar,Tablet,Centro,56.0,973.67,2024-11-25,1725.29
9171,Camila Reyes,Laptop,Sur,60.0,827.5550000000001,2026-05-09,1075.75
6092,Ana Garcia,Impresora,Occidente,38.0,1343.5,2024-06-08,1422.21
2228,Paola Rios,Teclado,Occidente,38.0,259.15,2025-03-08,1843.93
1620,Isabel Guzman,Monitor,Occidente,58.0,969.93,2024-04-15,1724.69
5083,Ana Garcia,Silla,Occidente,25.0,1146.41,2024-07-20,1501.09
8263,Diego Romero,Tablet,Occidente,51.0,941.57,,1451.68
2491,Maria Lopez,Escritorio,Centro,70.0,733.78,2024-02-24,1401.46
8547,Ricardo Vargas,Monitor,Sin Especificar,40.0,967.53,2025-02-27,1190.59
3176,Carlos Ramirez,Teclado,Centro,29.0,857.58,2024-10-25,1480.13
7892,Valeria Mendoza,Mouse,Sur,44.0,1350.33,2024-11-24,973.35
4618,Maria Lopez,Mouse,Sin Especificar,50.0,816.05,2024-01-27,1715.07
1928,Carlos Ramirez,Escritorio,Occidente,38.0,1058.27,2025-03-25,1842.22
1912,Jose Martinez,Escritorio,Sur,23.0,295.6,2025-10-27,1294.44
720,Andres Ortiz,Mouse,Centro,33.0,563.68,2024-09-11,1549.77
2834,Sofia Torres,Laptop,Centro,20.0,1463.9,2024-08-11,1133.41
5180,Alejandro Diaz,Silla,Sur,21.0,871.07,2026-04-22,1344.63
8130,Jorge Morales,Monitor,Occidente,42.0,941.08,2024-01-21,1373.66
6862,Laura Sanchez,Tablet,Occidente,37.0,784.52,2025-04-23,1365.77
4013,Daniela Cruz,Bocina,Occidente,43.0,327.11,2025-05-13,1157.16
7403,Diego Romero,Laptop,Sur,56.0,551.25,2025-05-10,922.56
3181,Daniela Cruz,Impresora,Centro,67.0,737.97,2026-04-28,1253.36
8353,Diego Romero,Mouse,Norte,38.0,1120.55,2024-03-04,1951.66
1654,Laura Sanchez,Tablet,Centro,32.0,838.68,2026-04-25,1065.88
750,Laura Sanchez,Silla,Sur,10.0,1128.22,2025-10-11,1563.73
689,Valeria Mendoza,Camara,Occidente,39.0,1078.83,2026-06-05,1329.04
9046,Valeria Mendoza,Mouse,Occidente,41.0,1104.43,2024-01-27,1550.05
2862,Pedro Aguilar,Camara,Occidente,32.0,829.105,2024-08-10,2083.08
9361,Laura Sanchez,Tablet,Occidente,44.0,644.53,2026-09-01,1380.9
7113,Laura Sanchez,Tablet,Occidente,58.0,936.17,2026-02-17,1460.86
3373,Isabel Guzman,Tablet,Norte,38.0,854.49,2026-06-07,1161.18
7620,Jose Martinez,Teclado,Centro,35.0,1372.59,2024-05-18,76000.0
7851,Fernanda Castro,Escritorio,Sur,37.0,899.41,2026-04-02,1488.0
3097,Miguel Flores,Impresora,Sur,38.0,1281.52,2024-06-26,1972.5
1559,Andres Ortiz,Laptop,Centro,46.0,827.5550000000001,2025-08-17,1550.03
1082,Isabel Guzman,Escritorio,Norte,36.0,342.72,2024-07-28,1419.77
5017,Carlos Ramirez,Monitor,Centro,29.0,921.61,2024-10-29,683.01
3472,Daniela Cruz,Mouse,Centro,33.0,488.69,2024-03-01,1455.7
9804,Sofia Torres,Silla,Centro,31.0,852.81,2024-09-04,1310.64
1854,Valeria Mendoza,Mouse,Centro,22.0,893.77,2025-04-21,1221.97
4958,Camila Reyes,Bocina,Occidente,54.0,759.44,2024-10-17,1450.08
5311,Diego Romero,Teclado,Centro,39.0,1087.69,2024-09-08,1781.9
6879,Paola Rios,Tablet,Norte,41.0,575.32,2024-10-14,1199.57
4945,Jose Martinez,Escritorio,Sur,50.0,910.54,2024-08-03,1383.32
6766,Pedro Aguilar,Laptop,Occidente,31.0,390.5,2024-03-11,1505.22
4272,Fernanda Castro,Teclado,Norte,41.0,773.54,2026-01-17,1147.16
7137,Jose Martinez,Laptop,Norte,22.0,728.92,2025-06-20,1373.99
9775,Diego Romero,Impresora,Occidente,41.0,1147.82,2026-03-28,1101.6
9502,Sofia Torres,Impresora,Centro,26.0,691.08,2025-09-08,1300.14
5613,Jose Martinez,Silla,Sur,38.0,865.26,2025-05-07,1319.82
9686,Carlos Ramirez,Bocina,Centro,33.0,1142.99,2025-03-11,971.66
8909,Ana Garcia,Teclado,Centro,38.0,1317.53,2024-08-28,1246.28
9750,Ana Garcia,Laptop,Occidente,27.0,624.29,2025-06-23,905.49
5123,Maria Lopez,Silla,Sur,68.0,1201.14,2026-03-27,1505.81
2660,Carlos Ramirez,Escritorio,Sur,33.0,964.55,2024-04-18,1431.82
5391,Sofia Torres,Camara,Sur,51.0,1209.51,2026-06-03,1067.01
2190,Sofia Torres,Mouse,Norte,39.0,154.9,2025-09-14,657.75
3990,Diego Romero,Laptop,Centro,41.0,704.83,2025-03-25,1161.89
1532,Diego Romero,Silla,Centro,42.0,1036.3,2025-07-10,1389.69
383,Pedro Aguilar,Tablet,Sur,34.0,838.68,2025-04-08,1458.69
2661,Ricardo Vargas,Tablet,Sur,33.0,796.35,2025-12-23,1918.32
5484,Carlos Ramirez,Mouse,Sin Especificar,26.0,805.46,2024-02-08,1243.95
339,Maria Lopez,Escritorio,Sur,37.0,632.71,2025-10-07,1921.08
6818,Pedro Aguilar,Teclado,Occidente,218.0,822.32,2025-02-14,881.06
2348,Pedro Aguilar,Laptop,Sin Especificar,18.0,728.71,2025-04-25,1146.27
8236,Maria Lopez,Mouse,Norte,27.0,684.96,2024-05-24,1233.0
1252,Maria Lopez,Mouse,Occidente,45.0,1020.63,2024-07-18,1289.52
1893,Sofia Torres,Mouse,Sur,17.0,663.6,2025-09-26,1743.7
4053,Diego Romero,Escritorio,Occidente,40.0,1201.53,2026-03-22,1719.71
3671,Camila Reyes,Escritorio,Norte,31.0,749.98,2025-02-16,1530.94
569,Isabel Guzman,Mouse,Centro,45.0,594.1,2025-08-09,1133.13
8567,Pedro Aguilar,Teclado,Occidente,40.0,822.475,2024-01-01,1403.19
7741,Ricardo Vargas,Teclado,Sur,55.0,581.58,2024-05-19,1570.76
3454,Sofia Torres,Laptop,Sin Especificar,31.0,1011.07,2024-08-29,1623.16
8755,Diego Romero,Monitor,Sur,55.0,631.1,2025-06-24,1461.08
9624,Camila Reyes,Escritorio,Sur,29.0,831.55,2024-06-22,1854.38
437,Sofia Torres,Silla,Sur,41.0,351.08,2024-05-31,1642.59
1560,Maria Lopez,Escritorio,Sur,52.0,454.23,2025-02-22,1427.6
8675,Pedro Aguilar,Bocina,Centro,38.0,50.0,2025-05-11,1668.02
656,Pedro Aguilar,Teclado,Centro,35.0,1140.92,2026-05-09,1208.38
7458,Daniela Cruz,Laptop,Sur,53.0,1445.37,2024-07-26,1157.25
555,Andres Ortiz,Laptop,Occidente,56.0,798.89,2025-09-13,1096.36
4877,Alejandro Diaz,Monitor,Centro,19.0,962.23,2024-12-16,1834.45
8221,Ricardo Vargas,Monitor,Norte,35.0,1120.61,2024-11-01,1175.56
8898,Ricardo Vargas,Monitor,Norte,37.0,623.37,2026-05-12,961.48
2043,Miguel Flores,Silla,Norte,18.0,474.74,2024-08-02,232.25
6629,Miguel Flores,Camara,Centro,40.0,604.39,2024-01-25,1381.36
9723,Isabel Guzman,Camara,Norte,46.0,916.95,2026-04-20,1581.21
5294,Daniela Cruz,Silla,Occidente,46.0,1226.65,2024-01-16,1406.0
4389,Paola Rios,Silla,Norte,50.0,556.85,2024-02-20,1871.78
7595,Jose Martinez,Teclado,Norte,43.0,1196.88,2025-12-11,1307.43
8780,Carlos Ramirez,Escritorio,Occidente,21.0,738.87,2026-03-17,1216.74
2506,Paola Rios,Tablet,Occidente,37.0,502.1,2024-10-04,1571.54
6084,Diego Romero,Tablet,Sin Especificar,48.0,1146.34,2024-10-23,923.77
4942,Carlos Ramirez,Laptop,Norte,59.0,738.51,,2025.0
603,Jose Martinez,Silla,Occidente,28.0,817.94,2025-03-19,1409.85
6974,Paola Rios,Monitor,Occidente,49.0,471.86,2024-10-05,1844.0
612,Daniela Cruz,Camara,Sur,47.0,827.79,2024-09-10,1022.57
8673,Paola Rios,Camara,Sin Especificar,47.0,413.95,2025-04-29,1413.13
2358,Jorge Morales,Bocina,Centro,34.0,757.1,2025-09-01,1526.08
4205,Maria Lopez,Silla,Occidente,38.0,506.18,,2093.18
7336,Sofia Torres,Impresora,Sur,59.0,522.07,2025-09-20,1043.46
4327,Carlos Ramirez,Escritorio,Occidente,40.0,1154.76,2024-07-28,1571.91
4040,Paola Rios,Teclado,Sur,55.0,1328.22,2024-07-25,2019.65
7114,Daniela Cruz,Teclado,Sur,36.0,822.475,2024-11-07,2275.08
2472,Ana Garcia,Mouse,Norte,46.0,819.92,2025-11-21,1833.17
1734,Ana Garcia,Tablet,Sur,33.0,418.33,2024-08-16,1290.97
9674,Camila Reyes,Tablet,Norte,53.0,632.51,2026-02-05,931.53
3651,Ana Garcia,Impresora,Norte,58.0,1106.06,2025-10-10,2060.14
5399,Isabel Guzman,Escritorio,Centro,49.0,1001.17,2024-03-10,1227.76
4925,Ricardo Vargas,Mouse,Occidente,18.0,431.91,2024-04-09,1786.8
152,Camila Reyes,Silla,Sur,27.0,1620.2,2025-08-24,1633.72
9526,Miguel Flores,Camara,Sur,53.0,975.84,2025-03-17,1800.91
7547,Ana Garcia,Camara,Norte,35.0,634.31,2024-01-27,1651.61
4934,Andres Ortiz,Bocina,Occidente,31.0,1314.27,2024-09-01,1183.05
5514,Andres Ortiz,Silla,Sur,37.0,659.59,2024-08-29,1487.98
4266,Jorge Morales,Monitor,Centro,38.0,1557.0,2025-11-17,1247.52
5962,Andres Ortiz,Tablet,Centro,24.0,441.8,2026-01-10,813.15
6181,Ricardo Vargas,Monitor,Occidente,26.0,905.27,2025-04-21,1879.64
2074,Ana Garcia,Tablet,Norte,40.0,944.5,2024-01-21,1085.29
783,Carlos Ramirez,Tablet,Sur,48.0,1114.41,2024-09-08,2043.37
4494,Pedro Aguilar,Mouse,Occidente,9.0,950.43,2026-05-08,2030.97
3054,Miguel Flores,Silla,Sur,38.0,546.0,,1971.69
167,Ana Garcia,Tablet,Sur,40.0,929.66,,1195.1
3790,Carlos Ramirez,Escritorio,Norte,54.0,974.0,2024-08-12,956.19
7850,Ricardo Vargas,Monitor,Centro,38.0,1016.9,2026-05-08,1553.9
7074,Maria Lopez,Tablet,Sur,41.0,1250.84,2026-05-02,1498.9
9930,Jorge Morales,Escritorio,Norte,29.0,691.47,2024-01-02,1546.81
3459,Alejandro Diaz,Camara,Sur,25.0,829.105,2025-06-06,1732.47
9416,Fernanda Castro,Tablet,Sur,44.0,838.85,2025-09-29,1497.54
6106,Paola Rios,Monitor,Sur,58.0,1020.58,2025-01-07,1151.58
5322,Sofia Torres,Tablet,Centro,49.0,551.38,2025-09-04,1582.64
5893,Maria Lopez,Monitor,Sur,49.0,487.6,2025-02-26,1451.96
2490,Paola Rios,Monitor,Occidente,34.0,924.62,2025-06-03,1132.65
5739,Andres Ortiz,Mouse,Centro,14.0,303.78,2025-07-27,1376.57
9902,Camila Reyes,Impresora,Occidente,28.0,742.75,2024-12-14,1114.81
143,Ana Garcia,Camara,Centro,53.0,1362.44,2025-12-22,1897.65
5337,Daniela Cruz,Camara,Centro,46.0,702.65,2025-07-21,1213.89
1987,Luis Hernandez,Mouse,Occidente,55.0,819.92,2025-09-30,1411.51
9769,Camila Reyes,Teclado,Centro,34.0,913.37,2024-01-13,1877.02
6549,Valeria Mendoza,Monitor,Centro,59.0,833.245,2025-07-16,1680.61
7780,Sofia Torres,Laptop,Norte,31.0,823.53,2024-11-16,1520.49
2500,Laura Sanchez,Tablet,Norte,36.0,312.32,2025-10-09,1366.89
9461,Jorge Morales,Bocina,Occidente,38.0,1132.58,2026-01-03,1669.84
4060,Carlos Ramirez,Mouse,Norte,39.0,612.44,2025-03-13,1458.12
3444,Laura Sanchez,Silla,Sur,38.0,1214.04,2025-09-26,1622.48
3982,Ana Garcia,Camara,Occidente,42.0,1043.25,2024-02-25,1444.27
6558,Sofia Torres,Bocina,Occidente,28.0,978.26,2025-07-31,1341.84
2694,Laura Sanchez,Bocina,Sur,37.0,831.18,2024-04-08,1580.63
6320,Miguel Flores,Tablet,Norte,37.0,549.27,2024-03-27,1337.75
4334,Ricardo Vargas,Monitor,Norte,44.0,579.61,2025-07-13,1950.32
990,Andres Ortiz,Escritorio,Norte,19.0,637.34,2024-08-21,1024.94
3423,Fernanda Castro,Monitor,Occidente,47.0,1219.24,,1508.17
9976,Fernanda Castro,Mouse,Centro,36.0,310.99,2024-08-17,1177.02
1759,Miguel Flores,Mouse,Centro,29.0,1149.99,,1157.66
2370,Isabel Guzman,Mouse,Occidente,23.0,752.85,2025-10-29,1227.82
1022,Valeria Mendoza,Laptop,Sur,31.0,1344.39,2025-12-18,1381.91
9368,Maria Lopez,Mouse,Occidente,41.0,654.01,,1589.75
7191,Sofia Torres,Monitor,Centro,61.0,1851.74,2024-12-08,1799.2
867,Daniela Cruz,Silla,Occidente,34.0,1265.48,2026-02-16,1426.3
3021,Jose Martinez,Impresora,Occidente,41.0,600.45,2026-01-28,1945.58
9790,Valeria Mendoza,Tablet,Norte,28.0,424.35,2026-05-19,1498.59
9705,Daniela Cruz,Mouse,Centro,41.0,654.74,2026-02-09,1790.07
8031,Ricardo Vargas,Impresora,Norte,203.0,935.6,2025-07-19,1164.77
5416,Valeria Mendoza,Monitor,Centro,29.0,119.69,2024-02-22,1019.65
4388,Alejandro Diaz,Silla,Norte,40.0,1402.98,,1546.14
1698,Valeria Mendoza,Bocina,Occidente,17.0,1089.61,2024-10-29,1684.96
9209,Paola Rios,Silla,Norte,48.0,1072.55,,1535.04
6314,Miguel Flores,Laptop,Occidente,38.0,700.72,2026-03-07,734.35
7057,Paola Rios,Escritorio,Centro,46.0,726.74,2025-06-23,1681.83
328,Maria Lopez,Teclado,Occidente,40.0,613.54,2026-01-07,1456.1
7763,Miguel Flores,Impresora,Sin Especificar,47.0,567.57,2026-01-12,1016.22
1446,Isabel Guzman,Teclado,Norte,36.0,931.75,2024-07-02,1434.78
5897,Daniela Cruz,Monitor,Norte,29.0,931.59,2025-11-24,1295.69
5679,Laura Sanchez,Impresora,Norte,33.0,618.61,2024-11-25,1393.4
804,Isabel Guzman,Camara,Norte,28.0,928.86,2025-09-29,1626.18
8693,Maria Lopez,Escritorio,Sin Especificar,29.0,1047.69,2026-05-29,727.75
3109,Fernanda Castro,Tablet,Sur,17.0,1239.17,2025-10-06,1133.73
5323,Jorge Morales,Mouse,Occidente,53.0,1083.27,2024-01-02,1847.98
5300,Ana Garcia,Silla,Centro,45.0,1141.8,2025-09-22,1017.6
1805,Valeria Mendoza,Impresora,Sur,40.0,878.81,2026-01-27,1144.32
6984,Jose Martinez,Teclado,Centro,43.0,569.55,2024-08-06,1328.02
2904,Jose Martinez,Impresora,Norte,34.0,762.42,2024-06-11,1401.19
8744,Maria Lopez,Escritorio,Centro,39.0,924.2,,1540.63
8546,Miguel Flores,Silla,Norte,39.0,780.77,2026-02-24,1367.74
8761,Fernanda Castro,Monitor,Centro,48.0,1063.53,2026-01-25,1727.5
4162,Laura Sanchez,Monitor,Occidente,30.0,860.03,2025-09-28,1611.09
6489,Andres Ortiz,Escritorio,Norte,36.0,1131.31,2025-12-24,983.91
6204,Luis Hernandez,Monitor,Norte,39.0,1053.78,2025-03-27,1735.87
8461,Ricardo Vargas,Escritorio,Occidente,27.0,832.48,2025-09-19,1338.66
402,Camila Reyes,Impresora,Sur,44.0,1314.43,2025-01-30,1600.24
5984,Valeria Mendoza,Bocina,Centro,38.0,1130.28,2024-05-02,1793.02
3414,Camila Reyes,Escritorio,Occidente,46.0,298.34,2024-10-24,955.43
1347,Alejandro Diaz,Tablet,Norte,54.0,1049.84,2026-03-13,2004.91
7553,Alejandro Diaz,Monitor,Sin Especificar,30.0,833.245,2025-07-15,1283.94
7709,Isabel Guzman,Camara,Sin Especificar,44.0,1171.23,2025-05-31,1655.78
2392,Ricardo Vargas,Impresora,Sur,21.0,719.33,2024-01-18,1073.64
1268,Carlos Ramirez,Tablet,Norte,14.0,813.63,2025-03-18,1404.92
4902,Laura Sanchez,Mouse,Occidente,38.0,1051.8,2024-01-21,1125.12
1444,Camila Reyes,Monitor,Occidente,34.0,726.86,2025-02-07,814.46
5056,Ana Garcia,Mouse,Occidente,33.0,987.75,2025-02-12,1108.82
1393,Laura Sanchez,Monitor,Norte,35.0,937.41,2025-03-17,2189.74
186,Jorge Morales,Mouse,Sur,46.0,1017.63,2025-06-03,1294.18
8477,Paola Rios,Escritorio,Sur,47.0,1093.56,2024-10-04,1615.52
5848,Andres Ortiz,Camara,Sur,33.0,1234.85,2024-08-01,1336.95
2086,Luis Hernandez,Bocina,Sin Especificar,54.0,840.105,,943.17
8962,Jose Martinez,Escritorio,Sur,53.0,956.52,,953.76
97,Valeria Mendoza,Silla,Norte,31.0,454.03,2024-02-01,1118.72
9336,Luis Hernandez,Camara,Norte,30.0,859.3,2025-07-28,935.41
2011,Ana Garcia,Teclado,Sin Especificar,19.0,460.67,2025-05-29,861.19
2120,Diego Romero,Bocina,Centro,40.0,1085.42,2026-05-01,1353.75
7024,Laura Sanchez,Silla,Occidente,41.0,980.11,2025-04-19,1664.07
8311,Andres Ortiz,Tablet,Occidente,41.0,910.32,2026-02-24,1538.86
9089,Alejandro Diaz,Escritorio,Sur,58.0,832.48,2025-02-24,1143.34
2,Fernanda Castro,Silla,Centro,36.0,1241.26,2026-06-16,1398.44
4766,Jose Martinez,Silla,Centro,32.0,887.64,2024-11-06,1658.43
1753,Ricardo Vargas,Silla,Occidente,47.0,674.44,2026-03-19,2283.27
470,Jose Martinez,Silla,Norte,48.0,412.18,2025-02-21,1198.76
8264,Paola Rios,Tablet,Centro,21.0,596.35,2024-07-10,1149.38
4673,Jorge Morales,Impresora,Centro,24.0,575.52,2024-04-24,1341.52
1660,Sofia Torres,Monitor,Sur,34.0,1273.52,2024-04-15,2550.46
3763,Jorge Morales,Mouse,Sin Especificar,44.0,621.63,2026-02-14,1178.79
3239,Laura Sanchez,Impresora,Occidente,46.0,1084.14,2024-11-13,1429.55
7522,Ana Garcia,Escritorio,Occidente,28.0,578.76,2025-04-25,1024.7
3826,Ricardo Vargas,Teclado,Norte,38.0,497.78,2026-06-07,1475.15
7637,Fernanda Castro,Impresora,Norte,38.0,735.72,2025-12-09,2125.03
1477,Jorge Morales,Camara,Sin Especificar,29.0,829.105,,1086.43
261,Sofia Torres,Laptop,Norte,41.0,700.77,2025-09-20,1352.06
3159,Fernanda Castro,Teclado,Norte,69.0,836.22,2026-04-14,1747.52
4026,Fernanda Castro,Monitor,Centro,24.0,130.09,2024-07-18,1377.75
1224,Andres Ortiz,Teclado,Sur,15.0,946.41,2025-06-05,1167.54
5327,Daniela Cruz,Mouse,Occidente,53.0,1250.14,2025-08-23,1349.96
1378,Jorge Morales,Tablet,Occidente,10.0,1135.17,2024-08-13,684.79
6636,Luis Hernandez,Tablet,Occidente,62.0,838.68,2024-04-04,1359.16
3042,Ana Garcia,Bocina,Occidente,40.0,1307.15,2024-05-06,853.72
5720,Daniela Cruz,Tablet,Centro,27.0,838.68,2024-06-18,1501.51
8446,Luis Hernandez,Mouse,Norte,37.0,1262.57,2024-04-30,1440.54
7307,Diego Romero,Silla,Sur,25.0,727.46,2024-08-31,1453.15
1222,Alejandro Diaz,Escritorio,Sur,14.0,832.48,2025-10-20,1542.41
8850,Ana Garcia,Bocina,Norte,40.0,1154.44,2025-02-05,1268.18
9014,Daniela Cruz,Impresora,Sur,38.0,642.33,2026-08-06,1698.17
536,Carlos Ramirez,Tablet,Occidente,33.0,838.68,2024-07-02,1183.72
7600,Diego Romero,Escritorio,Norte,41.0,388.65,2024-05-07,1625.29
7992,Jose Martinez,Bocina,Centro,249.0,354.48,2024-04-15,1699.11
6519,Isabel Guzman,Monitor,Occidente,31.0,576.41,2025-01-02,1106.63
2213,Pedro Aguilar,Laptop,Sur,63.0,800.69,2026-01-02,1281.58
6278,Ana Garcia,Mouse,Sur,38.0,784.64,2025-09-02,712.35
4058,Jorge Morales,Bocina,Sur,35.0,982.16,2024-02-06,1281.53
7888,Maria Lopez,Silla,Sur,18.0,753.57,2025-10-28,1582.82
8877,Jorge Morales,Laptop,Occidente,35.0,243.17,2024-04-29,1699.42
944,Miguel Flores,Impresora,Sur,43.0,990.13,2026-03-16,1482.84
6760,Diego Romero,Camara,Centro,51.0,1076.52,2025-01-25,1851.99
6410,Laura Sanchez,Mouse,Norte,73.0,819.92,2026-05-04,1290.32
4503,Sofia Torres,Tablet,Occidente,51.0,802.68,2024-11-11,1654.68
242,Ana Garcia,Camara,Sur,36.0,630.23,2025-02-17,1630.71
5886,Ana Garcia,Tablet,Occidente,39.0,1352.64,2025-07-11,1312.24
1927,Paola Rios,Tablet,Centro,23.0,1144.34,2024-09-13,1234.38
7174,Maria Lopez,Monitor,Norte,262.0,913.08,2026-01-24,1172.75
2604,Valeria Mendoza,Escritorio,Sur,30.0,546.02,2025-05-08,1402.54
527,Paola Rios,Silla,Norte,16.0,335.42,2026-01-20,1144.08
7967,Ricardo Vargas,Monitor,Sur,37.0,932.01,2024-07-02,1543.79
3786,Ricardo Vargas,Camara,Sur,37.0,834.98,2026-10-03,1327.62
5749,Sofia Torres,Silla,Sur,46.0,1025.95,2024-01-26,1740.32
1160,Laura Sanchez,Teclado,Sin Especificar,51.0,822.475,2026-02-24,976.37
8903,Valeria Mendoza,Impresora,Centro,14.0,1135.3,2024-04-28,1403.59
24,Carlos Ramirez,Silla,Norte,41.0,1247.73,,2104.4
8285,Paola Rios,Tablet,Occidente,27.0,795.97,,1817.47
6608,Daniela Cruz,Laptop,Centro,32.0,857.59,,1083.62
2961,Jorge Morales,Bocina,Occidente,29.0,753.5,2025-05-01,1576.09
2253,Luis Hernandez,Bocina,Norte,47.0,1342.59,2024-03-09,1380.52
2089,Ricardo Vargas,Escritorio,Occidente,48.0,728.6,2024-06-01,1624.74
6642,Jorge Morales,Mouse,Centro,46.0,760.81,2024-03-23,1541.81
6233,Sofia Torres,Mouse,Occidente,42.0,727.03,2024-08-04,1516.31
9824,Alejandro Diaz,Laptop,Sur,61.0,1046.75,2024-06-14,2137.58
6228,Ricardo Vargas,Escritorio,Occidente,36.0,951.24,2024-09-02,1188.12
4526,Miguel Flores,Tablet,Sur,32.0,684.6,,1272.6
4294,Diego Romero,Bocina,Norte,57.0,840.105,2025-02-03,1499.43
6163,Luis Hernandez,Impresora,Norte,52.0,962.93,2025-01-10,1466.45
2326,Pedro Aguilar,Camara,Sur,46.0,782.69,2024-08-09,488.86
9149,Pedro Aguilar,Teclado,Centro,46.0,773.02,2025-02-03,1332.37
9317,Jorge Morales,Mouse,Sur,154.0,819.92,2025-05-17,1481.55
7432,Luis Hernandez,Impresora,Sin Especificar,51.0,1100.92,2025-04-15,2141.11
8450,Carlos Ramirez,Camara,Occidente,49.0,1098.37,2025-01-04,620.37
6904,Ana Garcia,Tablet,Occidente,39.0,438.88,2025-02-08,1347.9
9391,Alejandro Diaz,Monitor,Occidente,36.0,1253.64,2025-09-01,1763.52
1479,Andres Ortiz,Teclado,Occidente,29.0,342.08,2026-02-09,1175.72
4435,Sofia Torres,Silla,Norte,18.0,397.95,2025-08-14,1984.61
6171,Maria Lopez,Camara,Occidente,61.0,1130.28,2025-09-02,1287.22
3989,Sofia Torres,Mouse,Sur,38.0,693.0,2024-12-06,1090.5
6108,Camila Reyes,Tablet,Occidente,38.0,245.99,2025-08-22,1464.74
6771,Ana Garcia,Camara,Norte,23.0,263.67,2024-03-27,1415.57
4350,Miguel Flores,Tablet,Occidente,51.0,861.83,2025-02-03,1684.28
7318,Andres Ortiz,Camara,Norte,23.0,541.49,2025-03-20,1189.26
321,Jorge Morales,Impresora,Occidente,14.0,926.52,2025-06-25,1056.28
6145,Maria Lopez,Escritorio,Norte,30.0,650.17,2024-07-29,1942.31
8379,Maria Lopez,Mouse,Centro,32.0,884.92,2026-03-06,1384.6
5043,Valeria Mendoza,Silla,Norte,34.0,733.39,2024-06-13,1006.17
4216,Pedro Aguilar,Impresora,Occidente,44.0,1149.25,2026-06-16,1344.66
6552,Ana Garcia,Silla,Occidente,38.0,822.72,2025-08-26,1471.55
1085,Ricardo Vargas,Silla,Sur,17.0,887.74,2025-07-21,949.89
8338,Andres Ortiz,Silla,Occidente,46.0,854.65,2025-08-31,1401.72
7429,Isabel Guzman,Silla,Occidente,47.0,614.53,2024-04-11,1421.63
3653,Ricardo Vargas,Bocina,Centro,52.0,777.33,2025-02-15,1896.06
1192,Paola Rios,Laptop,Occidente,33.0,827.5550000000001,2026-06-02,1235.57
3828,Ricardo Vargas,Mouse,Occidente,38.0,594.32,2025-04-02,1730.12
621,Daniela Cruz,Impresora,Centro,35.0,1183.7,2025-12-31,1266.19
2099,Daniela Cruz,Camara,Norte,31.0,1509.18,2026-01-12,1570.05
4847,Luis Hernandez,Escritorio,Occidente,19.0,137.17,2025-06-29,1724.71
7090,Diego Romero,Tablet,Sur,45.0,768.85,2026-04-23,1785.46
9540,Isabel Guzman,Camara,Norte,44.0,829.105,2025-01-20,1468.21
2804,Laura Sanchez,Silla,Norte,51.0,1066.17,2026-02-25,1265.27
5894,Daniela Cruz,Camara,Occidente,45.0,1094.48,2026-01-18,801.32
1865,Alejandro Diaz,Escritorio,Occidente,38.0,832.48,2024-06-24,1425.37
7161,Alejandro Diaz,Impresora,Centro,48.0,833.45,2025-09-22,1105.6
6055,Sofia Torres,Silla,Centro,73.0,852.81,2025-08-24,1437.58
2296,Ricardo Vargas,Monitor,Centro,43.0,854.24,2024-08-14,1107.75
1960,Valeria Mendoza,Mouse,Centro,45.0,327.02,2025-12-18,1327.98
5874,Ana Garcia,Laptop,Norte,45.0,954.33,2025-09-27,1553.27
8388,Daniela Cruz,Impresora,Centro,43.0,1040.3,2025-03-15,1672.55
578,Valeria Mendoza,Silla,Sur,23.0,732.61,2025-03-31,1334.56
5764,Sofia Torres,Laptop,Norte,47.0,801.22,2024-05-23,1548.57
1396,Ricardo Vargas,Camara,Occidente,36.0,446.75,2024-02-26,98000.0
8476,Isabel Guzman,Mouse,Occidente,33.0,1349.26,2024-11-24,1398.06
6280,Daniela Cruz,Tablet,Sur,51.0,1037.78,2025-09-24,1177.14
2755,Laura Sanchez,Monitor,Occidente,32.0,833.245,2026-04-14,1678.18
1806,Pedro Aguilar,Monitor,Centro,29.0,1038.75,2026-04-27,1406.13
2855,Maria Lopez,Camara,Centro,34.0,1203.0,2024-09-25,1301.51
9564,Alejandro Diaz,Camara,Centro,48.0,1164.29,2025-12-24,1517.7
3913,Maria Lopez,Camara,Centro,38.0,829.105,2025-08-12,1261.64
4367,Laura Sanchez,Teclado,Sin Especificar,28.0,770.23,2024-05-16,1891.33
171,Pedro Aguilar,Mouse,Sin Especificar,35.0,706.99,2025-08-03,1513.7
2042,Andres Ortiz,Monitor,Norte,60.0,856.61,2025-01-07,1523.37
4441,Maria Lopez,Monitor,Centro,40.0,850.39,2024-10-24,1535.9
1234,Laura Sanchez,Teclado,Centro,34.0,491.37,2025-07-14,1095.17
5912,Valeria Mendoza,Laptop,Centro,15.0,1421.33,2024-03-05,1463.84
9017,Alejandro Diaz,Escritorio,Occidente,37.0,1171.65,2025-09-22,1524.86
9404,Luis Hernandez,Bocina,Occidente,41.0,50.0,2025-10-08,1427.89
5170,Daniela Cruz,Escritorio,Sur,22.0,532.64,2025-09-29,1126.94
7388,Diego Romero,Bocina,Norte,23.0,1344.14,2025-10-02,1091.64
8030,Miguel Flores,Camara,Centro,51.0,1097.66,2024-11-23,1112.2
6819,Fernanda Castro,Teclado,Sur,44.0,1022.39,2025-09-24,1483.72
9573,Andres Ortiz,Laptop,Sur,20.0,999.98,2024-06-02,1496.71
9341,Andres Ortiz,Silla,Occidente,18.0,883.49,2025-09-30,1429.64
3820,Fernanda Castro,Laptop,Occidente,30.0,1047.96,2024-07-15,1304.54
8992,Ana Garcia,Camara,Centro,38.0,868.27,2025-05-27,1336.96
5593,Carlos Ramirez,Silla,Sur,43.0,830.6,2025-10-13,1485.61
2068,Luis Hernandez,Silla,Centro,29.0,130.47,2024-10-03,1462.09
1276,Fernanda Castro,Monitor,Norte,49.0,569.7,2026-02-21,1194.14
7948,Laura Sanchez,Laptop,Norte,65.0,653.17,2026-03-28,1434.24
9162,Valeria Mendoza,Teclado,Centro,13.0,1010.35,2025-01-27,2007.3
9992,Camila Reyes,Laptop,Sur,28.0,416.53,2025-01-07,1508.83
3119,Alejandro Diaz,Tablet,Centro,30.0,278.27,2025-02-21,1774.82
4396,Carlos Ramirez,Bocina,Centro,33.0,439.37,2024-12-27,1538.22
2950,Jorge Morales,Impresora,Occidente,34.0,1155.29,2025-03-28,1598.02
1891,Fernanda Castro,Escritorio,Norte,57.0,832.48,2024-08-24,972.32
678,Jorge Morales,Bocina,Norte,43.0,611.69,2025-12-27,125000.0
3098,Ana Garcia,Silla,Norte,38.0,440.67,2025-09-18,1167.02
8308,Ana Garcia,Impresora,Occidente,53.0,714.49,,1844.76
1297,Maria Lopez,Escritorio,Norte,40.0,832.48,2024-01-26,736.18
7629,Valeria Mendoza,Laptop,Occidente,34.0,1056.03,2025-04-27,908.57
4392,Jose Martinez,Laptop,Occidente,28.0,1169.78,2024-12-31,1813.61
5167,Ricardo Vargas,Monitor,Occidente,38.0,783.47,2025-04-22,1545.25
4150,Maria Lopez,Silla,Sur,48.0,543.47,2025-09-05,1551.01
2240,Jorge Morales,Impresora,Sur,18.0,950.85,2024-07-09,1458.17
3901,Daniela Cruz,Escritorio,Occidente,18.0,876.7,2025-07-08,1664.97
8009,Laura Sanchez,Escritorio,Sin Especificar,43.0,434.12,2024-01-04,1829.06
3343,Andres Ortiz,Bocina,Norte,46.0,735.68,2024-08-28,1685.1
6103,Luis Hernandez,Laptop,Occidente,33.0,1076.7,2024-07-27,1532.41
366,Alejandro Diaz,Monitor,Occidente,36.0,855.17,2025-03-02,1489.54
4199,Isabel Guzman,Tablet,Sur,28.0,1008.34,,2409.17
6889,Ana Garcia,Bocina,Norte,24.0,750.59,2026-05-10,1719.05
2796,Valeria Mendoza,Mouse,Sur,27.0,1080.19,2024-01-14,1394.74
6828,Alejandro Diaz,Teclado,Occidente,47.0,1051.92,2024-07-27,1553.42
3695,Daniela Cruz,Bocina,Sur,60.0,1048.76,2024-12-18,1510.95
4406,Laura Sanchez,Teclado,Occidente,34.0,643.28,2024-05-10,1861.8
3006,Maria Lopez,Impresora,Norte,35.0,826.23,2024-10-05,1240.84
8622,Andres Ortiz,Camara,Centro,28.0,829.105,2026-04-11,1417.81
3255,Miguel Flores,Teclado,Occidente,43.0,767.55,,1030.47
545,Ana Garcia,Mouse,Norte,37.0,821.54,2024-12-09,1394.14
5448,Alejandro Diaz,Tablet,Occidente,46.0,838.68,2024-11-27,747.36
4486,Andres Ortiz,Teclado,Occidente,41.0,1056.96,2024-04-28,772.86
4947,Sofia Torres,Escritorio,Sur,31.0,1563.68,2025-10-26,1586.62
5957,Isabel Guzman,Laptop,Norte,45.0,1011.04,2026-03-25,1205.71
6261,Ana Garcia,Teclado,Centro,40.0,976.82,2024-05-16,1678.0
6359,Miguel Flores,Monitor,Sur,33.0,893.3,2026-04-16,1752.87
5142,Jose Martinez,Teclado,Occidente,35.0,642.77,2024-06-03,1767.71
1895,Andres Ortiz,Mouse,Centro,58.0,819.92,2026-11-01,948.38
3005,Alejandro Diaz,Teclado,Norte,31.0,822.475,2024-06-21,1737.96
1899,Pedro Aguilar,Teclado,Centro,38.0,990.43,2026-03-05,982.16
833,Laura Sanchez,Laptop,Sur,37.0,827.5550000000001,2024-12-24,1760.1
6324,Laura Sanchez,Camara,Centro,38.0,1145.79,2025-03-31,1530.53
9345,Jorge Morales,Bocina,Centro,50.0,854.09,2025-06-10,1381.09
8127,Pedro Aguilar,Escritorio,Norte,31.0,867.72,2024-11-18,1855.6
1513,Pedro Aguilar,Teclado,Sur,53.0,523.31,2024-04-15,1714.7
6363,Camila Reyes,Monitor,Norte,42.0,620.98,2024-02-05,1507.7
7771,Carlos Ramirez,Silla,Norte,43.0,1239.28,2025-03-27,1714.41
1320,Luis Hernandez,Monitor,Centro,46.0,597.48,2025-04-10,1826.59
9683,Valeria Mendoza,Bocina,Occidente,40.0,854.43,2025-01-14,1443.65
3883,Ricardo Vargas,Teclado,Occidente,71.0,773.13,2024-05-17,318.34
1076,Sofia Torres,Camara,Norte,27.0,1361.58,2024-09-17,765.54
2203,Valeria Mendoza,Camara,Sur,22.0,652.52,2025-01-20,1217.64
7998,Miguel Flores,Tablet,Centro,19.0,484.88,2025-04-20,1287.83
6454,Valeria Mendoza,Impresora,Centro,43.0,1024.1,2025-10-03,1425.09
2112,Miguel Flores,Impresora,Occidente,22.0,1270.47,2025-05-06,1282.1
7890,Andres Ortiz,Camara,Sur,31.0,1228.52,2024-05-01,1372.01
7063,Sofia Torres,Laptop,Centro,7.0,881.54,2025-01-05,1522.36
2603,Diego Romero,Impresora,Occidente,28.0,947.02,2025-06-24,1494.6
7379,Miguel Flores,Mouse,Occidente,43.0,736.22,2024-08-20,1896.55
7212,Jose Martinez,Tablet,Occidente,26.0,485.62,2025-01-24,1646.54
1362,Ana Garcia,Silla,Sur,57.0,852.81,2024-02-17,1694.7
2010,Laura Sanchez,Teclado,Sur,48.0,864.58,2025-05-02,1255.81
1836,Pedro Aguilar,Bocina,Sur,44.0,987.14,2025-10-14,1474.39
2765,Andres Ortiz,Camara,Sur,41.0,763.42,2024-06-09,1203.87
6916,Maria Lopez,Camara,Sur,35.0,695.31,2025-05-31,1036.03
3808,Fernanda Castro,Silla,Sur,60.0,852.81,2024-09-07,980.01
6524,Jorge Morales,Mouse,Occidente,48.0,819.92,2024-08-03,1645.83
1680,Fernanda Castro,Laptop,Sur,32.0,761.11,2024-07-11,1005.86
3590,Carlos Ramirez,Bocina,Occidente,38.0,815.86,2026-03-13,1051.5
2357,Andres Ortiz,Laptop,Sur,40.0,1132.84,,1907.03
6617,Diego Romero,Camara,Sur,54.0,457.12,2024-07-12,1442.83
9256,Diego Romero,Teclado,Centro,38.0,1025.9,2024-04-05,1726.46
4811,Andres Ortiz,Camara,Norte,45.0,1127.45,2026-06-17,1005.77
9290,Carlos Ramirez,Monitor,Sur,15.0,833.245,,1114.12
2069,Alejandro Diaz,Impresora,Norte,29.0,601.45,2026-02-06,1118.65
4390,Isabel Guzman,Teclado,Centro,30.0,683.3,2024-02-11,1367.18
880,Luis Hernandez,Laptop,Occidente,30.0,827.5550000000001,2025-01-19,1933.08
6910,Miguel Flores,Impresora,Sur,47.0,1160.48,2025-06-11,1081.44
9774,Sofia Torres,Bocina,Sur,47.0,1241.11,2024-08-27,1289.2
4960,Andres Ortiz,Teclado,Norte,49.0,822.475,2026-03-31,1202.6
3122,Alejandro Diaz,Camara,Centro,64.0,795.1,2024-09-29,787.9
7096,Jorge Morales,Tablet,Sur,20.0,855.08,2024-04-25,1052.7
4479,Maria Lopez,Camara,Norte,33.0,829.105,2026-06-07,1723.49
6742,Paola Rios,Escritorio,Sur,47.0,1364.42,2025-02-08,2017.42
1021,Paola Rios,Monitor,Occidente,54.0,912.15,2025-03-09,1550.82
1074,Maria Lopez,Bocina,Centro,35.0,492.93,2025-12-29,1231.14
5850,Ricardo Vargas,Monitor,Norte,42.0,860.93,2026-05-13,1039.19
59,Daniela Cruz,Escritorio,Norte,24.0,396.21,2025-11-03,2024.24
5335,Camila Reyes,Tablet,Occidente,39.0,793.03,2025-05-26,1446.42
6790,Paola Rios,Impresora,Sur,45.0,952.24,2024-07-13,944.89
7558,Camila Reyes,Silla,Norte,38.0,941.71,2025-04-09,1490.47
1069,Miguel Flores,Bocina,Norte,35.0,813.81,2025-03-12,1821.02
4452,Paola Rios,Camara,Sur,25.0,1060.51,2024-12-11,875.91
3069,Luis Hernandez,Teclado,Occidente,38.0,646.32,2024-12-17,1352.46
5165,Valeria Mendoza,Escritorio,Occidente,43.0,919.15,2025-02-12,1306.2
6292,Alejandro Diaz,Escritorio,Norte,38.0,1068.71,,1146.96
9182,Alejandro Diaz,Tablet,Sur,42.0,1015.06,2026-03-01,595.43
9783,Fernanda Castro,Silla,Sur,12.0,781.82,2025-04-23,1576.84
4613,Sofia Torres,Monitor,Sin Especificar,48.0,833.245,2024-09-27,1024.37
3290,Sofia Torres,Mouse,Occidente,38.0,687.56,2024-08-31,1051.89
1800,Maria Lopez,Escritorio,Norte,41.0,1002.03,2025-11-07,1496.16
9233,Jose Martinez,Silla,Sur,43.0,1241.23,2024-08-26,1646.54
7879,Fernanda Castro,Escritorio,Sur,30.0,809.54,2024-12-26,1308.1
2501,Jose Martinez,Laptop,Occidente,37.0,372.05,2026-03-07,1409.44
7243,Ana Garcia,Monitor,Centro,38.0,1269.38,2024-06-21,1530.09
915,Carlos Ramirez,Bocina,Occidente,32.0,1223.27,2025-10-28,1158.87
8020,Jorge Morales,Tablet,Sur,29.0,802.92,2024-05-19,1150.18
4289,Sofia Torres,Escritorio,Occidente,28.0,509.04,2025-09-21,1927.47
3796,Luis Hernandez,Silla,Occidente,45.0,1004.87,2026-01-31,1961.12
3722,Ana Garcia,Teclado,Occidente,53.0,813.56,2026-06-15,1666.25
7561,Sofia Torres,Mouse,Sin Especificar,54.0,1168.03,2024-09-20,1554.65
6275,Camila Reyes,Teclado,Centro,54.0,685.61,2024-10-27,1145.33
6056,Paola Rios,Silla,Sur,35.0,257.41,2026-05-09,1490.64
8457,Paola Rios,Laptop,Norte,55.0,279.06,2024-09-25,1252.06
5615,Sofia Torres,Monitor,Sur,44.0,1147.67,2025-04-08,1234.68
1174,Isabel Guzman,Mouse,Occidente,53.0,819.92,2024-02-03,1585.26
9655,Ricardo Vargas,Tablet,Occidente,30.0,854.7,2025-03-01,1116.36
1406,Ricardo Vargas,Tablet,Centro,23.0,511.78,2026-01-03,1909.87
8243,Laura Sanchez,Monitor,Norte,58.0,357.42,2024-04-23,1372.81
2814,Fernanda Castro,Bocina,Occidente,39.0,1248.48,,1846.0
310,Fernanda Castro,Laptop,Centro,67.0,1239.97,2025-08-18,1831.57
5509,Jorge Morales,Mouse,Norte,48.0,861.44,2026-02-17,1299.18
4091,Carlos Ramirez,Laptop,Occidente,313.0,997.89,2025-07-18,1521.94
5671,Miguel Flores,Tablet,Occidente,38.0,1058.96,2026-03-20,1283.93
368,Paola Rios,Laptop,Centro,31.0,218.09,2025-03-10,911.5
571,Camila Reyes,Silla,Centro,30.0,875.22,2024-09-15,1886.12
7612,Laura Sanchez,Bocina,Centro,33.0,972.93,2025-06-01,649.82
1542,Alejandro Diaz,Laptop,Norte,32.0,1099.39,2026-02-13,1437.28
4645,Valeria Mendoza,Silla,Centro,18.0,1236.96,2024-05-05,1198.75
5366,Ricardo Vargas,Tablet,Sur,40.0,776.58,2026-05-02,1537.34
6128,Laura Sanchez,Silla,Norte,52.0,598.26,2025-05-19,1808.96
5042,Carlos Ramirez,Escritorio,Sur,49.0,1059.78,,1165.7
8147,Pedro Aguilar,Laptop,Occidente,32.0,817.94,2024-07-03,1327.75
9466,Sofia Torres,Silla,Norte,32.0,1674.22,2025-08-31,1924.68
73,Valeria Mendoza,Laptop,Occidente,31.0,508.15,2025-01-01,1701.01
4830,Alejandro Diaz,Mouse,Occidente,56.0,925.46,2025-03-24,1556.94
5091,Jose Martinez,Impresora,Occidente,7.0,826.23,2025-07-22,1349.15
4859,Daniela Cruz,Laptop,Occidente,31.0,827.5550000000001,2025-03-23,1346.05
7864,Miguel Flores,Tablet,Sur,41.0,836.06,2024-04-26,1523.48
6234,Alejandro Diaz,Bocina,Norte,54.0,1033.75,2025-08-26,1514.82
4270,Paola Rios,Silla,Sin Especificar,38.0,815.84,2026-05-20,1653.09
6953,Maria Lopez,Escritorio,Norte,45.0,210.57,2024-03-29,1851.62
9759,Jose Martinez,Mouse,Norte,27.0,562.06,2024-03-19,1697.91
3737,Paola Rios,Silla,Centro,33.0,773.29,2025-06-05,1248.45
9559,Ana Garcia,Escritorio,Occidente,43.0,646.31,2024-01-24,1486.28
6949,Jose Martinez,Camara,Occidente,34.0,303.82,2026-02-24,1567.54
7055,Alejandro Diaz,Teclado,Centro,38.0,1424.52,2024-07-04,832.98
7284,Fernanda Castro,Tablet,Centro,50.0,638.11,2024-04-22,1641.76
7272,Jose Martinez,Monitor,Centro,44.0,489.81,2024-11-19,1237.5
1781,Carlos Ramirez,Camara,Occidente,36.0,939.92,,1577.82
6448,Daniela Cruz,Escritorio,Centro,49.0,711.63,2025-11-11,1481.25
1535,Laura Sanchez,Bocina,Centro,50.0,998.28,2024-05-26,1605.86
3106,Daniela Cruz,Monitor,Norte,27.0,833.245,2024-02-09,835.82
3766,Maria Lopez,Mouse,Occidente,13.0,819.92,,1306.61
4961,Valeria Mendoza,Mouse,Centro,27.0,708.39,2025-06-06,1911.05
3331,Daniela Cruz,Laptop,Occidente,16.0,523.57,2024-09-19,1659.23
8385,Ana Garcia,Escritorio,Centro,33.0,832.48,2024-05-08,768.86
7773,Jorge Morales,Tablet,Norte,26.0,739.71,2024-09-01,1061.47
4395,Pedro Aguilar,Camara,Occidente,48.0,981.45,2025-07-20,885.29
5996,Fernanda Castro,Teclado,Norte,66.0,1429.83,2026-03-03,1348.41
3963,Diego Romero,Escritorio,Sur,38.0,533.44,2025-06-15,1489.89
4257,Paola Rios,Bocina,Sur,27.0,734.75,2026-05-19,1165.26
1785,Daniela Cruz,Mouse,Centro,54.0,689.41,2026-06-08,1572.23
7206,Diego Romero,Escritorio,Centro,61.0,671.06,2025-06-12,1109.82
1030,Camila Reyes,Laptop,Norte,55.0,827.5550000000001,2025-03-21,1731.53
7211,Luis Hernandez,Camara,Centro,24.0,50.0,2024-08-24,1404.23
5320,Isabel Guzman,Laptop,Norte,35.0,846.73,2024-07-31,1234.44
1915,Jorge Morales,Camara,Occidente,38.0,1433.24,2026-01-14,934.25
239,Camila Reyes,Mouse,Norte,32.0,950.16,2024-09-20,1355.51
7556,Isabel Guzman,Escritorio,Norte,41.0,133.82,2025-04-24,1324.23
396,Sofia Torres,Impresora,Sur,46.0,1224.76,2026-05-07,1064.56
4191,Fernanda Castro,Teclado,Occidente,24.0,691.49,2025-01-10,1230.26
5882,Daniela Cruz,Teclado,Norte,59.0,1255.5,2025-09-30,1407.09
1984,Luis Hernandez,Silla,Sur,38.0,722.96,2025-02-17,1686.95
1937,Pedro Aguilar,Impresora,Centro,244.0,1135.79,2026-03-15,950.59
3365,Valeria Mendoza,Mouse,Centro,43.0,610.92,2025-01-06,1941.75
9307,Luis Hernandez,Escritorio,Sur,49.0,1112.05,2026-02-13,1816.96
2619,Sofia Torres,Silla,Occidente,41.0,1157.39,2026-03-21,1577.05
1034,Luis Hernandez,Mouse,Centro,40.0,368.46,2025-03-16,764.66
2103,Jose Martinez,Monitor,Occidente,37.0,829.77,2026-04-16,1575.17
605,Alejandro Diaz,Impresora,Occidente,41.0,1323.98,2025-11-21,1471.1
8767,Jorge Morales,Escritorio,Norte,47.0,278.58,2024-04-24,1957.01
9743,Maria Lopez,Impresora,Sur,39.0,826.23,2026-04-02,1755.76
4903,Isabel Guzman,Tablet,Norte,41.0,838.68,2024-02-27,1657.61
4209,Sofia Torres,Silla,Occidente,34.0,976.81,2026-06-15,1108.56
1322,Laura Sanchez,Escritorio,Sur,44.0,731.92,2024-11-14,1735.04
6168,Ricardo Vargas,Tablet,Sur,46.0,765.52,2024-12-31,1175.92
2577,Jose Martinez,Tablet,Occidente,56.0,883.23,2024-05-19,1654.21
9539,Paola Rios,Camara,Occidente,40.0,650.14,2024-11-14,976.59
6915,Diego Romero,Monitor,Sur,35.0,691.26,2024-03-12,1824.19
5274,Laura Sanchez,Laptop,Occidente,60.0,384.7,2025-12-07,1956.18
6689,Maria Lopez,Escritorio,Centro,30.0,825.33,2024-11-16,1353.0
9920,Luis Hernandez,Monitor,Centro,25.0,718.6,2026-05-20,982.21
3755,Sofia Torres,Monitor,Centro,32.0,681.35,2025-11-04,1932.94
5667,Jose Martinez,Monitor,Sur,35.0,441.78,2024-09-23,1631.59
9716,Fernanda Castro,Silla,Sur,53.0,800.56,2025-02-08,1715.4
3381,Luis Hernandez,Bocina,Centro,55.0,969.57,2024-06-02,758.53
4319,Valeria Mendoza,Teclado,Centro,40.0,1148.9,2025-02-09,1023.75
9471,Sofia Torres,Impresora,Norte,41.0,1023.33,2025-01-30,795.24
9068,Andres Ortiz,Tablet,Occidente,41.0,838.68,2024-11-30,1588.24
7091,Ricardo Vargas,Tablet,Occidente,52.0,921.41,2024-12-04,932.26
3933,Diego Romero,Teclado,Sin Especificar,36.0,1238.9,2025-01-17,1281.22
1743,Paola Rios,Camara,Sur,45.0,1404.86,2024-02-10,1617.06
9742,Daniela Cruz,Silla,Norte,31.0,65.97,2025-10-22,1500.15
8922,Carlos Ramirez,Impresora,Occidente,33.0,1041.66,2024-08-30,946.34
7457,Isabel Guzman,Silla,Sur,24.0,992.53,2025-12-23,2003.15
8966,Jorge Morales,Escritorio,Sur,51.0,1208.75,2024-11-25,709.14
9714,Valeria Mendoza,Camara,Occidente,13.0,965.76,2024-05-12,1471.82
2842,Miguel Flores,Impresora,Sur,59.0,435.32,2024-11-17,1442.52
9119,Andres Ortiz,Escritorio,Occidente,39.0,1306.23,2025-08-03,1311.57
4210,Andres Ortiz,Tablet,Norte,41.0,606.48,2024-08-30,1573.36
9013,Sofia Torres,Impresora,Sur,37.0,879.92,2025-01-17,942.63
8220,Ana Garcia,Laptop,Centro,35.0,642.67,2024-11-13,1401.44
7276,Camila Reyes,Camara,Norte,31.0,989.54,2024-12-28,1318.03
3569,Maria Lopez,Camara,Centro,49.0,328.47,2026-08-04,1072.14
7897,Valeria Mendoza,Camara,Occidente,50.0,547.82,2026-03-18,1305.88
6493,Jose Martinez,Camara,Centro,37.0,325.58,2024-03-27,1030.12
2177,Diego Romero,Tablet,Sur,35.0,838.68,2024-06-26,1548.47
4622,Laura Sanchez,Bocina,Occidente,22.0,483.38,2025-12-11,1890.1
2522,Valeria Mendoza,Teclado,Norte,36.0,947.17,2025-07-27,1275.06
9967,Isabel Guzman,Escritorio,Sur,39.0,883.9,2025-11-29,1515.61
2445,Andres Ortiz,Impresora,Occidente,36.0,971.59,,1617.92
7605,Jorge Morales,Bocina,Sin Especificar,42.0,792.06,2024-07-12,1316.9
3313,Miguel Flores,Mouse,Sur,30.0,1026.31,2024-12-08,817.07
5792,Alejandro Diaz,Tablet,Centro,41.0,698.76,2024-03-09,1701.42
7036,Jose Martinez,Impresora,Centro,17.0,980.54,2025-07-14,1247.94
1965,Laura Sanchez,Camara,Occidente,46.0,636.29,2025-05-09,1907.74
878,Ricardo Vargas,Impresora,Sur,52.0,890.96,,1196.21
9586,Valeria Mendoza,Teclado,Norte,33.0,525.71,2025-06-11,1815.05
5736,Laura Sanchez,Tablet,Centro,34.0,50.0,,1927.95
4110,Valeria Mendoza,Tablet,Centro,9.0,610.23,2025-01-16,1038.25
482,Miguel Flores,Tablet,Sur,36.0,990.53,2025-09-23,1670.22
7314,Ricardo Vargas,Laptop,Sur,62.0,618.82,2026-04-05,1446.44
6521,Daniela Cruz,Mouse,Centro,59.0,530.53,2025-12-01,928.42
9862,Andres Ortiz,Monitor,Sur,43.0,833.245,,1128.71
6648,Jose Martinez,Camara,Norte,56.0,824.5,2025-08-19,1452.11
2919,Ana Garcia,Mouse,Centro,19.0,993.2,2024-04-19,1202.19
4042,Camila Reyes,Silla,Norte,56.0,978.12,,1847.25
4996,Carlos Ramirez,Tablet,Sur,42.0,650.81,2026-01-26,1630.71
9931,Carlos Ramirez,Laptop,Centro,50.0,869.72,2025-12-02,1291.6
7398,Maria Lopez,Mouse,Sur,29.0,870.46,2026-01-05,720.05
9324,Andres Ortiz,Bocina,Sur,21.0,1026.22,2024-03-10,1367.56
8819,Sofia Torres,Bocina,Sur,62.0,840.105,2026-05-22,1735.74
1810,Fernanda Castro,Bocina,Sur,66.0,661.66,2025-10-26,1217.37
6318,Sofia Torres,Teclado,Norte,29.0,623.26,2024-01-04,2125.6
205,Valeria Mendoza,Camara,Occidente,20.0,566.95,2024-09-15,634.41
3510,Laura Sanchez,Teclado,Occidente,47.0,520.01,2025-10-16,818.09
1163,Ana Garcia,Monitor,Centro,31.0,608.17,2024-10-15,810.54
6775,Pedro Aguilar,Escritorio,Occidente,43.0,675.75,2024-10-04,1484.57
87,Isabel Guzman,Monitor,Norte,31.0,825.74,2024-08-14,1668.7
5966,Laura Sanchez,Teclado,Occidente,38.0,822.475,2024-07-13,1186.38
8659,Isabel Guzman,Bocina,Occidente,24.0,916.21,2026-04-07,831.54
2208,Diego Romero,Camara,Norte,50.0,840.55,2024-03-08,1678.74
3047,Camila Reyes,Laptop,Occidente,48.0,978.17,2025-08-25,1755.03
7748,Valeria Mendoza,Teclado,Norte,46.0,822.475,2024-10-19,1339.44
4718,Ana Garcia,Silla,Norte,45.0,1231.3,2026-01-06,1366.63
5910,Andres Ortiz,Silla,Occidente,14.0,864.1,2025-01-10,1446.88
9635,Andres Ortiz,Escritorio,Occidente,38.0,1067.49,2025-06-09,1563.64
8934,Carlos Ramirez,Monitor,Occidente,35.0,973.69,2025-04-17,943.6
3981,Andres Ortiz,Monitor,Sur,23.0,999.97,2025-08-07,1009.5
9244,Carlos Ramirez,Silla,Occidente,38.0,1404.88,2024-12-30,1010.24
3976,Jose Martinez,Camara,Centro,50.0,785.45,2025-03-20,1765.39
7680,Camila Reyes,Laptop,Centro,27.0,555.61,2024-02-24,849.01
9314,Camila Reyes,Teclado,Norte,42.0,1025.85,2025-02-27,1352.67
1000,Jose Martinez,Camara,Occidente,38.0,1334.09,2025-05-16,1136.79
3173,Daniela Cruz,Escritorio,Centro,32.0,1208.05,2024-02-07,1206.05
9469,Valeria Mendoza,Impresora,Centro,39.0,914.05,2024-08-29,2136.91
5185,Luis Hernandez,Impresora,Centro,38.0,947.75,2025-10-25,1460.03
996,Sofia Torres,Bocina,Norte,49.0,735.08,2025-09-02,1033.36
8413,Isabel Guzman,Monitor,Norte,31.0,942.27,2026-06-14,741.85
2402,Luis Hernandez,Laptop,Sur,28.0,1409.17,2025-03-07,1140.69
9874,Jose Martinez,Escritorio,Centro,19.0,498.42,2024-06-10,2043.48
9211,Alejandro Diaz,Silla,Norte,37.0,736.84,2026-05-14,1690.68
1045,Alejandro Diaz,Escritorio,Occidente,53.0,847.53,,1170.47
3822,Fernanda Castro,Teclado,Norte,49.0,640.18,2024-03-13,1711.71
8442,Isabel Guzman,Silla,Sur,48.0,852.81,2025-06-27,1633.3
2008,Paola Rios,Impresora,Sur,27.0,903.6,2025-02-07,932.11
5289,Paola Rios,Camara,Norte,33.0,1154.63,2025-05-26,1336.76
9729,Pedro Aguilar,Escritorio,Norte,54.0,948.97,2025-07-04,1842.15
4660,Paola Rios,Bocina,Centro,52.0,758.55,2024-12-20,1330.22
8960,Fernanda Castro,Escritorio,Sur,26.0,832.48,2024-09-05,1200.74
3467,Camila Reyes,Laptop,Centro,30.0,471.74,2024-03-18,1144.18
7215,Valeria Mendoza,Bocina,Occidente,38.0,856.01,2025-11-29,1911.84
8997,Laura Sanchez,Teclado,Norte,33.0,880.38,2025-04-16,768.17
4482,Ricardo Vargas,Camara,Centro,38.0,989.26,2025-04-30,1132.37
7493,Fernanda Castro,Bocina,Norte,49.0,1141.84,,1699.4
4619,Camila Reyes,Impresora,Centro,41.0,1126.91,2024-08-09,1768.61
592,Pedro Aguilar,Camara,Centro,31.0,370.62,2024-10-06,1126.48
9123,Daniela Cruz,Tablet,Norte,30.0,838.68,2024-07-01,1289.04
2226,Carlos Ramirez,Escritorio,Norte,28.0,397.51,2025-10-23,1130.27
519,Alejandro Diaz,Escritorio,Centro,51.0,828.68,2025-07-02,1353.74
7871,Andres Ortiz,Escritorio,Occidente,39.0,549.51,,696.38
5685,Miguel Flores,Laptop,Occidente,26.0,897.12,2024-01-23,1873.59
4692,Diego Romero,Tablet,Norte,38.0,838.68,2025-01-18,1689.92
3105,Jorge Morales,Bocina,Norte,36.0,895.14,2024-12-09,1913.18
9298,Carlos Ramirez,Mouse,Sur,40.0,845.06,,1718.28
4063,Jorge Morales,Camara,Centro,34.0,698.82,2025-09-19,773.77
6604,Fernanda Castro,Tablet,Occidente,28.0,1078.9,2025-08-26,1268.43
5983,Ana Garcia,Mouse,Sur,57.0,827.48,2025-07-24,1732.84
1651,Miguel Flores,Teclado,Occidente,27.0,914.27,2026-12-06,1299.33
6057,Andres Ortiz,Escritorio,Sur,47.0,681.33,2024-01-02,2176.59
9989,Carlos Ramirez,Monitor,Occidente,52.0,833.245,,1438.47
1817,Sofia Torres,Mouse,Norte,38.0,1023.05,2025-04-23,1631.56
4852,Laura Sanchez,Monitor,Norte,44.0,273.93,2024-07-26,1202.38
6899,Valeria Mendoza,Tablet,Norte,34.0,968.93,2024-03-05,1072.49
2635,Jorge Morales,Teclado,Centro,40.0,896.41,2024-03-17,1398.43
1328,Luis Hernandez,Tablet,Occidente,43.0,775.87,2024-04-16,508.79
4736,Carlos Ramirez,Monitor,Centro,51.0,792.76,2025-09-10,98000.0
1054,Laura Sanchez,Escritorio,Occidente,36.0,440.45,2025-10-11,1736.34
44,Jose Martinez,Camara,Norte,37.0,795.83,2026-04-02,1452.37
8,Laura Sanchez,Mouse,Sur,16.0,971.91,2025-08-25,1285.04
7907,Laura Sanchez,Silla,Norte,33.0,1156.74,,1448.01
5591,Laura Sanchez,Escritorio,Sur,34.0,1122.81,2026-02-01,1576.65
472,Ana Garcia,Camara,Sur,19.0,829.105,2025-09-02,780.23
2323,Maria Lopez,Camara,Occidente,24.0,210.1,2025-11-16,1097.78
8092,Ricardo Vargas,Tablet,Norte,33.0,1133.71,2024-07-04,1314.18
7644,Valeria Mendoza,Bocina,Norte,38.0,418.81,2024-07-03,1691.72
4405,Valeria Mendoza,Camara,Norte,58.0,832.84,2025-11-18,706.15
465,Sofia Torres,Mouse,Norte,40.0,1206.58,2024-11-29,1528.26
4564,Ana Garcia,Laptop,Centro,45.0,827.5550000000001,2024-01-03,1534.45
1692,Fernanda Castro,Camara,Occidente,42.0,749.3,2024-07-04,1814.07
2231,Maria Lopez,Mouse,Occidente,47.0,954.07,2024-07-09,1053.32
7580,Pedro Aguilar,Escritorio,Sin Especificar,43.0,799.66,2025-01-10,1322.73
2164,Ana Garcia,Bocina,Centro,36.0,1085.56,2026-03-22,1084.11
8258,Paola Rios,Camara,Centro,14.0,470.65,2025-06-08,1286.91
1349,Camila Reyes,Silla,Occidente,34.0,852.81,2025-03-18,2266.38
2481,Ana Garcia,Camara,Occidente,38.0,404.38,2026-06-17,834.61
5529,Miguel Flores,Mouse,Centro,39.0,819.92,2024-12-25,1870.34
2150,Carlos Ramirez,Silla,Sur,22.0,399.54,2025-10-22,1009.41
2097,Paola Rios,Silla,Norte,46.0,637.83,2025-11-19,1448.36
6189,Carlos Ramirez,Silla,Sin Especificar,31.0,324.6,2025-07-12,1164.83
5092,Jose Martinez,Tablet,Sur,38.0,862.31,2025-02-04,1865.23
6468,Jose Martinez,Impresora,Sin Especificar,19.0,846.39,2025-06-04,1749.77
8710,Ana Garcia,Teclado,Centro,29.0,867.95,2026-03-31,1245.93
7234,Camila Reyes,Camara,Sur,48.0,713.25,2025-10-17,1359.14
6206,Luis Hernandez,Monitor,Centro,53.0,821.93,,1694.15
8783,Camila Reyes,Monitor,Sur,36.0,1096.75,2026-03-28,1366.62
4226,Alejandro Diaz,Monitor,Centro,46.0,833.245,2024-12-03,2172.24
4137,Ana Garcia,Monitor,Norte,35.0,1028.65,2024-03-16,1239.55
850,Ana Garcia,Monitor,Occidente,37.0,690.43,2024-10-02,759.22
1822,Andres Ortiz,Tablet,Centro,37.0,1484.89,2025-05-11,1615.05
418,Alejandro Diaz,Teclado,Occidente,48.0,670.03,2024-09-22,1435.3
3719,Carlos Ramirez,Mouse,Norte,43.0,165.58,2025-07-23,1626.61
8936,Alejandro Diaz,Laptop,Norte,57.0,552.98,2025-02-22,778.35
9059,Maria Lopez,Camara,Occidente,22.0,847.83,2024-02-07,1947.17
4174,Pedro Aguilar,Silla,Centro,61.0,852.81,2024-06-20,1532.71
1923,Jose Martinez,Bocina,Occidente,27.0,1073.5,2024-10-20,1365.36
9243,Pedro Aguilar,Mouse,Sur,30.0,1215.36,2026-04-30,1431.84
9916,Laura Sanchez,Monitor,Centro,56.0,261.6,2024-02-02,1497.56
5490,Jose Martinez,Teclado,Occidente,44.0,770.22,2025-12-27,1306.41
3762,Laura Sanchez,Laptop,Occidente,39.0,1135.18,2024-12-04,1510.22
2103,Jose Martinez,Monitor,Occidente,37.0,829.77,2026-04-16,1543.26
9082,Isabel Guzman,Camara,Occidente,43.0,829.105,2026-04-16,1630.79
4156,Valeria Mendoza,Camara,Norte,44.0,1175.26,2024-08-05,1434.6
2233,Ricardo Vargas,Bocina,Norte,36.0,1316.15,2024-03-19,1367.03
9730,Andres Ortiz,Tablet,Sur,48.0,1048.28,2024-11-14,1807.64
9907,Diego Romero,Monitor,Norte,20.0,938.61,2024-09-04,1501.49
6302,Daniela Cruz,Silla,Sin Especificar,38.0,928.19,2025-03-22,1254.93
4932,Valeria Mendoza,Escritorio,Norte,44.0,437.2,2025-05-09,1616.74
30,Paola Rios,Monitor,Centro,21.0,851.12,2025-06-17,1281.61
8514,Miguel Flores,Escritorio,Centro,41.0,868.02,2025-06-24,1943.02
1824,Camila Reyes,Laptop,Norte,21.0,924.5,2024-04-02,2438.93
6921,Maria Lopez,Laptop,Norte,37.0,860.8,2025-03-31,1381.71
3698,Jorge Morales,Laptop,Norte,30.0,914.93,2025-08-24,1886.37
8661,Carlos Ramirez,Tablet,Norte,37.0,1159.04,2024-10-27,1077.08
3685,Diego Romero,Escritorio,Centro,49.0,556.14,2024-10-05,1341.39
3345,Daniela Cruz,Camara,Occidente,31.0,829.105,2025-07-25,720.59
5969,Fernanda Castro,Teclado,Centro,52.0,193.69,2025-03-04,1841.85
7994,Paola Rios,Tablet,Centro,25.0,807.78,2025-05-28,1460.03
8931,Daniela Cruz,Escritorio,Centro,26.0,1086.98,2025-03-26,1186.06
9348,Luis Hernandez,Bocina,Occidente,33.0,1135.77,2024-12-21,1232.09
9049,Fernanda Castro,Silla,Centro,58.0,1354.88,2025-03-03,1861.57
6512,Ana Garcia,Laptop,Sur,59.0,918.32,2024-05-09,1356.6
3281,Pedro Aguilar,Tablet,Occidente,21.0,911.48,,1333.71
6390,Miguel Flores,Silla,Norte,74.0,847.84,2025-02-25,1272.13
2948,Diego Romero,Bocina,Norte,24.0,1115.44,2025-04-09,1672.82
3168,Carlos Ramirez,Silla,Norte,47.0,1029.02,2024-07-10,2170.86
8290,Carlos Ramirez,Mouse,Sin Especificar,314.0,951.22,2024-02-05,2078.43
7005,Valeria Mendoza,Laptop,Occidente,31.0,1129.02,2024-05-03,1247.86
2413,Laura Sanchez,Escritorio,Sur,29.0,1075.9,2024-07-22,1574.12
6309,Jorge Morales,Teclado,Norte,44.0,644.74,2025-07-29,2190.19
2246,Alejandro Diaz,Camara,Norte,52.0,418.39,2024-03-25,1561.76
7585,Jose Martinez,Monitor,Occidente,38.0,1395.43,2024-02-16,1894.13
4607,Daniela Cruz,Teclado,Sur,25.0,372.72,2024-05-10,98000.0
448,Fernanda Castro,Silla,Centro,36.0,852.81,,1660.21
5773,Valeria Mendoza,Bocina,Centro,38.0,944.71,2024-03-19,1860.36
5994,Paola Rios,Tablet,Sur,28.0,787.72,2024-09-10,1294.22
6965,Diego Romero,Mouse,Occidente,54.0,720.88,2025-12-15,1181.97
15,Jorge Morales,Laptop,Sur,45.0,741.96,2025-07-20,1434.84
4394,Diego Romero,Escritorio,Norte,45.0,458.36,2025-01-15,1011.03
8758,Alejandro Diaz,Tablet,Norte,25.0,508.81,,964.01
5664,Laura Sanchez,Teclado,Sur,34.0,358.02,2026-06-03,1272.51
5505,Sofia Torres,Tablet,Occidente,45.0,1263.09,2025-07-16,891.56
3795,Andres Ortiz,Camara,Sur,39.0,1099.13,2026-05-31,1753.92
6227,Ana Garcia,Escritorio,Norte,55.0,1090.77,2026-04-19,1207.59
8171,Camila Reyes,Teclado,Centro,30.0,1155.06,2025-09-23,1382.25
9849,Ricardo Vargas,Bocina,Sur,63.0,1134.74,2025-06-22,1353.57
2343,Carlos Ramirez,Escritorio,Sin Especificar,47.0,647.72,2024-05-07,1611.85
287,Isabel Guzman,Laptop,Centro,17.0,547.1,2024-09-09,1156.03
3844,Diego Romero,Silla,Occidente,39.0,1416.34,2024-02-17,1359.57
4219,Luis Hernandez,Escritorio,Occidente,54.0,985.47,2024-11-16,614.02
2313,Carlos Ramirez,Monitor,Sur,34.0,718.62,2024-03-02,1046.55
5751,Jorge Morales,Impresora,Sur,28.0,1352.98,2024-07-30,1938.47
7271,Luis Hernandez,Monitor,Centro,44.0,962.09,2024-06-14,2366.19
4020,Luis Hernandez,Escritorio,Norte,50.0,1435.76,2024-04-27,1490.85
2053,Daniela Cruz,Escritorio,Centro,45.0,1027.22,2025-06-08,1651.96
8800,Camila Reyes,Camara,Centro,49.0,829.105,2024-02-24,1457.6
6661,Pedro Aguilar,Teclado,Occidente,40.0,728.65,2024-08-18,1108.28
5005,Luis Hernandez,Impresora,Occidente,42.0,988.24,2024-08-28,2060.45
4447,Miguel Flores,Camara,Sur,48.0,829.105,2025-07-05,1847.8
9710,Carlos Ramirez,Tablet,Norte,45.0,652.89,2026-01-30,1676.57
166,Ricardo Vargas,Escritorio,Centro,38.0,723.37,2025-10-10,1341.44
8762,Andres Ortiz,Impresora,Norte,29.0,826.23,2025-08-20,862.27
6392,Daniela Cruz,Camara,Norte,34.0,918.8,,1376.39
1340,Ricardo Vargas,Camara,Sur,20.0,891.29,2025-08-04,1618.52
7044,Luis Hernandez,Bocina,Sur,52.0,840.105,2024-08-14,1678.37
1139,Camila Reyes,Teclado,Occidente,34.0,1168.46,2024-11-21,1247.12
6303,Miguel Flores,Laptop,Sur,49.0,1102.65,2024-12-05,566.38
7754,Ana Garcia,Laptop,Norte,41.0,1000.25,2025-09-16,1990.98
9529,Diego Romero,Teclado,Sur,33.0,729.76,2026-01-20,1419.17
2189,Isabel Guzman,Camara,Occidente,50.0,1102.61,2025-12-22,1775.03
3974,Laura Sanchez,Impresora,Norte,15.0,894.87,,1753.88
5229,Maria Lopez,Impresora,Occidente,24.0,1442.81,2024-08-11,1806.85
300,Pedro Aguilar,Camara,Sin Especificar,58.0,624.92,,1082.27
6542,Jorge Morales,Laptop,Norte,230.0,1269.84,2024-02-05,1561.85
1616,Carlos Ramirez,Camara,Sur,21.0,915.39,2024-08-28,1237.23
5328,Alejandro Diaz,Escritorio,Norte,28.0,985.78,2025-05-02,1568.94
9201,Daniela Cruz,Camara,Norte,27.0,448.59,2025-08-15,1572.65
5660,Paola Rios,Laptop,Sur,48.0,1314.54,2025-09-14,1805.48
3082,Laura Sanchez,Teclado,Centro,38.0,545.21,2026-02-25,1812.78
3143,Ricardo Vargas,Monitor,Occidente,31.0,1167.56,2024-11-20,943.02
6067,Jorge Morales,Bocina,Centro,49.0,1026.24,2025-07-30,1330.95
1428,Valeria Mendoza,Monitor,Occidente,38.0,874.84,2025-08-18,943.07
5244,Miguel Flores,Monitor,Norte,52.0,600.36,2026-04-24,1391.9
5625,Miguel Flores,Escritorio,Occidente,43.0,1348.82,2025-10-30,1192.14
4149,Andres Ortiz,Tablet,Norte,28.0,800.37,2025-06-26,2101.46
847,Valeria Mendoza,Laptop,Norte,38.0,605.57,2025-12-23,1506.83
8444,Ana Garcia,Escritorio,Sur,25.0,607.6,2025-11-09,1157.43
3035,Miguel Flores,Camara,Sur,22.0,1020.07,2024-12-16,1109.31
9961,Ricardo Vargas,Teclado,Occidente,51.0,1062.43,2025-01-19,874.49
32,Ricardo Vargas,Bocina,Occidente,35.0,1061.19,2024-06-14,1786.99
8950,Luis Hernandez,Monitor,Sur,46.0,622.46,2026-05-29,1760.04
812,Pedro Aguilar,Impresora,Centro,50.0,1218.78,2026-03-17,1562.52
9363,Pedro Aguilar,Silla,Occidente,43.0,967.44,2024-05-25,1493.92
1485,Diego Romero,Escritorio,Occidente,42.0,1479.26,2025-08-28,1287.04
3460,Paola Rios,Camara,Norte,42.0,829.105,2025-10-05,1329.85
5856,Jorge Morales,Escritorio,Occidente,36.0,998.08,2024-02-05,2030.4
2145,Fernanda Castro,Teclado,Sin Especificar,47.0,1080.15,2024-02-13,897.37
9800,Luis Hernandez,Impresora,Occidente,36.0,136.09,2025-11-15,1134.57
6453,Luis Hernandez,Silla,Occidente,45.0,1741.8,2024-12-21,1405.47
3192,Alejandro Diaz,Bocina,Sur,36.0,943.88,2024-10-20,933.84
9078,Sofia Torres,Laptop,Centro,18.0,1144.9,2024-12-12,1661.57
7811,Luis Hernandez,Impresora,Occidente,44.0,599.41,2025-01-10,1587.38
331,Isabel Guzman,Mouse,Sur,50.0,1326.86,2025-11-14,1590.68
3511,Jose Martinez,Laptop,Centro,55.0,910.22,2024-10-29,1074.06
9982,Maria Lopez,Mouse,Sur,36.0,298.06,2024-10-15,1635.33
5612,Ricardo Vargas,Silla,Occidente,60.0,928.02,2025-10-28,1297.36
6875,Miguel Flores,Laptop,Centro,35.0,574.19,2025-04-24,1176.19
1199,Ricardo Vargas,Bocina,Occidente,38.0,1261.48,,1429.69
5208,Isabel Guzman,Teclado,Centro,17.0,1115.33,2025-04-20,671.82
4424,Isabel Guzman,Monitor,Sin Especificar,37.0,727.96,2025-04-10,1851.6
3952,Daniela Cruz,Silla,Sin Especificar,36.0,953.82,2026-05-01,1713.7
1089,Miguel Flores,Bocina,Sur,51.0,835.72,2025-12-30,1545.04
9282,Sofia Torres,Mouse,Norte,26.0,796.22,,1256.5
2516,Paola Rios,Escritorio,Norte,28.0,776.53,2025-12-30,1557.94
8196,Miguel Flores,Laptop,Centro,38.0,778.93,2024-07-05,1313.71
3725,Fernanda Castro,Camara,Centro,26.0,956.07,2024-11-19,814.03
4041,Maria Lopez,Silla,Norte,28.0,535.41,2026-04-21,1683.28
7924,Isabel Guzman,Silla,Centro,39.0,601.06,2024-02-05,1300.42
2460,Isabel Guzman,Camara,Sur,36.0,538.61,2025-08-15,1647.33
550,Miguel Flores,Camara,Centro,42.0,833.57,2025-01-15,1525.47
9499,Ricardo Vargas,Impresora,Centro,25.0,1383.42,2025-07-08,894.48
5582,Luis Hernandez,Silla,Centro,26.0,1031.38,2024-09-06,1330.33
2301,Daniela Cruz,Camara,Sur,38.0,998.01,2024-01-11,1430.49
4361,Sofia Torres,Camara,Occidente,25.0,1340.08,,1680.62
3096,Camila Reyes,Tablet,Centro,34.0,613.23,2025-12-01,1281.56
8756,Miguel Flores,Silla,Centro,30.0,622.6,2025-07-04,1074.14
8093,Camila Reyes,Silla,Occidente,47.0,1365.98,2024-03-23,1428.6
919,Isabel Guzman,Mouse,Sur,49.0,1254.87,2025-05-02,1415.94
5161,Ricardo Vargas,Escritorio,Sur,45.0,1111.2,2024-12-24,1670.41
9167,Carlos Ramirez,Impresora,Norte,48.0,671.0,2026-01-19,2019.59
2602,Sofia Torres,Silla,Norte,35.0,735.6,2025-05-27,1816.18
3634,Sofia Torres,Escritorio,Centro,53.0,971.87,2025-12-18,1191.0
8660,Maria Lopez,Laptop,Norte,379.0,550.89,2024-09-22,1757.7
5098,Luis Hernandez,Bocina,Sur,39.0,564.43,2024-09-29,1625.44
4631,Ricardo Vargas,Teclado,Occidente,35.0,1205.6,2026-06-05,922.56
4171,Sofia Torres,Tablet,Centro,217.0,206.19,2024-04-02,1540.6
1889,Laura Sanchez,Camara,Norte,54.0,732.62,2024-08-20,1557.49
9138,Alejandro Diaz,Tablet,Centro,44.0,1178.14,,1289.68
5806,Andres Ortiz,Laptop,Norte,40.0,827.5550000000001,2026-10-05,1799.03
4862,Maria Lopez,Laptop,Occidente,48.0,1069.49,2026-05-15,1402.04
6121,Carlos Ramirez,Silla,Occidente,61.0,602.09,2026-04-16,966.63
8214,Carlos Ramirez,Silla,Centro,52.0,803.44,2024-08-09,991.78
1205,Luis Hernandez,Laptop,Centro,40.0,905.61,2025-01-12,625.41
6525,Carlos Ramirez,Monitor,Sur,40.0,1275.78,2024-12-20,1578.84
2674,Fernanda Castro,Camara,Centro,45.0,869.29,2024-12-18,1206.47
5626,Carlos Ramirez,Bocina,Sur,33.0,753.98,2026-05-12,1179.45
7358,Valeria Mendoza,Camara,Occidente,46.0,924.59,2024-08-17,1351.82
6632,Ricardo Vargas,Silla,Norte,42.0,899.32,2025-07-04,1294.68
3248,Andres Ortiz,Laptop,Centro,48.0,827.5550000000001,2025-11-04,1526.81
9866,Pedro Aguilar,Teclado,Occidente,44.0,466.29,2024-08-02,1224.69
4391,Ana Garcia,Laptop,Sur,30.0,505.45,2024-03-02,1691.88
6074,Daniela Cruz,Silla,Occidente,37.0,852.81,2024-05-10,1254.38
8774,Carlos Ramirez,Tablet,Sur,29.0,882.62,2025-11-06,1211.76
811,Jose Martinez,Silla,Sur,35.0,1066.03,2026-02-14,882.92
6786,Alejandro Diaz,Laptop,Occidente,39.0,661.49,,1708.09
4593,Maria Lopez,Tablet,Occidente,45.0,889.87,2024-08-02,1789.53
1369,Diego Romero,Silla,Centro,21.0,1001.36,2026-04-25,1691.7
1521,Laura Sanchez,Silla,Sin Especificar,22.0,397.35,2025-08-11,1543.03
9957,Paola Rios,Teclado,Centro,34.0,773.92,2025-12-29,975.15
1206,Sofia Torres,Escritorio,Centro,43.0,869.71,2026-01-29,1087.15
7239,Ricardo Vargas,Bocina,Sin Especificar,39.0,915.12,2025-03-05,1461.27
2333,Pedro Aguilar,Laptop,Sur,16.0,588.21,2024-07-19,1121.42
4035,Ana Garcia,Camara,Sur,36.0,601.09,2024-11-24,1645.08
3850,Camila Reyes,Silla,Sur,43.0,756.12,2024-01-29,1476.13
4227,Jorge Morales,Monitor,Norte,28.0,775.89,2026-06-03,1142.92
860,Paola Rios,Camara,Centro,33.0,1188.47,,1262.34
2034,Ricardo Vargas,Tablet,Occidente,50.0,951.68,2026-02-16,932.69
1316,Carlos Ramirez,Tablet,Norte,28.0,981.51,2025-09-28,1317.1
8499,Maria Lopez,Impresora,Sur,43.0,826.23,2024-01-08,1790.96
7123,Valeria Mendoza,Laptop,Norte,14.0,343.68,2024-12-26,2246.11
4720,Jose Martinez,Silla,Sur,47.0,610.77,2024-01-12,1436.24
7639,Luis Hernandez,Monitor,Occidente,20.0,976.28,2024-10-18,1656.94
4785,Jorge Morales,Camara,Centro,34.0,777.57,2024-08-28,1462.35
56,Isabel Guzman,Tablet,Occidente,27.0,800.56,2024-12-17,1838.55
1367,Ricardo Vargas,Laptop,Centro,38.0,1026.06,2025-11-04,1428.06
7294,Pedro Aguilar,Monitor,Centro,52.0,1090.24,2024-09-28,1759.98
3925,Alejandro Diaz,Mouse,Sur,38.0,978.07,2025-10-10,2061.41
7505,Daniela Cruz,Mouse,Sur,26.0,819.92,2026-04-17,2010.94
2507,Fernanda Castro,Monitor,Sur,34.0,212.17,2024-09-25,2002.22
7200,Alejandro Diaz,Silla,Occidente,328.0,620.19,2026-06-06,1172.01
5876,Isabel Guzman,Impresora,Occidente,40.0,671.14,2024-01-29,1643.63
7459,Isabel Guzman,Laptop,Sur,28.0,827.5550000000001,2024-10-06,1590.65
8655,Ana Garcia,Impresora,Occidente,21.0,744.64,2026-04-29,1370.56
1574,Isabel Guzman,Escritorio,Occidente,37.0,917.52,2024-06-01,1735.83
4889,Andres Ortiz,Bocina,Occidente,34.0,1016.72,2026-02-23,1110.41
309,Maria Lopez,Laptop,Occidente,40.0,400.5,2024-10-14,594.61
6508,Jorge Morales,Escritorio,Occidente,28.0,832.48,2024-04-21,662.4
580,Alejandro Diaz,Mouse,Norte,38.0,584.26,2024-09-03,1223.97
1706,Carlos Ramirez,Bocina,Sur,42.0,760.83,2026-05-26,1035.6
7277,Fernanda Castro,Mouse,Norte,40.0,623.26,2024-08-04,830.73
6652,Jose Martinez,Mouse,Occidente,46.0,1035.12,2025-10-08,1043.99
5108,Alejandro Diaz,Teclado,Occidente,22.0,1136.46,2024-11-29,1222.25
8982,Sofia Torres,Monitor,Norte,31.0,494.5,2024-06-03,1206.05
2995,Pedro Aguilar,Silla,Occidente,59.0,731.73,2025-07-24,1033.85
7179,Miguel Flores,Impresora,Norte,42.0,1004.03,2025-04-19,1502.1
5131,Andres Ortiz,Tablet,Norte,21.0,106.69,2025-10-09,1729.54
5901,Luis Hernandez,Escritorio,Centro,46.0,1059.57,2024-04-21,2330.76
697,Andres Ortiz,Teclado,Centro,34.0,825.83,2025-01-31,1372.39
6478,Fernanda Castro,Escritorio,Centro,22.0,755.87,2024-06-19,560.89
6956,Maria Lopez,Teclado,Norte,34.0,575.05,2026-02-01,1395.04
6333,Jose Martinez,Bocina,Norte,36.0,827.32,2026-05-16,1199.94
8797,Diego Romero,Escritorio,Sur,38.0,863.59,2026-04-29,1873.87
7064,Andres Ortiz,Camara,Sur,23.0,876.55,2025-12-25,1417.74
5804,Pedro Aguilar,Bocina,Sur,47.0,596.96,2025-05-03,1375.56
958,Daniela Cruz,Monitor,Norte,58.0,377.05,2026-02-05,1561.92
5915,Carlos Ramirez,Impresora,Sin Especificar,24.0,496.4,,1589.96
7007,Paola Rios,Tablet,Occidente,46.0,1459.68,2025-02-08,1318.98
5270,Fernanda Castro,Bocina,Centro,54.0,1556.91,2025-06-11,1463.3
6072,Luis Hernandez,Camara,Occidente,47.0,843.7,2024-02-02,1094.07
354,Diego Romero,Tablet,Centro,49.0,926.51,2026-10-05,1157.25
4828,Diego Romero,Escritorio,Norte,40.0,524.25,2024-05-28,1304.01
4799,Pedro Aguilar,Silla,Norte,27.0,753.29,2026-04-19,1410.48
9881,Jose Martinez,Camara,Occidente,51.0,664.67,2024-12-31,1056.8
6759,Luis Hernandez,Escritorio,Centro,41.0,1747.5,2024-11-22,1783.86
9016,Carlos Ramirez,Mouse,Occidente,41.0,982.03,2024-02-09,772.54
8928,Sofia Torres,Impresora,Occidente,24.0,584.0,2025-04-24,1555.32
7282,Maria Lopez,Impresora,Centro,20.0,826.23,2026-04-22,1500.35
3247,Carlos Ramirez,Mouse,Sin Especificar,49.0,791.36,2024-08-26,1142.8
502,Miguel Flores,Mouse,Centro,38.0,819.92,2025-12-29,1945.13
9595,Jose Martinez,Tablet,Norte,46.0,474.98,2025-09-01,1896.1
9940,Luis Hernandez,Silla,Norte,39.0,424.2,2026-01-30,1542.64
1008,Jorge Morales,Bocina,Centro,25.0,728.83,2026-05-20,1499.68
7153,Miguel Flores,Impresora,Centro,29.0,514.0,2025-04-21,1417.41
2172,Jorge Morales,Tablet,Sur,29.0,647.54,2025-11-03,1239.17
5384,Maria Lopez,Laptop,Occidente,41.0,1031.8,2025-04-07,1235.86
4465,Daniela Cruz,Impresora,Occidente,39.0,611.3,2025-01-31,1800.81
9890,Jose Martinez,Bocina,Sur,37.0,1003.02,2025-06-27,874.53
8788,Jose Martinez,Bocina,Occidente,13.0,1041.13,,1156.47
1319,Paola Rios,Teclado,Sur,27.0,699.94,2024-11-24,1692.37
4590,Andres Ortiz,Teclado,Occidente,57.0,883.68,2025-04-29,1659.23
4430,Jose Martinez,Teclado,Sur,53.0,822.475,2024-07-20,1088.97
1476,Valeria Mendoza,Camara,Norte,45.0,485.81,2024-08-27,1315.51
6933,Alejandro Diaz,Monitor,Centro,42.0,808.64,,1497.04
5318,Paola Rios,Camara,Sur,31.0,734.69,2025-05-14,1013.62
8039,Camila Reyes,Bocina,Norte,33.0,1030.21,2024-12-30,1189.33
8573,Jose Martinez,Mouse,Sur,50.0,896.54,2024-01-29,1453.0
9359,Jose Martinez,Escritorio,Occidente,16.0,788.53,2024-02-13,1419.33
5832,Luis Hernandez,Impresora,Sur,33.0,920.96,2025-06-18,1049.29
4164,Paola Rios,Impresora,Sin Especificar,53.0,698.12,2025-12-03,1076.84
8670,Andres Ortiz,Camara,Occidente,52.0,686.39,2025-09-05,1569.87
8096,Fernanda Castro,Silla,Norte,33.0,1183.74,2024-06-04,905.78
1614,Pedro Aguilar,Teclado,Sur,48.0,722.5,2025-12-14,1657.27
5269,Daniela Cruz,Silla,Norte,37.0,840.35,2025-06-04,1870.46
426,Maria Lopez,Bocina,Sur,45.0,316.7,2025-05-16,1363.87
7747,Paola Rios,Teclado,Occidente,56.0,822.475,2025-11-13,957.26
9062,Carlos Ramirez,Bocina,Centro,42.0,1032.49,2025-03-06,1490.69
8392,Ana Garcia,Silla,Centro,38.0,701.61,2025-10-26,1474.0
8808,Ana Garcia,Laptop,Norte,26.0,633.94,2024-01-13,976.71
144,Sofia Torres,Camara,Sur,46.0,875.11,,1102.56
3821,Laura Sanchez,Teclado,Norte,32.0,1388.41,2026-11-04,1271.78
7725,Valeria Mendoza,Silla,Sur,46.0,557.93,2024-04-11,942.63
4346,Diego Romero,Mouse,Occidente,36.0,997.69,2026-02-25,1104.27
8497,Diego Romero,Teclado,Sur,37.0,990.92,2024-08-21,1533.29
4789,Laura Sanchez,Laptop,Occidente,26.0,1023.83,2025-05-31,667.24
7662,Camila Reyes,Teclado,Norte,52.0,837.58,2024-09-04,1610.42
4398,Jose Martinez,Mouse,Norte,52.0,849.46,,2099.78
4682,Luis Hernandez,Bocina,Sur,48.0,840.105,2024-03-16,977.17
5370,Pedro Aguilar,Teclado,Occidente,17.0,1150.04,2026-03-24,984.4
2310,Sofia Torres,Silla,Occidente,56.0,890.4,2026-02-06,1289.73
2113,Camila Reyes,Impresora,Centro,38.0,832.37,2024-03-02,1365.94
835,Valeria Mendoza,Tablet,Occidente,55.0,803.45,2024-02-16,1393.04
594,Isabel Guzman,Laptop,Centro,42.0,857.37,2026-04-03,1953.39
7733,Paola Rios,Monitor,Norte,32.0,833.245,2025-10-31,1479.85
5009,Diego Romero,Impresora,Centro,32.0,630.25,2025-03-23,1987.05
2132,Daniela Cruz,Bocina,Norte,55.0,550.78,2024-06-24,1414.95
766,Ricardo Vargas,Impresora,Centro,50.0,1029.7,2025-12-24,1463.16
9491,Ana Garcia,Escritorio,Sur,22.0,944.46,2025-09-01,1234.32
147,Luis Hernandez,Escritorio,Occidente,27.0,1087.72,2024-09-25,1455.85
395,Jorge Morales,Escritorio,Occidente,57.0,639.16,2025-02-15,1293.24
7702,Maria Lopez,Silla,Norte,42.0,749.07,2026-01-25,886.68
8601,Fernanda Castro,Mouse,Norte,24.0,938.17,,1040.5
3809,Sofia Torres,Escritorio,Norte,46.0,693.14,2024-01-22,1319.89
8238,Carlos Ramirez,Escritorio,Centro,44.0,832.48,2024-06-11,738.38
7722,Miguel Flores,Silla,Occidente,46.0,817.02,2024-06-24,1300.16
3495,Isabel Guzman,Tablet,Sur,60.0,838.68,2026-04-03,2011.26
2185,Jose Martinez,Bocina,Norte,32.0,504.78,2024-02-12,1366.7
3337,Pedro Aguilar,Laptop,Norte,23.0,1036.86,2026-06-14,1568.44
2160,Isabel Guzman,Escritorio,Occidente,43.0,442.84,,1283.25
6733,Maria Lopez,Laptop,Centro,44.0,827.5550000000001,2024-05-17,1421.4
7486,Luis Hernandez,Silla,Norte,44.0,990.22,2025-09-17,1464.24
5713,Paola Rios,Camara,Sur,13.0,646.26,2025-02-13,1519.56
3411,Ana Garcia,Mouse,Centro,67.0,896.7,2024-07-23,1162.23
9260,Camila Reyes,Laptop,Norte,46.0,856.0,2025-07-06,1675.14
3498,Maria Lopez,Teclado,Occidente,42.0,1055.91,2025-10-06,1232.05
2072,Pedro Aguilar,Tablet,Centro,17.0,738.48,2025-04-09,1714.75
1368,Diego Romero,Escritorio,Norte,33.0,639.75,2025-06-10,1276.22
2365,Alejandro Diaz,Monitor,Sur,30.0,811.01,2026-03-18,1242.42
7710,Ana Garcia,Monitor,Sur,49.0,358.09,2024-03-04,1193.49
3513,Diego Romero,Silla,Norte,30.0,292.9,2025-06-15,1229.71
6365,Ana Garcia,Teclado,Norte,15.0,822.475,2025-01-08,1405.65
3502,Alejandro Diaz,Monitor,Sur,33.0,912.5,2024-08-19,1159.69
4575,Camila Reyes,Laptop,Sur,38.0,636.23,2024-07-02,1396.63
3142,Jorge Morales,Laptop,Occidente,40.0,542.85,,1444.42
6042,Jose Martinez,Teclado,Centro,29.0,550.5,2024-02-28,1831.73
1248,Carlos Ramirez,Silla,Occidente,18.0,1457.17,2024-09-29,2037.12
8799,Sofia Torres,Tablet,Occidente,46.0,1220.88,2024-11-18,1466.61
75,Jorge Morales,Bocina,Sur,40.0,1317.58,2024-10-19,1590.4
5861,Miguel Flores,Tablet,Sur,32.0,758.76,2024-09-25,1397.57
7335,Miguel Flores,Camara,Norte,41.0,888.52,2024-09-24,1669.4
2397,Ana Garcia,Bocina,Norte,39.0,629.72,2025-02-07,1751.87
8306,Isabel Guzman,Bocina,Occidente,45.0,840.105,2024-10-30,1322.45
987,Sofia Torres,Bocina,Norte,52.0,860.61,2026-01-19,1816.67
8348,Ricardo Vargas,Silla,Sur,48.0,543.29,2026-03-30,826.25
4844,Alejandro Diaz,Monitor,Centro,48.0,537.49,2025-04-09,2269.61
5960,Andres Ortiz,Teclado,Sur,58.0,1055.98,2025-12-27,1767.54
8415,Camila Reyes,Monitor,Centro,44.0,710.31,2025-07-24,1514.54
5599,Ricardo Vargas,Silla,Sur,49.0,1225.24,2025-01-02,1467.91
5762,Luis Hernandez,Tablet,Sur,23.0,866.05,2025-01-04,1834.79
7700,Pedro Aguilar,Monitor,Occidente,42.0,651.45,2025-10-25,1588.94
4132,Paola Rios,Escritorio,Occidente,36.0,1386.69,2024-02-24,1150.25
8835,Alejandro Diaz,Tablet,Norte,53.0,1118.17,2025-05-13,1114.26
1762,Alejandro Diaz,Monitor,Norte,49.0,410.81,2025-03-06,1154.2
4264,Maria Lopez,Bocina,Norte,31.0,808.53,2024-10-14,1872.43
4213,Maria Lopez,Escritorio,Sur,38.0,963.58,2025-10-21,1341.57
4044,Fernanda Castro,Laptop,Occidente,29.0,995.85,2025-08-27,895.93
531,Fernanda Castro,Bocina,Centro,60.0,630.65,2025-02-08,1193.19
9898,Daniela Cruz,Camara,Sur,46.0,851.67,2024-12-27,1642.01
5125,Luis Hernandez,Escritorio,Sur,19.0,647.16,2024-01-04,2003.43
3955,Jose Martinez,Escritorio,Centro,20.0,623.3,2026-03-25,1313.24
7815,Andres Ortiz,Mouse,Centro,32.0,948.28,2025-04-13,2037.54
5064,Fernanda Castro,Camara,Centro,30.0,678.22,2024-04-25,1533.36
5721,Isabel Guzman,Monitor,Sin Especificar,41.0,914.63,2025-08-14,1528.0
224,Isabel Guzman,Impresora,Sur,156.0,882.15,2025-08-01,556.6
7908,Luis Hernandez,Bocina,Sin Especificar,41.0,840.105,2024-09-22,1645.08
1780,Maria Lopez,Mouse,Norte,29.0,814.83,2025-12-15,645.8
1026,Luis Hernandez,Escritorio,Centro,44.0,579.07,2024-03-26,1605.38
6569,Laura Sanchez,Mouse,Centro,38.0,704.38,2024-10-01,1190.12
3779,Ricardo Vargas,Mouse,Norte,35.0,1045.81,2025-10-07,2102.03
8274,Valeria Mendoza,Laptop,Centro,29.0,979.09,2025-07-03,781.11
9025,Luis Hernandez,Monitor,Sur,53.0,696.13,2025-09-01,1514.7
2717,Jorge Morales,Monitor,Centro,55.0,833.245,2026-03-19,1668.87
6207,Laura Sanchez,Laptop,Sur,35.0,566.15,2026-05-24,1226.87
8954,Carlos Ramirez,Silla,Centro,27.0,471.54,2024-07-26,1477.78
6994,Daniela Cruz,Tablet,Occidente,50.0,1049.74,,1153.15
3483,Isabel Guzman,Impresora,Sur,43.0,725.85,2024-05-12,786.73
4654,Daniela Cruz,Mouse,Occidente,24.0,938.7,2026-02-23,1472.29
3403,Diego Romero,Camara,Sur,35.0,302.42,2024-12-15,1230.19
6254,Diego Romero,Camara,Sur,36.0,352.3,2025-10-12,1492.49
5726,Sofia Torres,Monitor,Norte,26.0,571.59,2024-02-13,1690.84
6795,Jorge Morales,Silla,Norte,32.0,762.21,2024-08-11,2141.72
3870,Andres Ortiz,Mouse,Norte,28.0,1129.5,2025-08-11,1918.96
5742,Laura Sanchez,Camara,Norte,50.0,783.74,2024-05-29,1045.73
5801,Jorge Morales,Mouse,Centro,21.0,819.92,2026-02-03,827.49
1379,Diego Romero,Laptop,Norte,46.0,933.03,2024-02-26,1584.65
7399,Maria Lopez,Laptop,Centro,36.0,1147.9,2025-03-20,1133.46
1552,Maria Lopez,Escritorio,Sur,23.0,427.66,2025-08-10,1293.14
3137,Ana Garcia,Bocina,Sur,17.0,726.8,2026-02-03,1362.7
8504,Jorge Morales,Bocina,Norte,42.0,1173.57,2024-03-30,1117.57
1632,Diego Romero,Bocina,Sur,46.0,1661.38,2024-08-22,1470.94
4261,Diego Romero,Silla,Occidente,29.0,1505.23,2026-02-25,618.61
4454,Laura Sanchez,Tablet,Sur,49.0,838.68,2024-06-27,1335.24
6505,Daniela Cruz,Bocina,Sur,45.0,848.78,,1304.53
3811,Daniela Cruz,Silla,Centro,38.0,762.57,2025-09-20,1779.95
5467,Camila Reyes,Tablet,Sur,32.0,587.23,2024-12-03,931.52
9184,Miguel Flores,Laptop,Norte,58.0,710.6,2025-10-19,1569.53
5924,Miguel Flores,Tablet,Norte,39.0,838.68,2025-12-04,1798.28
129,Ricardo Vargas,Mouse,Norte,21.0,894.44,2025-02-04,1181.94
1010,Diego Romero,Mouse,Norte,16.0,771.89,2024-12-07,1300.67
1291,Jorge Morales,Mouse,Occidente,47.0,819.92,2025-06-01,1925.08
5343,Miguel Flores,Monitor,Sur,5.0,880.06,2024-10-13,1276.88
202,Pedro Aguilar,Escritorio,Sur,36.0,1636.51,2024-10-02,840.58
3696,Diego Romero,Mouse,Centro,24.0,361.72,2024-12-13,1759.13
7441,Camila Reyes,Escritorio,Sur,25.0,800.21,2025-02-09,1198.67
5518,Alejandro Diaz,Escritorio,Sur,23.0,294.37,2026-05-29,1294.21
5914,Pedro Aguilar,Bocina,Sur,21.0,897.82,2025-01-13,1463.76
955,Carlos Ramirez,Impresora,Occidente,37.0,936.99,2025-06-25,1608.37
4021,Ricardo Vargas,Escritorio,Occidente,39.0,730.8,2026-04-23,741.01
2362,Jorge Morales,Tablet,Norte,389.0,838.68,2024-03-14,1691.5
8150,Laura Sanchez,Tablet,Centro,29.0,853.26,2025-12-17,1864.76
4690,Andres Ortiz,Teclado,Occidente,30.0,795.78,2026-05-23,1215.84
8395,Jose Martinez,Bocina,Sur,35.0,1313.71,2025-11-13,1424.45
8022,Valeria Mendoza,Mouse,Centro,40.0,1651.53,2024-01-25,1533.38
983,Sofia Torres,Impresora,Norte,42.0,419.55,2026-04-20,1017.77
3697,Laura Sanchez,Silla,Sur,34.0,601.49,2024-07-05,1487.28
6143,Ricardo Vargas,Tablet,Norte,27.0,498.7,2025-03-29,1566.08
6077,Maria Lopez,Silla,Sur,27.0,938.31,2026-05-04,1472.24
2381,Pedro Aguilar,Tablet,Norte,34.0,1262.93,2025-05-20,2218.74
2487,Miguel Flores,Escritorio,Sin Especificar,40.0,482.05,2024-05-05,916.66
6471,Jose Martinez,Teclado,Centro,38.0,690.15,,1237.79
3207,Fernanda Castro,Escritorio,Norte,50.0,708.08,2025-10-06,825.06
5959,Carlos Ramirez,Camara,Norte,30.0,829.105,2025-05-31,1152.4
3090,Daniela Cruz,Camara,Occidente,48.0,933.65,2025-05-29,1522.81
6167,Miguel Flores,Impresora,Sur,44.0,609.87,,937.61
1188,Fernanda Castro,Monitor,Occidente,35.0,897.01,2026-02-13,1624.51
6426,Diego Romero,Mouse,Occidente,38.0,1148.31,2025-08-23,1479.13
6439,Ana Garcia,Silla,Sur,48.0,996.62,2024-07-05,1219.65
4448,Isabel Guzman,Impresora,Norte,38.0,602.57,2024-05-27,833.56
7500,Daniela Cruz,Silla,Centro,52.0,825.78,2026-04-18,1676.02
3920,Paola Rios,Bocina,Sur,18.0,1334.14,2026-05-25,1602.86
1596,Ricardo Vargas,Monitor,Sur,42.0,969.36,2024-06-02,1305.59
4093,Maria Lopez,Bocina,Centro,43.0,742.43,2024-10-26,1051.5
8235,Jose Martinez,Laptop,Norte,53.0,827.5550000000001,2025-08-05,1160.39
6666,Maria Lopez,Monitor,Centro,43.0,979.22,2024-05-23,1699.18
6246,Sofia Torres,Escritorio,Sur,39.0,1620.74,,1730.69
3348,Isabel Guzman,Camara,Sur,48.0,829.105,2024-01-28,1157.74
9812,Andres Ortiz,Silla,Occidente,20.0,633.06,2024-10-09,1363.37
5169,Jorge Morales,Bocina,Sin Especificar,45.0,1209.51,2025-05-20,1993.83
1274,Sofia Torres,Impresora,Norte,41.0,958.94,2025-04-05,1449.95
575,Valeria Mendoza,Mouse,Centro,38.0,1440.03,2024-11-25,1667.31
145,Jorge Morales,Silla,Occidente,35.0,852.81,2024-09-13,1254.91
6273,Carlos Ramirez,Silla,Centro,45.0,852.81,2025-07-15,648.15
8062,Alejandro Diaz,Silla,Occidente,35.0,419.92,2025-04-14,1684.12
6144,Isabel Guzman,Mouse,Norte,48.0,545.46,2025-05-20,1295.8
2621,Laura Sanchez,Tablet,Sur,28.0,838.68,2026-01-31,915.76
4915,Isabel Guzman,Escritorio,Norte,48.0,743.43,,927.07
5995,Maria Lopez,Bocina,Occidente,38.0,696.22,2024-01-27,1559.56
9935,Miguel Flores,Teclado,Occidente,57.0,978.22,2024-01-01,1834.9
4972,Fernanda Castro,Impresora,Norte,45.0,1104.92,2025-02-12,1268.46
2771,Pedro Aguilar,Tablet,Centro,42.0,604.59,2025-01-31,877.37
4890,Andres Ortiz,Monitor,Sur,38.0,1106.79,2025-08-17,849.7
7323,Ana Garcia,Escritorio,Occidente,28.0,845.78,2026-02-13,1593.22
7506,Laura Sanchez,Silla,Centro,38.0,689.62,2024-10-21,1127.03
989,Isabel Guzman,Monitor,Norte,30.0,944.47,2024-06-06,1522.6
9707,Carlos Ramirez,Camara,Occidente,45.0,1231.09,2025-07-02,1999.44
4481,Laura Sanchez,Impresora,Norte,33.0,906.07,2025-11-13,1168.34
7978,Laura Sanchez,Laptop,Norte,31.0,1299.92,2026-03-24,1287.16
8904,Fernanda Castro,Tablet,Norte,41.0,355.1,2024-10-17,1398.46
3851,Carlos Ramirez,Impresora,Sin Especificar,34.0,381.35,2024-10-30,1497.95
6223,Alejandro Diaz,Impresora,Occidente,24.0,187.81,2026-03-07,1582.55
6685,Jose Martinez,Impresora,Norte,61.0,1143.74,2025-10-17,1795.79
3566,Ricardo Vargas,Monitor,Norte,53.0,1082.73,2024-08-09,805.12
6504,Fernanda Castro,Escritorio,Occidente,46.0,792.07,2025-06-10,1775.89
3888,Jorge Morales,Escritorio,Norte,43.0,741.82,2024-11-14,1530.66
3297,Diego Romero,Bocina,Norte,25.0,790.79,2024-07-09,1164.2
4404,Carlos Ramirez,Teclado,Centro,48.0,882.77,2024-11-20,1924.03
3462,Andres Ortiz,Bocina,Centro,50.0,726.7,2024-10-01,1466.53
4910,Alejandro Diaz,Camara,Sur,39.0,1270.0,2024-05-18,1988.35
4138,Fernanda Castro,Impresora,Occidente,48.0,802.63,2025-11-29,1398.84
8698,Carlos Ramirez,Bocina,Norte,51.0,256.26,2025-05-23,1705.94
7957,Ricardo Vargas,Silla,Centro,38.0,1453.15,,1311.04
9040,Pedro Aguilar,Bocina,Centro,13.0,697.68,2024-02-11,1482.08
8029,Jorge Morales,Silla,Centro,76.0,762.06,2024-10-09,1695.21
4795,Alejandro Diaz,Silla,Occidente,43.0,831.83,2024-08-27,1431.8
726,Carlos Ramirez,Impresora,Norte,33.0,716.97,,1298.89
6064,Valeria Mendoza,Tablet,Occidente,53.0,1536.29,2025-11-09,2064.9
2052,Laura Sanchez,Bocina,Norte,48.0,514.17,2024-10-04,1409.98
5784,Diego Romero,Bocina,Norte,34.0,1322.98,2026-04-28,1762.44
4312,Pedro Aguilar,Bocina,Centro,21.0,535.65,2025-04-25,1683.04
2147,Jose Martinez,Teclado,Sur,51.0,924.9,2025-10-30,1436.91
2697,Carlos Ramirez,Escritorio,Centro,46.0,845.68,2024-10-01,1673.88
2483,Isabel Guzman,Escritorio,Centro,31.0,1462.83,2025-10-15,843.99
1371,Miguel Flores,Teclado,Norte,41.0,822.475,2026-03-14,1502.91
1567,Sofia Torres,Laptop,Norte,33.0,494.69,2024-12-20,1355.39
7417,Fernanda Castro,Impresora,Occidente,36.0,396.8,2025-02-02,1414.91
9552,Daniela Cruz,Impresora,Occidente,17.0,901.63,2025-03-31,1195.73
1517,Isabel Guzman,Impresora,Norte,27.0,806.26,,949.67
6845,Carlos Ramirez,Monitor,Occidente,46.0,826.06,2024-01-07,1251.92
5863,Isabel Guzman,Camara,Centro,55.0,827.28,2025-01-30,2026.09
3628,Carlos Ramirez,Tablet,Sur,19.0,845.8,2025-04-19,2290.41
3309,Fernanda Castro,Silla,Occidente,39.0,1303.31,2024-01-20,1440.62
3732,Daniela Cruz,Mouse,Occidente,34.0,1120.8,2025-11-27,1413.63
1038,Laura Sanchez,Laptop,Occidente,37.0,999.87,2025-01-12,1438.96
2438,Miguel Flores,Camara,Centro,26.0,1070.39,,1420.12
3000,Andres Ortiz,Impresora,Occidente,49.0,1209.61,2026-01-01,1259.45
1511,Jose Martinez,Bocina,Occidente,54.0,1336.7,2025-01-12,1532.75
412,Ana Garcia,Mouse,Occidente,29.0,929.3,2024-10-14,1294.6
9224,Luis Hernandez,Laptop,Occidente,25.0,901.66,2026-06-01,1644.84
7775,Isabel Guzman,Bocina,Norte,59.0,796.87,2025-12-10,1826.13
3260,Maria Lopez,Monitor,Sin Especificar,52.0,771.89,2025-02-17,1215.87
5393,Miguel Flores,Impresora,Occidente,36.0,803.05,2026-04-03,921.45
1318,Sofia Torres,Impresora,Norte,36.0,826.23,2024-07-09,1956.78
7572,Andres Ortiz,Tablet,Sur,38.0,557.4,2024-01-22,1413.91
8970,Luis Hernandez,Camara,Centro,38.0,733.28,2025-02-24,1035.17
3070,Jose Martinez,Tablet,Centro,56.0,898.09,2024-11-11,1097.69
6646,Sofia Torres,Escritorio,Centro,24.0,897.49,2025-09-06,859.03
4672,Paola Rios,Escritorio,Occidente,39.0,676.36,2024-05-08,1095.63
7988,Ricardo Vargas,Laptop,Norte,38.0,436.85,2025-06-14,1268.45
4855,Luis Hernandez,Escritorio,Occidente,42.0,1033.53,,1320.96
4891,Maria Lopez,Tablet,Norte,15.0,1011.37,2024-11-09,1434.39
8218,Isabel Guzman,Silla,Sin Especificar,46.0,284.47,2024-05-18,1337.91
3393,Carlos Ramirez,Mouse,Sur,49.0,608.82,2024-06-02,1770.66
5223,Pedro Aguilar,Escritorio,Centro,38.0,973.13,2024-05-02,1755.09
7674,Ricardo Vargas,Impresora,Centro,47.0,1063.62,,1524.04
506,Laura Sanchez,Mouse,Sur,41.0,913.56,2026-03-30,1981.83
1561,Daniela Cruz,Silla,Occidente,33.0,852.81,2026-04-26,1774.52
7539,Paola Rios,Impresora,Sur,45.0,826.23,2026-04-01,1559.9
6611,Carlos Ramirez,Impresora,Occidente,35.0,577.13,2025-04-24,1348.56
7617,Valeria Mendoza,Mouse,Centro,40.0,819.92,2024-04-28,1393.24
6405,Carlos Ramirez,Silla,Sur,36.0,1246.77,2025-01-06,1725.94
9067,Diego Romero,Escritorio,Centro,48.0,823.15,2025-05-20,1639.01
1121,Pedro Aguilar,Bocina,Occidente,41.0,686.48,2025-10-18,1302.03
4683,Valeria Mendoza,Silla,Occidente,48.0,852.81,2024-09-29,1066.04
8794,Pedro Aguilar,Camara,Occidente,25.0,903.22,,2235.11
4708,Carlos Ramirez,Escritorio,Centro,66.0,508.57,2025-05-08,1565.79
7283,Carlos Ramirez,Camara,Occidente,30.0,1357.79,2025-10-05,1870.69
6570,Sofia Torres,Escritorio,Centro,42.0,713.99,2024-04-02,1527.19
3942,Andres Ortiz,Teclado,Occidente,42.0,491.04,2026-10-01,1244.09
2738,Daniela Cruz,Mouse,Norte,47.0,374.12,2025-02-23,1741.2
5632,Ricardo Vargas,Laptop,Occidente,33.0,1020.73,2024-10-30,1443.78
8541,Miguel Flores,Teclado,Sur,50.0,1215.83,2025-03-16,1858.38
4982,Miguel Flores,Escritorio,Occidente,35.0,50.0,2026-05-25,983.47
6628,Jose Martinez,Mouse,Occidente,27.0,618.35,2025-01-24,772.86
9811,Diego Romero,Silla,Centro,52.0,1324.11,2025-10-22,1617.94
4879,Sofia Torres,Monitor,Norte,31.0,1071.81,2026-04-06,928.11
8822,Luis Hernandez,Impresora,Centro,46.0,1527.09,2026-03-05,1355.55
2518,Valeria Mendoza,Teclado,Sur,29.0,1142.21,,1057.65
7190,Sofia Torres,Mouse,Norte,49.0,898.65,2025-02-06,1207.67
2549,Fernanda Castro,Impresora,Centro,31.0,768.6,,274.48
9120,Camila Reyes,Teclado,Norte,60.0,603.66,2024-12-10,1676.85
6554,Ana Garcia,Tablet,Sur,57.0,1385.87,2024-04-22,1481.61
409,Diego Romero,Silla,Norte,31.0,810.93,2024-10-31,1918.15
3392,Ana Garcia,Laptop,Occidente,24.0,690.14,2024-04-22,1118.11
8357,Isabel Guzman,Camara,Centro,37.0,974.38,2024-04-09,1696.93
2292,Jorge Morales,Tablet,Occidente,45.0,922.29,2024-02-17,1439.51
2337,Maria Lopez,Camara,Centro,26.0,542.51,2024-10-08,1279.46
7823,Carlos Ramirez,Silla,Norte,63.0,970.83,2025-08-01,1871.08
6069,Isabel Guzman,Bocina,Centro,46.0,1027.26,2025-11-06,1665.88
5819,Luis Hernandez,Mouse,Centro,21.0,50.0,2026-01-25,1441.49
5282,Jorge Morales,Teclado,Norte,23.0,1723.09,2024-05-21,1638.12
3771,Camila Reyes,Mouse,Centro,24.0,1137.38,2025-07-18,1773.93
7236,Camila Reyes,Monitor,Occidente,41.0,569.56,2024-09-25,1692.16
5964,Sofia Torres,Tablet,Centro,28.0,1223.65,2026-03-21,1173.06
5851,Jose Martinez,Laptop,Norte,48.0,996.47,2026-05-21,1501.79
7471,Maria Lopez,Laptop,Sur,38.0,622.46,2024-07-29,1560.51
5062,Isabel Guzman,Teclado,Occidente,38.0,1229.47,2026-02-04,1241.7
2861,Ana Garcia,Tablet,Norte,38.0,859.31,2025-08-22,1030.99
2364,Laura Sanchez,Tablet,Sur,7.0,387.25,2025-04-11,1241.87
4625,Diego Romero,Silla,Centro,57.0,1220.99,2025-04-23,1237.58
7322,Ricardo Vargas,Escritorio,Centro,37.0,323.93,2025-01-13,955.55
6065,Alejandro Diaz,Camara,Norte,57.0,906.68,2024-08-03,1326.99
4124,Fernanda Castro,Laptop,Norte,34.0,1043.36,2025-11-04,1197.29
275,Jose Martinez,Monitor,Sur,62.0,1414.04,2024-06-21,903.08
7999,Daniela Cruz,Impresora,Sur,50.0,804.0,2025-06-23,1232.05
6277,Daniela Cruz,Escritorio,Centro,61.0,1700.89,2025-07-11,1466.66
7814,Pedro Aguilar,Teclado,Sur,30.0,643.16,2026-04-24,1181.23
8868,Andres Ortiz,Mouse,Occidente,15.0,679.82,2025-10-14,1571.66
6399,Fernanda Castro,Monitor,Occidente,34.0,1049.21,2024-11-18,1152.96
3383,Alejandro Diaz,Tablet,Occidente,33.0,882.59,2025-07-09,1284.68
6734,Luis Hernandez,Impresora,Centro,3.0,1149.59,2025-02-28,955.28
9552,Daniela Cruz,Impresora,Occidente,17.0,901.63,2025-03-31,1148.91
3705,Diego Romero,Mouse,Norte,24.0,1148.57,2025-04-30,1486.8
586,Diego Romero,Monitor,Centro,35.0,1114.21,,1685.35
838,Andres Ortiz,Impresora,Sur,54.0,769.63,2025-02-18,1822.11
4807,Pedro Aguilar,Teclado,Occidente,42.0,1027.05,2024-05-21,1913.39
4400,Jose Martinez,Monitor,Centro,52.0,332.12,2024-01-07,1656.09
2616,Diego Romero,Camara,Norte,42.0,1041.0,2026-01-18,1296.32
5347,Fernanda Castro,Laptop,Centro,45.0,942.2,2024-08-28,1371.72
7244,Ricardo Vargas,Silla,Sur,47.0,958.29,2024-09-14,1481.79
1554,Daniela Cruz,Laptop,Sur,47.0,1069.24,2026-01-30,1588.11
817,Maria Lopez,Monitor,Occidente,44.0,833.245,2024-03-11,1437.77
303,Diego Romero,Monitor,Centro,30.0,833.245,2025-04-26,1434.26
2620,Andres Ortiz,Camara,Occidente,44.0,997.93,2025-06-12,1323.93
8142,Isabel Guzman,Tablet,Centro,43.0,838.68,,1220.88
2486,Jorge Morales,Impresora,Centro,31.0,390.63,2025-05-09,1262.59
567,Laura Sanchez,Camara,Sur,38.0,704.86,2025-08-14,1474.03
1064,Luis Hernandez,Monitor,Norte,33.0,986.72,2024-08-12,1176.71
9065,Miguel Flores,Bocina,Occidente,23.0,956.05,2024-06-09,1652.81
2820,Valeria Mendoza,Silla,Occidente,33.0,1074.11,2024-06-15,1212.6
953,Diego Romero,Mouse,Centro,39.0,862.09,2026-02-18,1249.27
160,Maria Lopez,Silla,Centro,47.0,635.16,2025-02-19,1239.07
924,Diego Romero,Mouse,Occidente,31.0,379.86,2025-06-04,1227.57
7019,Valeria Mendoza,Teclado,Sur,45.0,490.61,2025-11-08,995.6
9745,Ricardo Vargas,Silla,Centro,24.0,742.48,2026-02-28,2061.0
88,Camila Reyes,Monitor,Norte,38.0,780.6,2025-07-23,1224.95
7900,Sofia Torres,Laptop,Norte,32.0,618.87,2025-10-12,1482.34
1840,Alejandro Diaz,Mouse,Centro,38.0,685.34,2025-03-05,1336.55
2057,Fernanda Castro,Impresora,Centro,41.0,955.52,2025-11-09,1476.51
8682,Alejandro Diaz,Escritorio,Centro,42.0,1084.57,2024-10-12,1078.1
3714,Paola Rios,Monitor,Sur,37.0,354.04,,1541.47
4926,Diego Romero,Monitor,Centro,59.0,780.34,2025-10-07,1138.5
386,Ana Garcia,Bocina,Centro,40.0,840.105,2026-04-15,1325.89
2284,Diego Romero,Camara,Occidente,44.0,1034.39,2025-09-13,851.83
1825,Pedro Aguilar,Tablet,Sur,34.0,841.91,2025-07-28,1287.62
5485,Luis Hernandez,Monitor,Sur,34.0,896.79,2026-06-12,795.51
4420,Ana Garcia,Silla,Sin Especificar,26.0,566.34,2025-05-30,1604.48
1589,Alejandro Diaz,Mouse,Sur,25.0,849.69,2025-06-23,1718.0
2872,Diego Romero,Monitor,Norte,32.0,1054.57,2025-01-21,1790.32
3349,Carlos Ramirez,Bocina,Sur,25.0,487.29,2024-09-17,1286.96
5401,Andres Ortiz,Bocina,Centro,38.0,1128.48,2024-06-19,1903.98
4090,Miguel Flores,Teclado,Norte,51.0,822.475,2025-08-22,1452.56
5889,Paola Rios,Teclado,Centro,43.0,1080.31,2025-03-19,1696.73
4097,Laura Sanchez,Teclado,Centro,47.0,479.38,2026-06-15,1647.16
3161,Laura Sanchez,Tablet,Norte,51.0,476.62,2024-10-15,1749.38
964,Carlos Ramirez,Tablet,Occidente,46.0,1048.69,2025-01-17,1522.1
353,Ana Garcia,Impresora,Sur,31.0,244.28,2026-04-03,1373.03
9250,Ana Garcia,Teclado,Centro,43.0,1473.95,2024-05-16,1670.86
6587,Carlos Ramirez,Tablet,Centro,44.0,1359.5,2024-06-11,1474.45
8194,Ana Garcia,Impresora,Centro,31.0,502.46,2025-07-12,1494.07
8976,Ana Garcia,Bocina,Centro,40.0,620.19,2024-10-09,1763.43
9274,Fernanda Castro,Tablet,Sur,35.0,472.96,2024-11-18,1440.03
69,Pedro Aguilar,Camara,Centro,26.0,1143.42,2024-06-24,1542.47
8596,Paola Rios,Escritorio,Centro,47.0,550.7,2025-07-10,1316.34
8117,Sofia Torres,Monitor,Sur,39.0,309.11,2025-04-01,944.32
7195,Laura Sanchez,Impresora,Occidente,48.0,1169.45,2024-02-08,1274.12
1162,Pedro Aguilar,Teclado,Occidente,19.0,822.475,2024-06-09,863.77
219,Isabel Guzman,Mouse,Sur,44.0,776.84,2025-08-28,645.59
4274,Miguel Flores,Bocina,Centro,51.0,928.79,2025-12-21,1123.49
1201,Valeria Mendoza,Tablet,Centro,50.0,591.7,2024-10-04,907.79
6073,Valeria Mendoza,Teclado,Sin Especificar,45.0,909.29,2024-09-22,1520.61
2916,Paola Rios,Escritorio,Norte,20.0,861.43,2024-12-10,785.04
1757,Ricardo Vargas,Escritorio,Sur,46.0,802.63,2025-09-11,684.48
3487,Carlos Ramirez,Escritorio,Sur,24.0,832.48,2025-11-01,1363.18
6703,Andres Ortiz,Teclado,Occidente,39.0,1638.89,2025-07-04,1021.16
2720,Maria Lopez,Mouse,Centro,25.0,979.73,2024-08-11,1634.5
2242,Diego Romero,Bocina,Occidente,50.0,1164.92,2025-10-22,1235.62
6025,Camila Reyes,Monitor,Occidente,26.0,479.57,2024-10-11,1785.52
5594,Fernanda Castro,Laptop,Occidente,42.0,341.06,2024-04-27,1843.49
3750,Diego Romero,Teclado,Norte,40.0,794.68,2024-06-29,1004.24
9475,Andres Ortiz,Mouse,Norte,25.0,1306.15,2025-11-18,1011.81
539,Diego Romero,Camara,Norte,54.0,819.17,2025-09-04,1976.41
1331,Jorge Morales,Mouse,Norte,46.0,906.58,2025-12-14,1682.67
2304,Ricardo Vargas,Tablet,Centro,32.0,1055.61,2025-05-23,1167.78
1613,Luis Hernandez,Mouse,Sin Especificar,36.0,1364.9,2026-01-31,1507.53
1489,Daniela Cruz,Bocina,Norte,48.0,1475.03,2024-09-12,1399.76
1745,Paola Rios,Escritorio,Centro,37.0,269.6,2024-10-29,1175.13
9678,Laura Sanchez,Tablet,Sur,43.0,1384.81,2025-10-13,839.67
1435,Andres Ortiz,Silla,Centro,33.0,1016.51,2024-09-21,880.44
1394,Pedro Aguilar,Bocina,Sin Especificar,41.0,1323.28,2024-08-31,1676.69
5406,Andres Ortiz,Tablet,Centro,37.0,997.55,2025-08-12,1207.57
3646,Valeria Mendoza,Teclado,Occidente,41.0,1230.71,2026-03-09,1057.4
5963,Ricardo Vargas,Tablet,Sur,44.0,498.48,2024-06-02,1439.61
3801,Andres Ortiz,Tablet,Sin Especificar,36.0,1065.54,2026-03-30,2174.53
9508,Jose Martinez,Teclado,Norte,51.0,935.46,2024-10-30,1316.03
2813,Maria Lopez,Tablet,Norte,32.0,472.85,2024-10-21,1634.83
2670,Paola Rios,Monitor,Norte,50.0,838.47,2025-05-24,784.16
9375,Valeria Mendoza,Impresora,Sur,33.0,506.62,,1993.52
7845,Daniela Cruz,Silla,Sur,28.0,1188.26,2024-10-05,1070.57
5214,Diego Romero,Monitor,Occidente,18.0,1010.1,2025-08-07,2038.85
3249,Diego Romero,Tablet,Centro,51.0,1177.89,2026-01-29,1230.64
6864,Isabel Guzman,Silla,Sur,29.0,324.01,2026-04-28,1300.76
574,Carlos Ramirez,Teclado,Sur,37.0,878.78,,884.39
7749,Laura Sanchez,Monitor,Sur,64.0,717.4,2025-05-09,1273.58
8889,Laura Sanchez,Tablet,Occidente,30.0,707.5,2024-06-16,619.92
5508,Sofia Torres,Bocina,Centro,32.0,687.75,2025-07-12,1266.65
1557,Diego Romero,Mouse,Sur,18.0,1150.82,2025-05-22,1006.26
7266,Alejandro Diaz,Mouse,Centro,23.0,958.71,2024-08-22,1725.02
2599,Miguel Flores,Silla,Centro,26.0,1053.14,2026-05-08,1275.88
5168,Camila Reyes,Laptop,Occidente,38.0,968.35,2025-06-28,1480.12
4158,Miguel Flores,Silla,Centro,64.0,756.51,2024-03-20,1259.34
2188,Isabel Guzman,Teclado,Centro,38.0,906.38,,1279.82
4023,Miguel Flores,Laptop,Occidente,46.0,682.64,2025-06-19,1545.68
8454,Camila Reyes,Mouse,Norte,48.0,985.73,2024-09-23,1047.77
8475,Isabel Guzman,Escritorio,Sur,22.0,489.7,,1506.64
259,Miguel Flores,Escritorio,Sur,49.0,896.87,2025-01-25,1406.0
2665,Miguel Flores,Tablet,Sin Especificar,20.0,838.68,2024-03-27,1469.41
9401,Diego Romero,Tablet,Norte,31.0,566.06,2024-03-19,1414.73
3234,Diego Romero,Tablet,Sur,55.0,838.68,2024-01-03,1916.71
8918,Pedro Aguilar,Mouse,Sur,27.0,778.71,2025-11-24,1179.67
7015,Carlos Ramirez,Bocina,Norte,24.0,702.03,2025-06-25,1390.89
9311,Luis Hernandez,Escritorio,Sur,39.0,579.05,2026-05-04,1190.35
5249,Camila Reyes,Camara,Sur,22.0,971.24,2024-04-23,1313.68
5443,Camila Reyes,Monitor,Norte,41.0,833.245,2024-04-19,1073.29
8248,Paola Rios,Laptop,Norte,43.0,463.39,2024-03-29,1485.04
3615,Miguel Flores,Bocina,Centro,17.0,1125.1,2025-11-20,1297.95
9533,Ana Garcia,Tablet,Occidente,13.0,1198.41,2025-03-03,687.6
2215,Carlos Ramirez,Escritorio,Norte,50.0,1056.84,2025-01-03,1382.67
5458,Jorge Morales,Monitor,Sur,55.0,955.75,2024-07-11,1048.01
2936,Maria Lopez,Bocina,Centro,35.0,1138.56,2025-12-10,1659.43
889,Paola Rios,Mouse,Sur,44.0,950.56,2025-06-06,1115.42
2955,Laura Sanchez,Silla,Norte,33.0,875.41,,982.79
1688,Carlos Ramirez,Monitor,Sur,36.0,833.245,2025-04-14,1723.2
1820,Maria Lopez,Tablet,Occidente,14.0,1088.84,2025-10-19,1294.66
3704,Valeria Mendoza,Impresora,Norte,39.0,966.72,2025-12-23,1406.86
1973,Jorge Morales,Silla,Norte,46.0,1030.41,2025-05-24,1601.44
8114,Ricardo Vargas,Silla,Sur,16.0,295.35,2024-11-25,1326.98
8188,Maria Lopez,Monitor,Occidente,371.0,1020.14,2025-03-07,947.5
8907,Paola Rios,Impresora,Centro,25.0,439.89,2025-07-11,1473.89
5153,Pedro Aguilar,Bocina,Norte,18.0,889.06,2025-10-08,1486.28
7872,Pedro Aguilar,Teclado,Occidente,23.0,1174.98,2024-02-12,1162.28
9330,Valeria Mendoza,Monitor,Centro,19.0,786.89,2025-03-25,1369.61
4714,Jose Martinez,Camara,Sur,28.0,995.71,2025-12-26,1863.73
8316,Alejandro Diaz,Monitor,Norte,24.0,993.73,2024-09-14,1627.01
9512,Maria Lopez,Monitor,Occidente,43.0,991.77,2025-09-04,1449.89
9585,Jose Martinez,Silla,Occidente,45.0,916.91,2025-11-01,1671.39
981,Alejandro Diaz,Silla,Centro,16.0,947.59,2025-10-19,1085.03
7833,Camila Reyes,Laptop,Sin Especificar,40.0,827.5550000000001,2026-06-10,1284.57
5504,Luis Hernandez,Mouse,Sur,44.0,1044.25,2024-10-06,1445.76
7262,Ricardo Vargas,Silla,Centro,18.0,862.18,2025-12-30,1801.58
7224,Sofia Torres,Monitor,Occidente,43.0,311.1,2024-12-24,1669.35
8368,Daniela Cruz,Camara,Sur,57.0,875.46,2024-05-09,1490.36
582,Maria Lopez,Camara,Sur,56.0,1265.73,2025-05-03,2083.55
5291,Laura Sanchez,Laptop,Norte,26.0,694.38,2025-10-10,1898.52
2877,Daniela Cruz,Bocina,Occidente,32.0,791.48,2024-02-07,1379.02
7136,Luis Hernandez,Mouse,Norte,20.0,877.9,,1342.38
9580,Daniela Cruz,Bocina,Sur,48.0,1323.85,2025-04-01,1645.16
5976,Ricardo Vargas,Escritorio,Centro,58.0,748.65,2025-07-26,1191.68
1862,Sofia Torres,Monitor,Norte,24.0,546.29,2025-12-02,945.61
5447,Pedro Aguilar,Bocina,Centro,38.0,855.95,2024-07-04,516.37
3576,Ana Garcia,Monitor,Occidente,37.0,982.44,2024-07-30,1546.73
4506,Fernanda Castro,Mouse,Sur,41.0,693.45,2025-02-17,1155.03
4772,Pedro Aguilar,Mouse,Norte,39.0,819.92,2025-05-30,1199.92
298,Paola Rios,Laptop,Occidente,39.0,623.04,2024-01-26,1493.76
926,Paola Rios,Bocina,Sur,33.0,801.6,2025-08-28,1568.55
1591,Jorge Morales,Mouse,Sur,51.0,623.94,2024-08-06,1460.37
7766,Maria Lopez,Camara,Centro,30.0,510.63,,1476.95
7491,Jorge Morales,Impresora,Sur,44.0,849.9,2026-04-03,1427.67
1308,Carlos Ramirez,Bocina,Occidente,26.0,840.105,2025-08-12,1330.04
7038,Sofia Torres,Camara,Centro,39.0,715.14,2025-12-26,1407.98
4768,Miguel Flores,Laptop,Norte,56.0,1032.61,2024-05-26,626.56
1673,Pedro Aguilar,Laptop,Sur,38.0,1147.42,2025-06-14,820.41
2230,Valeria Mendoza,Silla,Norte,34.0,1471.26,2024-07-28,828.1
9752,Carlos Ramirez,Laptop,Sur,46.0,946.67,2025-12-06,1122.77
294,Luis Hernandez,Bocina,Centro,30.0,1078.82,2025-06-10,1347.51
6346,Laura Sanchez,Tablet,Norte,8.0,314.39,2025-07-18,1579.62
4223,Miguel Flores,Impresora,Occidente,48.0,424.1,2024-06-12,963.97
2580,Miguel Flores,Silla,Norte,26.0,517.93,2024-06-22,994.74
7576,Isabel Guzman,Mouse,Norte,42.0,761.05,2024-02-25,1588.95
6344,Laura Sanchez,Monitor,Centro,38.0,936.52,2025-09-30,1599.22
8315,Alejandro Diaz,Camara,Sur,37.0,605.31,2025-03-17,1037.2
693,Carlos Ramirez,Camara,Centro,23.0,648.04,2026-04-07,1948.55
687,Laura Sanchez,Escritorio,Norte,32.0,598.01,2024-05-28,1657.21
818,Carlos Ramirez,Monitor,Occidente,38.0,1230.2,2025-03-28,1521.86
217,Alejandro Diaz,Bocina,Sur,30.0,219.53,,1728.97
7935,Ricardo Vargas,Teclado,Occidente,16.0,1757.46,2025-05-19,1255.07
3890,Isabel Guzman,Silla,Norte,30.0,1065.35,2026-05-22,1775.78
323,Carlos Ramirez,Escritorio,Sur,12.0,832.48,,821.18
6105,Paola Rios,Laptop,Occidente,53.0,827.5550000000001,2025-07-29,1674.71
479,Fernanda Castro,Camara,Norte,36.0,453.78,2025-04-19,1812.85
5379,Ricardo Vargas,Bocina,Occidente,41.0,482.26,2025-08-09,1604.38
5701,Ana Garcia,Laptop,Sur,33.0,839.56,2026-08-01,1960.45
1890,Maria Lopez,Escritorio,Norte,26.0,1203.2,2025-05-06,1332.15
5763,Maria Lopez,Tablet,Sin Especificar,54.0,731.57,2024-04-11,1593.91
813,Miguel Flores,Escritorio,Sur,43.0,953.16,2024-05-01,1381.89
7434,Daniela Cruz,Impresora,Centro,39.0,1274.48,2025-08-30,1044.62
4347,Carlos Ramirez,Monitor,Occidente,26.0,851.54,2026-04-30,1813.09
9036,Fernanda Castro,Laptop,Occidente,51.0,1078.97,,1897.53
6222,Paola Rios,Camara,Norte,44.0,504.27,2024-05-16,1346.57
3057,Paola Rios,Monitor,Centro,63.0,584.72,2024-03-03,1354.4
2376,Jorge Morales,Bocina,Centro,33.0,1271.27,2025-10-08,2128.94
4070,Sofia Torres,Escritorio,Occidente,48.0,133.15,2024-12-24,858.14
2033,Alejandro Diaz,Laptop,Sur,39.0,533.06,2026-04-02,2001.32
968,Pedro Aguilar,Teclado,Norte,34.0,592.73,2025-03-28,1265.81
9644,Isabel Guzman,Impresora,Occidente,32.0,1111.06,2024-05-31,1520.18
973,Isabel Guzman,Monitor,Sur,38.0,833.245,2024-12-22,397.88
6332,Sofia Torres,Bocina,Norte,35.0,966.13,2024-11-03,1698.11
2705,Ana Garcia,Teclado,Centro,43.0,729.54,2025-08-30,1047.4
6300,Fernanda Castro,Bocina,Sur,35.0,660.61,2024-05-30,1388.57
7861,Diego Romero,Laptop,Sin Especificar,27.0,811.85,2025-07-31,1510.04
3375,Sofia Torres,Monitor,Occidente,58.0,529.28,2025-10-24,1388.47
9347,Maria Lopez,Tablet,Occidente,30.0,1253.27,2025-07-22,1471.27
5602,Isabel Guzman,Tablet,Sin Especificar,56.0,786.91,2026-05-04,1245.02
2952,Paola Rios,Escritorio,Occidente,15.0,1078.13,2025-01-09,2237.98
9168,Isabel Guzman,Escritorio,Occidente,29.0,1043.0,2024-04-03,1525.54
8702,Miguel Flores,Escritorio,Centro,45.0,563.41,,1618.86
123,Daniela Cruz,Tablet,Centro,27.0,1086.59,2024-09-21,1316.1
7217,Laura Sanchez,Mouse,Centro,38.0,882.81,2025-03-19,1281.82
9767,Fernanda Castro,Bocina,Sur,34.0,1446.95,2026-04-02,1036.23
2101,Jorge Morales,Teclado,Norte,42.0,1167.09,2026-04-10,1084.06
870,Isabel Guzman,Laptop,Occidente,51.0,841.32,2025-04-18,1542.55
9223,Camila Reyes,Silla,Sur,40.0,866.35,2025-02-17,1860.49
6791,Isabel Guzman,Bocina,Norte,32.0,318.38,2024-11-28,1175.45
1999,Daniela Cruz,Silla,Occidente,29.0,746.35,2024-02-22,1639.05
3591,Sofia Torres,Teclado,Sur,57.0,721.21,2024-07-09,1369.67
1157,Miguel Flores,Camara,Occidente,41.0,878.21,2025-06-09,1473.68
3157,Ricardo Vargas,Laptop,Norte,53.0,1077.49,2025-08-02,1156.87
4429,Pedro Aguilar,Mouse,Occidente,23.0,708.74,2024-05-26,1942.85
5689,Diego Romero,Tablet,Occidente,39.0,1094.77,2026-03-01,1016.77
6481,Alejandro Diaz,Impresora,Centro,27.0,833.65,2024-10-03,1543.81
1576,Maria Lopez,Laptop,Norte,37.0,689.46,2025-06-02,1002.81
9952,Sofia Torres,Escritorio,Centro,46.0,657.64,2026-01-15,1151.08
8254,Diego Romero,Mouse,Centro,26.0,1176.11,2025-01-07,1359.89
473,Jorge Morales,Monitor,Occidente,46.0,742.76,2024-02-10,1179.57
4998,Fernanda Castro,Bocina,Centro,30.0,1364.24,2024-05-31,905.55
9058,Alejandro Diaz,Laptop,Centro,48.0,397.89,2024-07-13,1728.14
3584,Jorge Morales,Bocina,Occidente,47.0,595.16,2024-07-20,2047.82
2933,Andres Ortiz,Tablet,Occidente,43.0,908.51,2024-11-18,2109.39
5426,Camila Reyes,Impresora,Centro,33.0,1517.66,2025-05-02,1699.17
8752,Luis Hernandez,Silla,Occidente,40.0,1402.97,2026-02-06,1573.67
3389,Isabel Guzman,Mouse,Centro,28.0,898.97,2024-12-29,1390.62
2181,Andres Ortiz,Silla,Centro,16.0,870.93,2026-02-09,950.56
4744,Valeria Mendoza,Camara,Norte,41.0,1370.57,2025-11-29,1491.96
9925,Valeria Mendoza,Monitor,Norte,30.0,833.245,2024-11-25,1644.01
7126,Carlos Ramirez,Escritorio,Norte,16.0,880.55,2026-04-03,1588.24
5489,Jose Martinez,Tablet,Occidente,37.0,629.99,2026-05-02,1778.08
1150,Andres Ortiz,Silla,Sur,50.0,404.21,2024-07-18,1087.07
1161,Maria Lopez,Impresora,Norte,52.0,979.83,2024-12-26,1421.93
8001,Paola Rios,Laptop,Centro,48.0,839.11,2025-10-16,1042.76
257,Maria Lopez,Laptop,Occidente,60.0,1174.1,2025-11-11,1460.43
794,Diego Romero,Monitor,Centro,43.0,925.18,2026-03-11,1673.75
4874,Daniela Cruz,Silla,Norte,63.0,118.65,2025-09-07,1336.76
9298,Carlos Ramirez,Mouse,Sur,40.0,845.06,,1665.97
6198,Jose Martinez,Escritorio,Sur,42.0,1134.31,2025-08-04,1380.88
3856,Jorge Morales,Laptop,Occidente,31.0,445.32,2024-05-05,1443.96
558,Diego Romero,Bocina,Occidente,57.0,499.93,2026-03-29,1101.65
2900,Fernanda Castro,Escritorio,Centro,31.0,652.53,2026-01-25,1381.33
3221,Jorge Morales,Bocina,Norte,30.0,423.32,2024-02-20,1766.75
262,Isabel Guzman,Monitor,Centro,43.0,658.64,2024-05-05,1274.83
3741,Isabel Guzman,Silla,Centro,40.0,634.43,2025-09-02,1422.07
6763,Valeria Mendoza,Silla,Occidente,33.0,820.91,2024-05-29,1585.35
8820,Maria Lopez,Escritorio,Centro,5.0,1044.88,2026-02-28,1274.53
7228,Jose Martinez,Mouse,Occidente,31.0,548.71,2024-09-18,871.92
4306,Sofia Torres,Mouse,Centro,28.0,1237.5,2024-04-27,335.32
4305,Miguel Flores,Camara,Sur,46.0,968.74,2025-09-21,1730.54
5245,Paola Rios,Mouse,Sur,6.0,796.9,2025-07-09,1783.5
9213,Maria Lopez,Impresora,Norte,44.0,889.94,2025-06-18,1057.74
8801,Maria Lopez,Monitor,Norte,26.0,833.245,2025-04-21,2112.37
6823,Jose Martinez,Bocina,Centro,43.0,970.52,2026-04-17,2122.57
210,Alejandro Diaz,Monitor,Centro,39.0,901.75,2026-05-23,1034.56
3799,Jose Martinez,Silla,Norte,48.0,852.81,2026-01-13,1069.79
3540,Diego Romero,Camara,Occidente,33.0,829.105,2024-12-01,1369.24
154,Isabel Guzman,Impresora,Occidente,57.0,654.73,2026-01-25,850.93
1148,Alejandro Diaz,Impresora,Centro,45.0,611.51,2024-11-19,1080.07
1968,Luis Hernandez,Silla,Norte,16.0,1121.11,2024-12-05,1148.12
8154,Daniela Cruz,Silla,Centro,58.0,932.08,2025-11-03,1684.0
2434,Alejandro Diaz,Laptop,Norte,47.0,963.06,2024-09-14,1815.89
598,Diego Romero,Bocina,Sur,38.0,706.83,2026-02-15,1089.55
3138,Jorge Morales,Laptop,Sur,45.0,918.49,2025-11-29,1151.93
6028,Ricardo Vargas,Mouse,Centro,38.0,1009.5,2024-12-18,1211.78
4777,Miguel Flores,Impresora,Sur,53.0,514.82,2026-02-26,1038.34
9536,Daniela Cruz,Escritorio,Norte,62.0,907.46,2026-01-25,930.52
1566,Maria Lopez,Teclado,Sur,32.0,1317.78,2025-03-18,1428.76
6247,Maria Lopez,Escritorio,Centro,48.0,1103.2,2025-11-12,1634.21
7404,Carlos Ramirez,Escritorio,Centro,56.0,700.88,2026-05-14,1327.34
6449,Miguel Flores,Impresora,Occidente,41.0,753.82,2025-07-05,1167.93
9446,Miguel Flores,Teclado,Centro,26.0,822.475,,1144.87
7305,Valeria Mendoza,Monitor,Sur,41.0,491.89,2026-01-12,1190.11
8418,Ricardo Vargas,Silla,Norte,52.0,1236.27,2026-04-15,1577.15
9704,Ricardo Vargas,Mouse,Centro,35.0,1192.33,2024-12-17,2202.73
2244,Luis Hernandez,Laptop,Centro,48.0,1146.29,2024-03-16,2258.51
1361,Ana Garcia,Laptop,Norte,25.0,827.5550000000001,2026-05-04,1595.57
3305,Jorge Morales,Mouse,Norte,26.0,514.09,2025-03-07,1516.58
2325,Ana Garcia,Mouse,Sur,51.0,909.1,,964.73
8041,Luis Hernandez,Tablet,Sur,32.0,1193.89,2025-08-30,1259.27
1481,Alejandro Diaz,Monitor,Sur,45.0,664.93,2024-04-19,1111.09
1834,Alejandro Diaz,Laptop,Sur,27.0,804.93,,1541.05
3662,Laura Sanchez,Escritorio,Norte,35.0,600.64,2025-09-09,1538.36
7695,Maria Lopez,Mouse,Centro,49.0,978.89,2024-03-25,902.33
5124,Carlos Ramirez,Silla,Norte,43.0,733.35,2026-06-14,1076.83
4188,Alejandro Diaz,Tablet,Norte,42.0,562.22,2025-04-07,1419.73
7472,Camila Reyes,Impresora,Norte,37.0,1092.33,2024-01-14,1423.34
7655,Fernanda Castro,Bocina,Sur,32.0,1031.38,2024-03-23,1656.54
8886,Jose Martinez,Laptop,Centro,33.0,809.55,2024-06-23,963.0
5242,Pedro Aguilar,Silla,Norte,48.0,1013.76,2026-02-26,1675.83
9806,Andres Ortiz,Laptop,Norte,35.0,346.57,2026-04-03,1632.08
5835,Valeria Mendoza,Camara,Norte,45.0,716.33,2024-04-17,1661.54
1187,Alejandro Diaz,Silla,Centro,19.0,1067.32,2025-09-22,1011.33
1908,Ana Garcia,Camara,Centro,51.0,1042.28,2024-05-06,1039.58
4089,Daniela Cruz,Impresora,Norte,43.0,899.21,2024-07-22,1671.53
2478,Andres Ortiz,Monitor,Centro,35.0,833.245,2024-08-23,1213.49
8209,Alejandro Diaz,Silla,Occidente,34.0,655.14,2025-10-18,1967.17
9880,Diego Romero,Camara,Sin Especificar,39.0,856.03,2025-01-04,1179.11
6848,Camila Reyes,Laptop,Occidente,25.0,982.81,2024-04-05,794.95
1487,Camila Reyes,Escritorio,Norte,38.0,1095.59,2025-06-25,652.39
1677,Sofia Torres,Monitor,Occidente,48.0,960.05,2024-11-24,1004.78
2354,Maria Lopez,Escritorio,Sur,51.0,807.08,2024-03-13,1411.37
8849,Jorge Morales,Silla,Centro,43.0,1057.93,2024-10-03,1641.85
1572,Maria Lopez,Monitor,Sur,38.0,137.7,2024-01-16,1423.49
5516,Ana Garcia,Tablet,Sur,49.0,749.91,2025-04-17,1622.99
4496,Alejandro Diaz,Impresora,Centro,61.0,1067.38,2024-06-27,1443.03
619,Sofia Torres,Impresora,Centro,39.0,1040.41,2024-01-11,1718.47
6224,Sofia Torres,Tablet,Norte,36.0,530.53,2026-01-14,1877.25
6881,Laura Sanchez,Escritorio,Occidente,34.0,585.45,2025-08-23,1670.58
2848,Andres Ortiz,Bocina,Sur,28.0,972.7,2025-01-27,1225.66
868,Ricardo Vargas,Monitor,Occidente,45.0,827.52,2024-11-14,1016.57
2508,Luis Hernandez,Tablet,Sur,47.0,694.82,,2062.09
4983,Laura Sanchez,Teclado,Sur,36.0,1037.44,2024-11-02,1420.4
4696,Fernanda Castro,Bocina,Sin Especificar,49.0,713.18,2025-12-06,919.62
8040,Miguel Flores,Camara,Sur,34.0,939.8,2024-02-04,1629.21
4419,Diego Romero,Impresora,Centro,32.0,1094.89,2025-08-30,1385.98
7004,Isabel Guzman,Escritorio,Sur,50.0,1398.84,2024-01-07,1570.38
8650,Diego Romero,Camara,Sur,36.0,924.01,,1859.75
7707,Alejandro Diaz,Mouse,Occidente,33.0,935.35,2024-06-29,1952.04
791,Sofia Torres,Camara,Centro,51.0,854.82,2024-01-05,1606.84
7786,Ana Garcia,Tablet,Sur,38.0,891.77,2025-04-11,1796.96
7451,Andres Ortiz,Mouse,Centro,37.0,476.64,2026-05-15,1191.01
3823,Jose Martinez,Escritorio,Norte,30.0,1070.9,2024-05-23,1986.63
7516,Isabel Guzman,Silla,Sur,50.0,1280.28,2025-12-23,1900.41
7830,Luis Hernandez,Monitor,Sur,38.0,499.32,,1396.83
9851,Miguel Flores,Monitor,Centro,28.0,1221.06,2025-08-24,1510.89
2809,Luis Hernandez,Tablet,Occidente,37.0,838.68,2024-12-07,1523.88
5051,Carlos Ramirez,Teclado,Centro,49.0,344.07,2024-12-25,1349.33
3519,Luis Hernandez,Camara,Centro,9.0,916.29,2025-10-16,1760.66
8926,Sofia Torres,Tablet,Sin Especificar,11.0,265.57,2024-06-16,1358.83
3959,Miguel Flores,Impresora,Sur,28.0,1339.66,2025-06-19,1315.85
7345,Ricardo Vargas,Bocina,Norte,27.0,1025.84,2026-04-20,1302.0
2134,Diego Romero,Bocina,Occidente,49.0,811.94,2026-05-08,1843.45
5053,Miguel Flores,Laptop,Centro,49.0,876.83,2025-04-05,1639.68
8656,Miguel Flores,Impresora,Centro,36.0,695.9,2024-09-15,1587.61
2280,Paola Rios,Impresora,Occidente,44.0,602.4,,912.97
660,Jose Martinez,Tablet,Norte,41.0,555.5,2024-12-20,1995.92
2431,Jorge Morales,Teclado,Sur,40.0,1057.83,2025-08-30,1036.55
3752,Alejandro Diaz,Tablet,Sur,57.0,801.53,2025-03-08,759.24
9794,Camila Reyes,Tablet,Norte,20.0,540.71,2024-12-24,953.14
2592,Pedro Aguilar,Silla,Centro,56.0,418.58,2024-06-27,1812.8
6316,Valeria Mendoza,Silla,Sur,36.0,220.03,2025-10-18,1734.33
643,Maria Lopez,Impresora,Occidente,23.0,786.08,2026-02-17,1376.38
169,Miguel Flores,Escritorio,Sin Especificar,28.0,274.95,2025-06-04,1071.35
1801,Pedro Aguilar,Teclado,Centro,33.0,929.42,2024-06-28,1706.0
3395,Ana Garcia,Mouse,Norte,35.0,881.07,,1403.91
1918,Paola Rios,Tablet,Occidente,33.0,880.06,2025-07-29,1919.72
273,Laura Sanchez,Escritorio,Occidente,48.0,843.81,2024-01-13,1476.2
9259,Ana Garcia,Escritorio,Sur,25.0,790.12,,1249.87
495,Jose Martinez,Silla,Occidente,66.0,1288.89,2024-12-08,1019.18
6789,Maria Lopez,Bocina,Norte,30.0,346.25,,1609.78
1913,Sofia Torres,Camara,Centro,37.0,870.64,2026-01-26,1271.25
3647,Alejandro Diaz,Escritorio,Occidente,39.0,289.16,2026-04-12,1664.12
8231,Laura Sanchez,Teclado,Centro,27.0,630.99,2025-01-31,720.6
307,Sofia Torres,Mouse,Sur,52.0,1078.13,2025-02-14,699.27
4103,Carlos Ramirez,Impresora,Centro,53.0,1319.1,2024-08-09,1760.15
782,Valeria Mendoza,Monitor,Occidente,28.0,532.33,2025-04-12,1809.04
5287,Valeria Mendoza,Tablet,Occidente,21.0,872.23,2024-08-11,2382.21
535,Valeria Mendoza,Escritorio,Centro,28.0,612.3,2025-01-20,848.93
584,Jose Martinez,Escritorio,Sur,51.0,1228.88,2024-09-22,1285.26
1301,Ricardo Vargas,Laptop,Sur,40.0,871.48,2025-06-21,989.5
7061,Paola Rios,Camara,Occidente,27.0,829.105,2025-06-23,1488.73
7496,Carlos Ramirez,Mouse,Occidente,17.0,707.49,2026-01-22,1365.65
8242,Carlos Ramirez,Impresora,Occidente,34.0,1268.45,2025-04-26,1219.79
317,Valeria Mendoza,Camara,Sur,43.0,832.2,2025-12-06,1478.52
6511,Miguel Flores,Laptop,Centro,44.0,356.79,2025-11-06,1678.65
2565,Daniela Cruz,Teclado,Centro,35.0,1199.0,2024-03-20,1816.53
1795,Maria Lopez,Laptop,Occidente,42.0,833.62,2025-12-26,1287.95
6678,Jose Martinez,Escritorio,Sur,21.0,1257.39,2025-09-20,1299.39
9929,Jorge Morales,Monitor,Centro,38.0,1046.93,2025-12-15,911.92
8464,Alejandro Diaz,Teclado,Centro,37.0,822.475,2024-11-13,610.79
549,Alejandro Diaz,Mouse,Sur,39.0,904.26,2024-05-12,1627.14
1693,Diego Romero,Impresora,Sur,36.0,826.23,2025-09-14,2226.82
3526,Ana Garcia,Escritorio,Occidente,34.0,1084.36,2024-02-12,708.89
3013,Alejandro Diaz,Tablet,Occidente,48.0,1077.33,2026-03-20,1900.55
1631,Laura Sanchez,Tablet,Occidente,57.0,1018.47,2024-03-25,1376.78
2391,Isabel Guzman,Bocina,Centro,13.0,738.37,2025-01-25,1669.66
4695,Pedro Aguilar,Escritorio,Norte,46.0,475.22,2025-09-11,1673.27
9087,Diego Romero,Tablet,Norte,62.0,693.14,2025-09-24,1905.26
9440,Luis Hernandez,Silla,Sur,46.0,546.06,2024-06-28,1248.18
7705,Paola Rios,Monitor,Occidente,42.0,940.91,2024-08-05,1887.57
4488,Valeria Mendoza,Teclado,Centro,50.0,313.69,2024-09-18,1274.31
1260,Ana Garcia,Camara,Occidente,46.0,581.47,2025-05-19,1020.01
8023,Pedro Aguilar,Impresora,Occidente,45.0,1223.7,2025-10-11,1398.58
810,Luis Hernandez,Laptop,Sur,35.0,827.5550000000001,2026-05-28,1690.16
6389,Fernanda Castro,Escritorio,Sur,39.0,1100.41,2025-12-23,2131.97
1050,Paola Rios,Mouse,Occidente,19.0,882.86,2026-03-12,1360.68
7391,Miguel Flores,Tablet,Sur,46.0,558.98,2024-12-06,1424.1
108,Miguel Flores,Camara,Centro,39.0,991.01,2025-09-12,1766.84
6250,Carlos Ramirez,Tablet,Norte,42.0,1139.57,2024-01-03,1173.41
8866,Carlos Ramirez,Teclado,Occidente,49.0,898.09,2025-11-14,1734.69
6787,Pedro Aguilar,Monitor,Centro,39.0,851.59,2026-03-17,1351.49
9733,Alejandro Diaz,Mouse,Norte,77.0,977.69,2025-09-01,1066.93
4606,Valeria Mendoza,Escritorio,Centro,52.0,377.47,2026-05-25,940.34
9550,Valeria Mendoza,Camara,Sur,31.0,1011.98,2024-07-13,1618.59
5456,Luis Hernandez,Mouse,Centro,366.0,819.92,2026-03-16,1962.74
1533,Diego Romero,Tablet,Sin Especificar,47.0,911.37,2025-06-03,1175.08
4963,Carlos Ramirez,Camara,Centro,38.0,546.37,2024-01-09,762.37
212,Sofia Torres,Laptop,Centro,48.0,1230.85,2025-02-20,1676.87
3148,Camila Reyes,Bocina,Centro,38.0,358.02,2024-03-15,933.94
5157,Luis Hernandez,Escritorio,Centro,20.0,416.48,2024-07-17,1864.21
2151,Pedro Aguilar,Monitor,Centro,32.0,234.33,2024-09-23,1999.99
6996,Ana Garcia,Laptop,Norte,31.0,413.6,2024-09-05,1779.71
1974,Miguel Flores,Silla,Centro,37.0,1208.03,2026-06-17,991.57
4686,Valeria Mendoza,Escritorio,Norte,42.0,1155.22,2025-03-23,406.76
8183,Sofia Torres,Tablet,Occidente,48.0,790.81,2024-07-02,1280.52
7608,Jorge Morales,Bocina,Occidente,34.0,1221.23,2026-02-10,1345.77
8839,Fernanda Castro,Laptop,Centro,61.0,708.86,2026-03-17,1035.22
772,Jorge Morales,Tablet,Norte,34.0,461.61,,796.12
7503,Miguel Flores,Silla,Norte,47.0,1530.26,2026-06-15,1480.45
8896,Isabel Guzman,Escritorio,Sur,29.0,828.19,2024-04-18,1172.38
1250,Valeria Mendoza,Silla,Sur,49.0,1205.31,2025-01-08,1839.46
7891,Fernanda Castro,Laptop,Sur,41.0,551.9,2025-03-01,1727.72
7254,Ricardo Vargas,Monitor,Sur,56.0,833.245,2024-05-30,1429.63
9728,Jose Martinez,Impresora,Norte,41.0,818.9,2026-03-22,1611.02
6574,Andres Ortiz,Monitor,Sur,44.0,713.67,2024-03-11,1496.56
6820,Pedro Aguilar,Laptop,Norte,35.0,827.5550000000001,2024-09-01,1322.81
710,Maria Lopez,Tablet,Occidente,42.0,691.99,2026-04-17,1833.52
2673,Ana Garcia,Monitor,Centro,41.0,1194.37,2024-07-21,1969.55
4515,Luis Hernandez,Camara,Centro,25.0,1419.08,2024-08-08,1266.7
1462,Jose Martinez,Laptop,Sin Especificar,366.0,1019.58,2025-12-22,1604.18
2546,Andres Ortiz,Mouse,Sur,9.0,752.72,2024-01-31,1234.4
7742,Camila Reyes,Laptop,Occidente,48.0,511.79,,1671.18
7218,Pedro Aguilar,Monitor,Sur,48.0,1055.3,2025-10-27,1686.67
8423,Carlos Ramirez,Camara,Centro,34.0,829.105,2026-01-22,1711.82
1357,Daniela Cruz,Escritorio,Sur,36.0,1139.85,2025-03-07,1158.18
3012,Carlos Ramirez,Teclado,Occidente,35.0,920.55,2024-09-07,1373.02
852,Pedro Aguilar,Escritorio,Occidente,51.0,669.93,2024-04-10,1372.71
1005,Jorge Morales,Tablet,Norte,384.0,769.35,,1877.9
1835,Sofia Torres,Silla,Occidente,44.0,567.49,2025-05-21,1961.27
7904,Fernanda Castro,Monitor,Occidente,22.0,526.75,2024-11-28,1554.83
7743,Pedro Aguilar,Camara,Centro,30.0,657.94,2026-02-20,1488.18
1317,Fernanda Castro,Mouse,Norte,35.0,1262.18,2026-06-01,789.75
3328,Daniela Cruz,Camara,Occidente,15.0,673.2,2025-05-19,506.02
1624,Miguel Flores,Escritorio,Norte,34.0,917.55,2024-11-18,1834.28
3834,Valeria Mendoza,Mouse,Occidente,32.0,1058.77,2024-01-01,1734.76
5745,Jorge Morales,Silla,Occidente,47.0,617.63,2025-06-20,1069.81
1279,Valeria Mendoza,Teclado,Centro,47.0,525.94,2025-08-20,1780.77
9246,Maria Lopez,Monitor,Occidente,42.0,717.25,2025-12-28,1291.36
4146,Carlos Ramirez,Laptop,Sur,34.0,1070.61,2024-01-24,881.36
8668,Jorge Morales,Teclado,Centro,31.0,1049.45,2025-11-15,1426.45
3147,Valeria Mendoza,Silla,Centro,52.0,1209.37,2024-06-27,1843.11
5643,Luis Hernandez,Impresora,Norte,47.0,955.47,2025-05-08,1250.64
8528,Jorge Morales,Teclado,Centro,22.0,1315.72,2024-08-11,1699.92
7140,Isabel Guzman,Laptop,Norte,36.0,764.67,2024-10-09,1152.57
2618,Camila Reyes,Laptop,Norte,47.0,898.55,2024-11-10,696.61
3663,Miguel Flores,Tablet,Norte,38.0,1205.14,2024-10-31,1457.01
89,Valeria Mendoza,Impresora,Sin Especificar,23.0,993.59,2025-05-17,2083.37
875,Maria Lopez,Bocina,Norte,37.0,739.42,,1337.19
8736,Carlos Ramirez,Mouse,Occidente,24.0,876.04,,1869.22
3001,Paola Rios,Silla,Sin Especificar,26.0,1095.3,2025-09-20,1024.62
2761,Isabel Guzman,Escritorio,Centro,29.0,718.72,2026-02-27,1323.79
1881,Maria Lopez,Silla,Occidente,28.0,1092.29,2024-03-20,842.69
107,Andres Ortiz,Teclado,Sur,28.0,537.86,2024-03-08,1238.8
927,Luis Hernandez,Escritorio,Norte,49.0,832.48,2025-07-20,1601.71
6366,Luis Hernandez,Tablet,Centro,48.0,1131.78,2026-01-31,2005.7
320,Luis Hernandez,Escritorio,Sur,39.0,661.74,2026-03-16,1607.21
879,Diego Romero,Laptop,Centro,51.0,771.57,2025-01-14,1203.67
6774,Pedro Aguilar,Silla,Sur,32.0,907.58,2025-01-03,1503.37
3995,Daniela Cruz,Camara,Sin Especificar,52.0,865.41,2026-06-07,1279.63
4922,Paola Rios,Tablet,Occidente,32.0,1305.46,2026-04-02,1502.1
5387,Pedro Aguilar,Bocina,Occidente,47.0,655.73,2026-09-06,1340.61
3079,Carlos Ramirez,Silla,Centro,38.0,852.81,2026-04-04,591.36
4731,Jose Martinez,Camara,Occidente,25.0,934.31,2026-03-30,1546.7
4235,Carlos Ramirez,Teclado,Centro,35.0,1034.64,2026-04-14,1699.07
4260,Valeria Mendoza,Escritorio,Norte,28.0,1101.87,,879.12
3727,Maria Lopez,Tablet,Centro,38.0,654.04,2025-07-19,1386.8
9238,Valeria Mendoza,Silla,Occidente,30.0,275.25,2025-07-13,1961.52
1751,Isabel Guzman,Bocina,Sur,29.0,840.105,2025-05-20,1662.93
7692,Fernanda Castro,Tablet,Occidente,32.0,752.74,2024-07-01,1330.89
5152,Ricardo Vargas,Bocina,Occidente,32.0,812.39,2026-06-13,1349.56
3879,Andres Ortiz,Camara,Centro,30.0,847.52,2025-01-14,1956.07
5865,Andres Ortiz,Laptop,Centro,39.0,654.51,2026-01-30,1880.45
5601,Jose Martinez,Bocina,Occidente,45.0,361.48,2025-01-24,1647.4
1044,Fernanda Castro,Laptop,Norte,9.0,828.12,,1193.67
3011,Diego Romero,Escritorio,Norte,40.0,1010.24,2024-02-27,1066.06
5156,Fernanda Castro,Tablet,Norte,32.0,838.68,2024-03-01,1124.47
6778,Ana Garcia,Bocina,Centro,58.0,767.77,2024-09-27,1947.2
7787,Jose Martinez,Escritorio,Occidente,38.0,1209.06,,1622.09
4591,Daniela Cruz,Mouse,Centro,26.0,636.28,2025-10-05,1426.06
4752,Maria Lopez,Monitor,Sur,40.0,743.13,2025-07-06,1574.93
2965,Daniela Cruz,Laptop,Occidente,38.0,792.51,2024-08-31,1537.08
8834,Daniela Cruz,Mouse,Sur,60.0,1230.77,2024-12-30,1707.61
138,Pedro Aguilar,Monitor,Norte,24.0,755.94,2024-10-04,1395.54
9073,Fernanda Castro,Teclado,Occidente,3.0,733.43,2024-07-23,1135.88
1098,Jorge Morales,Monitor,Occidente,36.0,1013.18,2026-05-24,1062.77
9604,Ana Garcia,Camara,Occidente,36.0,1146.82,2024-05-13,1574.27
6550,Isabel Guzman,Monitor,Sur,23.0,345.93,2025-07-01,1369.33
9459,Andres Ortiz,Bocina,Centro,38.0,1009.95,2026-04-04,1988.54
6472,Andres Ortiz,Escritorio,Centro,42.0,703.96,2024-06-26,1425.26
6462,Ana Garcia,Mouse,Centro,46.0,831.98,2025-07-13,1094.28
5266,Jorge Morales,Tablet,Norte,38.0,627.16,2024-09-20,1626.56
2136,Jose Martinez,Bocina,Sur,38.0,669.35,2026-03-15,1803.73
5459,Pedro Aguilar,Monitor,Centro,51.0,1332.78,2025-06-23,1594.57
5079,Valeria Mendoza,Teclado,Occidente,34.0,918.35,2024-11-30,623.86
3368,Ana Garcia,Impresora,Centro,42.0,1094.22,2026-01-06,1184.7
3730,Camila Reyes,Mouse,Sur,45.0,819.92,2025-12-18,1216.05
149,Paola Rios,Teclado,Norte,28.0,570.92,2024-01-06,946.36
304,Camila Reyes,Impresora,Sur,32.0,604.78,2026-06-08,1186.84
5114,Jorge Morales,Silla,Norte,37.0,985.84,2025-01-13,1215.42
5149,Diego Romero,Impresora,Centro,27.0,788.9,2025-12-06,1962.38
1271,Camila Reyes,Bocina,Occidente,32.0,840.105,2025-04-11,1646.27
1905,Daniela Cruz,Teclado,Centro,42.0,935.95,2024-05-08,1696.5
2211,Sofia Torres,Bocina,Occidente,58.0,853.61,2025-07-26,1866.07
4295,Fernanda Castro,Silla,Norte,40.0,815.56,2025-02-08,1319.93
3843,Jorge Morales,Teclado,Occidente,38.0,822.475,2024-12-10,1215.57
3575,Andres Ortiz,Teclado,Centro,55.0,456.49,2025-06-02,1173.12
2876,Miguel Flores,Silla,Norte,20.0,1345.01,2025-01-10,1134.51
5041,Luis Hernandez,Bocina,Occidente,43.0,972.17,2026-06-10,2034.85
2299,Jose Martinez,Silla,Sur,45.0,763.27,2026-02-19,1129.04
8676,Pedro Aguilar,Silla,Norte,38.0,852.81,2026-05-17,1138.48
8156,Paola Rios,Mouse,Sur,45.0,409.36,2024-07-07,1974.87
5279,Camila Reyes,Impresora,Occidente,53.0,1068.12,2025-07-29,1133.86
5436,Andres Ortiz,Silla,Centro,30.0,824.78,2024-01-03,1229.04
9473,Maria Lopez,Monitor,Sur,47.0,895.43,2025-05-28,1470.62
5128,Laura Sanchez,Mouse,Centro,52.0,1054.6,2026-05-14,895.1
8984,Diego Romero,Mouse,Occidente,50.0,984.67,2024-01-17,1428.18
6529,Laura Sanchez,Teclado,Sur,33.0,272.52,2024-08-22,1555.86
6895,Pedro Aguilar,Mouse,Norte,38.0,506.94,2026-01-23,1430.67
1202,Alejandro Diaz,Monitor,Norte,44.0,1322.77,2026-04-15,1799.32
443,Jorge Morales,Impresora,Centro,45.0,1209.19,2025-01-30,865.59
3430,Jorge Morales,Monitor,Norte,62.0,253.28,2024-05-23,1392.56
1866,Isabel Guzman,Tablet,Centro,38.0,1251.4,2026-05-15,1418.18
5576,Alejandro Diaz,Silla,Norte,38.0,1087.78,2024-05-20,1027.06
7058,Jose Martinez,Impresora,Norte,49.0,822.75,2026-03-26,1961.57
5717,Miguel Flores,Mouse,Norte,28.0,421.82,2026-01-02,911.13
4999,Laura Sanchez,Mouse,Centro,46.0,996.6,2024-11-27,1729.15
2810,Isabel Guzman,Teclado,Centro,31.0,657.39,2025-08-05,532.67
8878,Sofia Torres,Silla,Occidente,56.0,1147.92,2024-06-25,1494.55
4256,Alejandro Diaz,Silla,Norte,25.0,669.75,2026-08-05,1283.46
7529,Ana Garcia,Mouse,Norte,41.0,864.3,2024-11-30,1176.28
8753,Luis Hernandez,Camara,Centro,39.0,754.0,,1760.25
2891,Isabel Guzman,Laptop,Norte,53.0,843.69,2024-12-25,997.77
3501,Andres Ortiz,Tablet,Occidente,34.0,838.68,2026-05-24,1633.56
521,Jose Martinez,Camara,Occidente,9.0,533.61,2025-12-23,1204.17
3380,Camila Reyes,Tablet,Occidente,47.0,1329.32,2024-01-23,1267.9
3194,Fernanda Castro,Mouse,Sur,57.0,729.33,2024-04-03,1180.8
1447,Fernanda Castro,Laptop,Norte,34.0,680.28,2024-05-22,1381.8
1953,Valeria Mendoza,Escritorio,Norte,34.0,782.73,2025-03-09,1209.35
7125,Ricardo Vargas,Bocina,Occidente,38.0,582.35,2024-06-24,793.79
9115,Luis Hernandez,Tablet,Sur,44.0,820.84,2024-04-20,2030.83
1625,Daniela Cruz,Teclado,Occidente,49.0,1027.59,2025-09-20,658.05
8503,Miguel Flores,Escritorio,Occidente,44.0,961.41,2025-07-16,1445.1
6950,Laura Sanchez,Mouse,Norte,50.0,831.72,2025-02-21,1501.6
1320,Luis Hernandez,Monitor,Centro,46.0,597.48,2025-04-10,1904.46
3532,Alejandro Diaz,Silla,Norte,4.0,852.81,,1220.33
1664,Miguel Flores,Impresora,Sur,31.0,826.23,2026-06-03,1588.63
816,Camila Reyes,Silla,Norte,40.0,713.61,2025-01-01,1519.73
4776,Diego Romero,Teclado,Sur,45.0,493.77,2026-02-12,805.5
9892,Paola Rios,Tablet,Norte,62.0,856.86,2025-08-01,1315.7
1094,Carlos Ramirez,Bocina,Sur,39.0,671.72,2024-04-08,1680.22
4177,Maria Lopez,Tablet,Centro,28.0,742.44,2024-05-18,1154.5
1951,Andres Ortiz,Impresora,Sin Especificar,33.0,736.15,2025-01-29,2115.44
3885,Carlos Ramirez,Monitor,Centro,25.0,819.74,2025-02-09,771.93
9798,Valeria Mendoza,Bocina,Centro,13.0,1544.1,,1967.54
9955,Jorge Morales,Monitor,Occidente,40.0,173.31,2025-03-16,1280.0
2801,Maria Lopez,Monitor,Sur,22.0,1438.21,2025-09-15,1168.88
1240,Andres Ortiz,Mouse,Centro,37.0,737.06,2024-10-03,1427.52
330,Fernanda Castro,Mouse,Sur,323.0,821.26,2026-02-18,76000.0
3103,Laura Sanchez,Silla,Sur,15.0,550.5,,1468.82
8435,Sofia Torres,Camara,Occidente,43.0,690.4,2024-03-03,1058.49
2543,Daniela Cruz,Tablet,Sur,34.0,892.69,2026-03-16,2296.98
4738,Pedro Aguilar,Silla,Occidente,26.0,1052.12,2026-05-12,647.73
4793,Miguel Flores,Bocina,Sin Especificar,31.0,608.1,2025-11-20,1751.37
6647,Carlos Ramirez,Tablet,Sur,34.0,1129.72,2025-03-27,1223.11
2819,Camila Reyes,Bocina,Norte,45.0,1027.9,2024-01-24,1119.35
754,Laura Sanchez,Teclado,Norte,39.0,1035.72,,1294.69
4532,Luis Hernandez,Silla,Norte,32.0,1103.73,2024-07-03,1956.84
1564,Jorge Morales,Silla,Sur,49.0,548.03,2024-01-10,1672.21
1935,Alejandro Diaz,Camara,Centro,47.0,1087.6,2024-09-07,1441.7
7208,Camila Reyes,Laptop,Sur,36.0,457.62,2026-05-01,1208.73
3494,Luis Hernandez,Bocina,Norte,52.0,714.93,2026-04-26,1529.66
7713,Pedro Aguilar,Camara,Sur,47.0,757.04,2025-08-30,1077.84
1857,Fernanda Castro,Impresora,Sur,27.0,1339.78,2025-01-18,76000.0
4698,Camila Reyes,Bocina,Centro,31.0,570.56,2025-06-18,1547.14
3564,Laura Sanchez,Silla,Norte,50.0,971.46,,1600.08
1014,Miguel Flores,Laptop,Sur,32.0,1374.19,2026-03-05,1321.44
9620,Isabel Guzman,Silla,Centro,33.0,285.2,2025-02-10,1710.15
6109,Miguel Flores,Camara,Norte,25.0,829.105,2025-04-16,1310.54
5483,Isabel Guzman,Laptop,Occidente,41.0,1008.29,,1449.72
9488,Jose Martinez,Escritorio,Occidente,45.0,948.29,2026-05-23,1142.15
467,Jorge Morales,Silla,Sur,41.0,943.52,2024-01-10,1214.82
4029,Ricardo Vargas,Laptop,Sin Especificar,50.0,703.91,2025-07-01,1323.44
175,Luis Hernandez,Teclado,Norte,54.0,822.475,2024-07-25,1341.85
4881,Alejandro Diaz,Bocina,Occidente,40.0,840.105,2024-03-16,1306.45
278,Paola Rios,Impresora,Occidente,44.0,826.23,2025-04-21,1452.46
1070,Valeria Mendoza,Silla,Centro,33.0,682.63,2026-05-23,794.89
9217,Miguel Flores,Silla,Norte,38.0,915.89,2026-01-30,1850.53
5562,Camila Reyes,Laptop,Centro,73.0,1044.69,2024-01-30,1687.46
6867,Pedro Aguilar,Escritorio,Occidente,43.0,962.74,2024-09-30,1892.65
5037,Pedro Aguilar,Teclado,Norte,24.0,1189.92,2024-06-12,1350.51
6804,Jose Martinez,Mouse,Sur,28.0,866.46,2025-02-14,856.62
9659,Jose Martinez,Bocina,Norte,41.0,1042.53,2024-09-26,804.89
9820,Maria Lopez,Teclado,Centro,31.0,816.63,2024-04-20,1527.52
5546,Jorge Morales,Impresora,Centro,36.0,559.54,2024-04-20,1867.1
5003,Valeria Mendoza,Teclado,Sur,30.0,756.25,,1108.18
1714,Fernanda Castro,Laptop,Occidente,33.0,1224.89,2025-08-22,1929.67
7641,Valeria Mendoza,Laptop,Sur,31.0,564.17,,1611.39
2612,Laura Sanchez,Bocina,Occidente,19.0,681.89,2025-04-25,1274.53
7394,Pedro Aguilar,Monitor,Sur,50.0,791.82,2025-03-17,1221.24
389,Maria Lopez,Monitor,Centro,40.0,898.47,2025-08-17,1830.37
8021,Daniela Cruz,Teclado,Occidente,15.0,779.72,2024-04-29,803.54
3496,Alejandro Diaz,Silla,Norte,34.0,852.81,2025-12-27,1193.36
4977,Laura Sanchez,Mouse,Sur,23.0,960.73,2024-09-01,1229.67
9617,Carlos Ramirez,Silla,Sin Especificar,31.0,821.91,2026-09-02,1385.62
3543,Laura Sanchez,Camara,Occidente,29.0,682.13,2025-07-19,995.63
7289,Alejandro Diaz,Monitor,Norte,36.0,947.07,2025-01-21,1198.94
7311,Diego Romero,Bocina,Sur,34.0,958.39,2025-12-13,1091.89
51,Maria Lopez,Tablet,Centro,62.0,736.14,2024-11-05,1062.55
6588,Miguel Flores,Impresora,Norte,32.0,826.23,,1700.58
4230,Camila Reyes,Monitor,Occidente,34.0,746.07,2025-02-27,1545.98
483,Jose Martinez,Escritorio,Occidente,54.0,670.44,2024-02-25,1563.03
2252,Diego Romero,Teclado,Centro,40.0,1207.38,2024-07-14,1781.83
4163,Paola Rios,Tablet,Centro,41.0,811.14,2024-08-11,1520.83
5093,Laura Sanchez,Bocina,Centro,41.0,911.78,2024-12-09,1563.99
3104,Paola Rios,Mouse,Centro,61.0,819.92,2026-04-10,967.49
2930,Isabel Guzman,Tablet,Sur,41.0,818.77,2026-04-18,1125.29
6777,Isabel Guzman,Escritorio,Sur,57.0,630.47,2024-11-14,1115.96
4970,Isabel Guzman,Mouse,Occidente,47.0,783.08,2026-03-24,1389.78
65,Pedro Aguilar,Monitor,Norte,57.0,861.03,2025-07-29,1885.84
7574,Andres Ortiz,Tablet,Occidente,23.0,364.35,2024-07-12,2239.09
8969,Pedro Aguilar,Mouse,Sur,55.0,467.44,2025-11-06,1448.08
4588,Pedro Aguilar,Silla,Centro,32.0,1019.65,2025-03-11,1640.04
6403,Maria Lopez,Escritorio,Centro,40.0,1084.18,2024-02-03,1712.79
6210,Miguel Flores,Impresora,Occidente,46.0,364.01,2026-07-05,1514.15
4617,Pedro Aguilar,Mouse,Centro,51.0,865.48,,1359.22
3333,Carlos Ramirez,Impresora,Occidente,25.0,1211.28,2025-03-25,1240.85
7588,Ricardo Vargas,Impresora,Centro,29.0,583.06,2025-06-04,1491.07
2816,Jose Martinez,Silla,Norte,27.0,1198.06,2025-12-14,2254.76
3965,Daniela Cruz,Laptop,Sur,52.0,832.48,2024-01-16,1337.84
7607,Andres Ortiz,Mouse,Sur,54.0,1169.45,2025-06-09,1148.26
5382,Luis Hernandez,Bocina,Centro,42.0,567.85,2025-11-03,1291.96
5940,Ana Garcia,Bocina,Centro,43.0,1163.4,2026-02-20,1043.91
8917,Alejandro Diaz,Silla,Norte,49.0,542.23,2024-10-31,2205.6
3242,Diego Romero,Impresora,Centro,48.0,836.44,2025-07-01,1702.64
2794,Daniela Cruz,Monitor,Centro,37.0,990.15,2024-04-08,1485.49
5734,Luis Hernandez,Camara,Norte,28.0,657.09,2026-03-19,1367.68
2525,Alejandro Diaz,Laptop,Sur,24.0,899.62,2024-05-10,1626.04
1736,Ricardo Vargas,Silla,Occidente,48.0,903.91,2025-03-15,1738.29
7961,Diego Romero,Impresora,Norte,23.0,1643.89,2024-06-04,1763.45
3125,Pedro Aguilar,Laptop,Occidente,41.0,848.56,2025-12-19,1630.64
4941,Jorge Morales,Camara,Norte,53.0,999.99,2024-05-11,1790.89
7976,Sofia Torres,Laptop,Sur,25.0,1092.61,2025-03-17,1655.26
274,Pedro Aguilar,Camara,Occidente,39.0,562.07,2026-01-22,1599.05
7022,Andres Ortiz,Silla,Occidente,43.0,764.01,2025-04-19,1563.23
9848,Paola Rios,Tablet,Norte,29.0,956.11,2025-04-28,1243.88
6556,Jorge Morales,Laptop,Occidente,35.0,1212.39,,1538.79
5579,Alejandro Diaz,Camara,Centro,43.0,691.95,2026-03-24,1276.43
5497,Miguel Flores,Impresora,Occidente,29.0,885.01,2024-09-26,1198.39
1453,Fernanda Castro,Laptop,Norte,28.0,832.77,2024-02-12,1621.98
2693,Camila Reyes,Impresora,Norte,32.0,826.23,2024-06-07,1366.28
2768,Fernanda Castro,Silla,Occidente,45.0,699.68,2024-05-23,1061.94
8411,Sofia Torres,Laptop,Norte,45.0,822.67,2024-11-10,1255.79
240,Camila Reyes,Laptop,Occidente,26.0,903.59,2024-11-24,1926.66
1132,Diego Romero,Mouse,Centro,26.0,918.02,2025-11-23,1660.39
7894,Alejandro Diaz,Monitor,Sur,37.0,1017.26,2024-07-21,1133.13
3265,Miguel Flores,Monitor,Norte,36.0,571.2,2026-06-13,1511.26
5350,Jorge Morales,Mouse,Norte,29.0,961.46,2025-09-19,1478.85
5765,Ana Garcia,Teclado,Centro,53.0,876.97,2026-04-11,1767.61
1384,Ana Garcia,Impresora,Norte,25.0,826.23,2024-02-27,1671.85
3075,Jose Martinez,Teclado,Norte,24.0,808.19,2024-06-15,1132.13
4861,Ana Garcia,Monitor,Sur,38.0,980.32,2025-04-05,1418.92
1358,Alejandro Diaz,Camara,Centro,9.0,1007.14,2025-01-13,1541.57
4872,Maria Lopez,Bocina,Centro,19.0,825.19,2025-01-06,1375.87
2631,Jose Martinez,Camara,Norte,53.0,389.71,2024-11-11,1930.39
625,Pedro Aguilar,Laptop,Centro,44.0,674.36,2025-08-26,1177.29
840,Laura Sanchez,Bocina,Norte,38.0,358.73,2024-04-01,1655.99
4724,Laura Sanchez,Teclado,Sur,38.0,1365.88,2024-05-09,1007.25
7664,Laura Sanchez,Camara,Norte,33.0,1329.17,2025-07-08,1325.21
324,Isabel Guzman,Camara,Occidente,33.0,503.03,2024-04-04,464.74
1868,Paola Rios,Camara,Norte,47.0,611.77,2025-10-31,1170.57
5257,Valeria Mendoza,Bocina,Sur,33.0,635.3,2024-10-03,1274.23
2827,Paola Rios,Teclado,Centro,37.0,1233.77,2026-01-26,1124.67
5173,Luis Hernandez,Escritorio,Norte,38.0,544.48,2024-04-06,1623.11
7084,Paola Rios,Bocina,Centro,27.0,1087.64,2025-01-15,1265.16
3928,Jorge Morales,Bocina,Centro,49.0,762.81,2026-02-27,1851.43
8630,Maria Lopez,Impresora,Sur,49.0,826.23,2024-12-05,1265.95
120,Ricardo Vargas,Teclado,Centro,29.0,628.13,2024-04-10,1525.52
9974,Valeria Mendoza,Camara,Sur,44.0,811.03,2024-05-27,1523.16
9858,Diego Romero,Silla,Sur,38.0,980.78,2025-07-14,2144.77
2378,Jorge Morales,Escritorio,Centro,46.0,944.92,2025-05-18,1447.15
5911,Sofia Torres,Monitor,Sur,32.0,1087.17,2024-06-02,1179.53
7510,Ricardo Vargas,Bocina,Norte,64.0,837.22,2025-01-22,1057.35
9219,Carlos Ramirez,Bocina,Norte,231.0,890.59,2024-01-06,1615.07
3302,Valeria Mendoza,Tablet,Norte,22.0,1095.85,2025-10-13,1606.38
7525,Miguel Flores,Mouse,Norte,17.0,733.35,2024-09-19,1632.16
4173,Laura Sanchez,Camara,Occidente,37.0,568.13,2025-05-17,1781.45
9093,Isabel Guzman,Impresora,Sur,31.0,871.38,2025-03-19,1186.47
7880,Maria Lopez,Teclado,Norte,40.0,596.33,2024-03-28,1233.0
9397,Alejandro Diaz,Silla,Centro,42.0,781.57,2026-03-03,1097.39
2908,Maria Lopez,Impresora,Occidente,40.0,980.48,2024-12-12,1461.95
5038,Laura Sanchez,Monitor,Centro,25.0,283.35,2025-05-31,1460.22
6722,Andres Ortiz,Monitor,Sur,28.0,704.3,2024-08-12,1615.24
4051,Camila Reyes,Mouse,Centro,49.0,499.94,2025-05-03,1921.1
6964,Sofia Torres,Escritorio,Norte,13.0,1034.68,2025-03-03,1089.73
553,Jorge Morales,Camara,Centro,59.0,1044.05,2025-09-09,1672.35
407,Laura Sanchez,Monitor,Centro,39.0,951.99,,1214.39
6214,Valeria Mendoza,Silla,Centro,36.0,1178.73,2024-09-09,966.24
3135,Diego Romero,Mouse,Sin Especificar,53.0,1455.14,2025-07-27,1641.93
3299,Ricardo Vargas,Impresora,Sur,53.0,694.56,2024-02-09,915.21
7480,Sofia Torres,Laptop,Sur,38.0,1638.5,2024-03-25,1723.65
2350,Alejandro Diaz,Bocina,Sur,31.0,573.0,2024-12-26,1515.26
5843,Carlos Ramirez,Tablet,Norte,38.0,586.3,2026-05-02,1115.47
7666,Laura Sanchez,Camara,Centro,49.0,1364.39,2024-07-31,1427.38
237,Camila Reyes,Tablet,Occidente,52.0,838.68,2025-08-10,1419.31
5782,Carlos Ramirez,Teclado,Sur,45.0,1071.96,2024-05-10,1433.13
6083,Valeria Mendoza,Bocina,Occidente,43.0,840.105,2024-12-25,1188.97
6080,Maria Lopez,Monitor,Sur,55.0,707.8,2024-01-19,1302.62
7898,Sofia Torres,Tablet,Sur,63.0,571.32,2025-10-20,879.47
3164,Valeria Mendoza,Escritorio,Occidente,29.0,1260.37,2024-05-14,1144.43
500,Miguel Flores,Tablet,Occidente,62.0,398.56,2026-02-13,1274.93
4919,Sofia Torres,Silla,Centro,63.0,1025.22,2024-08-18,1624.43
3626,Jorge Morales,Escritorio,Norte,31.0,960.28,,1137.28
3128,Alejandro Diaz,Mouse,Centro,30.0,1331.66,2024-10-12,847.65
8987,Carlos Ramirez,Escritorio,Sur,34.0,593.84,2024-01-11,1573.97
3359,Isabel Guzman,Mouse,Norte,30.0,645.69,2025-03-25,1291.47
9183,Ana Garcia,Silla,Centro,43.0,1024.04,2024-03-04,1575.47
7079,Carlos Ramirez,Monitor,Occidente,37.0,910.19,2024-06-05,2069.56
8583,Daniela Cruz,Camara,Centro,29.0,970.8,,1976.08
4840,Isabel Guzman,Teclado,Centro,38.0,1227.4,2025-11-10,1859.48
1218,Isabel Guzman,Tablet,Norte,36.0,433.71,2025-09-29,1466.31
236,Maria Lopez,Bocina,Sin Especificar,18.0,1310.63,,1580.03
332,Jorge Morales,Laptop,Occidente,33.0,1246.37,,1610.89
4577,Luis Hernandez,Monitor,Centro,27.0,394.39,2024-12-24,1607.28
3189,Luis Hernandez,Teclado,Sur,43.0,1162.0,,1227.09
7777,Andres Ortiz,Camara,Norte,64.0,841.78,2024-02-15,1789.79
45,Alejandro Diaz,Escritorio,Occidente,35.0,898.3,2026-05-24,1365.86
7926,Carlos Ramirez,Silla,Centro,43.0,1164.57,2025-07-29,920.44
4217,Laura Sanchez,Tablet,Norte,62.0,1478.06,2026-10-02,755.0
3073,Ricardo Vargas,Teclado,Sur,46.0,415.84,2026-03-05,1708.39
7912,Miguel Flores,Mouse,Centro,36.0,1104.76,2024-09-07,992.26
5023,Andres Ortiz,Mouse,Centro,19.0,587.29,2024-07-30,1355.71
6660,Sofia Torres,Laptop,Sur,41.0,615.66,2025-11-13,1014.63
1595,Camila Reyes,Impresora,Occidente,39.0,880.62,2026-03-02,1439.64
8416,Jorge Morales,Silla,Sur,36.0,1040.25,2024-12-22,933.14
4710,Miguel Flores,Laptop,Sur,30.0,1014.44,2024-07-01,1303.85
2892,Isabel Guzman,Camara,Norte,40.0,626.37,,1126.21
1246,Isabel Guzman,Mouse,Sur,17.0,805.19,2024-11-29,1715.16
7770,Luis Hernandez,Camara,Occidente,49.0,483.42,2024-01-04,1647.3
1541,Laura Sanchez,Impresora,Norte,55.0,693.39,2024-07-26,470.95
4626,Sofia Torres,Teclado,Occidente,40.0,915.45,2024-07-08,1213.63
819,Ricardo Vargas,Camara,Norte,55.0,1060.94,2024-02-14,1094.82
156,Isabel Guzman,Laptop,Occidente,23.0,799.93,2024-10-18,1819.54
7511,Pedro Aguilar,Impresora,Occidente,39.0,1337.91,2024-05-06,1498.82
6745,Andres Ortiz,Silla,Occidente,26.0,638.04,2024-12-04,1351.12
8636,Daniela Cruz,Impresora,Centro,37.0,983.18,2024-08-04,1088.46
249,Luis Hernandez,Camara,Sur,54.0,873.04,2024-08-02,1687.16
4015,Jorge Morales,Tablet,Sur,57.0,852.85,2024-10-07,1874.93
7610,Miguel Flores,Camara,Norte,48.0,50.0,2025-09-03,1379.35
5227,Jorge Morales,Laptop,Norte,35.0,352.86,2024-12-06,1265.8
8175,Andres Ortiz,Bocina,Sur,321.0,819.67,,1043.31
8986,Laura Sanchez,Impresora,Occidente,42.0,615.63,2026-05-18,1854.26
8120,Laura Sanchez,Escritorio,Centro,39.0,1000.96,2026-09-02,1715.12
3190,Alejandro Diaz,Silla,Sur,29.0,748.13,2025-11-23,1105.85
2650,Fernanda Castro,Monitor,Norte,42.0,1556.02,,1663.91
629,Diego Romero,Monitor,Sur,18.0,741.78,2025-07-08,1638.18
1231,Luis Hernandez,Tablet,Centro,38.0,680.11,,1228.24
2340,Paola Rios,Monitor,Sur,24.0,710.22,2025-04-26,1555.45
7708,Isabel Guzman,Tablet,Centro,16.0,788.86,2024-01-16,1172.77
6831,Alejandro Diaz,Tablet,Sur,43.0,457.76,2025-03-04,1720.98
7369,Andres Ortiz,Monitor,Centro,33.0,934.35,2024-09-30,1823.61
9813,Laura Sanchez,Tablet,Occidente,39.0,696.34,2024-11-08,1316.41
1452,Jose Martinez,Tablet,Centro,23.0,741.63,2026-02-11,782.69
1829,Fernanda Castro,Teclado,Norte,37.0,1166.4,2025-03-13,1414.46
9019,Laura Sanchez,Camara,Occidente,29.0,457.56,2024-04-18,1770.03
1640,Daniela Cruz,Tablet,Occidente,55.0,636.95,2025-08-14,1665.28
3865,Maria Lopez,Escritorio,Norte,20.0,832.48,2025-05-24,1400.08
7938,Maria Lopez,Escritorio,Norte,25.0,600.13,2025-07-14,1176.86
3421,Sofia Torres,Mouse,Sur,43.0,797.58,2025-06-01,681.22
3768,Diego Romero,Silla,Sur,42.0,473.99,2026-05-10,1758.29
8728,Luis Hernandez,Impresora,Sur,38.0,540.74,2025-12-02,1311.61
5907,Alejandro Diaz,Escritorio,Sur,38.0,1179.2,2025-03-31,1208.19
8347,Ana Garcia,Tablet,Occidente,17.0,1022.05,2025-03-28,1737.78
5597,Sofia Torres,Monitor,Occidente,10.0,695.18,2024-12-09,1261.95
3150,Maria Lopez,Escritorio,Norte,67.0,1160.25,2025-10-23,917.68
9504,Isabel Guzman,Monitor,Occidente,30.0,584.96,2024-07-16,2135.8
8515,Diego Romero,Laptop,Occidente,35.0,978.27,2025-06-24,1200.33
5807,Valeria Mendoza,Bocina,Norte,41.0,818.1,2026-03-15,1963.59
4111,Maria Lopez,Camara,Norte,62.0,1080.4,2024-09-12,970.01
1799,Ana Garcia,Teclado,Centro,55.0,663.92,2024-10-28,1813.99
8275,Andres Ortiz,Bocina,Centro,40.0,1230.69,2026-05-24,1523.1
1989,Daniela Cruz,Tablet,Norte,23.0,592.25,2025-04-20,1475.68
1575,Pedro Aguilar,Silla,Sur,34.0,842.29,2025-09-29,882.84
2724,Carlos Ramirez,Teclado,Centro,5.0,553.87,2024-11-02,1674.15
2059,Jorge Morales,Escritorio,Centro,26.0,668.59,2024-06-04,1730.08
9687,Camila Reyes,Escritorio,Sur,29.0,655.76,2025-03-10,1608.25
9367,Paola Rios,Mouse,Sur,49.0,945.68,2024-12-30,1452.5
4510,Carlos Ramirez,Silla,Sur,41.0,624.3,2024-07-06,698.75
4262,Daniela Cruz,Mouse,Occidente,38.0,820.63,2024-11-22,909.11
9593,Jose Martinez,Mouse,Occidente,42.0,819.92,2026-04-01,1478.34
6252,Pedro Aguilar,Monitor,Occidente,35.0,561.16,2025-04-16,1640.56
615,Sofia Torres,Camara,Centro,36.0,831.05,2025-03-11,2104.22
3094,Miguel Flores,Tablet,Centro,33.0,509.74,2026-04-04,954.21
3451,Fernanda Castro,Silla,Centro,50.0,714.28,2025-06-13,1817.89
1015,Andres Ortiz,Teclado,Centro,35.0,959.08,2025-12-04,535.55
1717,Jorge Morales,Teclado,Occidente,47.0,885.94,2025-02-08,2015.91
3906,Diego Romero,Camara,Occidente,39.0,459.4,2026-06-14,1990.1
7501,Pedro Aguilar,Laptop,Centro,46.0,421.43,2024-07-29,1439.34
3419,Sofia Torres,Bocina,Occidente,41.0,586.36,,1471.76
4652,Fernanda Castro,Laptop,Centro,50.0,827.5550000000001,2025-07-16,1707.96
3101,Fernanda Castro,Tablet,Centro,33.0,932.65,2026-05-23,990.52
6465,Camila Reyes,Monitor,Occidente,35.0,833.56,2024-11-21,1603.18
1212,Jose Martinez,Monitor,Sur,32.0,468.67,2026-07-06,1342.85
8827,Valeria Mendoza,Laptop,Sur,32.0,812.28,2025-04-18,1441.74
9248,Camila Reyes,Laptop,Norte,43.0,655.63,2026-07-05,1411.39
8989,Isabel Guzman,Impresora,Sur,304.0,1073.3,2025-11-24,1827.89
7087,Pedro Aguilar,Bocina,Sur,28.0,1076.4,2026-04-09,1443.42
5188,Andres Ortiz,Escritorio,Centro,39.0,1015.03,2024-11-22,1456.95
4271,Carlos Ramirez,Camara,Sur,39.0,791.28,2025-09-29,1078.23
2815,Paola Rios,Bocina,Centro,56.0,636.68,2025-09-11,1560.7
1081,Diego Romero,Escritorio,Sur,24.0,556.08,2026-01-03,1397.44
9847,Valeria Mendoza,Monitor,Sur,21.0,625.85,2024-07-07,982.67
1608,Daniela Cruz,Bocina,Centro,26.0,1232.53,2026-01-06,1357.72
8337,Jose Martinez,Impresora,Centro,38.0,1039.35,2026-04-20,2112.22
4242,Jorge Morales,Camara,Sin Especificar,41.0,913.21,2024-02-02,1452.54
91,Ana Garcia,Tablet,Sur,45.0,511.1,2025-05-05,1780.61
7847,Laura Sanchez,Monitor,Occidente,44.0,1014.74,2025-08-14,1660.9
7931,Valeria Mendoza,Teclado,Sur,31.0,877.72,2026-01-16,850.15
683,Miguel Flores,Teclado,Centro,51.0,779.27,2026-06-10,943.59
8042,Maria Lopez,Silla,Centro,40.0,742.92,2025-10-10,1347.99
8286,Maria Lopez,Camara,Occidente,41.0,1182.42,2026-03-28,1868.04
9027,Jorge Morales,Laptop,Occidente,52.0,656.26,,841.53
6053,Jose Martinez,Escritorio,Sur,51.0,505.9,2025-06-20,1292.13
6006,Valeria Mendoza,Tablet,Sur,38.0,1034.22,2024-01-26,1254.14
5132,Laura Sanchez,Bocina,Centro,45.0,722.37,2025-10-17,1520.9
1401,Fernanda Castro,Escritorio,Norte,37.0,1386.43,2025-03-18,1996.57
9693,Ana Garcia,Camara,Norte,48.0,950.73,2024-04-21,1510.26
7256,Miguel Flores,Laptop,Centro,38.0,1231.01,2025-07-04,1516.22
2263,Alejandro Diaz,Impresora,Centro,41.0,1755.71,2025-03-12,1684.82
9661,Diego Romero,Teclado,Centro,42.0,675.65,2024-04-18,1096.06
3246,Camila Reyes,Escritorio,Norte,38.0,832.48,2026-02-16,1710.03
9191,Isabel Guzman,Laptop,Centro,34.0,1119.05,2025-10-25,1289.35
854,Jorge Morales,Silla,Centro,44.0,681.47,2025-12-09,1610.57
9335,Ana Garcia,Escritorio,Norte,22.0,504.3,2025-12-10,1103.26
7844,Ana Garcia,Tablet,Centro,11.0,407.04,2025-06-21,1181.53
2275,Daniela Cruz,Teclado,Occidente,50.0,522.4,2024-08-07,986.85
7041,Paola Rios,Impresora,Sur,22.0,977.82,2026-02-03,1601.21
7563,Miguel Flores,Mouse,Centro,50.0,545.38,,1058.71
4498,Ricardo Vargas,Escritorio,Sur,44.0,1391.12,2025-07-05,967.42
7573,Jorge Morales,Silla,Norte,35.0,419.35,2025-09-26,802.04
1104,Fernanda Castro,Monitor,Norte,71.0,449.73,2026-03-29,1397.04
85,Jose Martinez,Mouse,Sur,45.0,718.48,2025-05-07,1914.91
5953,Andres Ortiz,Camara,Sur,40.0,1360.71,2025-03-03,941.05
4211,Laura Sanchez,Tablet,Sur,53.0,897.44,2025-08-25,1511.56
6815,Alejandro Diaz,Escritorio,Sur,29.0,1144.28,2025-11-15,1286.16
5682,Diego Romero,Mouse,Norte,33.0,647.03,2025-04-04,1977.24
3441,Isabel Guzman,Laptop,Occidente,38.0,827.5550000000001,2025-04-17,1038.52
1568,Pedro Aguilar,Tablet,Occidente,41.0,666.81,2025-01-06,1531.53
7034,Isabel Guzman,Impresora,Occidente,42.0,549.32,2025-11-03,1879.16
5598,Daniela Cruz,Camara,Sin Especificar,27.0,974.69,2026-01-30,1555.43
1661,Paola Rios,Silla,Centro,44.0,975.78,2024-05-15,1291.1
9749,Sofia Torres,Impresora,Sur,42.0,826.23,2024-04-25,1270.96
3765,Miguel Flores,Tablet,Centro,31.0,544.36,2024-06-08,1723.64
3585,Jorge Morales,Teclado,Centro,36.0,148.71,2024-11-03,1601.16
6952,Diego Romero,Camara,Occidente,39.0,788.74,2024-12-03,1228.27
2875,Ricardo Vargas,Laptop,Centro,38.0,687.96,2024-01-27,1523.64
2885,Sofia Torres,Monitor,Sur,8.0,818.38,2024-04-09,1303.18
3008,Jose Martinez,Monitor,Norte,50.0,374.74,2025-05-01,1632.03
1827,Carlos Ramirez,Tablet,Sur,33.0,1610.86,2024-12-03,1440.94
5930,Paola Rios,Mouse,Centro,22.0,849.62,,1643.19
2641,Maria Lopez,Mouse,Norte,38.0,956.42,2024-05-19,1358.58
9718,Ricardo Vargas,Escritorio,Norte,38.0,688.74,2025-12-10,1861.33
9755,Daniela Cruz,Camara,Occidente,49.0,806.5,2024-06-26,1058.21
5702,Maria Lopez,Laptop,Norte,36.0,827.5550000000001,2024-06-22,1686.37
8536,Carlos Ramirez,Teclado,Centro,35.0,1519.03,2024-06-18,1163.62
6438,Jose Martinez,Camara,Centro,52.0,829.105,2025-09-27,1883.1
6323,Luis Hernandez,Monitor,Centro,53.0,1433.46,2025-09-12,1723.13
2708,Fernanda Castro,Tablet,Sur,34.0,599.87,2025-01-29,1132.02
6159,Diego Romero,Laptop,Norte,26.0,1112.39,2024-07-07,1794.39
7855,Pedro Aguilar,Bocina,Sur,53.0,786.41,2024-03-20,1394.2
9303,Andres Ortiz,Teclado,Norte,21.0,1064.52,2026-06-13,1802.62
2214,Luis Hernandez,Mouse,Centro,23.0,1136.36,2025-02-04,1658.18
1360,Alejandro Diaz,Escritorio,Norte,34.0,898.0,2026-06-08,779.83
2108,Daniela Cruz,Bocina,Sur,31.0,732.39,2025-08-24,2124.66
4806,Ricardo Vargas,Bocina,Norte,51.0,1047.44,2025-03-15,1755.92
5975,Laura Sanchez,Monitor,Norte,37.0,1019.76,2026-06-07,1705.64
6821,Paola Rios,Teclado,Sur,32.0,792.85,2025-06-20,1556.15
9571,Jose Martinez,Teclado,Sur,196.0,900.46,2024-11-15,1582.9
2829,Andres Ortiz,Teclado,Sur,31.0,814.23,2025-10-14,1597.41
425,Jose Martinez,Escritorio,Centro,50.0,645.33,2025-11-27,942.03
293,Luis Hernandez,Impresora,Occidente,51.0,826.23,2025-11-06,2049.54
1066,Daniela Cruz,Tablet,Occidente,25.0,1064.84,2024-05-28,1230.76
7018,Pedro Aguilar,Bocina,Centro,28.0,1022.05,2024-06-16,966.05
5735,Laura Sanchez,Teclado,Sur,23.0,479.31,,1522.5
5109,Alejandro Diaz,Impresora,Norte,63.0,522.11,2025-07-21,1535.52
9910,Miguel Flores,Silla,Occidente,37.0,476.02,2024-09-13,829.89
7197,Daniela Cruz,Impresora,Occidente,34.0,567.47,2025-03-17,1468.74
938,Daniela Cruz,Laptop,Sin Especificar,41.0,705.2,2025-07-13,1696.92
3780,Jorge Morales,Teclado,Occidente,65.0,1204.92,2024-04-27,1548.89
6894,Ana Garcia,Escritorio,Norte,26.0,302.92,2024-06-02,1428.12
8447,Ana Garcia,Mouse,Sur,58.0,640.77,2025-08-31,1648.56
9675,Paola Rios,Silla,Sur,30.0,721.01,2024-01-08,1434.01
9137,Laura Sanchez,Monitor,Norte,23.0,1495.27,2024-05-02,934.17
5099,Carlos Ramirez,Mouse,Occidente,39.0,819.92,2024-07-16,2010.69
6281,Daniela Cruz,Teclado,Occidente,45.0,449.93,2024-06-07,1320.43
3267,Jorge Morales,Camara,Sur,19.0,595.17,2025-09-07,1439.18
7347,Ana Garcia,Laptop,Centro,26.0,1312.53,2025-07-11,1944.27
7724,Andres Ortiz,Impresora,Occidente,34.0,833.66,2024-02-29,1909.0
4820,Alejandro Diaz,Escritorio,Norte,57.0,1089.31,2025-04-20,1023.36
970,Miguel Flores,Silla,Centro,64.0,886.57,2026-05-10,1495.29
497,Andres Ortiz,Monitor,Occidente,35.0,1120.74,,1567.19
5836,Camila Reyes,Bocina,Occidente,31.0,1022.51,2024-06-19,1280.17
8530,Fernanda Castro,Escritorio,Norte,41.0,441.74,2024-10-07,1269.96
4705,Paola Rios,Monitor,Norte,32.0,371.68,2026-04-12,937.12
1149,Ricardo Vargas,Escritorio,Occidente,49.0,705.01,2026-06-05,1056.27
5810,Miguel Flores,Tablet,Sur,31.0,755.42,2025-06-01,1267.43
2853,Miguel Flores,Tablet,Occidente,52.0,480.92,2025-03-15,1300.52
5006,Fernanda Castro,Mouse,Norte,38.0,552.41,2024-05-17,2141.32
3969,Maria Lopez,Silla,Occidente,31.0,1699.69,2024-04-19,1741.74
2152,Isabel Guzman,Escritorio,Sur,40.0,1159.08,2025-01-09,1675.77
7762,Luis Hernandez,Bocina,Sur,50.0,529.67,2026-04-23,2001.16
2492,Valeria Mendoza,Monitor,Centro,41.0,855.12,2024-09-15,433.76
4816,Pedro Aguilar,Mouse,Norte,40.0,833.3,2026-02-07,550.87
2825,Ricardo Vargas,Teclado,Norte,36.0,548.38,2024-01-16,786.31
5666,Fernanda Castro,Monitor,Norte,54.0,833.245,2025-01-20,1549.48
7039,Maria Lopez,Mouse,Occidente,56.0,852.15,2026-05-23,1705.66
2276,Miguel Flores,Silla,Norte,58.0,688.61,2024-04-09,1404.64
8627,Miguel Flores,Escritorio,Centro,25.0,804.48,2025-01-15,1854.03
8168,Alejandro Diaz,Impresora,Norte,15.0,460.88,2024-05-04,1163.26
5396,Maria Lopez,Impresora,Norte,44.0,823.49,2024-08-15,1596.12
6271,Jorge Morales,Tablet,Norte,25.0,829.84,2024-07-28,995.38
3756,Daniela Cruz,Mouse,Sur,28.0,1135.29,2025-05-01,1567.84
7918,Pedro Aguilar,Camara,Sur,38.0,921.76,2025-10-23,1488.53
7205,Jorge Morales,Laptop,Sur,52.0,1174.0,2025-02-12,1504.83
3212,Sofia Torres,Mouse,Occidente,18.0,1178.75,2025-08-15,1433.07
4309,Paola Rios,Silla,Sur,27.0,1076.12,2024-04-19,1493.83
4993,Paola Rios,Tablet,Norte,40.0,1662.87,2025-06-27,1184.11
3541,Isabel Guzman,Impresora,Centro,19.0,733.57,2026-03-15,1369.75
1942,Jose Martinez,Laptop,Centro,43.0,827.5550000000001,2024-10-24,875.37
3600,Maria Lopez,Mouse,Occidente,45.0,656.39,2026-01-06,1427.86
5386,Maria Lopez,Camara,Centro,39.0,938.24,2026-04-09,1050.86
9458,Sofia Torres,Laptop,Occidente,38.0,998.18,2024-01-17,747.31
4439,Ana Garcia,Mouse,Sur,387.0,1134.89,2025-07-08,1416.28
2598,Fernanda Castro,Monitor,Centro,53.0,651.56,2025-11-20,1261.41
1411,Daniela Cruz,Teclado,Sur,35.0,944.75,2025-01-02,1578.4
1215,Pedro Aguilar,Silla,Centro,45.0,961.38,2025-03-16,1800.23
9159,Jorge Morales,Mouse,Centro,68.0,952.94,2025-07-06,98000.0
9423,Luis Hernandez,Laptop,Norte,29.0,1052.56,2025-03-20,1834.72
6440,Diego Romero,Bocina,Sur,50.0,1171.72,2026-03-24,1938.99
4792,Carlos Ramirez,Laptop,Sur,55.0,1168.48,2024-03-02,655.47
7597,Valeria Mendoza,Monitor,Occidente,37.0,796.03,,1379.35
6218,Valeria Mendoza,Monitor,Sur,38.0,1317.29,2025-05-14,992.42
606,Diego Romero,Tablet,Centro,48.0,1333.63,2025-10-15,1591.22
8297,Fernanda Castro,Laptop,Norte,31.0,1345.26,2024-05-15,1701.82
646,Valeria Mendoza,Bocina,Occidente,40.0,521.38,2024-06-15,1054.83
5501,Miguel Flores,Monitor,Occidente,51.0,526.83,2024-11-10,1266.88
3089,Jorge Morales,Laptop,Centro,43.0,826.6,2026-05-01,1039.42
9212,Andres Ortiz,Laptop,Norte,40.0,827.5550000000001,2025-03-03,1229.28
8284,Carlos Ramirez,Bocina,Occidente,26.0,479.05,2024-05-11,1084.71
5209,Camila Reyes,Mouse,Occidente,32.0,1484.05,2026-01-21,657.01
2871,Valeria Mendoza,Escritorio,Norte,29.0,819.62,2026-02-23,1603.73
9101,Daniela Cruz,Escritorio,Sur,46.0,435.09,,1563.4
5571,Fernanda Castro,Laptop,Sur,23.0,799.88,2024-03-10,1495.81
5838,Laura Sanchez,Bocina,Occidente,34.0,642.57,2025-09-18,962.38
8431,Jose Martinez,Teclado,Centro,36.0,1107.16,2024-05-11,1323.07
3141,Fernanda Castro,Silla,Centro,38.0,484.85,2025-10-25,1818.3
9135,Paola Rios,Escritorio,Centro,59.0,1542.48,2025-11-10,1545.03
9463,Carlos Ramirez,Monitor,Norte,45.0,924.51,2025-12-27,1180.74
939,Diego Romero,Camara,Occidente,40.0,930.22,2026-03-14,1165.34
5521,Jose Martinez,Mouse,Sur,30.0,1241.44,2024-03-16,1136.73
3230,Jorge Morales,Teclado,Norte,59.0,1007.06,2025-03-01,1478.58
1863,Diego Romero,Monitor,Norte,36.0,672.52,2024-11-05,1595.42
1670,Jose Martinez,Escritorio,Sur,44.0,668.47,2025-12-09,2023.87
8198,Carlos Ramirez,Bocina,Occidente,32.0,446.48,2024-08-24,1529.71
4344,Pedro Aguilar,Monitor,Centro,38.0,885.35,2024-01-02,1060.16
3944,Pedro Aguilar,Tablet,Sur,31.0,463.45,2026-08-05,2003.01
3014,Diego Romero,Teclado,Sur,30.0,322.34,,1232.39
19,Maria Lopez,Laptop,Centro,56.0,677.31,2025-08-11,1857.86
7575,Ricardo Vargas,Camara,Occidente,35.0,1139.68,2025-10-11,907.46
6578,Daniela Cruz,Bocina,Norte,22.0,629.1,2024-11-25,2063.58
9004,Ricardo Vargas,Mouse,Occidente,49.0,819.92,2025-11-26,1163.24
9493,Ricardo Vargas,Teclado,Centro,59.0,650.56,2025-02-07,1408.76
5432,Carlos Ramirez,Bocina,Sur,47.0,582.13,2026-05-15,1481.51
8453,Pedro Aguilar,Monitor,Occidente,36.0,956.32,2024-01-31,1759.65
9997,Alejandro Diaz,Tablet,Sur,37.0,1050.91,2025-08-08,1840.14
1571,Laura Sanchez,Impresora,Occidente,12.0,367.45,2025-03-15,912.39
1744,Luis Hernandez,Mouse,Occidente,54.0,723.9,2024-09-06,1634.45
7010,Daniela Cruz,Tablet,Norte,31.0,783.25,2026-03-18,1426.49
9823,Ana Garcia,Laptop,Sin Especificar,56.0,882.02,2025-06-08,1674.14
9909,Laura Sanchez,Teclado,Norte,51.0,809.86,,1062.51
521,Jose Martinez,Camara,Occidente,9.0,533.61,2025-12-23,1192.82
3938,Jorge Morales,Escritorio,Centro,33.0,1066.29,2024-12-02,1358.23
1659,Daniela Cruz,Impresora,Occidente,32.0,936.34,2026-04-20,1071.33
3473,Jorge Morales,Tablet,Sin Especificar,39.0,189.7,2026-01-13,1298.67
2476,Ricardo Vargas,Silla,Norte,21.0,1089.43,2024-03-05,1154.44
3949,Jose Martinez,Tablet,Sur,46.0,1075.6,2026-05-06,1798.69
3935,Diego Romero,Bocina,Sin Especificar,38.0,1084.22,2026-04-28,1443.06
7154,Andres Ortiz,Escritorio,Norte,37.0,754.81,2026-06-13,778.58
764,Sofia Torres,Silla,Centro,39.0,1228.73,2024-01-25,1261.82
4704,Alejandro Diaz,Escritorio,Occidente,40.0,1149.8,2025-06-25,1794.34
7237,Camila Reyes,Escritorio,Centro,29.0,345.63,2025-04-13,1853.65
8028,Valeria Mendoza,Escritorio,Centro,29.0,944.64,2024-10-18,1578.13
4428,Alejandro Diaz,Silla,Centro,58.0,1113.18,,1729.25
7659,Miguel Flores,Camara,Occidente,27.0,569.78,2025-05-23,1710.74
7730,Jose Martinez,Laptop,Sur,48.0,1271.93,2024-09-12,1564.91
1092,Sofia Torres,Tablet,Centro,43.0,1354.06,2024-11-10,1226.65
3609,Ricardo Vargas,Silla,Occidente,39.0,753.22,2025-12-19,1759.98
1102,Daniela Cruz,Monitor,Occidente,35.0,930.25,2024-07-23,1650.04
7380,Pedro Aguilar,Camara,Occidente,26.0,1180.9,2025-04-02,1736.68
959,Maria Lopez,Mouse,Centro,55.0,989.11,,1091.6
560,Camila Reyes,Laptop,Sur,47.0,1048.75,2024-11-18,1822.41
6991,Paola Rios,Escritorio,Norte,30.0,482.2,2025-04-12,2233.63
6835,Carlos Ramirez,Teclado,Norte,33.0,1304.12,2025-11-04,1607.34
1520,Jorge Morales,Camara,Sin Especificar,44.0,829.105,2025-08-21,1910.21
8840,Isabel Guzman,Escritorio,Norte,43.0,395.84,2025-03-19,1300.23
6129,Luis Hernandez,Laptop,Centro,40.0,665.72,2024-06-07,1339.15
2485,Paola Rios,Mouse,Norte,41.0,1188.15,2025-03-03,653.35
6635,Jose Martinez,Monitor,Sur,54.0,637.82,2024-09-22,1336.34
367,Alejandro Diaz,Escritorio,Centro,27.0,1161.52,2024-04-19,1787.17
6194,Sofia Torres,Monitor,Norte,42.0,738.11,2026-03-25,1413.67
7532,Fernanda Castro,Impresora,Occidente,50.0,641.21,2024-06-15,1364.14
1949,Valeria Mendoza,Tablet,Occidente,46.0,939.86,2025-07-03,918.48
9765,Pedro Aguilar,Bocina,Occidente,33.0,803.71,2024-11-29,1399.0
809,Carlos Ramirez,Bocina,Centro,37.0,876.2,2025-12-03,1266.69
8204,Fernanda Castro,Silla,Occidente,38.0,1083.88,2025-11-05,1210.0
5014,Isabel Guzman,Camara,Occidente,44.0,953.21,,977.36
7686,Valeria Mendoza,Mouse,Norte,17.0,1031.47,2024-03-14,1049.81
6784,Diego Romero,Camara,Sur,44.0,829.105,2026-03-07,1777.06
8369,Fernanda Castro,Camara,Norte,43.0,1033.44,2024-04-02,929.45
2570,Camila Reyes,Tablet,Occidente,55.0,599.41,2025-01-04,1480.29
3521,Carlos Ramirez,Impresora,Sin Especificar,38.0,947.96,,1349.98
3283,Ricardo Vargas,Teclado,Occidente,38.0,949.5,2025-09-22,1559.38
1665,Jorge Morales,Silla,Occidente,22.0,895.07,2025-06-20,1788.2
1503,Fernanda Castro,Monitor,Sur,38.0,1043.48,,1126.12
3371,Luis Hernandez,Escritorio,Norte,54.0,1253.97,2025-03-25,1562.65
6967,Diego Romero,Laptop,Sur,23.0,1093.25,2025-12-11,1810.87
8116,Jorge Morales,Bocina,Centro,50.0,599.67,2025-12-03,1333.03
6573,Ricardo Vargas,Impresora,Norte,45.0,1044.06,2024-10-08,2292.38
7928,Isabel Guzman,Camara,Occidente,32.0,874.25,2026-05-11,1626.81
4253,Miguel Flores,Escritorio,Norte,38.0,578.44,2025-03-22,1301.21
6684,Laura Sanchez,Tablet,Norte,41.0,607.53,2024-07-23,1788.92
3579,Sofia Torres,Mouse,Centro,42.0,969.61,2025-05-29,1081.33
5947,Camila Reyes,Tablet,Centro,16.0,469.22,2025-06-25,1422.18
6606,Maria Lopez,Impresora,Sin Especificar,51.0,826.23,,1747.15
2625,Ricardo Vargas,Teclado,Centro,63.0,347.38,2025-06-15,1336.02
6400,Jorge Morales,Monitor,Centro,29.0,834.11,2025-04-04,1181.29
6102,Pedro Aguilar,Impresora,Occidente,46.0,50.0,2025-10-20,1609.66
9378,Pedro Aguilar,Teclado,Sur,32.0,1024.38,2024-02-26,1353.82
1007,Jose Martinez,Silla,Norte,46.0,773.18,,1362.74
2050,Isabel Guzman,Impresora,Centro,32.0,66.86,2025-09-12,1514.57
4012,Paola Rios,Camara,Centro,46.0,1360.15,2025-05-09,1544.38
270,Pedro Aguilar,Monitor,Occidente,43.0,868.7,2026-03-12,1403.68
1994,Camila Reyes,Silla,Sur,32.0,458.65,2024-07-26,1578.08
266,Sofia Torres,Monitor,Centro,53.0,683.83,2024-09-03,1584.35
9107,Diego Romero,Impresora,Occidente,45.0,926.7,2024-03-15,1529.52
8049,Isabel Guzman,Bocina,Sur,60.0,840.105,2024-03-20,1196.14
291,Valeria Mendoza,Escritorio,Sur,51.0,688.03,2025-11-26,2273.55
2913,Maria Lopez,Laptop,Occidente,30.0,901.54,2025-12-09,1742.41
6543,Diego Romero,Camara,Sur,55.0,648.07,2024-11-25,1061.53
9845,Fernanda Castro,Camara,Occidente,38.0,678.63,2024-03-25,1554.69
4142,Andres Ortiz,Laptop,Sur,38.0,645.92,2024-11-15,928.33
4258,Valeria Mendoza,Tablet,Occidente,26.0,1058.62,2025-08-08,1114.87
6872,Andres Ortiz,Escritorio,Norte,41.0,520.1,2024-09-11,1756.97
289,Miguel Flores,Teclado,Occidente,59.0,519.78,2024-10-17,1450.27
7758,Ana Garcia,Bocina,Norte,43.0,611.92,2026-05-07,1175.0
3108,Carlos Ramirez,Escritorio,Occidente,54.0,1237.4,2024-09-25,1636.65
8070,Sofia Torres,Laptop,Centro,51.0,827.5550000000001,2025-10-17,1203.85
6045,Luis Hernandez,Escritorio,Occidente,35.0,892.41,2025-07-09,1435.47
576,Paola Rios,Camara,Occidente,23.0,566.3,2024-07-09,1663.9
851,Andres Ortiz,Escritorio,Centro,38.0,685.5,2025-06-04,1312.88
7484,Diego Romero,Silla,Norte,40.0,998.62,2024-12-22,1299.05
5351,Jorge Morales,Mouse,Sur,28.0,932.97,2024-10-11,1894.03
9915,Camila Reyes,Teclado,Centro,47.0,816.48,2024-05-26,1864.22
6230,Carlos Ramirez,Tablet,Occidente,33.0,1351.7,2024-05-16,1060.07
3950,Alejandro Diaz,Teclado,Sur,14.0,765.7,2024-12-26,1514.65
9293,Jorge Morales,Laptop,Centro,39.0,1208.52,2025-10-21,1891.59
7802,Ricardo Vargas,Impresora,Centro,27.0,431.0,2025-11-11,2086.03
9400,Laura Sanchez,Monitor,Sin Especificar,63.0,620.16,2026-04-07,1426.86
1844,Sofia Torres,Laptop,Centro,29.0,295.38,2024-04-23,1378.15
1849,Valeria Mendoza,Impresora,Centro,33.0,1330.53,2025-07-07,1308.89
3948,Fernanda Castro,Laptop,Sur,29.0,1283.65,,1375.16
1695,Diego Romero,Laptop,Norte,30.0,390.39,2024-12-22,1753.49
4182,Andres Ortiz,Teclado,Norte,38.0,864.75,2025-01-23,1445.21
6370,Maria Lopez,Impresora,Centro,29.0,833.25,2026-11-04,1347.41
234,Camila Reyes,Monitor,Sur,22.0,833.245,2025-03-07,1270.72
2648,Paola Rios,Camara,Norte,34.0,1421.62,2025-01-30,1484.0
1712,Carlos Ramirez,Impresora,Sur,61.0,996.57,,1996.03
8375,Carlos Ramirez,Monitor,Centro,37.0,871.04,2026-04-11,1210.01
5097,Alejandro Diaz,Silla,Sur,41.0,639.52,2026-02-25,2136.52
5738,Fernanda Castro,Bocina,Centro,67.0,1607.84,2025-02-26,1482.57
5453,Maria Lopez,Mouse,Occidente,30.0,484.03,2025-06-03,1306.78
1463,Jorge Morales,Tablet,Occidente,46.0,1363.86,2025-02-19,1552.12
50,Ana Garcia,Camara,Centro,31.0,777.5,2025-12-07,1342.18
6674,Fernanda Castro,Tablet,Occidente,28.0,689.84,2025-11-21,1617.82
5355,Alejandro Diaz,Tablet,Occidente,64.0,643.11,2025-09-19,999.7
6005,Maria Lopez,Impresora,Sur,51.0,50.0,2026-06-06,1664.83
7791,Paola Rios,Monitor,Occidente,55.0,1446.78,2025-04-13,1462.95
8299,Luis Hernandez,Monitor,Sur,37.0,833.245,2026-01-24,2080.94
444,Jose Martinez,Tablet,Centro,27.0,733.99,2024-04-03,1293.95
7657,Jose Martinez,Bocina,Occidente,38.0,407.47,2025-03-04,1655.74
4743,Jose Martinez,Monitor,Sur,43.0,1298.32,2026-06-14,1224.9
7181,Fernanda Castro,Monitor,Occidente,13.0,380.23,2025-02-22,2312.44
727,Camila Reyes,Teclado,Sur,52.0,844.44,2024-12-12,1333.04
2239,Ana Garcia,Silla,Centro,32.0,1082.67,2025-07-04,1218.08
7933,Jorge Morales,Camara,Norte,51.0,350.39,2024-08-27,1806.99
2331,Carlos Ramirez,Mouse,Sin Especificar,46.0,265.46,2026-03-01,1873.85
4126,Luis Hernandez,Mouse,Norte,53.0,1051.04,2025-09-23,1666.39
170,Alejandro Diaz,Silla,Centro,22.0,1018.39,2026-01-17,1290.16
1002,Daniela Cruz,Silla,Sin Especificar,57.0,995.39,,1136.26
3253,Andres Ortiz,Escritorio,Norte,43.0,945.84,2024-04-09,709.85
2149,Isabel Guzman,Escritorio,Sur,37.0,767.85,2024-11-03,1729.66
198,Ana Garcia,Tablet,Sur,41.0,984.57,,2012.7
6123,Jorge Morales,Camara,Sur,46.0,931.48,2026-04-22,1204.97
3794,Andres Ortiz,Monitor,Centro,25.0,578.76,2026-01-26,1326.85
648,Camila Reyes,Bocina,Occidente,31.0,1187.53,2024-09-18,1517.48
4141,Jose Martinez,Camara,Centro,42.0,872.16,2025-05-01,1533.72
2759,Diego Romero,Laptop,Norte,38.0,383.48,2025-06-02,1715.89
8566,Alejandro Diaz,Monitor,Sur,25.0,543.36,2024-12-14,1075.27
8759,Pedro Aguilar,Silla,Sin Especificar,30.0,681.96,2024-09-30,1488.32
3486,Carlos Ramirez,Impresora,Centro,38.0,336.46,2024-02-08,1545.81
1156,Fernanda Castro,Escritorio,Norte,66.0,1121.3,2025-02-12,1115.9
4136,Valeria Mendoza,Mouse,Centro,51.0,585.36,2024-06-18,1429.04
974,Miguel Flores,Mouse,Occidente,19.0,819.92,,1329.39
3288,Paola Rios,Impresora,Norte,34.0,755.8,2024-03-26,1128.81
7152,Pedro Aguilar,Laptop,Norte,42.0,780.13,2024-01-01,928.36
3639,Paola Rios,Mouse,Occidente,24.0,797.58,2024-12-07,1197.75
5883,Diego Romero,Camara,Norte,15.0,630.91,2025-06-06,1475.09
5595,Andres Ortiz,Silla,Norte,38.0,825.79,2024-02-02,1219.25
6601,Miguel Flores,Monitor,Centro,36.0,1240.25,2024-01-25,921.07
2309,Paola Rios,Teclado,Norte,43.0,822.475,2026-01-26,1638.05
6032,Miguel Flores,Silla,Sur,29.0,969.0,2024-03-04,1700.05
2045,Diego Romero,Monitor,Centro,42.0,954.09,2024-08-04,1703.79
4373,Ricardo Vargas,Monitor,Sur,52.0,957.9,2025-07-29,1869.02
4733,Ricardo Vargas,Camara,Occidente,45.0,905.12,2026-02-22,1485.32
4719,Daniela Cruz,Monitor,Occidente,243.0,631.12,2024-06-28,1219.82
5956,Alejandro Diaz,Silla,Centro,39.0,769.1,2026-01-17,1468.85
845,Maria Lopez,Bocina,Centro,69.0,862.86,2024-09-21,1218.61
4490,Valeria Mendoza,Laptop,Occidente,49.0,1423.29,2026-04-21,1216.3
7914,Luis Hernandez,Bocina,Centro,59.0,1020.5,2025-11-07,1771.96
350,Luis Hernandez,Laptop,Sin Especificar,32.0,944.7,2025-05-31,1475.93
6669,Carlos Ramirez,Bocina,Norte,15.0,1081.56,2026-03-16,1200.54
785,Valeria Mendoza,Bocina,Occidente,35.0,1024.12,2025-05-20,1874.95
8240,Diego Romero,Impresora,Centro,37.0,866.45,2024-10-18,828.61
5752,Fernanda Castro,Monitor,Occidente,13.0,833.245,2026-02-10,1388.3
4019,Jose Martinez,Bocina,Occidente,19.0,884.95,2025-08-15,777.76
1440,Ricardo Vargas,Impresora,Centro,370.0,606.37,2024-09-04,1743.94
6098,Paola Rios,Mouse,Occidente,41.0,1417.42,2025-05-07,1557.93
5086,Paola Rios,Teclado,Sin Especificar,29.0,733.68,2025-03-21,1543.72
6886,Isabel Guzman,Silla,Norte,47.0,1082.6,2025-10-22,1276.94
7866,Jose Martinez,Monitor,Sur,47.0,754.27,2024-08-05,1561.52
5407,Miguel Flores,Tablet,Centro,59.0,780.78,2025-09-29,1546.86
8226,Jorge Morales,Laptop,Norte,43.0,816.62,2024-02-13,1332.61
788,Valeria Mendoza,Silla,Occidente,51.0,1046.26,2024-07-12,1127.35
7685,Isabel Guzman,Mouse,Norte,50.0,388.24,2026-06-17,1941.05
5140,Sofia Torres,Mouse,Norte,39.0,970.72,2025-11-26,1433.63
4578,Jorge Morales,Escritorio,Sin Especificar,19.0,972.15,2025-08-01,824.7
5340,Jose Martinez,Teclado,Centro,32.0,1181.13,2025-12-30,1848.71
8060,Carlos Ramirez,Laptop,Occidente,41.0,97.93,2026-05-18,1359.38
2628,Andres Ortiz,Laptop,Occidente,41.0,1576.59,2024-06-17,1579.33
6626,Miguel Flores,Mouse,Sur,38.0,733.37,2024-06-01,1196.21
932,Miguel Flores,Escritorio,Centro,41.0,756.11,2025-10-01,2005.75
2405,Ana Garcia,Laptop,Sur,38.0,1152.17,2026-03-21,686.79
9878,Fernanda Castro,Camara,Occidente,63.0,339.27,2026-02-06,1157.28
1249,Valeria Mendoza,Teclado,Norte,45.0,929.56,2025-04-28,1421.47
4856,Carlos Ramirez,Tablet,Occidente,22.0,497.25,2024-01-16,1214.59
93,Jorge Morales,Camara,Norte,34.0,829.105,2026-02-23,1449.58
5512,Laura Sanchez,Monitor,Sur,41.0,992.25,2026-05-12,1751.72
5438,Daniela Cruz,Monitor,Sur,44.0,631.35,2024-03-26,1270.07
2852,Pedro Aguilar,Teclado,Sur,28.0,802.77,2025-09-21,1635.36
6424,Daniela Cruz,Escritorio,Norte,32.0,522.37,2024-12-17,1277.05
765,Sofia Torres,Teclado,Sur,38.0,259.98,2025-02-27,1424.43
6749,Camila Reyes,Monitor,Occidente,50.0,1482.84,2024-01-26,1510.74
5470,Miguel Flores,Camara,Occidente,43.0,353.43,2025-03-16,1915.89
6048,Maria Lopez,Impresora,Norte,38.0,826.23,2025-04-22,1417.96
9921,Laura Sanchez,Camara,Sur,29.0,829.105,2026-06-06,1956.96
258,Jose Martinez,Teclado,Norte,35.0,875.62,2024-02-22,1421.06
7241,Ricardo Vargas,Monitor,Norte,24.0,923.1,2026-05-05,818.5
9412,Paola Rios,Monitor,Sur,19.0,727.03,2024-06-24,1426.7
7652,Paola Rios,Tablet,Norte,57.0,1409.0,2026-03-26,1936.64
9354,Jose Martinez,Teclado,Occidente,29.0,709.53,2026-06-15,1429.99
8965,Sofia Torres,Tablet,Occidente,53.0,950.78,2025-04-16,1350.9
5583,Maria Lopez,Camara,Norte,63.0,1050.53,2024-05-15,917.96
8505,Luis Hernandez,Bocina,Norte,39.0,488.73,2025-04-07,1711.65
4860,Paola Rios,Impresora,Norte,43.0,822.75,2024-05-15,1399.06
2998,Jorge Morales,Laptop,Centro,41.0,573.67,2026-03-10,1100.7
1177,Miguel Flores,Escritorio,Sin Especificar,32.0,304.06,2025-08-15,1813.7
3897,Alejandro Diaz,Monitor,Centro,42.0,993.09,2024-11-06,1636.39
9542,Alejandro Diaz,Escritorio,Norte,51.0,598.52,2024-11-10,1153.2
3517,Carlos Ramirez,Camara,Occidente,28.0,829.105,2024-09-01,1590.3
7956,Valeria Mendoza,Teclado,Occidente,29.0,300.3,2025-11-28,1456.33
7681,Pedro Aguilar,Teclado,Centro,32.0,765.74,2025-01-24,855.91
7085,Camila Reyes,Laptop,Centro,59.0,832.54,2024-11-23,1432.9
8584,Ana Garcia,Tablet,Centro,39.0,865.83,2024-11-23,1629.69
6016,Daniela Cruz,Teclado,Sur,38.0,276.38,2024-10-19,1506.95
1457,Valeria Mendoza,Escritorio,Centro,55.0,807.28,2024-06-12,2156.15
1093,Laura Sanchez,Silla,Occidente,38.0,591.21,2026-03-02,1281.1
6119,Valeria Mendoza,Mouse,Sur,42.0,709.29,2026-01-23,1593.76
3240,Valeria Mendoza,Tablet,Sur,31.0,827.02,2024-06-17,1139.1
4442,Alejandro Diaz,Teclado,Sur,14.0,754.63,2024-10-31,1406.48
2584,Daniela Cruz,Teclado,Centro,37.0,1386.0,2025-12-09,1517.05
7567,Valeria Mendoza,Camara,Occidente,58.0,977.44,2025-03-24,1825.47
1373,Carlos Ramirez,Camara,Occidente,13.0,744.55,2026-01-01,1252.63
920,Miguel Flores,Camara,Sur,25.0,954.66,2025-03-28,2084.86
4308,Camila Reyes,Mouse,Sur,38.0,639.94,2025-05-15,1817.27
5700,Alejandro Diaz,Monitor,Norte,32.0,619.29,2024-11-03,1304.16
538,Sofia Torres,Bocina,Centro,39.0,675.27,,1878.64
9413,Daniela Cruz,Mouse,Centro,57.0,493.39,,1504.87
